-72	phosphoGYS1
-72	phosphoprotein
-72	rppa-phospho
-71	phosphoRET
-71	phosphoprotein
-71	rppa-phospho
-70	phosphoPRKCA
-70	phosphoprotein
-70	rppa-phospho
-69	phosphoWWTR1
-69	phosphoprotein
-69	rppa-phospho
-68	phosphoEGFR
-68	phosphoprotein
-68	rppa-phospho
-67	phosphoPTPN11
-67	phosphoprotein
-67	rppa-phospho
-66	phosphoCHEK1
-66	phosphoprotein
-66	rppa-phospho
-65	phosphoBRAF
-65	phosphoprotein
-65	rppa-phospho
-64	phosphoCDK1
-64	phosphoprotein
-64	rppa-phospho
-63	phosphoPRKCB
-63	phosphoprotein
-63	rppa-phospho
-62	phosphoMAPK8
-62	phosphoprotein
-62	rppa-phospho
-61	phosphoERBB3
-61	phosphoprotein
-61	rppa-phospho
-60	phosphoEIF4EBP1
-60	phosphoprotein
-60	rppa-phospho
-59	phosphoRPS6KA1
-59	phosphoprotein
-59	rppa-phospho
-58	phosphoRPS6KB1
-58	phosphoprotein
-58	rppa-phospho
-57	phosphoMAPK14
-57	phosphoprotein
-57	rppa-phospho
-56	phosphoCDKN1B
-56	phosphoprotein
-56	rppa-phospho
-55	phosphoCDKN1B
-55	phosphoprotein
-55	rppa-phospho
-54	phosphoMTOR
-54	phosphoprotein
-54	rppa-phospho
-53	phosphoMET
-53	phosphoprotein
-53	rppa-phospho
-52	phosphoJUN
-52	phosphoprotein
-52	rppa-phospho
-51	phosphoYBX1
-51	phosphoprotein
-51	rppa-phospho
-50	phosphoYAP1
-50	phosphoprotein
-50	rppa-phospho
-49	phosphoTSC2
-49	phosphoprotein
-49	rppa-phospho
-48	phosphoSRC
-48	phosphoprotein
-48	rppa-phospho
-47	phosphoSRC
-47	phosphoprotein
-47	rppa-phospho
-46	phosphoSHC1
-46	phosphoprotein
-46	rppa-phospho
-45	phosphoSTAT3
-45	phosphoprotein
-45	rppa-phospho
-44	phosphoRPS6
-44	phosphoprotein
-44	rppa-phospho
-43	phosphoRPS6
-43	phosphoprotein
-43	rppa-phospho
-42	phosphoRICTOR
-42	phosphoprotein
-42	rppa-phospho
-41	phosphoRB1
-41	phosphoprotein
-41	rppa-phospho
-40	phosphoAKT1S1
-40	phosphoprotein
-40	rppa-phospho
-39	phosphoPRRT2
-39	phosphoprotein
-39	rppa-phospho
-38	phosphoPRKCD
-38	phosphoprotein
-38	rppa-phospho
-37	phosphoPRKCA
-37	phosphoprotein
-37	rppa-phospho
-36	phosphoPEA15
-36	phosphoprotein
-36	rppa-phospho
-35	phosphoPDK1
-35	phosphoprotein
-35	rppa-phospho
-34	phosphoNFKB1
-34	phosphoprotein
-34	rppa-phospho
-33	phosphoNDRG1
-33	phosphoprotein
-33	rppa-phospho
-32	phosphoMYH9
-32	phosphoprotein
-32	rppa-phospho
-31	phosphoMAP2K1
-31	phosphoprotein
-31	rppa-phospho
-30	phosphoMAPK3
-30	phosphoprotein
-30	rppa-phospho
-29	phosphoMAPK1
-29	phosphoprotein
-29	rppa-phospho
-28	phosphoMAPK8
-28	phosphoprotein
-28	rppa-phospho
-27	phosphoERBB3
-27	phosphoprotein
-27	rppa-phospho
-26	phosphoERBB2
-26	phosphoprotein
-26	rppa-phospho
-25	phosphoGSK3B
-25	phosphoprotein
-25	rppa-phospho
-24	phosphoGSK3A
-24	phosphoprotein
-24	rppa-phospho
-23	phosphoGSK3B
-23	phosphoprotein
-23	rppa-phospho
-22	phosphoGSK3A
-22	phosphoprotein
-22	rppa-phospho
-21	phosphoFOXO3
-21	phosphoprotein
-21	rppa-phospho
-20	phosphoESR1
-20	phosphoprotein
-20	rppa-phospho
-19	phosphoEGFR
-19	phosphoprotein
-19	rppa-phospho
-18	phosphoEGFR
-18	phosphoprotein
-18	rppa-phospho
-17	phosphoCHEK2
-17	phosphoprotein
-17	rppa-phospho
-16	phosphoCHEK1
-16	phosphoprotein
-16	rppa-phospho
-15	phosphoRAF1
-15	phosphoprotein
-15	rppa-phospho
-14	phosphoBAD
-14	phosphoprotein
-14	rppa-phospho
-13	phosphoAKT3
-13	phosphoprotein
-13	rppa-phospho
-12	phosphoAKT2
-12	phosphoprotein
-12	rppa-phospho
-11	phosphoAKT1
-11	phosphoprotein
-11	rppa-phospho
-10	phosphoAKT3
-10	phosphoprotein
-10	rppa-phospho
-9	phosphoAKT2
-9	phosphoprotein
-9	rppa-phospho
-8	phosphoAKT1
-8	phosphoprotein
-8	rppa-phospho
-7	phosphoPRKAA1
-7	phosphoprotein
-7	rppa-phospho
-6	phosphoACACB
-6	phosphoprotein
-6	rppa-phospho
-5	phosphoACACA
-5	phosphoprotein
-5	rppa-phospho
-4	phosphoARAF
-4	phosphoprotein
-4	rppa-phospho
-3	phosphoEIF4EBP1
-3	phosphoprotein
-3	rppa-phospho
-2	phosphoEIF4EBP1
-2	phosphoprotein
-2	rppa-phospho
-1	phosphoEIF4EBP1
-1	phosphoprotein
-1	rppa-phospho
2	CPAMD5
2	FWP007
2	S863-7
9	AAC1
10	AAC2
11	AACP
11	NATP1
12	AACT
13	CES5A1
13	DAC
15	SNAT
16	AARS
16	AlaRS
16	CMT2N
17	AAV
18	GABA-T
18	GABAT
19	ABC1
19	HDLDT1
19	TGD
20	ABC2
21	ABC-C
21	ABC3
21	EST111653
21	LBM180
22	ABC7
22	ASAT
22	Atm1p
22	EST140535
23	ABC50
23	EST123147
24	ABCR
24	ARMD2
24	CORD3
24	FFM
24	RP19
24	STGD
24	STGD1
25	ABL
25	JTK7
25	c-ABL
25	p150
26	ABP
26	ABP1
27	ABLL
27	ARG
28	A3GALNT
28	A3GALT1
29	MDB
30	Lnc-Myd88
31	ACAC
31	ACACalpha
31	ACC
31	ACC-alpha
31	ACC1
31	ACCA
31	ACCalpha
31	Acac1
31	hACC1
32	ACACbeta
32	ACC-beta
32	ACC2
32	ACCB
32	ACCbeta
32	HACC275
33	ACAD4
33	LCAD
34	ACAD1
34	MCAD
34	MCADH
35	ACAD3
35	SCAD
36	ACAD7
36	SBCAD
37	ACAD6
37	LCACD
37	VLCAD
38	ACAT
38	THIL
40	ACCN
40	ACCN1
40	ASIC2a
40	BNaC1
40	MDEG
40	hBNaC1
41	ACCN2
41	BNaC2
41	hBNaC2
43	YT
47	ACL
47	ATPCL
47	CLATP
48	IREB1
48	IREBP
48	IRP1
50	ACONM
51	PALMCOX
52	HAAP
52	LMW-PTP
52	LMWPTP
53	LAP
54	HPAP
54	TRAP
54	TRAcP
55	ACP-3
55	ACPP
55	TM-PAP
56	D11S4365
56	SP-10
56	SPACA2
58	ACTA
58	NEM3
59	ACTSA
70	ACTC
70	CMD1R
71	ACTG
71	DFNA20
71	DFNA26
72	ACTA3
72	ACTL3
72	ACTSG
73	ACT1GP1
73	ACTGP1
74	ACTGP2
74	ACTL2
75	ACTGP3
78	ACTGP6
79	ACTGP7
80	ACTGP8
81	FSGS1
82	ACTGP9
83	ACTGP10
83	ACTL1
86	Actl6
86	Arp4
86	Baf53a
86	INO80K
86	SMARCN1
90	ACVR1A
90	ACVRLK2
90	ALK2
90	SKR1
91	ACVRLK4
91	ALK4
91	ActRIB
91	SKR2
92	ACTRII
92	ACVR2
93	ActR-IIB
94	ACVRLK1
94	ALK1
94	HHT
94	HHT2
94	ORW2
100	ADA1
101	CD156
101	CD156A
101	MS2
102	CD156C
102	HsT18717
102	MADM
102	kuz
103	ADAR1
103	DRADA
103	G1P1
103	IFI4
104	ADAR2
104	ADAR2a
104	ADAR2a-L1
104	ADAR2a-L2
104	ADAR2a-L3
104	ADAR2b
104	ADAR2c
104	ADAR2d
104	ADAR2g
104	DRABA2
104	DRADA2
104	RED1
104	hRED1
105	ADAR3
105	RED2
105	hRED2
107	AC1
107	DFNB44
108	AC2
108	HBAC2
108	KIAA1060
109	AC3
111	AC5
112	AC6
113	AC7
113	KIAA0037
114	AC8
114	HBAC1
115	AC9
116	PACAP
117	PAC1
117	PAC1R
117	PACAPR
119	ADDB
120	ADDL
123	ADFP
123	ADRP
124	ADH1
125	ADH2
126	ADH3
127	ADH-2
128	ADH-3
128	ADHX
128	FDH
128	GSNOR
130	ADH-5
131	ADH-4
132	AK
133	AM
134	RDC7
135	ADORA2
135	RDC8
137	ADORA2BP
140	A3AR
140	AD026
141	ARH1
142	ADPRT
142	ARTD1
142	PARP
142	PARS
142	PPOL
142	Poly-PARP
143	ADPRTL1
143	ARTD4
143	VAULT3
143	VPARP
143	VWA5C
143	p193
144	ADPRTP1
144	PPOLP1
145	ADPRTP2
145	PPOLP2
146	ADRA1
146	ADRA1R
148	ADRA1C
148	ADRA1L1
150	ADRA2
150	ADRA2R
150	ADRAR
151	ADRA2L1
151	ADRA2RL1
151	ADRARL1
152	ADRA2L2
152	ADRA2RL2
152	ADRARL2
153	ADRB1R
154	ADRB2R
154	ADRBR
154	ARB2
154	B2AR
154	BAR
156	ADRBK1
156	BARK1
157	ADRBK2
157	BARK2
159	ADSS
160	ADTAA
160	CLAPA1
161	ADTAB
161	CLAPA2
161	DKFZP564D1864
161	HIP9
161	HYPJ
161	KIAA0899
162	ADTB1
162	AP105A
162	BAM22
162	CLAPB2
163	ADTB2
163	CLAPB1
164	ADTG
164	CLAPG1
165	ACLP
166	AES
166	GRG5
167	AEGL1
167	CRISP-1
167	HSCRISP1D
167	HSCRISP1G
167	HUMARP
172	AFG3
172	AFG3L1
173	ALB2
173	ALBA
174	FETA
174	HPAFP
175	ASRG
176	AGC1
176	CSPG1
176	CSPGCP
176	MSK16
177	SCARJ1
177	sRAGE
178	GDE
181	ART
181	ASIP2
181	Agrt
182	AGS
182	AHD
182	AWS
182	CD339
182	HJ1
182	JAGL1
183	SERPINA8
185	AG2S
185	AGTR1A
185	AGTR1B
185	AT1
185	AT1B
185	AT2R1
185	AT2R1A
185	AT2R1B
185	ATR1
185	HAT1R
186	AT2
186	MRX88
187	AGTRL1
187	APJ
187	APJR
187	FLJ90771
189	AGT1
189	AGXT1
189	PH1
189	SPAT
189	SPT
189	Ser-PyrAT
189	TLH6
190	AHC
190	AHCH
190	DAX1
190	DSS
191	AdoHcyase
191	SAHH
196	bHLHe76
197	A2HS
197	FETUA
197	HSGA
199	AIF-1
199	Em:AF129756.17
199	IBA1
199	IRT-1
202	AIM1
202	ST4
203	Adk1
206	AK3P1
207	AKT
207	PKB
207	PRKBA
207	RAC
207	RAC-alpha
208	PKBβ
210	ALADH
210	PBGS
211	ALAS
211	ALAS-H
211	ALAS3
212	ALAS-E
212	ASB
214	CD166
214	MEMD
215	ALD
215	ALDP
215	adrenoleukodystrophy
216	ALDH1
216	PUMB1
216	RALDH1
218	ALDH3
219	ALDH5
219	ALDHX
220	ALDH6
220	RALDH3
221	ALDH7
222	ALDH8
223	ALDH9
223	E3
224	ALDH10
224	FALDH
224	SLS
225	ALDL1
225	ALDR
231	ALDR1
236	ALDRP
238	CD246
239	12S-LOX
240	5-LOX
241	FLAP
242	12R-LOX
243	ALOX12P
246	15-LOX-1
247	15-LOX-2
248	IAP
249	HOPS
249	TNALP
249	TNAP
249	TNSALP
250	PALP
250	PLAP
251	ALPPL2
251	GCAP
257	FND
259	EDC1
259	HCP
259	HI30
259	IATIL
259	ITI
259	ITIL
259	ITILC
259	UTI
262	SAMDC
263	AMD
263	AMD2
263	AMDP1
263	AMDPX
263	AMDPY
265	AIH1
265	AMG
266	AMGL
267	RNF45
267	gp78
268	MIS
269	MISR2
269	MISRII
271	SPG63
274	AMPH2
274	AMPHL
274	SH3P9
275	GCST
276	AMY1
279	AMY2
281	AMY2P
283	HEL168
283	RAA1
283	RNASE5
284	AGPT-1
284	Ang1
284	KIAA0003
285	Ang2
286	ANK
286	SPH1
287	CFAP87
287	FAP87
287	LQT4
290	AP-N
290	CD13
290	LAP1
290	PEPN
290	gp150
290	hAPN
291	ANT1
291	PEO2
291	PEO3
292	ANT2
292	T2
292	T3
293	ANT3
293	ANT3Y
293	MGC17525
301	ANX1
301	LPC1
302	ANX2
302	ANX2L4
302	CAL1H
302	LIP2
302	LPC2D
303	ANX2L1
303	ANX2P1
303	LPC2A
304	ANX2L2
304	ANX2P2
304	LPC2B
305	ANX2L3
305	ANX2P3
305	LPC2C
306	ANX3
307	ANX4
308	ANX5
308	CPB-I
308	ENX2
308	PAP-I
308	RPRGL3
308	VAC-alph
309	ANX6
310	ANX7
311	ANX11
312	ANX13
314	DAO2
314	RAO
316	AO
316	AOH1
317	APAF-1
317	CED4
318	APAH1
320	D9S411E
320	MINT1
320	X11
321	D15S1518E
321	HsT16821
321	LIN-10
321	MGC:14091
321	MINT2
321	X11L
322	Fe65
322	RIR
323	FE65L
323	FE65L1
323	MGC35575
324	DP2
324	DP2.5
324	PPP1R46
325	MGC88159
325	PTX2
325	SAP
326	APECED
326	APS1
326	PGA1
327	D3F15S2
327	D3S48E
327	DNF15S2
328	APE
328	APE-1
328	APE1
328	APEN
328	APEX
328	APX
328	REF-1
328	REF1
329	API1
329	MIHB
329	RNF48
329	c-IAP1
329	cIAP1
329	hiap-2
330	API2
330	MALT2
330	MIHC
330	RNF49
330	c-IAP2
330	cIAP2
330	hiap-1
331	API3
331	BIRC4
331	ILP-1
331	hILP
332	API4
332	EPR-1
332	survivin
333	APLP
334	APPH
338	ApoB-100
339	APOBEC-1
339	BEDP
339	CDAR1
339	HEPR
341	APOC1B
341	Apo-CI
341	ApoC-I
341	apo-CIB
341	apoC-IB
342	APOC1P
342	ApoC-IA
342	lincRNA-APOC1P1-3
345	APOCIII
345	Apo-C3
345	Apo-CIII
345	ApoC-3
345	ApoC-III
347	Apo-D
348	AD2
350	B2G1
350	BG
351	AD1
351	alpha-sAPP
354	APS
354	PSA
355	APO-1
355	APT1
355	CD95
355	FAS1
355	TNFRSF6
356	APT1LG1
356	CD178
356	FasL
356	TNFSF6
357	APXL
358	CHIP28
358	CO
360	GIL
361	AQP-4
361	MIWC
361	hAQP4
363	AQP2L
364	AQP7L
364	AQPap
366	HsT17287
366	SSC1
367	AIS
367	DHTR
367	HUMARA
367	NR3C4
367	SBMA
367	SMAX1
368	ARA
368	EST349056
368	MLP1
368	MRP6
368	PXE
368	URG7
369	A-Raf
369	ARAF1
372	COPD
372	delta-COP
373	ARFD1
373	RNF46
374	AREGB
374	CRDGF
374	SDGF
378	ARF2
379	ARF4L
380	ARF4P
387	ARH12
387	ARHA
387	RHOH12
387	Rho12
388	ARH6
388	ARHB
388	MST081
388	RHOH6
389	ARH9
389	ARHC
390	ARHE
390	Rho8
390	RhoE
391	ARHG
391	MGC125835
391	MGC125836
392	CDC42GAP
392	RhoGAP
392	p50rhoGAP
393	C1
393	KIAA0131
393	RhoGAP4
393	SrGAP4
393	p115
394	GFI2
394	RhoGAP5
394	p190-B
394	p190BRhoGAP
395	rhoGAPX-1
396	GDIA1
396	RHOGDI
397	GDIA2
397	GDID4
397	Ly-GDI
397	RAP1GN1
397	RhoGDI2
398	RHOGDI-3
399	ARHH
399	TTF
400	ARFL1
401	ARIX
401	CFEOM2
401	FEOM2
401	PMX2A
402	ARFL2
403	ARFL3
405	ARNT1
405	HIF-1beta
405	bHLHe2
406	ARNTL
406	ARNTL1
406	JAP3
406	MOP3
406	PASD3
406	bHLHe5
407	ARRX
408	ARR1
409	ARR2
409	BARR2
409	DKFZp686L0365
410	ASA
412	ARSC1
413	ARSC
414	ASD
415	ARSE
415	CDPX
415	CDPX1
416	ASF
417	ART2
417	ARTC1
417	CD296
418	ART1P
418	ARTC2AP
418	RT6
419	ARTC3
420	ARTC4
420	CD297
420	DO
427	AC
427	ACDase
427	ASAH
427	FLJ21558
427	PHP32
429	ASH1
429	HASH1
429	bHLHa46
430	ASH2
430	HASH2
430	bHLHa45
432	CLEC4H1
433	CLEC4H2
434	AGTIL
435	ASAL
436	ASLL
438	ASMTY
438	HIOMT
438	HIOMTY
439	ARSA-I
439	ASNA1
439	TRC40
442	ASNSL2
443	ACY2
444	BAH
444	CASQ2BP1
444	HAAH
444	JCTN
445	ASS
445	CTLN1
447	ASSP2
449	ASSP4
450	ASSP5
451	ASSP6
453	ASSP8
454	ASSP9
455	ASSP10
459	ASSP14
460	ASTN
462	AT3
462	ATIII
462	MGC22579
463	ATBF1
463	C16orf47
463	FLJ26184
463	ZNF927
466	TREB36
468	CREB-2
468	TAXREB67
468	TXREB
469	ATF4P
469	TAXREB67P
469	TXREBP
471	AICARFT
471	IMPCHASE
471	PURH
472	ATA
472	ATC
472	ATD
472	ATDC
472	TEL1
472	TELO1
473	ATN1L
473	ATN2
473	DNB1
473	KIAA0458
474	HATH1
474	MATH-1
474	Math1
474	bHLHa14
475	HAH1
477	FHM2
477	MHP2
478	DYT12
479	ATP1AL1
479	H-K-ATPase
480	ATP1AL2
481	ATP1B
482	AMOG
483	CD298
483	FLJ29027
485	ATP1BL1
486	ATP1G1
486	HOMG2
486	MGC12372
487	ATP2A
487	SERCA1
488	ATP2B
488	DAR
488	SERCA2
489	SERCA3
490	PMCA1
491	PMCA2
492	CFAP39
492	CLA2
492	PMCA3
492	SCAX1
493	MXRA1
493	PMCA4
495	ATP6A
496	ATP6B
498	ATP5A1
498	ATP5AL2
498	ATPM
498	OMR
498	ORM
498	hATP1
501	ATQ1
501	EPD
501	PDE
504	ATP5A1P2
504	ATP5AP2
506	ATP5B
506	ATPSB
507	ATP5BL1
507	ATP5BP1
507	ATPMBL1
507	ATPSBL1
509	ATP5C
509	ATP5C1
509	ATP5CL1
513	ATP5D
514	ATP5E
515	ATP5F1
516	ATP5G
516	ATP5G1
517	ATP5G2
518	ATP5G3
520	ATP5G2P1
520	ATP5GP1
521	ATP5I
522	ATP5
522	ATP5A
522	ATP5J
522	CF6
523	ATP6A1
523	ATP6V1A1
523	VA68
523	VPP2
523	Vma1
525	ATP6B1
525	RTA1B
525	VATB
525	VPP3
525	Vma2
526	ATP6B2
526	HO57
527	ATP6L
527	ATPL
527	VATL
527	Vma3
528	ATP6C
528	ATP6D
528	VATC
528	Vma5
529	ATP6E
529	ATP6E2
529	ATP6V1E
529	P31
529	Vma4
533	ATP6F
533	HATPL
533	VMA16
534	ATP6G
534	ATP6G2
534	Em:AC004181.3
534	NG38
535	ATP6N1
535	ATP6N1A
535	Stv1
535	VPP1
535	Vph1
535	a1
537	16A
537	ATP6IP1
537	ATP6S1
537	Ac45
537	CF2
537	ORF
537	VATPS1
537	XAP-3
537	XAP3
538	MNK
539	ATP5O
539	ATPO
540	WND
541	ATQL1
542	ATQL2
543	ATQL3
544	ATQL4
545	FRP1
545	MEC1
545	SCKL
545	SCKL1
546	JMS
546	MRX52
546	RAD54
546	XH2
546	XNP
547	ATSV
547	C2orf20
547	SPG30
547	UNC104
551	ADH
551	ARVP
552	AVPR1
553	AVPR3
553	V1bR
553	VPR3
554	DIR
554	DIR3
554	V2R
558	ARK
558	JTK11
558	Tyro7
558	UFO
563	ZA2G
563	ZAG
566	AZAMP
566	AZU
566	CAP37
566	HUMAZUR
566	NAZC
570	BACAT
570	BAT
571	BACH-1
571	BTBD24
572	BBC2
572	BCL2L8
574	BAGE1
574	CT2.1
575	BAI1
576	BAI2
577	BAI3
577	KIAA0550
578	BAK
578	BCL2L7
578	CDN1
579	BAPX1
579	NKX3.2
579	NKX3B
581	BCL2L4
582	FLJ23590
583	BBS
586	BCATc
586	BCT1
587	BCATm
587	BCT2
590	CHE1
590	CHE2
590	E1
593	MSU
593	OVD1A
594	OVD1B
595	BCL1
595	D11S287E
595	PRAD1
595	U21B31
596	Bcl-2
596	PPP1R50
597	ACC-1
597	ACC-2
597	BCL2L5
597	BFL1
597	GRS
597	HBPA1
598	BCL2L
598	BCLX
598	Bcl-X
598	PPP1R52
598	bcl-xL
598	bcl-xS
599	BCL-W
599	KIAA0271
599	PPP1R51
600	BAK2
600	BCL2L7P1
601	BAK3
601	BAK3P
601	BCL2L7P2
602	BCL4
602	D19S37
604	BCL5
604	BCL6A
604	LAZ3
604	ZBTB27
604	ZNF51
605	BCL7
605	SMARCJ1
606	BCL8
606	BCL8A
608	BCM
608	BCMA
608	CD269
608	TNFRSF13A
610	BCNG-2
610	BCNG2
610	HAC-1
611	BCP
611	BOP
611	CBT
613	ALL
613	BCR1
613	CML
613	D22S11
613	D22S662
613	PHL
616	BCR-4
616	BCR4
616	BCRL4
617	BCS
617	BJS
617	Hs.6719
617	h-BCS
618	BC200
618	BC200a
618	LINC00004
618	NCRNA00004
619	BC200b
620	BC200g
622	BDH
622	SDR9C1
623	B1BKR
623	BKR1
623	bradyb1
624	BK-2
629	BF
629	BFD
629	H2-Bf
631	CP115
631	CP94
631	LIFL-H
631	filensin
632	OCN
633	DSPG1
633	SLRR1A
634	BGP
634	BGP1
634	CD66a
635	BHMT1
638	NBK
639	BLIMP1
639	Blimp-1
639	PRDI-BF1
640	MGC10442
641	BS
641	RECQ2
641	RECQL3
642	BH
643	BLR1
643	CD185
643	MDR15
644	BLVR
644	BVRA
644	BVRalpha
645	FLR
645	SDR43U1
646	BNC
646	BSN1
646	HsT19447
646	bn1
648	PCGF4
648	RNF51
649	BMP-1
649	PCOLC
650	BMP2A
652	BMP2B
654	VGR
654	VGR1
655	OP-1
656	BMP8
657	ACVRLK3
657	ALK3
657	CD292
658	ALK6
658	CDw293
659	BMPR-II
659	BMPR3
659	BRK-3
659	PPH1
659	T-ALK
660	PSCTK3
661	BN51T
661	C53
661	RPC4
661	TSBN51
662	Nip1
662	SEC20
663	BNIP-2
663	Nip2
664	HABON
664	Nip3
665	BNIP3a
665	Nix
666	BCL2L9
666	BOKL
666	MGC4631
667	BP240
667	BPA
667	BPAG1
667	CATX-15
667	FLJ13425
667	FLJ21489
667	FLJ30627
667	FLJ32235
667	KIAA0728
667	MACF2
668	BPES
668	BPES1
670	Bph-rp
670	MCNAA
670	VACVase
671	BPIFD1
672	FANCS
672	PPP1R53
672	RNF53
673	BRAF-1
673	BRAF1
675	FANCD1
675	XRCC11
676	BRD6
676	BRDt
676	CT9
677	Berg36
677	RNF162B
677	TIS11B
677	cMG1
678	ERF2
678	RNF162C
678	TIS11D
680	BB3
680	BB3R
680	BBR3
682	CD147
682	EMMPRIN
682	EMPRIN
682	OK
683	BST-1
683	CD157
683	cADPR2
684	BST-2
684	CD317
684	HM1.24
684	tetherin
687	BTEB1
688	BTEB2
688	IKLF
689	BTF3a
689	BTF3b
689	NACB
690	BTF3L1
690	HUMBTFB
690	OCIF
693	HUMBTFA
694	APRO2
695	AGMX1
695	ATK
695	IMD1
695	PSCTK1
695	XLA
696	BT
696	BTN
696	BTN1
699	BUB1A
699	BUB1L
699	hBUB1
701	BUBR1
701	Bub1A
701	MAD3L
701	SSK1
705	Enp1
706	BZRP
706	IBP
706	MBR
706	PBR
706	PKBS
706	TSPO1
706	mDRC
706	pk18
708	HABP1
708	SF2p32
708	gC1Q-R
708	gC1qR
708	p32
710	C1-INH
710	C1IN
710	C1INH
710	C1NH
710	HAE1
710	HAE2
711	C1orf1
711	C3orf51
711	Po42
714	C1QG
718	ARMD9
718	C3a
718	C3b
718	CPAMD1
719	AZ3B
719	C3AR
720	C4
720	C4A2
720	C4A3
720	C4A4
720	C4A6
720	C4S
720	CO4
720	CPAMD2
720	RG
721	C4B1
721	C4B3
721	C4F
721	CH
721	CPAMD3
722	C4BP
724	C4BPAL2
726	ADNIV
726	VRNI
726	nCL-3
727	C5a
727	C5b
727	CPAMD4
728	C5A
728	C5AR
728	C5R1
728	CD88
734	C8orf1
734	hT41
738	ANG2
738	C11orf2
738	C11orf3
738	FFR
740	C11orf4
740	L49mt
740	NOF
740	NOF1
740	mL49
741	C11orf5
741	FON
744	239FB
744	C11orf8
744	D11S302E
744	FAM1B
744	Hs.46638
744	dJ1024C24.1
744	dJ873F21.1
745	C11orf9
745	MRF
745	Ndt80
745	pqn-47
746	C11orf10
746	Kud
746	Kuduk
747	C11orf11
747	DAGLALPHA
747	KIAA0659
747	NSDDR
750	C16orf3
752	C17orf1B
752	FMNL
753	C18orf1
754	C21orf1
754	C21orf3
754	PBF
754	PTTG1IP1
755	C21orf2
755	LRRC76
755	YF5
757	C21orf4
758	239AB
758	C22orf1
758	FAM1A
759	Car1
760	CA-II
760	CAII
760	Car2
761	CAIII
761	Car3
762	CAIV
762	Car4
762	RP17
763	CA5
763	CAVA
764	CA5P
767	CA-RP
767	CA-VIII
767	CALS
768	CAIX
770	CARPX1
771	HsT18816
773	APCA
773	CACNL1A4
773	Cav2.1
773	EA2
773	FHM
773	MHP
773	MHP1
773	SCA6
774	CACNL1A5
774	CACNN
774	Cav2.2
775	CACH2
775	CACN2
775	CACNA1C-IT2
775	CACNL1A1
775	CCHL1A1
775	Cav1.2
775	LQT8
776	CACH3
776	CACN4
776	CACNL1A2
776	CCHL1A2
776	Cav1.3
777	BII
777	CACH6
777	CACNL1A6
777	Cav2.3
778	AIED
778	CORDX3
778	CSNB2
778	CSNB2A
778	CSNBX2
778	Cav1.4
778	JM8
778	JMC8
778	OA2
779	CACNL1A3
779	Cav1.1
779	HOKPP
779	MHS5
779	hypoPP
780	CAK
780	CD167
780	EDDR1
780	NEP
780	NTRK4
780	PTK3A
780	RTK6
781	CACNA2
781	CACNL2A
781	LINC01112
781	MHS3
781	alpha2delta-1
781	lncRNA-N3
782	CACNLB1
783	CACNLB2
783	MYSB
784	CACNLB3
785	EJM4
786	CACNLG
788	CAC
788	CACT
789	CACTP
789	SLC25A20P
790	GATD4
793	CALB
794	CAL2
795	CABP9K
795	CALB3
796	CALC1
796	CGRP-alpha
797	CALC2
797	CGRP-II
797	FLJ30166
798	CALC3
799	CT-R
799	CTR
800	H-CAD
800	L-CAD
800	h-CD
801	CALML2
801	CAMI
801	DD132
801	PHKD
801	PHKD1
802	CALML1
804	TCAG_1643085
805	CAMII
805	PHKD2
808	PHKD3
810	CLP
811	CALR1
811	FLJ26680
811	RO
811	SSA
811	cC1qR
814	CaMK-GR
814	CaMKIV
815	CAMKA
815	CaMKIINalpha
815	CaMKIIα
815	KIAA0968
816	CAM2
816	CAMK2
816	CAMKB
816	CaMKIIβ
817	CAMKD
818	CAMKG
819	CAML
819	GET2
820	CAP18
820	FALL-39
820	FALL39
820	LL37
821	CNX
821	IP90
821	P90
822	AFCP
823	CANPL1
823	muCANP
823	muCL
824	CANPL2
824	CANPml
824	mCANP
825	CANP3
825	LGMD2
825	LGMD2A
825	nCL-1
825	p94
826	30K
826	CANPS
826	CAPN4
826	CDPS
827	CANPX
827	CAPNX
827	CalpM
828	MGC126562
829	CAPPA1
830	CAPPA2
830	CAPZ
831	MIR583HG
833	CARS
834	ICE
834	IL1BC
835	ICH1
835	MGC2181
835	NEDD2
835	PPP1R57
836	CPP32
836	CPP32B
836	Yama
836	apopain
837	ICE(rel)II
837	ICH-2
837	TX
838	ICE(rel)III
839	CSP-6
839	caspase-6
840	CMH-1
840	ICE-LAP3
840	MCH3
841	Casp-8
841	FLICE
841	MACH
841	MCH5
842	APAF-3
842	ICE-LAP6
842	MCH6
842	PPP1R56
843	FLICE-2
843	MCH4
844	CASQ
844	CSQ1
844	PDIB1
845	PDIB2
846	FHH
846	GPRC2A
846	HHC
846	HHC1
846	NSHPT
857	CAV
859	LGMD1C
859	LQT9
859	VIP-21
859	VIP21
860	AML3
860	CBFA1
860	CCD
860	CCD1
860	PEBP2A1
860	PEBP2aA1
861	AML1
861	AMLCR1
861	CBFA2
861	PEBP2A2
862	AML1T1
862	CBFA2T1
862	ETO
862	MTG8
862	ZMYND2
863	ETO2
863	MTG16
863	MTGR2
863	RUNX1T3
863	ZMYND4
864	AML2
864	CBFA3
864	PEBP2A3
865	PEBP2B
866	CBG
867	CBL2
867	RNF55
867	c-Cbl
868	Cbl-b
868	RNF56
871	CBP1
871	CBP2
871	HSP47
871	SERPINH2
873	CBR
873	SDR21C1
874	SDR21C2
875	HIP4
881	BTBD20
881	KBTBD14
883	CCBL1
883	KATI
886	CCK-1R
886	CCK-AR
886	CCK1R
887	CCK-2R
887	CCK-BR
887	CCK2R
887	GASR
889	CAM
889	CCM1
890	CCNA
891	CCNB
892	CycC
895	CCND2P
897	CCND3P
898	CCNE
899	FBX1
899	FBXO1
900	CCNG
902	CycH
904	CCNT
904	CYCT1
904	HIVE1
908	CCT6
908	Cctz
908	TCP20
908	TCPZ
908	TTCP20
909	CD1
914	SRBC
915	CD3-DELTA
915	CD3DELTA
915	T3D
916	CD3-epsilon
916	CD3epsilon
917	CD3-GAMMA
917	CD3GAMMA
919	CD3-ZETA
919	CD3H
919	CD3Q
919	CD3Z
919	CD3ZETA
919	TCRZ
920	Leu-3
920	T4
921	LEU1
922	API6
922	Spalpha
923	Tp120
924	LEU-9
924	TP41
924	Tp40
925	CD8
925	CD8alpha
926	CD8B1
926	CD8beta
926	LYT3
926	Ly-3
926	P37
927	CD8BP
928	BA2
928	MIC3
928	MRP-1
928	P24
928	TSPAN29
931	B1
931	Bp35
931	CD20
931	FMC7
932	CD20L
932	HTM4
933	SIGLEC-2
933	SIGLEC2
935	CD24L1
936	CD24L2
937	CD24L3
938	CD24L4
939	S152
939	TNFRSF7
939	Tp55
941	B7-1
941	B7.1
941	CD28LG
941	CD28LG1
942	B7-2
942	B7.2
942	CD28LG2
943	CD30
943	D1S166E
943	KI-1
944	CD153
944	CD30LG
945	CD33rSiglec
945	FLJ00391
945	SIGLEC-3
945	SIGLEC3
946	CD327
946	CD33L
946	CD33L1
946	OB-BP1
946	SIGLEC-6
948	GP3B
948	GP4
948	GPIIIB
948	GPIV
948	SCARB3
949	CD36L1
949	CLA-1
949	SR-BI
949	SRB1
950	CD36L2
950	HLGP85
950	LIMP-2
950	LIMPII
950	SR-BII
951	TSPAN26
952	cADPR1
953	ATPDase
953	CD39
953	NTPDase-1
953	SPG64
954	CD39L1
954	NTPDase-2
955	CD39L2
955	IL6ST2
955	NTPDase-6
955	dJ738P15.3
956	CD39L3
956	HB6
956	NTPDase-3
957	CD39L4
957	NTPDase-5
957	PCPH
958	Bp50
958	TNFRSF5
959	CD154
959	CD40-L
959	CD40L
959	HIGM1
959	IMD3
959	T-BAM
959	TNFSF5
959	gp39
959	hCD40L
960	CD44R
960	CDw44
960	CSPG8
960	ECM-III
960	H-CAM
960	HCELL
960	HUTCH-1
960	HUTCH-I
960	Hermes-1
960	IN
960	MC56
960	MDU2
960	MDU3
960	MIC4
960	PGP-1
960	Pgp1
961	MER6
961	OA3
962	BCM1
962	BLAST
962	SLAMF2
962	hCD48
962	mCD48
963	MOX44
963	TSPAN25
965	LFA3
966	16.3A5
966	EJ16
966	EJ30
966	EL32
966	G344
966	HRF20
966	MACIF
966	MIC11
966	MIN1
966	MIN2
966	MIN3
966	MIRL
966	MSK21
966	p18-20
967	HOP-26
967	ME491
967	MLA1
967	Pltgp40
967	TSPAN30
968	DKFZp686M18236
968	LAMP4
968	SCARD1
969	CLEC2C
970	CD27-L
970	CD27L
970	CD27LG
970	TNFSF7
971	CD72b
971	LYB2
972	DHLAG
973	IGA
973	IGAlpha
973	Ig-alpha
973	MB-1
974	IGB
974	Ig-beta
974	Igbeta
975	S5.7
975	TAPA-1
975	TAPA1
975	TSPAN28
976	CD97
976	TM7LN1
977	PETA-3
977	RAPH
977	SFA-1
977	TSPAN24
978	CDD
983	CDC2
983	CDC28A
984	CDC2L1
987	BGL
987	CDC4L
987	LAB300
987	LBA
987	uc.147
988	CDC5
988	CEF1
988	PCDC5RP
988	hCDC5
989	CDC10
989	CDC3
989	SEPT7
989	SEPT7A
989	Septin-7
990	CDC18L
991	CDC20A
991	p55CDC
994	MPIP2
995	CDC25
995	PPP1R60
996	ANAPC3
996	APC3
996	D0S1430E
996	D17S978E
996	NUC2
997	E2-CDC34
997	UBC3
997	UBE2R1
998	CDC42Hs
998	G25K
999	CD324
999	UVO
999	uvomorulin
1000	CD325
1000	CDHN
1000	NCAD
1001	CDHP
1001	PCAD
1002	R-CAD
1003	7B4
1003	CD144
1009	CAD11
1010	Br-cadherin
1010	CDHB
1011	C41-CAD
1011	CDH12P
1012	CDHH
1013	CDH14
1015	HPT-1
1015	cadherin
1016	EY-CADHERIN
1019	PSK-J3
1020	PSSALRE
1021	PLSTIRE
1022	CDKN7
1022	MO15
1024	K35
1025	C-2k
1025	CDC2L4
1025	PITALRE
1025	TAK
1026	CAP20
1026	CDKN1
1026	SDI1
1026	WAF1
1026	p21CIP1
1026	p21Cip1/Waf1
1027	KIP1
1027	P27KIP1
1028	BWCR
1028	BWS
1028	KIP2
1028	P57
1029	ARF
1029	CAI2
1029	CDK4I
1029	CDKN2
1029	CMM2
1029	INK4
1029	INK4a
1029	MLM
1029	P16-INK4A
1029	p14ARF
1029	p16INK4a
1029	p19Arf
1030	INK4B
1030	MTS2
1030	TP15
1030	p15INK4b
1031	INK4C
1032	INK4D
1033	CDI1
1038	CDR
1038	CDR34
1038	CDR62A
1039	CDR62
1039	Yo
1041	D6S586E
1043	CDW52
1043	EDDM5
1043	HE5
1045	CDX3
1048	CD66e
1048	CEA
1050	C/EBP-alpha
1050	CEBP
1051	C/EBP-beta
1051	CRP2
1051	IL6DBP
1051	NFIL6
1051	TCF5
1052	C/EBP-delta
1052	CELF
1052	CRP3
1052	NF-IL6-beta
1053	CRP1
1054	GPE1BP
1054	IG/EBP-1
1056	BSSL
1056	MODY8
1057	CELL
1058	CENP-A
1058	CenH3
1060	CENP-C
1060	CENPC1
1060	MIF2
1060	hcp-4
1061	CENPC1P1
1061	CENPC2
1062	KIF10
1062	PPP1R61
1063	hcp-1
1066	CEH
1066	CES1A1
1066	CES1A2
1066	HMSE
1066	HMSE1
1068	CEN1
1068	CETN
1069	CALT
1069	CEN2
1070	CEN3
1071	BPIFF
1072	CFL
1073	NEM7
1074	CFLL1
1074	CFLP5
1075	DPP1
1075	PALS
1075	PLS
1080	ABC35
1080	ABCC7
1080	CF
1080	CFTR/MRP
1080	TNR-CFTR
1080	dJ760C5.1
1081	FSHA
1081	GPA1
1081	GPHA1
1081	GPHa
1081	HCG
1081	LHA
1081	TSHA
1082	CGB
1084	CD66d
1084	CGM1
1084	CGM1a
1085	CGM12
1086	CGM18
1087	CGM2
1088	CD66b
1088	CGM6
1089	CGM7
1090	CGM8
1091	CGM9
1092	CEACAM24P
1092	CGM10
1093	CGM11
1094	CGM13
1095	CGM14
1096	CGM15
1097	CGM16
1098	CGM17
1101	SLRR4A
1102	CHC1L
1103	CHOACTase
1104	CHC1
1106	DKFZp547I1315
1106	DKFZp686E01200
1106	DKFZp781D1727
1106	FLJ38614
1107	Mi-2a
1107	Mi2-ALPHA
1107	ZFH
1108	Mi-2b
1108	Mi2-BETA
1109	3-alpha-HSD
1109	C11
1109	CHDR
1109	DD4
1109	HAKRA
1109	MGC22581
1111	CHK1
1112	C14orf116
1112	CHES1
1113	PHE5
1113	PHES
1114	SCG1
1114	SgI
1116	GP39
1116	YK-40
1116	YKL40
1117	YKL-39
1117	YKL39
1118	CHI3
1118	CHIT
1119	CHK
1119	CKI
1120	CHETK
1120	CHKL
1121	DXS540
1121	REP-1
1121	TCD
1122	REP-2
1123	ARHGAP2
1123	CHN
1123	DURS2
1123	n-chimerin
1124	ARHGAP3
1124	RhoGAP3
1130	CHS
1130	CHS1
1130	Mauve
1131	m3AChR
1134	CHRNA
1140	CHRNB
1144	ACHRD
1145	ACHRE
1146	ACHRG
1147	IKK-alpha
1147	IKK1
1147	IKKA
1147	IkBKA
1147	NFKBIKA
1147	TCF16
1149	CIDE-A
1152	CKBB
1153	CIRP
1154	CIS
1154	CIS-1
1154	SOCS
1155	CG22
1155	CKAP1
1155	CKAPI
1158	CKMM
1159	CKMT
1159	UMTCK
1160	SMTCK
1161	CKN1
1163	ckshs1
1173	AP50
1173	CLAPM1
1174	AP19
1174	CLAPS1
1174	EKV3
1174	SIGMA1A
1174	WUGSC:H_DJ0747G18.2
1175	CLAPS2
1175	FBH3
1175	FBHOk
1175	HHC3
1176	CLAPS3
1178	Gal-10
1178	LGALS10
1178	MGC149659
1179	CLCRG1
1179	CaCC
1180	CLC1
1180	ClC-1
1181	ClC-2
1181	EJM6
1182	CLC3
1182	ClC-3
1183	CLC4
1183	ClC-4
1184	CLC5
1184	ClC-5
1184	DENTS
1184	NPHL1
1184	NPHL2
1184	XLRH
1184	XRN
1184	hCIC-K2
1184	hClC-K2
1185	ClC-6
1185	KIAA0046
1186	CLC-7
1186	CLC7
1186	OPTA2
1186	PPP1R63
1187	CLCK1
1187	ClC-K1
1187	hClC-Ka
1188	CLCKB
1188	ClC-K2
1188	ClC-Kb
1188	hClC-Kb
1191	APOJ
1191	CLI
1191	CLU1
1191	CLU2
1191	KUB1
1191	SGP-2
1191	SP-40
1191	TRPM-2
1192	CLCNL1
1192	G6
1192	NCC27
1192	p64CLCP
1193	CLCNL2
1193	XAP121
1197	CLK2P
1200	CLN2
1200	LPIC
1200	SCAR7
1200	TPP-1
1201	BTS
1201	JNCL
1201	SLC29B1
1204	CLNS1B
1207	CLCI
1207	ICln
1211	Lca
1212	Lcb
1213	CLTCL2
1213	Hc
1230	CD191
1230	CKR-1
1230	CMKBR1
1230	MIP1aR
1230	SCYAR1
1232	CC-CKR-3
1232	CD193
1232	CKR3
1232	CMKBR3
1233	CC-CKR-4
1233	CD194
1233	CKR4
1233	CMKBR4
1233	ChemR13
1233	k5-5
1234	CC-CKR-5
1234	CD195
1234	CKR-5
1234	CKR5
1234	CMKBR5
1234	IDDM22
1235	BN-1
1235	CD196
1235	CKR-L3
1235	CMKBR6
1235	DCR2
1235	DRY-6
1235	GPR-CY4
1235	GPR29
1235	STRL22
1236	BLR2
1236	CD197
1236	CDw197
1236	CMKBR7
1236	EBI1
1237	CDw198
1237	CKR-L1
1237	CMKBR8
1237	CMKBRL2
1237	CY6
1237	GPR-CY6
1237	TER1
1238	CCBP2
1238	CMKBR9
1238	D6
1240	ChemR23
1240	RVER1
1241	BLTR
1241	CMKRL1
1241	GPR16
1241	LTB4R1
1241	P2RY7
1241	P2Y7
1244	CMOAT
1244	DJS
1244	MRP2
1244	cMRP
1258	CNCG2
1258	CNCG3L
1258	CNGB1B
1258	RCNC2
1258	RCNCb
1258	RP45
1259	CNCG
1259	CNCG1
1259	CNG1
1259	RCNC1
1259	RCNCa
1259	RP49
1260	CNCA
1260	CNCA1
1260	CNG2
1260	FLJ46312
1260	OCNC1
1260	OCNCALPHA
1260	OCNCa
1261	ACHM2
1261	CCNC1
1261	CCNCa
1261	CNCG3
1261	CNG3
1262	CNCA2
1262	CNG5
1262	CNGB2
1262	OCNC2
1262	OCNCb
1263	CNK
1263	FNK
1263	PRK
1264	Sm-Calp
1267	CN37
1268	CANN6
1268	CB-R
1268	CB1
1268	CB1A
1268	CB1K5
1268	CNR
1269	CB2
1270	HCNTF
1272	GP135
1278	OI4
1280	AOM
1280	SEDC
1280	STL1
1281	EDS4A
1284	DKFZp686I14213
1284	FLJ22259
1286	CA44
1287	ASLN
1287	ATS
1294	EBD1
1294	EBDCT
1294	EBR1
1295	C3orf7
1295	MGC9568
1296	FECD
1296	FECD1
1296	PPCD2
1298	EDM2
1299	DJ885L7.4.1
1299	EDM3
1299	FLJ90759
1299	IDD
1301	CO11A1
1301	COLL6
1301	DFNA37
1301	STL2
1302	DFNA13
1302	DFNB53
1302	HKE5
1303	COL12A1L
1308	BP180
1308	BPAG2
1311	EDM1
1311	EPD1
1311	PSACH
1311	THBS5
1311	TSP-5
1311	TSP5
1314	HEP-COP
1314	alpha-COP
1315	COPB
1316	BCD1
1316	COPEB
1316	CPBP
1316	GBF
1316	ST12
1316	Zf9
1317	COPT1
1317	CTR1
1317	hCTR1
1318	COPT2
1318	CTR2
1318	hCTR2
1325	MGC32686
1325	SST2
1326	COT
1326	EST
1326	ESTF
1326	MEKK8
1326	Tpl-2
1326	c-COT
1327	COX4
1327	COX4-1
1327	COXIV
1327	COXIV-1
1330	COX5BL1
1331	COX5BL2
1332	COX5BL3
1333	COX5BL4
1336	COX5BL7
1337	COX6A
1337	COX6AL
1338	COX6A1P
1339	COX6AH
1339	COXVIAH
1339	COXVIa-M
1340	COX6B
1340	COXG
1342	COX6BP2
1343	COX6BP3
1346	COX7A
1346	COX7AH
1347	COX7AL
1347	COXVIIa-L
1348	COX7A3
1348	COX7AL2
1348	COX7AP2
1351	COX
1351	COX8
1351	COX8-2
1351	COX8L
1351	VIII
1351	VIII-L
1355	CEMCOX2
1356	AB073614
1357	CPA
1361	CPU
1361	PCPB
1361	TAFI
1364	CPE-R
1364	CPETR
1364	CPETR1
1364	WBSCR8
1364	hCPE-R
1365	C7orf1
1365	CPE-R2
1365	CPETR2
1365	HRVP1
1365	RVP1
1366	CEPTRL2
1366	CPETRL2
1366	Hs.84359
1370	ACBP
1373	GATD6
1374	CPT1
1374	CPT1-L
1374	L-CPT1
1375	CPT1-M
1375	M-CPT1
1376	CPTASE
1378	CD35
1378	KN
1380	C3DR
1380	CD21
1381	CRABP
1381	CRABPI
1384	CAT1
1386	CRE-BP1
1386	CREB2
1386	HB16
1386	TREB7
1387	KAT3A
1387	RSTS
1387	RTS
1388	ATF6beta
1388	CREBL1
1390	hCREM-2
1392	CRH1
1393	CRF-BP
1393	CRFBP
1394	CRF-R
1394	CRF1
1394	CRHR
1395	CRF-RB
1395	CRF2
1395	HM-CRF
1396	CRIP
1397	ESP1
1400	DPYSL1
1400	DRP-1
1404	CRTL1
1406	CORD2
1406	LCA7
1407	PHLL1
1409	CRYA1
1409	HSPB4
1410	CRYA2
1410	HSPB5
1411	CRYB1
1415	CCA2
1415	CRYB2
1415	CRYB2A
1416	CRYB2B
1417	CRYB3
1418	CRY-g-A
1418	CRYG1
1419	CRYG2
1420	CRYG3
1421	CRYG4
1423	CRYG6
1423	CRYGFP1
1423	p1
1424	CRYGGP1
1427	CRYG8
1428	DFNA40
1432	CSBP1
1432	CSBP2
1432	CSPB1
1432	Mxi2
1432	PRKM14
1432	PRKM15
1434	CSE1
1434	XPO2
1435	M-CSF
1435	MCSF
1435	MGC31930
1436	C-FMS
1436	CD115
1436	CSFR
1436	FMS
1437	GM-CSF
1437	GMCSF
1438	CD116
1438	CSF2R
1438	alphaGMR
1439	CD131
1439	IL3RB
1439	IL5RB
1439	betaGMR
1440	C17orf33
1440	G-CSF
1440	GCSF
1440	MGC45931
1441	CD114
1441	G-CSF-R
1441	GCSFR
1442	CSA
1442	CSMT
1442	FLJ75407
1442	hCS-A
1443	CSB
1443	hCS-B
1444	CS-5
1444	CSHP1
1444	CSL
1444	MGC149868
1444	hCS-L
1446	CASA
1446	CSN1
1447	CASB
1448	CSN10
1452	CK1
1452	CK1a
1452	CK1alpha
1452	CKIa
1452	CKIalpha
1453	CKID
1453	CKIdelta
1453	HCKID
1454	CKIE
1454	CKIepsilon
1454	HCKIE
1455	CK1g2
1457	Cka1
1457	Cka2
1459	CK2alpha\'
1460	Ckb1
1460	Ckb2
1462	CSPG2
1462	PG-M
1463	CSPG3
1464	CSPG4A
1464	HMW-MAA
1464	MCSPG
1464	MEL-CSPG
1465	CYRP
1465	D1S181E
1466	LMO5
1466	SmLIM
1467	CSRP2P
1468	DIC
1475	STF1
1475	STFA
1476	EPM1
1476	PME
1476	STFB
1478	CstF-64
1479	CstF-77
1480	dJ850N15.1
1482	CSX
1482	CSX1
1482	NKX2.5
1482	NKX2E
1482	NKX4-1
1485	CT6.1
1485	CTAG
1485	CTAG1
1485	LAGE2B
1485	NY-ESO-1
1486	CTB
1487	BARS
1488	ribeye
1489	CT-1
1490	CTGF
1490	IGFBP8
1493	CD152
1493	CELIAC3
1493	CTLA-4
1493	GSE
1493	IDDM12
1495	CAP102
1496	CAP-R
1496	CT114
1497	CTNS-LSB
1497	PQLC4
1497	SLC66A4
1498	CTNNAP1
1499	CTNNB
1499	armadillo
1499	beta-catenin
1500	CTNND
1500	KIAA0384
1500	p120cas
1500	p120ctn
1501	GT24
1501	NPRAP
1503	CTPS
1503	GATD5A
1504	CTRB
1506	CTRL1
1509	CLN10
1509	CPSD
1511	CG
1512	ACC-4
1512	ACC-5
1512	ACC4
1512	ACC5
1512	CPSB
1513	CTSO2
1513	PKND
1513	PYCD
1514	CTSL1
1514	FLJ31037
1515	CTSL2
1515	CTSU
1517	CTSL1P2
1517	CTSL1P5
1517	CTSL1P7
1517	CTSLL2
1517	CTSLL5
1517	CTSLL7
1517	CTSLP5
1517	CTSLP7
1517	bA144G6.6
1517	bA342C24.4
1518	CTSL1P8
1519	CTSO1
1522	CTSX
1523	CDP
1523	CDP/Cut
1523	CDP/Cux
1523	CDP1
1523	CUT
1523	CUTL1
1523	CUX
1523	Clox
1523	Cux/CDP
1523	GOLIM6
1524	CMKBRL1
1524	CMKDR1
1524	GPR13
1524	V28
1527	CXorf2
1527	fTEX
1528	CYB5
1528	MCB5
1531	CYB5P3
1531	Psgb-5-1
1532	CYB5P4
1532	Psgb-5-2
1532	bA189G24.1
1534	CGCytb
1534	CYB561A1
1534	FRRS2
1535	p22-PHOX
1535	p22phox
1536	CGD
1536	GP91-PHOX
1536	GP91PHOX
1536	NOX2
1536	p91-PHOX
1537	UQCR4
1540	CYLD1
1540	KIAA0849
1540	USPL2
1543	CP11
1543	CYP1
1543	P1-450
1543	P450-C
1543	P450DX
1544	CP12
1544	P3-450
1545	CP1B
1545	GLC3A
1548	CYP2A
1548	CYP2A3
1550	CYP2A18PN
1550	CYP2A7P2
1550	CYP2A7PT
1551	CP37
1551	P450-HFLA
1553	CPAD
1555	CPB6
1555	CYP2B
1555	CYPIIB6
1556	CYP2B7P1
1557	CPCJ
1557	CYP2C
1557	P450IIC19
1558	CPC8
1559	CYP2C10
1559	P450IIC9
1562	CPCI
1562	CYP2C17
1562	P450IIC17
1564	CYP2D
1564	CYP2D7P
1564	CYP2D7P1
1564	CYP2D@
1565	CPD6
1565	CYP2D7AP
1565	CYP2D7BP
1565	CYP2D7P2
1565	CYP2D8P2
1565	CYP2DL1
1565	P450-DB1
1565	P450C2D
1568	CYP2D8P1
1568	CYP2DP1
1571	CYP2E
1572	CYP2F
1576	CYP3A3
1577	CP35
1577	P450PCN3
1577	PCN3
1578	CYP3A5-de13c
1578	CYP3A5-de1b2b
1578	CYP3A5P1
1579	CYP4A2
1579	CYP4AII
1581	CYP7
1582	CYP12
1583	CYP11A
1583	P450SCC
1584	CYP11B
1584	FHI
1584	P450C11
1585	ALDOS
1585	CYP11BL
1585	P-450C18
1585	P450aldo
1586	CPT7
1586	CYP17
1586	P450C17
1586	S17AH
1587	ADAM3
1587	CYRN1
1587	tMDCI
1588	ARO
1588	ARO1
1588	CPV1
1588	CYAR
1588	CYP19
1588	P-450AROM
1588	aromatase
1589	CA21H
1589	CAH1
1589	CYP21
1589	CYP21B
1589	P450c21B
1590	CYP21A
1590	CYP21P
1590	P450c21A
1591	CP24
1591	CYP24
1591	P450-CC24
1591	lncBCAS1-4_1
1592	CP26
1592	CYP26
1592	P450RAI
1592	P450RAI1
1593	CTX
1593	CYP27
1594	CYP1
1594	P450c1
1594	PDDR
1594	VDD1
1595	CP51
1595	CYP51
1595	LDM
1595	P450-14DM
1595	P450L1
1596	CYRN2
1601	DOC-2
1602	DACH
1603	OST2
1604	CR
1604	CROM
1604	DAF
1604	TC
1605	156DAG
1605	A3a
1605	AGRNR
1605	DAG
1606	DAGK
1606	DAGK1
1606	DGK-alpha
1607	DAGK2
1607	DGK
1607	DGK-BETA
1607	KIAA0718
1608	DAGK3
1609	DAGK4
1609	DAGK7
1610	DAAO
1610	DAMOX
1611	DAP1
1612	DAPK
1613	ZIPK
1615	DARS
1616	DAP6
1617	DAZ
1617	SPGY
1618	DAZH
1618	DAZL1
1618	DAZLA
1618	MGC26406
1618	SPGYLA
1620	DBC1
1620	DBCCR1
1620	FAM5A
1621	DBM
1622	ACBD1
1623	DBIL1
1624	DBIL2
1627	D0S117E
1628	DABP
1629	BCKAD-E2
1629	BCKDH-E2
1629	BCOADC-E2
1630	IGDCC1
1630	NTN1R1
1632	DCI
1634	DSPG2
1634	SLRR1B
1636	ACE1
1636	CD143
1636	DCP1
1637	DSCR
1638	TRP-2
1638	TYRP2
1641	DBCN
1641	DC
1641	LISX
1641	SCLH
1641	XLIS
1643	DDBB
1643	FLJ34321
1643	UV-DDB2
1643	XPE
1644	AADC
1645	DD1
1645	DDH
1645	DDH1
1645	HAKRC
1645	MBAB
1646	BABP
1646	DD
1646	DD2
1646	DDH2
1646	HAKRD
1646	TDD
1647	DDIT1
1647	GADD45
1648	DDIT1L
1648	GADD45AL
1649	CHOP
1649	CHOP10
1649	GADD153
1650	KIAA0115
1650	OST48
1652	D-DT
1652	DDCT
1652	MIF-2
1653	DBP-RB
1654	CAP-Rf
1654	DBX
1654	DDX14
1654	DDX3
1655	G17P1
1655	HLR1
1655	p68
1656	HLR2
1656	Rck/p54
1659	DDX8
1659	Dhr2
1659	PRPF22
1659	Prp22
1660	DDX9
1660	LKP
1660	RHA
1661	DDX9P
1661	DHX9P
1662	Dbp4
1662	HRH-J8
1663	ChlR1
1663	KRG-2
1663	WABS
1665	DBP1
1665	DDX15
1665	PRPF43
1665	PrPp43p
1665	Prp43
1666	DECR
1666	SDR18C1
1667	DEF1
1667	DEFA2
1667	HNP-1
1667	MRS
1668	DEF3
1668	HNP-3
1669	DEF4
1669	HP-4
1670	DEF5
1670	HD-5
1671	HD-6
1672	BD1
1672	DEFB-1
1672	DEFB101
1672	HBD-1
1672	HBD1
1672	MGC51822
1673	DEFB-2
1673	DEFB102
1673	DEFB2
1673	DEFB4
1673	HBD-2
1674	CMD1I
1674	CSM1
1674	CSM2
1674	LGMD2R
1675	ADN
1675	DF
1675	PFD
1676	DFF-45
1676	DFF1
1676	DFF45
1676	ICAD
1677	CPAN
1677	DFF-40
1677	DFF40
1678	DDP
1678	DFN1
1678	MTS
1687	DFNA5
1687	ICERE-1
1690	COCH-5B2
1690	DFNA31
1690	DFNA9
1716	dGK
1717	SLOS
1718	DCE
1718	KIAA0018
1718	seladin-1
1719	DHFR1
1725	MIG13
1727	B5R
1727	DIA1
1728	DHQU
1728	DIA4
1728	NMOR1
1728	QR1
1729	DFNA1
1729	LFHL1
1729	hDIA1
1729	mDia1
1730	DIA2
1730	POF2
1731	DIFF6
1731	PNUTL3
1731	SEPT1
1731	Septin-1
1733	TXDI1
1734	SELENOY
1734	SelY
1734	TXDI2
1735	TXDI3
1736	Cbf5
1736	DKC
1736	NAP57
1736	NOLA4
1736	XAP101
1736	dyskerin
1737	DLTA
1737	PDC-E2
1738	DLDH
1738	GCSL
1738	LAD
1738	OGDC-E3
1739	DLGH1
1739	SAP-97
1739	SAP97
1739	dJ1061C18.1.1
1739	hdlg
1740	PPP1R58
1740	PSD-93
1740	PSD93
1740	chapsyn-110
1741	KIAA1232
1741	MRX90
1741	NE-Dlg
1741	NEDLG
1741	PPP1R82
1741	SAP-102
1741	SAP102
1742	PSD-95
1742	PSD95
1742	SAP-90
1742	SAP90
1743	DLTS
1743	KGD2
1743	OGDC-E2
1744	DLSTP
1746	TES-1
1748	BP1
1748	DLX7
1748	DLX8
1748	DLX9
1755	GP340
1755	Gp-340
1755	SALSA
1756	DXS142
1756	DXS164
1756	DXS206
1756	DXS230
1756	DXS239
1756	DXS268
1756	DXS269
1756	DXS270
1756	DXS272
1756	MRX85
1757	DMGDHL1
1759	DNM
1760	DM
1760	DM1
1760	DM1PK
1760	DMK
1760	MDPK
1760	MT-PK
1761	CT154
1762	D19S593E
1762	DMR-N9
1762	gene59
1763	DNA2L
1763	KIAA0083
1767	CILD3
1767	Dnahc5
1767	HL1
1767	KTGNR
1768	DNHL1
1768	Dnahc6
1768	FLJ37357
1769	hdhc9
1770	DNAH17L
1770	DYH9
1770	Dnahc9
1770	HL-20
1770	HL20
1770	KIAA0357
1773	DNL1
1774	DNAS1L1
1774	DNASEX
1774	DNL1L
1774	XIB
1775	DNAS1L2
1776	D3
1776	DNAS1L3
1776	LSD
1777	DNL
1777	DNL2
1778	CMT2O
1778	DHC1
1778	DNCH1
1778	DNCL
1778	DNECL
1778	Dnchc1
1778	HL-3
1780	DNCI1
1780	DNCIC1
1781	DIC74
1781	DNCI2
1783	DNCLI2
1785	CMT2M
1785	CMTDI1
1785	CMTDIB
1785	DI-CMTB
1785	DYN2
1785	DYNII
1786	CXXC9
1786	DNMT
1786	MCMT
1787	DNMT2
1787	RNMT1
1791	TdT
1793	DOCK180
1793	ced5
1794	KIAA0209
1795	KIAA0299
1795	MOCA
1796	p62dok
1797	DOM3L
1797	DOM3Z
1798	ALG7
1798	CDG-Ij
1798	D11S366
1798	DGPT
1798	DPAGT
1798	DPAGT2
1801	DPH2L
1801	DPH2L1
1801	OVCA1
1802	DPH2L2
1803	ADCP2
1803	CD26
1804	DPL1
1804	DPPX
1806	DHPDHase
1806	DPD
1807	DHPase
1808	CRMP2
1808	DHPRP2
1808	DRP-2
1809	CRMP4
1809	DRP-3
1809	ULIP
1810	NC2-BETA
1810	NC2B
1810	NCB2
1811	CLD
1811	DRA
1812	D1R
1813	D2R
1816	DRD1B
1816	DRD1L2
1820	BRIGHT
1820	DRIL1
1822	B37
1822	D12S755E
1822	DRPLA
1823	CDHF1
1824	CDHF2
1825	CDHF3
1825	DSC
1825	DSC4
1826	CHD2-42
1826	CHD2-52
1827	DSCR1
1828	CDHF4
1828	DSG
1829	CDHF5
1830	CDHF6
1831	DSIPI
1831	GILZ
1831	TSC-22R
1831	hDIP
1832	DPI
1832	DPII
1832	KPPS2
1832	PPKS2
1833	DSPG3
1833	Pg-Lb
1833	SLRR3B
1834	DFNA39
1834	DGI1
1834	DMP3
1836	DTD
1836	DTDST
1837	D18S892E
1837	DRP3
1837	DTN
1837	DTN-1
1837	DTN-2
1837	DTN-3
1839	DTR
1839	DTS
1839	HEGFL
1840	RNF140
1840	hDx-1
1841	CDC8
1841	TMPK
1841	TYMK
1843	CL100
1843	HVH1
1843	MKP-1
1843	PTPN10
1844	PAC-1
1845	VHR
1846	HVH2
1846	MKP-2
1846	TYP
1847	HVH3
1848	MKP-3
1848	PYST1
1849	MKP-X
1849	PYST2
1850	C11orf81
1850	FLJ42958
1850	HB5
1850	HVH-5
1852	MKP-4
1852	MKP4
1854	dUTPase
1857	KIAA0208
1859	DYRK
1859	DYRK1
1859	MNBH
1861	DQ2
1861	DYT1
1869	RBBP3
1870	E2F-2
1874	E2F-4
1876	E2F-6
1877	E4F
1879	COE1
1879	EBF
1880	EBI2
1889	ECE
1890	ECGF1
1890	MNGIE
1891	HPXEL
1892	SCEH
1894	ARHGEF31
1896	ED1
1896	ED1-A1
1896	ED1-A2
1896	EDA-A1
1896	EDA-A2
1896	EDA1
1896	EDA2
1896	ODT1
1896	XHED
1896	XLHED
1901	CD363
1901	D1S3362
1901	EDG1
1901	edg-1
1902	EDG2
1902	Gpcr26
1902	LPA1
1902	Mrec1.3
1902	edg-2
1902	rec.1.3
1902	vzg-1
1903	C9orf108
1903	C9orf47
1903	EDG-3
1903	EDG3
1903	FLJ37523
1903	bA791O21.3
1906	ET1
1907	ET2
1908	ET3
1909	ET-A
1909	ETA-R
1909	hET-AR
1910	ETB
1910	HSCR
1910	HSCR2
1911	EDR1
1911	HPH1
1911	RAE28
1912	EDR2
1912	HPH2
1915	EE1A1
1915	EEF1A
1915	EF1A
1915	EF1A1
1915	EF1alpha1
1915	LENG7
1917	STN
1917	STNL
1918	EEF1A3
1932	EEF1B1
1934	BETA-3
1934	EEF-1
1934	EEF-1BETA5A
1934	EEF1B
1934	EEF1B3
1936	EF-1D
1936	FLJ20897
1937	EF1G
1938	EEF-2
1938	EF2
1942	ECKLG
1942	EPLG1
1942	GMAN
1942	LERK1
1942	TNFAIP4
1943	ELF-1
1943	EPLG6
1943	LERK6
1944	EPLG3
1944	Ehk1-L
1944	LERK3
1945	EPLG4
1945	LERK4
1946	AF1
1946	EPLG7
1946	LERK7
1947	CFNS
1947	EPLG2
1947	Elk-L
1947	LERK2
1948	EPLG5
1948	HTKL
1948	Htk-L
1948	LERK5
1948	MGC126226
1948	MGC126227
1948	MGC126228
1949	EPLG8
1949	LERK-8
1951	ADGRC3
1951	CDHF11
1951	EGFL1
1951	FMI1
1951	HFMI1
1951	MEGF2
1952	ADGRC2
1952	CDHF10
1952	EGFL2
1952	Flamingo1
1952	KIAA0279
1952	MEGF3
1953	EGFL3
1954	C19orf49
1954	EGFL4
1954	FLJ22365
1954	SBP1
1955	EGFL5
1956	ERBB
1956	ERBB1
1956	ERRP
1958	225
1958	AT225
1958	G0S30
1958	KROX-24
1958	NGFI-A
1958	TIS8
1958	ZIF-268
1958	ZIF268
1959	KROX20
1960	PILOT
1961	NGFI-C
1961	PAT133
1962	ECHD
1964	EIF1A
1964	EIF4C
1964	eIF-1A
1964	eIF-4C
1965	EIF-2alpha
1965	EIF2
1967	EIF-2B
1967	EIF-2Balpha
1967	EIF2B
1967	EIF2BA
1967	EIF2Balpha
1968	EIF2G
1968	EIF2gamma
1969	ECK
1973	DDX2A
1973	EIF-4A
1973	EIF4A
1974	BM-010
1974	DDX2B
1974	EIF4F
1977	EIF4E1
1977	EIF4EL1
1978	4E-BP1
1978	PHAS-I
1980	EIF4EL2
1980	dJ1022P6.3
1981	EIF4G
1981	PARK18
1982	DAP5
1984	EIF-5A
1984	EIF5A1
1984	MGC104255
1984	MGC99547
1990	ELA1
1991	ELA2
1991	HLE
1991	HNE
1991	NE
1991	PMN-E
1992	EI
1992	ELANH2
1992	LEI
1992	MNEI
1992	PI2
1993	HEL-N1
1993	HuB
1994	HuR
1994	Hua
1994	MelG
1995	DKFZp547J036
1995	HUC
1995	HUCL
1995	MGC20653
1995	PLE21
1996	HUD
1996	PNEM
1998	EU32
1998	NERF
1998	NERF-1A
1998	NERF-1B
1998	NERF-2
1999	ERT
1999	ESE-1
1999	ESX
2000	ELFR
2003	ELK2
2003	ELK2.1
2003	ELK2P1
2004	ERP
2006	SVAS
2006	WBS
2006	WS
2009	ELP79
2009	EMAP
2009	EMAPL
2009	HuEMAP
2010	LEMD5
2010	STA
2011	EMK1
2011	PAR-1B
2011	Par1b
2012	CL-20
2012	TMP
2013	XMP
2014	YMP
2015	EMR1
2015	TM7LN3
2017	EMS1
2022	CD105
2022	END
2022	HHT1
2022	ORW
2022	ORW1
2023	ENO1-IT1
2023	ENO1L1
2023	MPB1
2023	PPH
2025	ENO1P
2026	NSE
2028	CD249
2028	gp160
2029	ARPP-19e
2029	MGC4319
2029	MGC78563
2029	MGC8394
2030	ENT1
2033	KAT3B
2033	p300
2034	HIF2A
2034	MOP2
2034	PASD2
2034	bHLHe73
2035	4.1R
2035	EL1
2036	4.1N
2036	KIAA0338
2037	4.1-G
2037	4.1G
2038	MGC116735
2038	MGC116737
2039	DMT
2039	EPB49
2040	BND7
2040	EPB7
2040	EPB72
2041	EPH
2041	EPHT
2041	EPHT1
2042	ETK
2042	ETK1
2042	HEK
2042	HEK4
2042	TYRO4
2043	Hek8
2043	TYRO1
2044	CEK7
2044	Hek7
2045	Hek11
2046	EEK
2046	Hek3
2047	EPHT2
2047	Hek6
2048	DRT
2048	EPHT3
2048	ERK
2048	Hek5
2048	Tyro5
2049	ETK2
2049	Hek2
2049	Tyro6
2050	HTK
2050	Tyro11
2052	EPHX
2053	ABHD20
2053	sEH
2054	EPIM
2054	EPM
2054	STX2A
2054	STX2B
2054	STX2C
2055	C8orf61
2055	EPMR
2055	FLJ39417
2055	TLCD6
2056	EP
2057	EPO-R
2058	EARS
2058	EPRS
2058	GLUPRORS
2058	QPRS
2060	AF-1P
2060	MLLT5
2063	EAR-2
2063	EAR2
2063	ERBAL2
2064	CD340
2064	HER-2
2064	HER2
2064	MLN-19
2064	NGL
2064	c-ERB-2
2064	c-ERB2
2064	p185(erbB2)
2065	HER3
2065	LCCS2
2066	ALS19
2066	HER4
2067	RAD10
2068	EM9
2068	MGC102762
2068	MGC126218
2068	MGC126219
2068	XPD
2069	ER
2070	CMD1J
2070	DFNA10
2071	RAD25
2071	Ssl2
2071	XPB
2072	FANCQ
2072	XPF
2073	ERCM2
2073	XPGC
2074	ARMD5
2074	CKN2
2074	RAD26
2077	PE-2
2077	PE2
2078	erg-3
2079	DROER
2081	IRE1
2081	IRE1P
2086	ERV-R
2086	ERV3
2086	H-PLK
2086	HERV-R
2086	envR
2091	FIB
2091	FLRN
2091	Nop1
2091	RNU3IP1
2099	ER-alpha
2099	ESR
2099	Era
2099	NR3A1
2100	ER-beta
2100	Erb
2100	NR3A2
2101	ERR1
2101	ERRa
2101	ERRalpha
2101	ESRL1
2101	NR3B1
2103	DFNB35
2103	ERR2
2103	ERRb
2103	ERRbeta
2103	ESRL2
2103	NR3B2
2104	ERR-gamma
2104	ERRg
2104	NR3B3
2107	ERF1
2107	SUP45L1
2107	TB3-1
2108	GA2
2110	ETFQO
2113	ETS-1
2113	EWSR2
2113	FLJ10768
2115	ER81
2116	ER71
2117	PE-1
2118	E1A-F
2118	E1AF
2118	PEA3
2119	ERM
2120	TEL
2121	DWF-1
2121	EVC1
2122	EVI1
2122	KMT8E
2122	MDS1
2122	MDS1-EVI1
2122	PRDM3
2123	EVDA
2123	EVI2
2124	CD361
2124	D17S376
2124	EVDB
2125	EVPK
2130	EWS
2131	LGCR
2131	LGS
2131	ttv
2132	SOTV
2134	EXTL
2134	MGC70794
2137	REGR
2137	botv
2138	BOR
2139	EAB1
2140	DKFZp686C132
2145	KIAA0388
2145	KMT6B
2146	ENX-1
2146	KMT6
2146	KMT6A
2149	CF2R
2149	PAR-1
2149	PAR1
2149	TR
2150	GPR11
2150	PAR2
2151	PAR3
2152	CD142
2157	DXS1253E
2157	F8C
2157	FVIII
2157	HEMA
2158	FIX
2160	FXI
2162	F13A
2165	FXIIIB
2166	FAAH-1
2166	FAAH1
2167	A-FABP
2167	aP2
2168	L-FABP
2169	I-FABP
2170	FABP11
2170	H-FABP
2170	MDGI
2170	O-FABP
2171	E-FABP
2171	KFABP
2171	PA-FABP
2172	I-15P
2172	I-BABP
2172	I-BALB
2172	I-BAP
2172	ILBP
2172	ILBP3
2172	ILLBP
2173	B-FABP
2173	BLBP
2175	FA-H
2175	FAA
2175	FACA
2175	FANCH
2176	FA3
2176	FAC
2176	FACC
2177	FA-D2
2177	FACD
2177	FAD
2177	FANCD
2178	FACE
2178	FAE
2180	ACS1
2180	FACL1
2180	FACL2
2180	LACS
2180	LACS1
2180	LACS2
2181	FACL3
2181	PRO2194
2182	ACS4
2182	FACL4
2182	LACS4
2182	MRX63
2182	MRX68
2185	CADTK
2185	CAKB
2185	FAK2
2185	PTK
2185	PYK2
2185	RAFTK
2186	FAC1
2186	FALZ
2186	NURF301
2187	FAAP95
2187	FAB
2187	FLJ34064
2188	FAF
2189	FAG
2189	XRCC9
2191	DPPIV
2192	FBLN
2193	CML33
2193	FARSL
2193	FARSLA
2194	SDR27X1
2195	CDHF7
2195	CDHR8
2195	FAT
2196	CDHF8
2196	CDHR9
2196	HFAT2
2196	MEGF1
2197	FLJ22986
2197	Fub1
2197	Fubi
2197	MNSFbeta
2197	RPS30
2197	S30
2197	asr1
2197	eS30
2200	FBN
2200	MASS
2200	MFS1
2200	OCTD
2200	SGS
2200	WMS
2201	CCA
2201	DA9
2202	DHRD
2202	FBLN3
2202	FBNL
2202	MTLV
2202	S1-5
2203	FBP
2204	CD89
2204	FcalphaR
2204	FcalphaRI
2205	FCE1A
2205	FCERIA
2205	FcepsilonRIalpha
2206	APY
2206	FCER1B
2206	IGER
2207	FcepsilonRIgamma
2208	CD23
2208	CD23A
2208	CLEC4J
2208	FCE2
2208	FCErII
2208	FcepsilonRII
2209	CD64
2209	CD64A
2209	FCG1
2209	FCGR1
2209	FcgammaRI
2209	FcgammaRIa
2210	CD64b
2210	FCGR1B
2212	CD32
2212	CD32A
2212	CDw32
2212	FCG2
2212	FCGR2
2212	FCGR2A1
2212	Fc-gamma-RIIa
2212	FcgammaRIIa
2212	IGFR2
2213	CD32B
2213	FcGRIIB
2213	FcgammaRIIb
2214	CD16
2214	CD16a
2214	FCG3
2214	FCGR3
2214	FcGRIIIA
2214	FcgammaRIIIa
2215	CD16b
2215	FcRIIIb
2215	FcgammaRIIIb
2216	FDXP2
2217	FcRn
2217	FcgammaRn
2218	FCMD
2218	LGMD2M
2219	FCNM
2220	EBP-37
2220	FCNL
2220	P35
2220	ficolin-2
2222	SQS
2227	FDPSL3
2227	FPSL3
2228	CHR39B
2228	FDPSL4
2228	FPSL4
2229	CHR39C
2229	FDPSL5
2229	FPSL5
2230	ADX
2230	FDX
2231	ADXP1
2231	FDXP1
2232	ADR
2232	ADXR
2236	FECHP
2237	FEN-1
2237	MF1
2237	RAD2
2239	K-glypican
2241	PPP1R74
2241	TYK3
2242	FPS
2245	FGDY
2245	ZFYVE3
2246	AFGF
2246	ECGF
2246	ECGF-beta
2246	ECGFA
2246	ECGFB
2246	FGF-alpha
2246	FGFA
2246	GLIO703
2246	HBGF1
2247	FGFB
2248	HBGF-3
2248	INT2
2249	HBGF-4
2249	HST
2249	HST-1
2249	HSTF1
2249	K-FGF
2249	KFGF
2252	KGF
2253	AIGF
2256	FHF3
2256	FLJ16061
2256	MGC102953
2256	MGC45269
2257	FGF12B
2257	FHF1
2258	FHF2
2258	FLJ30672
2258	LINC00889
2259	FHF4
2259	SCA27
2260	BFGFR
2260	CD331
2260	CEK
2260	FLT2
2260	H2
2260	H3
2260	H4
2260	H5
2260	KAL2
2260	N-SAM
2261	ACH
2261	CD333
2261	CEK2
2261	JTK4
2263	BEK
2263	CD332
2263	CEK3
2263	CFD1
2263	ECT1
2263	JWS
2263	K-SAM
2263	KGFR
2263	TK14
2263	TK25
2264	CD334
2264	JTK2
2264	TKF
2267	HFREP-1
2268	SRC2
2268	c-fgr
2268	p55c-fgr
2272	AP3Aase
2272	FRA3B
2273	FHL1B
2273	FLH1A
2273	KYO-T
2273	MGC111107
2273	SLIM1
2273	XMPMA
2273	bA535K18.1
2274	DRAL
2274	SLIM3
2275	SLIM2
2277	FIGF
2277	VEGF-D
2280	FKBP-12
2280	FKBP1
2280	FKBP12
2280	FKBP12C
2280	PKC12
2280	PPIASE
2281	FKBP12.6
2281	FKBP1L
2281	OTK4
2281	PPIase
2282	FKBP1P1
2283	FKBP1P2
2284	FKBP1P3
2285	FKBP1P4
2286	FKBP-13
2286	FKBP13
2287	FKBP-25
2287	FKBP25
2288	FKBP52
2288	FKBP59
2289	FKBP51
2289	FKBP54
2289	P54
2289	Ptg-10
2290	BF1
2290	FKH2
2290	FKHL1
2290	FKHL2
2290	FKHL3
2290	FKHL4
2290	FOXG1A
2290	FOXG1B
2290	FOXG1C
2290	HBF-3
2290	HFK1
2290	HFK2
2290	HFK3
2290	QIN
2294	FKHL5
2294	FREAC1
2295	FKHL6
2295	FREAC2
2296	FKHL7
2296	FREAC3
2296	IGDA
2296	IHG1
2296	IRID1
2297	FKHL8
2297	FREAC4
2298	FKHL9
2298	FOXD4a
2298	FREAC5
2299	FKHL10
2299	FREAC6
2300	FKH6
2300	FKHL11
2300	FREAC7
2301	FKHL12
2301	FREAC8
2302	FKHL13
2302	HFH-4
2302	HFH4
2303	FKHL14
2303	MFH-1
2304	FKHL15
2304	FOXE2
2304	HFKH4
2304	TITF2
2304	TTF-2
2305	FKHL16
2305	HFH-11
2305	HNF-3
2305	INS-1
2305	MPHOSPH2
2305	TGT3
2305	trident
2306	FKHL17
2306	FREAC9
2307	FKHL18
2307	FREAC10
2308	FKH1
2308	FKHR
2308	FOXO1A
2309	AF6q21
2309	FKHRL1
2309	FOXO2
2309	FOXO3A
2310	FKHRL1P1
2311	FKHRP1
2312	FLG-1
2312	FLG1
2313	FLI-1
2313	SIC-1
2314	FLI
2314	FLIL
2314	Fli1
2314	MGC39265
2315	MART-1
2315	MART1
2316	ABP-280
2316	FLN
2316	FLN1
2316	OPD1
2316	OPD2
2317	ABP-278
2317	FH1
2317	FLN1L
2317	LRS1
2317	TABP
2317	TAP
2318	ABPL
2318	FLN2
2319	ECS-1
2319	ECS1
2319	ESA
2319	ESA1
2319	M17S1
2321	FLT
2321	VEGFR1
2322	CD135
2322	FLK2
2322	STK1
2324	PCL
2324	VEGFR-3
2324	VEGFR3
2328	FMOII
2331	SLRR2E
2332	FMRP
2332	MGC87458
2332	POF
2332	POF1
2334	FMR2
2335	CIG
2335	FINC
2335	GFND2
2335	LETS
2335	lnc-ABCA12-8
2339	FPTA
2339	PGGT1A
2339	PTAR2
2341	FNTAL2
2342	FPTB
2346	FOLH
2346	GCP2
2346	GCPII
2346	NAALAD1
2346	NAALAdase
2346	PSM
2346	PSMA
2348	FOLR
2348	FRα
2350	FRβ
2352	FR-G
2352	FRγ
2353	AP-1
2353	c-fos
2354	DKFZp686C0818
2354	G0S3
2354	GOS3
2354	GOSB
2354	MGC42291
2355	FLJ23306
2355	FRA2
2357	FMLP
2357	FPR
2358	ALX
2358	ALXR
2358	FMLP-R-II
2358	FMLPX
2358	FPR2A
2358	FPRH2
2358	FPRL1
2358	HM63
2358	LXA4R
2359	FMLPY
2359	FPRH1
2359	FPRL2
2359	RMLP-R-I
2395	CyaY
2395	FA
2395	FARR
2395	FRDA
2395	X25
2414	D7S486
2444	GTK
2444	PTK5
2444	RAK
2475	FLJ44809
2475	FRAP
2475	FRAP1
2475	FRAP2
2475	RAFT1
2475	RAPT1
2483	FRG1A
2483	FSG1
2487	FRE
2487	FRITZ
2487	FRP-3
2487	FRZB-1
2487	FRZB-PEN
2487	FRZB1
2487	FZRB
2487	SFRP3
2487	SRFP3
2487	hFIZ
2491	CENP-I
2491	FSHPRH1
2491	LRPR1
2491	Mis6
2492	FSHRO
2492	LGR1
2492	ODG1
2494	B1F2
2494	FTF
2494	FTZ-F1
2494	FTZ-F1beta
2494	LRH-1
2494	LRH1
2494	hB1F
2494	hB1F-2
2495	FHC
2495	FTH
2495	FTHL6
2495	PIG15
2495	PLIF
2496	FTHL1
2497	FTHL2
2498	FTHL3
2499	FTHL4
2500	FTHL7
2501	FTHL8
2502	FTHL10
2503	FTHL11
2504	FTHL12
2507	FTHL15
2508	FTH2
2508	FTHL16
2509	FTHL5
2509	FTHP1
2510	FTHL21
2510	FTHP2
2512	FTL1
2512	MGC71996
2512	NBIA3
2515	CT15
2515	FTNB
2515	PH-30b
2515	PH30
2516	AD4BP
2516	ELP
2516	FTZ1
2516	FTZF1
2516	SF-1
2516	hSF-1
2518	FUCA1P
2519	MGC1314
2519	dJ20N2.5
2520	GAS
2521	ALS6
2521	FUS1
2521	HNRNPP2
2521	TLS
2521	hnRNP-P2
2523	H
2523	HSC
2524	SE
2524	SEC2
2524	Se2
2524	sej
2525	CD174
2525	LE
2526	CD15
2526	ELFT
2526	FCT3A
2526	FUC-TIV
2527	FUC-TV
2528	FLJ40754
2528	FT1A
2528	FucT-VI
2531	DHSR
2531	FVT1
2531	SDR35C1
2532	CCBP1
2532	CD234
2532	DARC
2532	Dfy
2532	FY
2532	GPD
2533	ADAP
2533	FYB
2533	FYB-120/130
2533	SLAP-130
2534	MGC45350
2534	SYN
2537	6-16
2537	FAM14C
2537	G1P3
2537	IFI-6-16
2537	IFI616
2538	G6PC
2538	G6PT
2538	GSD1a
2539	G6PD1
2542	G6PT1
2542	G6PT2
2542	G6PT3
2542	GSD1b
2542	GSD1c
2542	GSD1d
2542	SPX4
2543	CT4.1
2547	D22S671
2547	D22S731
2547	G22P1
2547	KU70
2547	ML8
2549	DFNB26
2550	GPRC3A
2550	hGB1a
2551	E4TF1-60
2551	E4TF1A
2551	NFT2
2551	NRF2
2551	NRF2A
2553	E4TF1-47
2553	GABPB
2554	EJM5
2563	GABAARdelta
2571	GAD
2572	GAD65
2576	CT4.4
2577	CT4.5
2578	CT4.6
2579	CT4.7
2579	GAGE-7
2580	DNAJC26
2582	SDR1E1
2583	GALGT
2583	SPG26
2583	beta1-4GalNAc-T
2584	GALK
2587	GALNR
2587	GALNR1
2588	GALNAC6S
2588	GalN6S
2589	GalNAc-T1
2590	GalNAc-T2
2591	GalNAc-T3
2591	HFTC
2591	HHS
2593	PIG2
2593	TP53I2
2596	B-50
2596	GAP-43
2596	PP46
2597	GAPD
2601	GAPDHL4
2601	GAPDL4
2609	GAPDHL12
2609	GAPDL12
2611	GAPDHL14
2611	GAPDL14
2613	GAPDHL16
2613	GAPDL16
2615	D11S833E
2615	GARP
2616	GAPDHL2
2616	GAPDL2
2616	GAPDP1
2617	CMT2D
2617	DSMAV
2617	GARS
2617	GlyRS
2618	GARS-AIRS-GART
2618	PGFT
2618	PRGS
2621	AXLLG
2621	AXSF
2621	DKFZp666G247
2621	FLJ34709
2622	GAS11
2622	GAS8
2623	ERYF1
2623	GATA-1
2623	GF1
2623	NF-E1
2623	NFE1
2624	NFE1B
2625	HDR
2628	AGAT
2629	GBA
2629	GLUC
2630	GBAP
2630	GBAP1
2631	GBAS
2635	FLJ10961
2638	VDBP
2638	hDBP
2639	ACAD5
2639	GCD
2641	GLP-1
2641	GLP1
2641	GLP2
2641	GRPP
2642	GGR
2643	DYT14
2643	DYT5
2643	DYT5a
2643	GCH
2643	GTPCH1
2644	GFRP
2644	HsT16933
2645	HK4
2645	HKIV
2645	MODY2
2647	BLOS1
2647	BORCS1
2647	GCN5L1
2648	GCN5
2648	GCN5L2
2648	PCAF-b
2649	CT150
2649	GCNF
2649	GCNF1
2649	RTR
2650	C2GNT
2650	NACGT2
2650	NAGCT2
2651	CCAT
2651	GCNT5
2651	IGNT
2651	II
2651	NACGT1
2651	NAGCT1
2651	ULG3
2651	bA360O19.2
2651	bA421M1.1
2652	CBD
2652	GCP
2652	OPN1MW1
2658	BMP-9
2658	BMP9
2660	GDF8
2662	BMP-3b
2664	FLJ41411
2664	GDIL
2664	MRX41
2664	MRX48
2664	OPHN2
2664	RABGDIA
2664	XAP-4
2665	RABGDIB
2667	GDI2P
2668	HFB1-GDNF
2670	FLJ45472
2671	ERV1
2671	HERV1
2671	HPO1
2671	HPO2
2671	HSS
2672	GFI-1
2672	GFI1A
2672	ZNF163
2673	GFA
2673	GFAT
2673	GFAT1
2673	GFPT
2674	GDNFR
2674	GDNFRA
2674	GFR-ALPHA-1
2674	RET1L
2674	RETL1
2674	TRNR1
2675	GDNFRB
2675	NTNRA
2675	RETL2
2675	TRNR2
2676	GFRa-3
2677	VKCFD1
2678	CD224
2678	D22S672
2678	D22S732
2678	GGT
2679	GGT3
2681	GGTA
2681	GGTA1P
2681	GLYT2
2683	GGTB2
2683	beta4Gal-T1
2686	D20S101
2686	GGTL3
2686	GGTL5
2686	dJ18C9.2
2687	GGT-REL
2687	GGTLA1
2688	GH
2688	GH-N
2688	GHN
2688	hGH-N
2689	GH-V
2689	GHL
2689	GHV
2689	hGH-V
2690	GHBP
2691	GHRF
2693	GHS-R
2693	GHS-R1a
2693	GHSR-1a
2694	GIF
2694	IFMH
2694	INF
2694	TCN3
2697	CX43
2697	GJAL
2697	ODDD
2697	ODOD
2697	SDTY3
2700	CX46
2700	CZP3
2701	CX37
2702	CX40
2703	CAE
2703	CAE1
2703	CX50
2703	CZP1
2705	CMTX
2705	CMTX1
2705	CX32
2706	CX26
2706	DFNA3
2706	DFNB1
2706	NSRD1
2707	CX31
2707	DFNA2
2707	EKV
2709	CX31.1
2710	GK1
2710	GKD
2712	GKP2
2712	GKTA
2713	GK3P
2713	GKP3
2713	GKTB
2716	GKP6
2717	GALA
2719	DGSX
2719	OCI-5
2719	SDYS
2719	SGB
2719	SGBS
2719	SGBS1
2720	ELNR1
2729	GCS
2729	GLCL
2729	GLCLC
2730	GLCLR
2731	GCSP
2731	NKH
2732	GLDCP
2733	GLE1L
2733	LCCS1
2733	hGLE1
2734	CFR-1
2734	ESL-1
2734	MG-160
2735	GLI
2736	HPE9
2736	THP1
2736	THP2
2737	ACLS
2737	GCPS
2737	PAP-A
2737	PAPA
2737	PAPA1
2737	PAPB
2737	PHS
2737	PPDIV
2738	HKR4
2738	ZNF928
2739	GLOD1
2740	GLP-1R
2741	STHE
2742	GLR
2744	GAC
2744	GAM
2744	GLS1
2744	KGA
2744	KIAA0838
2745	GRX
2745	GRX1
2746	GDH1
2746	GLUD
2746	hGDH1
2747	GLUDP1
2749	C10orf102
2749	Em:AC022400.11
2749	GLUDP3
2750	GLUDP4
2751	GLUDP5
2752	GLNS
2753	GLULL1
2754	GLULL2
2760	GM2-AP
2760	SAP-3
2761	GM2AP
2762	GMD
2762	SDR3E1
2764	GMF
2765	LY6DL
2766	GMPR1
2766	hGMPR-I
2767	FBH
2767	FBH2
2767	FHH2
2767	HHC2
2768	gep
2769	GNA16
2771	GNAI2B
2772	GNAI2A
2772	GNAI2L
2773	87U6
2775	G-ALPHA-o
2776	G-ALPHA-q
2776	GAQ
2777	GNAQP
2778	GNAS1
2778	GNASXL
2778	GPSA
2778	NESP
2778	NESP55
2778	SCG6
2778	SgVI
2779	CSNBAD3
2780	ACHM4
2788	FLJ00058
2789	GNG5P
2791	GNGT11
2792	GNG1
2793	GNG9
2794	HSR1
2796	GNRH
2796	GRH
2796	LHRH
2796	LNRH
2798	GRHR
2798	LHRHR
2800	MGC33154
2800	golgin-97
2801	GM130
2801	golgin-95
2802	GCP170
2802	MEA-2
2802	golgin-160
2803	GOLG
2803	golgin-240
2803	p230
2804	GCP372
2804	GOLIM1
2804	giantin
2805	AST
2805	AST1
2805	SGOT
2806	KAT4
2806	KATIV
2806	KYAT4
2806	mAspAT
2806	mitAAT
2810	YWHAS
2811	CD42b
2811	GP1B
2811	GPIbalpha
2812	CD42c
2812	GPIbbeta
2813	ZAP75
2814	CD42d
2815	CD42a
2815	GPIX
2817	glypican
2821	AMF
2823	GPM6
2824	M6B
2824	MGC17150
2824	MGC54284
2825	GPR1
2826	GPR2
2829	CCXCR1
2829	GPR5
2831	GPR7
2832	GPR8
2833	CD183
2833	CKR-L2
2833	CMKAR3
2833	GPR9
2833	IP10-R
2833	MigR
2834	GPR10
2834	PrRPR
2835	GPCR21
2835	PPP1R84
2837	GPR14
2841	DRV2
2846	GPR23
2846	LPA4
2846	P2RY9
2846	P2Y5-LIKE
2846	P2Y9
2847	GPR24
2847	MCH1R
2847	SLC1
2850	SREB1
2852	CEPR
2852	CMKRL2
2852	DRY12
2852	FEG-1
2852	GPCR-Br
2852	GPER
2852	GPR30
2852	LERGU
2852	LERGU2
2852	LyGPR
2853	12-HETER
2853	HETER1
2854	DRV1
2854	RVDR1
2855	GPR32P
2857	LPS1
2861	EDNRBL
2861	PAELR
2861	hET(B)R-LP
2862	GPR38
2863	ZnR
2864	FFA1R
2864	GPR40
2865	FFA3R
2865	GPR41
2866	FFAR3L
2866	GPR41L
2866	GPR42P
2867	FFA2R
2867	GPR43
2868	GPRK2L
2868	GPRK4
2869	GPRK5
2870	GPRK6
2871	GPRK6L
2871	GPRK6P
2871	GRK6PS
2872	MNK2
2873	COPS1
2875	ALT
2875	ALT1
2875	GPT1
2875	SGPT
2877	GSHPX-GI
2879	PHGPx
2882	FLJ14777
2882	NPGPx
2884	GPXL1
2884	GPXP2
2884	GPXP2P
2885	NCKAP2
2889	C3G
2889	GRF2
2890	GLUR1
2890	GLURA
2890	GluA1
2891	GLUR2
2891	GLURB
2891	GluA2
2891	GluR-2
2891	GluR-B
2891	GluR-K2
2892	GLUR3
2892	GLURC
2892	GluA3
2892	GluR-3
2892	GluR-C
2892	GluR-K3
2892	MRX94
2892	iGluR3
2893	GLUR4
2893	GLUR4C
2893	GLURD
2893	GluA4
2893	GluR-4
2893	GluR-D
2894	GluD1
2894	KIAA1220
2895	GluD2
2895	GluR-delta-2
2896	CLN11
2896	PCDGF
2896	PGRN
2897	GLUR5
2897	GluK1
2898	EAA4
2898	GLUK6
2898	GLUR6
2898	GluK2
2898	GluR-6
2898	MRT6
2899	GLUR7
2899	GluK3
2900	GRIK
2900	GluK4
2900	KA1
2901	GluK5
2901	KA2
2902	GluN1
2902	NMDAR1
2902	NR1
2903	GluN2A
2903	NMDAR2A
2903	NR2A
2904	GluN2B
2904	NMDAR2B
2904	NR2B
2905	GluN2C
2905	NMDAR2C
2905	NR2C
2906	EB11
2906	GluN2D
2906	NMDAR2D
2906	NR2D
2907	HNRGW
2907	LFG1
2907	NMDARA1
2907	TMBIM3
2908	GR
2908	GRL
2909	GRF-1
2909	GRLF1
2909	KIAA1722
2909	P190A
2909	p190ARhoGAP
2909	p190RhoGAP
2910	GRLL1
2910	NR3C1P
2911	GPRC1A
2911	MGLUR1
2911	PPP1R85
2911	mGlu1
2912	GPRC1B
2912	MGLUR2
2912	mGlu2
2913	GPRC1C
2913	MGLUR3
2913	mGlu3
2914	GPRC1D
2914	MGLUR4
2914	mGlu4
2915	GPRC1E
2915	MGLUR5
2915	PPP1R86
2915	mGlu5
2916	CSNB1B
2916	GPRC1F
2916	MGLUR6
2916	mGlu6
2917	GPRC1G
2917	MGLUR7
2917	PPP1R87
2917	mGlu7
2918	GLUR8
2918	GPRC1H
2918	MGLUR8
2918	mGlu8
2919	FSP
2919	GRO1
2919	GROa
2919	MGSA
2919	MGSA-a
2919	NAP-3
2919	SCYB1
2920	CINC-2a
2920	GRO2
2920	GROb
2920	MGSA-b
2920	MIP-2a
2920	SCYB2
2921	CINC-2b
2921	GRO3
2921	GROg
2921	MIP-2b
2921	SCYB3
2923	ERp57
2923	ERp60
2923	ERp61
2923	GRP57
2923	GRP58
2923	HsT17083
2923	P58
2923	PI-PLC
2925	BB2
2925	BB2R
2925	BRS2
2928	GSCL
2934	DKFZp313L0718
2935	ETF3A
2935	eRF3a
2936	GRase
2939	GST2
2942	GSTAP1
2944	GST1
2944	H-B
2944	MU
2946	GST4
2947	GST5
2947	GSTM3TV2
2950	FAEES3
2950	GST3
2950	GSTP
2951	GST3L
2951	GSTP1P
2951	GSTPL
2951	GSTPP
2951	Lnc712
2954	GSTZ1-1
2954	MAAI
2954	MAI
2956	GTBP
2956	MSH-6
2957	TFIIA
2958	HsT18745
2959	TFIIB
2960	FE
2960	TFIIE-A
2961	TF2E2
2961	TFIIE-B
2962	BTF4
2962	RAP74
2962	TF2F1
2962	TFIIF
2963	RAP30
2964	GTF2F2L
2965	BTF2
2965	P62
2965	TFIIH
2966	BTF2P44
2966	T-BTF2P44
2966	p44
2967	P34
2968	P52
2968	TFB2
2969	BAP-135
2969	BTKAP1
2969	DIWS
2969	IB291
2969	TFII-I
2969	WBSCR6
2970	WBSCR7
2971	AP2
2971	TFIIIA
2972	BRF
2972	GTF3B
2972	TAF3B2
2972	TAF3C
2972	TFIIIB90
2972	hBRF
2974	GC-SB2
2975	TFIIIC220
2976	KIAA0011
2976	TFIIIC110
2977	GC-SA2
2977	GUC1A2
2978	C6orf131
2978	COD3
2978	CORD14
2978	GCAP-1
2978	GCAP-I
2978	GCAP1
2978	GUCA
2978	GUCA1
2978	dJ139D8.6
2979	GCAP-2
2979	GCAP-II
2979	GCAP2
2979	RP48
2980	GUCA2
2980	STARA
2982	GC-SA3
2982	GUC1A3
2982	GUCY1A3
2983	GC-S-beta-1
2983	GC-SB3
2983	GUC1B3
2983	GUCY1B3
2984	GC-C
2984	GCC
2984	GUC2C
2984	HSER
2986	CYGF
2986	GC-F
2986	GUC2DL
2986	ROS-GC2
2986	RetGC-2
2989	GULO
2989	scurvy
2992	GYG
2993	CD235a
2993	GPA
2993	MN
2993	MNS
2993	PAS-2
2994	CD235b
2994	GPB
2994	PAS-3
2994	SS
2995	CD236
2995	CD236R
2995	GPC
2995	GYPD
2995	Ge
2996	GPE
2997	GSY
2997	GYS
2999	CCP-X
2999	CGL-2
2999	CSP-C
2999	CTSGL2
3000	CORD6
3000	CYGD
3000	GUC1A4
3000	GUC2D
3000	LCA
3000	LCA1
3000	RETGC-1
3000	ROS-GC
3000	ROS-GC1
3000	retGC
3001	CTLA3
3001	HFSP
3002	CCPI
3002	CGL-1
3002	CGL1
3002	CSP-B
3002	CSPB
3002	CTLA1
3002	CTSGL1
3002	HLP
3002	SECT
3003	PRSS
3003	TRYP2
3004	LMET1
3004	MET1
3005	H1.0
3005	H1F0
3005	H1FV
3006	H1.2
3006	H1F2
3006	H1c
3006	H1s-1
3006	HIST1H1C
3007	H1.3
3007	H1F3
3007	H1d
3007	H1s-2
3007	HIST1H1D
3008	H1.4
3008	H1F4
3008	H1e
3008	H1s-4
3008	HIST1H1E
3009	H1F5
3009	H1b
3009	H1s-3
3009	HIST1H1B
3010	H1FT
3010	H1t
3010	HIST1H1T
3012	H2A.1
3012	H2A/a
3012	H2AFA
3012	HIST1H2AE
3013	H2A.3
3013	H2A/g
3013	H2AFG
3013	HIST1H2AD
3014	H2AFX
3015	H2A.Z
3015	H2AFZ
3015	H2AZ
3017	H2B/b
3017	H2BFB
3017	HIST1H2BD
3018	H2B/f
3018	H2BFF
3018	HIST1H2BB
3020	H3.3A
3020	H3F3
3020	H3F3A
3021	H3.3B
3021	H3F3B
3024	H1.1
3024	H1F1
3024	H1a
3024	HIST1H1A
3026	FSAP
3026	HABP
3026	HGFAL
3026	PHBP
3028	17b-HSD10
3028	ABAD
3028	CAMR
3028	ERAB
3028	HADH2
3028	MHBD
3028	MRPP2
3028	MRXS10
3028	SDR5C1
3029	GLO2
3029	GLXII
3029	HAGH1
3030	GBP
3030	LCEH
3030	LCHAD
3030	MTPA
3031	HADHAP
3032	MTPB
3033	HADH1
3033	HADHSC
3033	SCHAD
3034	HIS
3035	HARS
3035	HisRS
3035	USH3B
3036	HAS
3039	HBA-T3
3040	HBA-T2
3041	HBA-T1
3041	HBA-T1ps
3041	HBA3
3041	HBA3P
3042	HBAP2
3043	CD113t-C
3043	beta-globin
3044	HBH1
3044	HBHP
3044	HBHps
3045	HBK
3046	HBE
3047	HBG-T2
3048	HBG-T1
3049	HBQ
3050	HBZ-T1
3050	HBZ1
3051	HBZ-T2
3051	HBZ2
3051	HBZ2P
3051	HBZP
3052	CCHL
3052	MLS
3053	D22S673
3053	HC-II
3053	HCF2
3053	HLS2
3054	CFF
3054	HCF-1
3054	HCF1
3054	HFC1
3054	MGC70925
3054	MRX3
3054	PPP1R89
3054	VCAF
3055	JTK9
3059	CTTNL
3059	HS1
3060	OX
3061	ORXR1
3061	OX1R
3062	ORXR2
3062	OX2R
3062	OXR2
3064	HD
3064	IT15
3065	GON-10
3065	HD1
3065	KDAC1
3065	RPD3L1
3066	KDAC2
3066	RPD3
3066	YAF1
3068	HMG1L2
3069	HBP
3069	VGL
3070	Nbla10143
3070	PASG
3070	SALNR
3070	SMARCA6
3071	HEM1
3075	ARMD4
3075	ARMS1
3075	HF
3075	HF1
3075	HF2
3075	HUS
3077	HFE1
3078	CFHL
3078	CFHL1
3078	CFHL1P
3078	CFHR1P
3078	FHR1
3078	H36-1
3078	H36-2
3078	HFL1
3078	HFL2
3080	CFHL2
3080	FHR2
3080	HFL3
3081	AKU
3081	HGO
3082	DFNB39
3082	F-TCF
3082	HGFB
3082	HPTA
3082	SF
3083	HGFA
3083	HGFAP
3084	GGF
3084	HGL
3084	NDF
3084	NRG1-IT2
3087	HEX
3087	HOX11L-PEN
3087	PRHX
3090	ZBTB29
3090	ZNF901
3091	HIF-1alpha
3091	HIF1
3091	MOP1
3091	PASD8
3091	bHLHe78
3092	ILWEQ
3093	HIP2
3093	HYPG
3093	UBC1
3094	HINT
3094	PKCI-1
3094	PRKCNH1
3096	CIRIP
3096	CRYBP1
3096	MBP-1
3096	PRDII-BF1
3096	Schnurri-1
3096	ZAS1
3096	ZNF40
3096	ZNF40A
3097	HIV-EP2
3097	MBP-2
3097	MIBP1
3097	Schnurri-2
3097	ZAS2
3097	ZNF40B
3098	HKI
3099	HKII
3101	HKIII
3104	HKR3
3104	TZAP
3104	ZNF855
3106	AS
3107	D6S204
3107	HLA-JY3
3107	PSORS1
3108	D6S222E
3108	RING6
3109	D6S221E
3109	RING7
3110	HB9
3110	HLXB9
3110	HOXHB9
3110	SCRA1
3111	HLA-D0-alpha
3111	HLA-DNA
3111	HLA-DZA
3113	HLA-DP1A
3115	HLA-DP1B
3116	DP2B
3116	DPB2
3116	HLA-DP2B
3117	CELIAC1
3117	HLA-DQA
3118	HLA-DXA
3119	HLA-DQB
3120	HLA-DXB
3121	D6S205
3121	D6S205E
3121	DQB3
3121	DVB
3121	HLA-DVB
3122	HLA-DRA1
3123	HLA-DR1B
3124	HLA-DR2B
3125	HLA-DR3B
3126	HLA-DR4B
3131	MGC33822
3132	D6S206
3132	D6S206E
3132	HLA-DR1BL
3132	HLA-DRB1L
3137	CDA12
3137	D6S203
3137	HLA-59
3137	HLA-CDA12
3138	HLA-70
3138	HLA70
3138	HLAK
3139	HLA-92
3139	HLA92
3139	HLAL
3140	HLALS
3141	HCS
3142	HB24
3142	HLX1
3145	PBGD
3145	PORC
3145	UPS
3146	DKFZp686A04236
3146	HMG1
3146	HMG3
3146	SBP-1
3148	HMG2
3149	HMG2A
3149	HMG4
3149	MGC90319
3150	FLJ27265
3150	FLJ31471
3150	HMG14
3150	MGC104230
3150	MGC117425
3151	HMG17
3152	28H
3152	HMG17P1
3152	HMGN2L11
3153	60H
3153	HMG17P2
3153	HMGN2L12
3155	HL
3155	HMGCL1
3157	HMGCS
3159	HMGIY
3161	CD168
3161	RHAMM
3162	HO-1
3162	bK286B10
3163	HO-2
3164	GFRP1
3164	HMR
3164	N10
3164	NAK-1
3164	NGFIB
3164	NUR77
3164	TR3
3166	H6
3166	NKX5-3
3167	NKX5-2
3169	HNF3A
3170	HNF3B
3171	HNF3G
3172	HNF4
3172	MODY
3172	MODY1
3172	NR2A1
3172	TCF14
3174	NR2A2
3175	HNF-6
3175	HNF6
3175	HNF6A
3176	HMT
3177	DER12
3177	ENT2
3177	HNP36
3178	ALS20
3178	HNRPA1
3178	hnRNP-A1
3181	HNRNPA2
3181	HNRNPB1
3181	HNRPA2B1
3182	ABBP1
3182	FLJ40338
3182	HNRPAB
3183	HNRPC
3184	AUF1
3184	HNRPD
3185	HNRPF
3186	HNRNP-G
3186	HNRPG
3187	HNRPH1
3187	hnRNPH
3188	FTP3
3188	HNRPH\'
3188	HNRPH2
3188	hnRNPH\'
3189	2H9
3189	HNRPH3
3190	CSBP
3190	HNRPK
3190	TUNP
3191	HNRPL
3192	C1orf199
3192	FLJ30202
3192	FLJ37978
3192	HNRNPU-AS1
3192	HNRPU
3192	NCRNA00201
3192	SAF-A
3195	HOX11
3195	TCL3
3196	Enx
3196	HOX11L1
3196	NCX
3197	HOX1@
3198	HOX1
3198	HOX1F
3199	HOX1K
3200	HOX1E
3201	HOX1D
3202	HOX1C
3203	HOX1B
3204	HOX1A
3205	HOX1G
3206	HOX1H
3207	HOX1I
3208	DYT2
3209	HOX1J
3210	HOX2@
3211	HOX2
3211	HOX2I
3212	HOX2H
3213	HOX2G
3214	HOX2F
3215	HOX2A
3216	HOX2B
3217	HOX2C
3218	HOX2D
3219	HOX2E
3220	HOX3@
3221	HOX3
3221	HOX3E
3222	HOX3D
3223	HOX3C
3224	HOX3A
3225	HOX3B
3226	HOX3I
3227	HOX3H
3228	HOC3F
3228	HOX3F
3229	HOX3G
3230	HOX4@
3231	HOX4
3231	HOX4G
3232	HOX4A
3233	HOX4B
3234	HOX4E
3235	HOX4C
3236	HOX4D
3237	HOX4F
3238	HOX4H
3239	HOX4I
3239	SPD
3241	BDR1
3241	HLP2
3241	VILIP-3
3242	4-HPPD
3242	4HPPD
3242	GLOD3
3242	HPPD
3242	PPD
3248	SDR36C1
3249	TMPRSS1
3251	HGPRT
3251	HPRT
3254	HPRTP2
3255	HPRTP3
3255	HPRTP4
3257	BLOC3S1
3257	HPS
3260	D8S37
3260	HPV18I
3261	PAL2
3265	HRAS1
3266	HRAS2
3266	HRASP
3267	HRB
3267	RAB
3267	RIP
3268	HRBL
3268	RABR
3270	MGC133236
3272	HRES-1
3272	HRES-1/p28
3273	HPRG
3273	HRGP
3275	HRMT1L1
3275	MGC111373
3276	ANM1
3276	HRMT1L2
3280	FLJ20408
3280	HES-1
3280	HRY
3280	bHLHb39
3283	HSD3B
3283	HSDB3
3283	SDR11E1
3284	SDR11E2
3290	HSD11
3290	HSD11B
3290	SDR26C1
3291	SDR9C3
3292	EDH17B2
3292	EDHB17
3292	HSD17
3292	MGC138140
3292	SDR28C1
3293	SDR12C2
3294	SDR9C2
3295	MFE-2
3295	SDR8C1
3299	CTM
3300	CMT2T
3300	HSJ1
3300	HSPF3
3301	HSJ2
3301	HSPF4
3301	NEDD7
3301	dj-2
3301	hdj-2
3303	HSP70-1
3303	HSPA1
3304	HSP70-2
3305	HSP70-HOM
3305	hum70t
3308	HS24/P52
3308	HSPH2
3309	BiP
3309	GRP78
3310	HSP70B\'
3311	HSP70B
3312	HSC70
3312	HSC71
3312	HSP73
3312	HSPA10
3313	GRP75
3313	HSPA9B
3313	PBP74
3313	mot-2
3313	mthsp75
3314	HSPAP1
3315	CMT2F
3315	HSP27
3315	HSP28
3315	Hs.76067
3315	Hsp25
3316	Hs.78846
3316	MKBP
3320	FLJ31884
3320	HSP90N
3320	HSPC1
3320	HSPCA
3320	HSPCAL4
3320	Hsp89
3320	Hsp90
3321	EWI-3
3321	MGC117164
3321	V8
3322	HSPCAL1
3323	HSPCAL2
3324	HSP90AA2
3324	HSP90ALPHA
3324	HSPCAL3
3326	HSPC2
3326	HSPCB
3327	HSPCP1
3329	GroEL
3329	HSP60
3329	SPG13
3332	HSP60P1
3332	HSP60P3
3332	HSP60P4
3332	HSPD1-7P
3332	HSPDP1
3332	HSPDP3
3332	HSPDP4
3336	CPN10
3336	EPF
3336	GroES
3336	HSP10
3337	HSPF1
3337	Hsp40
3337	RSPH16B
3337	Sis1
3338	HSPF2
3338	MCG18
3339	PRCAN
3339	SJS1
3339	perlecan
3340	HSST
3340	NST1
3344	HTLF
3347	HIS2
3350	5-HT1A
3350	ADRB2RL1
3350	ADRBRL1
3351	5-HT1B
3351	5-HT1DB
3351	HTR1D2
3351	S12
3352	5-HT1D
3352	HT1DA
3352	HTRL
3352	RDC4
3354	5-HT1E
3355	5-HT1F
3355	HTR1EL
3356	5-HT2A
3356	HTR2
3357	5-HT(2B)
3357	5-HT2B
3358	5-HT2C
3358	5HTR2C
3358	HTR1C
3359	5-HT3A
3359	5-HT3R
3359	HTR3
3360	5-HT4
3361	5-HT5A
3362	5-HT6
3362	5-HT6R
3363	5-HT7
3371	DFNA56
3371	HXB
3371	MGC167029
3371	TN
3373	HYAL-1
3373	LUCA1
3375	AMYLIN
3376	IARS
3376	ILRS
3381	BSP
3381	BSP-II
3381	SP-II
3382	ICA69
3382	ICAp69
3383	CD54
3384	CD102
3385	CD50
3385	CDW50
3385	ICAM-R
3386	CD242
3386	LW
3394	ICSBP
3394	ICSBP1
3394	IRF-8
3396	DS-1
3396	ICT1
3396	mL62
3397	bHLHb24
3397	dJ857M17.1.2
3398	GIG8
3398	bHLHb26
3399	HEIR-1
3399	bHLHb25
3400	bHLHb27
3418	IDH-2
3420	RP46
3423	ID2S
3423	SIDS
3424	IDS2
3425	MPS1
3425	MPSI
3426	C3b-INA
3426	C3bINA
3426	FI
3426	IF
3426	KAF
3428	IFNGIP1
3428	PYHIN2
3429	FAM14D
3429	ISG12
3429	P27
3430	IFP35
3431	IFI41
3431	IFI75
3433	G10P2
3433	GARG-39
3433	IFI-54
3433	IFI54
3433	ISG-54
3433	ISG-54K
3433	cig42
3434	G10P1
3434	GARG-16
3434	IFI56
3434	IFNAI1
3434	ISG56
3437	CIG-49
3437	GARG-49
3437	IFI60
3437	IFIT4
3437	IRG2
3437	ISG60
3437	RIG-G
3439	IFL
3439	IFN
3439	IFN-ALPHA
3439	IFN-alphaD
3439	IFNA@
3440	IFN-alphaA
3440	IFNA
3441	IFN-alpha4a
3441	MGC142200
3442	IFN-alphaG
3443	IFN-alphaK
3444	IFN-alphaJ
3444	IFNA-J
3445	IFN-alphaB
3446	IFN-alphaC
3448	IFN-alphaH
3448	LEIF2H
3449	IFN-alphaO
3451	IFN-alphaI
3451	LEIF2C1
3453	IFNAP22
3454	IFNAR
3454	IFRC
3455	IFNABR
3456	IFB
3456	IFF
3456	IFNB
3459	CD119
3459	IFNGR
3460	AF-1
3460	IFNGT1
3461	IFNP11
3463	IFNP20
3475	PC4
3475	TIS7
3476	IBP1
3476	α4
3479	IGF
3479	IGF-I
3479	IGF1A
3479	IGFI
3480	CD221
3480	IGFIR
3480	IGFR
3480	JTK13
3480	MGC18216
3481	C11orf43
3481	FLJ44734
3481	IGF-II
3482	CD222
3482	CI-M6PR
3482	CI-MPR
3482	CIMPR
3482	M6P-R
3482	MPR1
3482	MPR300
3482	MPRI
3484	AFBP
3484	IGF-BP25
3484	PP12
3484	hIGFBP-1
3485	IBP2
3486	BP-53
3486	IBP3
3487	BP-4
3487	HT29-IGFBP
3487	IBP4
3487	IGFBP-4
3490	FSTL2
3490	IGFBP-7
3490	MAC25
3490	PSF
3491	CYR61
3491	IGFBP10
3492	IGH@
3492	IGHDY1
3493	AL928768.3
3495	FLJ00382
3495	FLJ46727
3495	MGC29633
3505	IGHGP1
3508	CATF1
3508	CMT2S
3508	HCSA
3508	HMN6
3508	SMARD1
3508	SMUBP2
3508	ZFAND7
3512	IGCJ
3512	IGJ
3512	JCH
3513	IGJP1
3514	HCAK1
3515	IGKDE
3516	CBF1
3516	IGKJRB
3516	IGKJRB1
3516	KBF2
3516	RBP-J
3516	RBPJK
3516	RBPSUH
3516	SUH
3517	IGKJRBP2
3517	RBPSUHP2
3523	IGKV268
3523	IGKV3/OR2-268
3523	IGKV3/OR2-268A
3523	IGKV3OR2-268A
3525	IGKV1/OR1-1
3525	IGKVP1
3527	IGKV3/OR22-2
3527	IGKVP3
3529	IGKV2/OR22-3
3529	IGKVP4
3530	IGKV1/OR22-1
3530	IGKVP5
3531	IGKV1/OR-1
3531	IGKV1/OR2-1
3531	IGKV1OR-1
3531	IGKVPZ1
3532	IGKV1/OR-2
3532	IGKVPZ2
3535	IGL@
3537	IGLC
3543	14.1
3543	CD179B
3543	IGL5
3543	IGLL
3543	IGVPB
3544	16.2
3544	FLAMBDA1
3544	IGLL1P
3544	IGLL2
3547	IGCD1
3547	IGDC1
3547	INHBP
3547	KIAA0364
3547	MGC75490
3547	PGSF2
3549	BDA1
3549	HHG2
3550	RED
3550	RER
3551	IKK-beta
3551	IKK2
3551	IKKB
3551	NFKBIKB
3552	IL-1A
3552	IL1
3552	IL1-ALPHA
3552	IL1F1
3553	IL-1B
3553	IL1-BETA
3553	IL1F2
3554	CD121A
3554	D2S1473
3554	IL1R
3554	IL1RA
3556	C3orf13
3556	IL-1RAcP
3556	IL1R3
3557	ICIL-1RA
3557	IL-1RN
3557	IL1F3
3557	IRAP
3557	MGC10430
3558	IL-2
3558	TCGF
3559	CD25
3559	IDDM10
3559	IL2R
3560	CD122
3560	IL15RB
3561	CD132
3561	CIDX
3561	IMD4
3561	SCIDX1
3562	IL-3
3562	MCGF
3562	MGC79398
3562	MGC79399
3562	MULTI-CSF
3563	CD123
3565	BCGF-1
3565	BCGF1
3565	BSF1
3565	IL-4
3565	MGC79402
3566	CD124
3567	EDF
3567	IL-5
3567	TRF
3568	CD125
3568	CDw125
3568	IL5R
3569	BSF2
3569	HSF
3569	IFNB2
3569	IL-6
3570	CD126
3570	IL-1Ra
3570	IL-6R
3570	IL6RA
3570	gp80
3572	CD130
3572	GP130
3572	IL-6RB
3572	sGP130
3573	IL6STP
3574	IL-7
3575	CD127
3575	CDw127
3575	IL-7Ralpha
3575	IL7RA
3575	IL7Ralpha
3575	lnc-IL7R
3575	sIL-7R
3576	3-10C
3576	AMCF-I
3576	GCP-1
3576	GCP1
3576	IL-8
3576	IL8
3576	K60
3576	LECT
3576	LUCT
3576	LYNAP
3576	MDNCF
3576	MONAP
3576	NAF
3576	NAP-1
3576	SCYB8
3576	TSG-1
3576	b-ENAP
3577	CD181
3577	CDw128a
3577	CMKAR1
3577	IL8RA
3578	HP40
3578	IL-9
3578	P40
3579	CD182
3579	CMKAR2
3579	IL8RB
3580	CXCR2P
3580	IL8RBP
3581	CD129
3586	CSIF
3586	IL-10
3586	IL10A
3587	CD210
3587	CD210a
3587	CDW210A
3587	HIL-10R
3587	IL10R
3588	CDW210B
3588	CRF2-4
3588	CRFB4
3588	D21S58
3588	D21S66
3588	IL-10R2
3589	AGIF
3589	IL-11
3592	CLMF
3592	IL-12A
3592	NFSK
3592	NKSF1
3592	p35
3593	CLMF2
3593	IL-12B
3593	NKSF
3593	NKSF2
3594	CD212
3594	IL12RB
3596	ALRH
3596	BHR1
3596	IL-13
3596	MGC116786
3596	MGC116788
3596	MGC116789
3596	P600
3597	CD213a1
3597	IL-13Ra
3597	NR4
3598	CD213a2
3598	CT19
3598	IL-13R
3598	IL13BP
3600	IL-15
3600	MGC9721
3601	CD215
3601	IL-15RA
3603	FLJ16806
3603	FLJ42735
3603	HsT19289
3603	IL-16
3603	LCF
3603	prIL-16
3604	4-1BB
3604	CD137
3604	ILA
3605	CTLA8
3605	IL-17
3605	IL-17A
3605	IL17
3606	IGIF
3606	IL-18
3606	IL-1g
3606	IL1F4
3607	ILF
3607	ILF1
3608	NF45
3609	DRBP76
3609	MPHOSPH4
3609	MPP4110
3609	NF110
3609	NF110b
3609	NF90
3609	NF90a
3609	NF90c
3609	NF90ctv
3609	NFAR-1
3609	NFAR-2
3609	NFAR110
3609	NFAR90
3609	TCP110
3612	IMPA
3614	LCA11
3614	RP10
3614	sWSS2608
3617	GP147
3617	IPM150
3617	SPACR
3619	FLJ31633
3620	IDO
3620	INDO
3621	p24ING1c
3621	p33
3621	p33ING1
3621	p33ING1b
3621	p47ING1a
3622	ING1L
3622	p33ING2
3627	IFI10
3627	INP10
3627	IP-10
3627	SCYB10
3627	crg-2
3627	gIP-10
3627	mob-1
3630	IDDM1
3630	IDDM2
3631	INPP4
3632	5PTASE
3635	SHIP
3635	SHIP1
3635	hp51CN
3636	SHIP2
3638	CL-6
3638	MGC1405
3640	MGC119818
3640	MGC119819
3640	RLNL
3641	EPIL
3642	IA-1
3642	IA1
3643	CD220
3645	IRR
3646	EIF3S6
3646	INT6
3646	eIF3-p48
3647	EIF3EP
3647	EIF3S6P1
3647	INT6P1
3651	GSF
3651	IDX-1
3651	IPF1
3651	IUF-1
3651	MODY4
3651	PDX-1
3651	STF-1
3652	KLHL27
3653	NCRNA00002
3654	IRAK
3654	pelle
3655	CD49f
3655	ITGA6A
3655	ITGA6B
3655	VLA-6
3658	IRP2
3659	MAR
3662	LSIRF
3662	MUM1
3663	IRF-5
3664	LPS
3664	OFC6
3664	VWS
3664	VWS1
3667	HIRS-1
3669	HEM45
3670	ISLET1
3670	Isl-1
3671	HsT17563
3672	CD49a
3672	VLA1
3673	CD49B
3673	GPIa
3673	HPA-5
3673	VLAA2
3674	CD41
3674	CD41B
3674	GP2B
3674	GPIIb
3674	PPP1R93
3675	CD49c
3675	GAP-B3
3675	MSK18
3675	VCA-2
3675	VLA3a
3676	CD49d
3678	CD49e
3678	FNRA
3680	ALPHA-RLC
3680	ITGA4L
3680	RLC
3681	ADB2
3681	CD11d
3682	CD103
3682	HUMINAE
3683	CD11A
3683	LFA-1
3683	LFA1A
3684	CD11b
3684	CR3A
3684	MAC-1
3685	CD51
3685	MSK8
3685	VNRA
3685	VTNR
3687	CD11c
3688	CD29
3688	FNRB
3688	GPIIA
3688	MDF2
3688	MSK12
3689	CD18
3689	MFI7
3690	CD61
3690	GP3A
3690	GPIIIa
3691	CD104
3692	ITGB4BP
3692	b(2)gcn
3692	p27BBP
3697	H1P
3697	IATIH
3697	ITIH
3698	H2P
3699	H3P
3700	H4P
3700	IHRP
3700	ITIHL1
3702	EMT
3702	LYK
3702	PSCTK2
3703	ITM1
3703	MGC9042
3703	STT3-A
3703	TMC
3704	C20orf37
3704	HLC14-06-P
3704	dJ794I6.3
3706	IP3-3KA
3706	IP3KA
3707	IP3-3KB
3707	IP3KB
3708	ACV
3708	IP3R1
3708	Insp3r1
3708	PPP1R94
3708	SCA15
3708	SCA16
3708	SCA29
3709	CFAP48
3709	IP3R2
3710	IP3R3
3712	ACAD2
3712	IVDH
3716	JAK1A
3716	JAK1B
3716	JTK3
3717	JTK10
3718	JAK-3
3718	JAK3_HUMAN
3718	JAKL
3718	L-JAK
3718	LJAK
3720	JMJ
3725	c-Jun
3728	CTNNG
3728	DP3
3728	DPIII
3728	PDGB
3728	PG
3728	PKGB
3730	ADMLX
3730	KAL
3730	KAL1
3730	KALIG-1
3730	WFDC19
3732	IA4
3732	KAI1
3732	R2
3732	ST6
3732	TSPAN27
3734	ADMLY
3734	KAL-Y
3734	KALP
3735	DFNB89
3735	KARS
3735	KARS2
3736	AEMK
3736	HUK1
3736	Kv1.1
3736	MBK1
3736	RBK1
3737	Kv1.2
3738	HLK3
3738	HPCN3
3738	Kv1.3
3738	MK3
3738	RP11-284N8.3
3739	HPCN2
3739	KCNA4L
3739	Kv1.4
3739	PCN2
3741	HPCN1
3741	Kv1.5
3742	HBK2
3742	Kv1.6
3742	PPP1R96
3743	HAK6
3743	Kv1.7
3744	Kv1.8
3745	Kv2.1
3746	Kv3.1
3747	Kv3.2
3748	Kv3.3
3748	SCA13
3749	C1orf30
3749	HKSHIIIC
3749	Kv3.4
3750	Kv4.1
3751	KIAA1044
3751	Kv4.2
3751	RK5
3752	KSHIVB
3752	Kv4.3
3752	SCA19
3752	SCA22
3753	IsK
3753	JLNS2
3753	LQT5
3753	minK
3754	IK8
3754	KCNF
3754	Kv5.1
3754	kH1
3755	K13
3755	KCNG
3755	Kv6.1
3755	kH2
3756	K(V)10.1
3756	Kv10.1
3756	eag
3756	eag1
3756	h-eag
3756	hEAG
3757	HERG
3757	Kv11.1
3757	LQT2
3757	erg1
3758	Kir1.1
3758	ROMK1
3759	IRK1
3759	Kir2.1
3759	LQT7
3760	GIRK1
3760	Kir3.1
3761	HIR
3761	HRK1
3761	IRK3
3761	Kir2.3
3761	hIRK2
3762	CIR
3762	GIRK4
3762	KATP1
3762	Kir3.4
3762	LQT13
3763	BIR1
3763	GIRK2
3763	KATP2
3763	KCNJ7
3763	Kir3.2
3763	hiGIRK2
3764	Kir6.1
3765	GIRK3
3765	Kir3.3
3766	Kir1.2
3766	Kir4.1
3767	BIR
3767	Kir6.2
3768	IRK2
3768	KCNJN1
3768	Kir2.2
3768	Kir2.2v
3768	hIRK1
3769	Kir1.4
3769	Kir7.1
3769	LCA16
3770	IRK4
3770	Kir2.4
3772	IRKK
3772	Kir1.3
3772	Kir4.2
3773	BIR9
3773	Kir5.1
3775	DPK
3775	K2p1.1
3775	TWIK-1
3776	K2p2.1
3776	TREK-1
3777	K2p3.1
3777	TASK
3777	TASK-1
3777	TASK1
3778	KCa1.1
3778	SLO
3778	mSLO1
3779	hslo-beta
3780	KCa2.1
3780	hSK1
3781	KCa2.2
3781	hSK2
3782	KCa2.3
3782	SKCA3
3782	hSK3
3783	KCa3.1
3783	hIKCa1
3783	hKCa4
3783	hSK4
3784	JLNS1
3784	KCNA8
3784	KCNA9
3784	KVLQT1
3784	Kv7.1
3784	LQT
3784	LQT1
3785	BFNC
3785	EBN
3785	EBN1
3785	ENB1
3785	HNSPC
3785	KCNA11
3785	Kv7.2
3786	EBN2
3786	Kv7.3
3787	Kv9.1
3788	Kv9.2
3790	Kv9.3
3791	CD309
3791	FLK1
3791	VEGFR
3791	VEGFR2
3792	CD238
3792	ECE3
3796	KIF2
3798	D12S1889
3798	MY050
3798	NKHC
3798	SPG10
3799	KNS
3799	KNS1
3799	uKHC
3800	NKHC2
3802	47.11
3802	CD158A
3802	cl-42
3802	nkat1
3802	p58.1
3803	CD158B1
3803	CD158k
3803	cl-43
3803	nkat6
3804	CD158B2
3804	cl-6
3804	nkat2
3804	nkat2a
3804	nkat2b
3805	103AS
3805	15.212
3805	CD158D
3806	CD158H
3806	EB6ActI
3806	EB6ActII
3808	nkat7
3809	CD158I
3809	KKA3
3809	cl-39
3809	nkat8
3810	CD158G
3810	nkat9
3811	AMB11
3811	CD158E1
3811	CD158e1/2
3811	CD158e2
3811	KIR
3811	NKB1
3811	NKB1B
3811	cl-11
3811	cl-2
3811	nkat3
3812	CD158K
3812	cl-5
3812	nkat4
3812	nkat4a
3812	nkat4b
3813	nkat10
3815	C-Kit
3815	CD117
3815	PBT
3815	SCFR
3816	Klk6
3820	CD161
3820	CLEC5B
3820	NKR
3820	NKR-P1
3820	NKR-P1A
3820	hNKR-P1A
3821	CD159a
3821	NKG2
3821	NKG2-A
3821	NKG2-B
3822	CD159c
3822	NKG2-C
3822	NKG2C
3823	NKG2-E
3824	CD94
3827	BDK
3827	BK
3827	HK
3827	HMWK
3827	KNG
3831	KLC
3831	KNS2
3831	KNS2A
3831	hKLC1B
3831	hKLC1G
3831	hKLC1J
3831	hKLC1N
3831	hKLC1P
3831	hKLC1R
3831	hKLC1S
3832	Eg5
3832	HKSP
3832	KNSL1
3832	TRIP5
3833	HSET
3833	KNSL2
3834	KNSL3
3835	KNSL4
3835	Kid
3835	OBP-1
3835	OBP-2
3836	IPOA5
3836	NPI-1
3836	RCH2
3836	SRP1
3837	IMB1
3837	IPO1
3837	IPOB
3837	Impnb
3837	MGC2155
3837	MGC2156
3837	MGC2157
3837	NTF97
3838	IPOA1
3838	PTAC58
3838	QIP2
3838	RCH1
3838	SRP1alpha
3839	IPOA4
3839	SRP1gamma
3839	SRP4
3839	hSRP1
3840	IPOA3
3840	MGC12217
3840	MGC26703
3840	QIP1
3840	SRP3
3841	IPOA6
3841	SRP6
3842	IPO2
3842	KPNB2
3843	IMB3
3843	KPNB3
3843	MGC2068
3843	PSE1
3843	RANBP5
3844	KRAS1P
3845	K-Ras4B
3845	KRAS1
3845	KRAS2
3846	KRN1
3846	KRTAP5.9
3848	EHK1
3848	KRT1A
3849	KRT2A
3849	KRTE
3850	CK3
3850	K3
3851	CK4
3851	CYK4
3851	K4
3852	CK-5
3852	EBS2
3852	KRT5A
3853	CK6C
3853	CK6D
3853	K6C
3853	K6D
3853	KRT6D
3854	KRTL1
3855	CK-7
3855	CK7
3855	K2C7
3855	K7
3855	SCL
3856	CARD2
3856	CK-8
3856	CK8
3856	CYK8
3856	K2C8
3856	K8
3856	KO
3857	CK-9
3857	EPPK
3857	K9
3858	CK10
3858	K10
3858	KPP
3859	K12
3860	CK13
3860	MGC161462
3860	MGC3781
3861	EBS3
3861	EBS4
3866	CK15
3866	K15
3866	K1CO
3868	NEPPK
3872	PCHC1
3876	KRT18L1
3879	dJ25J6.3
3880	CK19
3880	K19
3880	K1CS
3880	MGC15366
3881	Ha-1
3881	KRTHA1
3882	Ha-2
3882	KRTHA2
3883	Ha-3I
3883	KRTHA3A
3883	Krt1-3
3884	Ha-3II
3884	KRTHA3B
3885	Ha-4
3885	KRTHA4
3886	Ha-5
3886	KRTHA5
3887	Hb-1
3887	KRTHB1
3888	Hb-2
3888	KRTHB2
3889	Hb-3
3889	KRTHB3
3890	Hb-4
3890	KRTHB4
3891	Hb-5
3891	KRTHB5
3892	Hb6
3892	KRTHB6
3892	MNX
3895	CG1
3895	KIAA0004
3895	KNT
3897	CAML1
3897	CD171
3897	HSAS
3897	HSAS1
3897	MASA
3897	MIC5
3897	NCAM-L1
3897	S10
3897	SPG1
3899	LAF4
3899	MLLT2-like
3902	CD223
3903	CD305
3903	LAIR-1
3904	CD306
3904	LAIR-2
3906	HAMLET
3906	LYZG
3906	LYZL7
3908	LAMM
3909	BM600-150kDa
3909	LAMNA
3909	epiligrin
3909	kalinin-165kDa
3909	nicein-150kDa
3912	CLM
3913	LAMS
3913	NPHS5
3914	BM600-125kDa
3914	LAMNB1
3914	kalinin-140kDa
3914	nicein-125kDa
3916	CD107a
3918	BM600-100kDa
3918	EBR2
3918	EBR2A
3918	LAMB2T
3918	LAMNB2
3918	kalinin-105kDa
3918	nicein-100kDa
3920	CD107b
3921	37LRP
3921	LAMR1
3921	uS2
3923	LAMR1P13
3923	LAMRL3
3923	LAMRP3
3924	LAMR1P14
3924	LAMRL4
3924	LAMRP4
3925	C1orf215
3925	FLJ32206
3925	LAP18
3925	Lag
3925	OP18
3925	PP19
3925	PR22
3927	Lasp-1
3927	MLN50
3929	BPIFD2
3930	DHCR14B
3930	TDRD18
3933	MGC71975
3933	PMFA
3933	TLC
3933	TP
3933	VEGP
3934	24p3
3934	NGAL
3936	CP64
3936	L-PLASTIN
3936	LC64P
3936	PLS2
3937	SLP-76
3937	SLP76
3940	LDHAL1
3947	LDHBL2
3947	LDHBP
3948	CT32
3949	LDLCQ2
3950	chm-II
3950	chm2
3952	OB
3952	OBS
3953	CD295
3953	LEP-R
3953	OB-R
3953	OBR
3954	Mdm38
3954	SLC55A1
3955	SCDO3
3957	HL14
3958	GALIG
3958	MAC-2
3959	90K
3959	BTBD17B
3959	CyCAP
3959	M2BP
3959	MAC-2-BP
3959	TANGO10B
3959	gp90
3960	GAL4
3963	GAL7
3963	LGALS7A
3963	PIG1
3963	TP53I1
3964	PCTA-1
3965	LGALS9A
3972	CGB4
3972	LSH-B
3972	hLHB
3973	HHG
3973	LCGR
3973	LGR2
3973	LHR
3973	ULG5
3975	LIM-1
3975	LIM1
3976	CDF
3976	DIA
3976	HILDA
3977	CD118
3978	LIGI
3978	hLig1
3980	LIG2
3980	LIG3alpha
3982	MP17
3982	MP19
3983	ABLIM
3983	LIMAB1
3983	limatin
3984	LIMK
3987	PINCH
3987	PINCH1
3988	CESD
3988	LAL
3990	HTGL
3991	HSL
3992	D5D
3992	FADSD5
3992	LLCDL1
3992	TU12
3993	Hugl-2
3995	CYB5RP
3995	LLCDL3
3996	HUGL
3996	HUGL-1
3996	LLGL
3996	Lgl1
3996	Mgl1
3998	ERGIC-53
3998	ERGIC53
3998	F5F8D
3998	FMFD1
3998	MCFD1
3998	MR60
3998	gp58
4000	CMD1A
4000	HGPS
4000	LGMD1B
4000	LMN1
4000	LMNL1
4000	MADA
4000	PRO1
4004	RBTN1
4004	RHOM1
4004	TTG1
4005	RBTN2
4005	RBTNL1
4005	RHOM2
4005	TTG2
4007	LMO6
4008	FBX20
4008	FBXO20
4008	KIAA0858
4009	LMX1
4009	LMX1.1
4010	NPS1
4012	P-LAP
4013	BCSC-1
4013	LOH11CR2A
4014	LOR
4016	LOL
4016	LOXL
4017	WS9-14
4018	LP
4018	Lp(a)
4023	LIPD
4025	SPO
4033	JAW1
4033	LRMP
4034	LRN
4035	A2MR
4035	APOER
4035	APR
4035	CD91
4035	IGFBP-3R
4035	IGFBP3R1
4035	LRP
4035	LRP1A
4036	DBS
4036	gp330
4037	LRP-3
4037	hLRp105
4038	CLSS
4038	LRP-4
4038	MEGF7
4038	SOST2
4040	ADCAD2
4041	BMND1
4041	EVR4
4041	LR3
4041	LRP7
4041	OPPG
4041	OPS
4041	OPTA1
4041	VBCH2
4043	A2MRAP
4043	Alpha-2-MRAP
4043	HBP44
4043	RAP
4045	IGLON3
4046	WP34
4047	OSC
4049	LT
4049	TNFB
4049	TNFSF1
4050	TNFC
4050	TNFSF3
4051	CYP4F
4051	LTB4H
4053	C14orf141
4055	D12S370
4055	TNF-R-III
4055	TNFCR
4055	TNFR-RP
4055	TNFR2-RP
4055	TNFRSF3
4056	MGC33147
4057	HLF2
4058	TYK1
4059	B-CAM
4059	CD239
4059	F8/G253
4059	LU
4060	LDC
4060	SLRR2D
4061	RIG-E
4061	SCA-2
4061	TSA-1
4062	NMLY6
4063	CD229
4063	SLAMF3
4063	hly9
4063	mLY9
4064	LY64
4064	Ly78
4064	RP105
4065	CD205
4065	CLEC13B
4065	DEC-205
4066	bHLHa18
4067	JTK8
4068	DSHP
4068	EBVS
4068	IMD5
4068	LYP
4068	XLP
4068	XLPD
4070	EGP-1
4070	GA733-1
4070	M1S1
4070	TROP2
4071	M3S1
4072	17-1A
4072	323/A3
4072	Ber-Ep4
4072	BerEp4
4072	CD326
4072	CO-17A
4072	EGP-2
4072	EGP34
4072	EGP40
4072	Ep-CAM
4072	GA733-2
4072	HEA125
4072	KS1/4
4072	KSA
4072	Ly74
4072	M4S1
4072	MH99
4072	MIC18
4072	MK-1
4072	MOC-31
4072	MOC31
4072	TACST-1
4072	TACSTD1
4072	TROP1
4074	CD-M6PR
4074	CD-MPR
4076	GPIAP1
4076	M11S1
4076	RNG105
4076	caprin-1
4077	1A1-3B
4077	KIAA0049
4077	M17S2
4081	CAGR1
4082	80K-L
4082	MACS
4082	PKCSL
4083	MACSL1
4084	MAD
4084	bHLHc58
4085	HSMAD2
4085	MAD2
4086	JV4-1
4086	MADH1
4086	MADR1
4087	JV18-1
4087	MADH2
4087	MADR2
4088	HsT17436
4088	JV15-2
4088	MADH3
4089	DPC4
4089	MADH4
4090	Dwfc
4090	JV5-1
4090	MADH5
4091	HsT17432
4091	MADH6
4091	MADH7
4092	MADH8
4093	MADH9
4093	SMAD8
4093	SMAD8/9
4094	c-MAF
4097	MGC13090
4097	MGC20149
4099	GMA
4099	S-MAG
4099	SIGLEC-4A
4099	SIGLEC4
4099	SIGLEC4A
4100	CT1.1
4100	MAGE1
4100	MGC9326
4101	CT1.2
4101	MAGE2
4101	MAGEA2A
4102	CT1.3
4102	HIP8
4102	HYPD
4102	MAGE3
4102	MGC14613
4103	CT1.4
4103	MAGE-41
4103	MAGE-X2
4103	MAGE4
4103	MAGE4A
4103	MAGE4B
4103	MGC21336
4104	CT1.5
4104	MAGE5
4104	MAGEA5
4104	MGC129526
4105	CT1.6
4105	MAGE-3b
4105	MAGE3B
4105	MAGE6
4106	MAGE7
4106	MAGEA7
4107	CT1.8
4107	MAGE8
4107	MGC2182
4108	CT1.9
4108	MAGE9
4108	MGC8421
4109	CT1.10
4109	MAGE10
4109	MGC10599
4110	CT1.11
4110	MAGE-11
4110	MAGE11
4110	MAGEA-11
4110	MGC10511
4111	CT1.12
4111	MAGE12
4112	CT3.1
4112	DAM10
4112	MAGE-Xp
4112	MAGEL1
4112	MGC9322
4113	CT3.2
4113	DAM6
4113	MAGE-XP-2
4113	MGC26438
4114	CT3.5
4115	CT3.6
4115	MGC33144
4116	MAGOH1
4116	MAGOHA
4117	RP62
4117	dJ417M14.2
4118	MVP17
4118	VIP17
4122	HsT19662
4122	MANA2X
4122	alpha-MIIx
4123	MANA
4123	MANA1
4124	GOLIM7
4124	MANA2
4124	MANII
4125	LAMAN
4125	MANB
4130	MAP1L
4131	MAP5
4131	PPP1R102
4133	MAP2A
4133	MAP2B
4133	MAP2C
4135	FLJ41346
4135	KIAA1878
4135	MAP6-N
4135	STOP
4137	DDPAC
4137	FLJ31424
4137	FTDP-17
4137	MAPTL
4137	MGC138549
4137	MSTD
4137	MTBT1
4137	MTBT2
4137	PPND
4137	PPP1R103
4137	TAU
4137	Tau-PHF6
4137	tau-40
4139	MARK
4139	PAR-1C
4140	CTAK1
4140	KP78
4140	PAR-1A
4141	CMT2U
4141	MARS
4141	MetRS
4141	SPG70
4143	MAT
4143	MAT-I/III
4143	MATA1
4143	SAMS
4143	SAMS1
4144	MAT-II
4144	MATA2
4144	MATII
4144	SAMS2
4145	CTK
4145	DKFZp434N1212
4145	HHYLTK
4145	HYL
4145	HYLTK
4145	Lsk
4145	MGC1708
4145	MGC2101
4146	CMP
4146	CRTM
4148	EDM5
4148	HOA
4149	bHLHd4
4149	bHLHd5
4149	bHLHd6
4149	bHLHd7
4149	bHLHd8
4150	Pur-1
4150	ZF87
4150	ZNF801
4150	Zif87
4152	CXXC3
4153	COLEC1
4153	MBL
4153	MBP-C
4153	MBP1
4154	EXP
4154	EXP35
4154	EXP40
4154	EXP42
4154	KIAA0428
4154	MBNL
4157	MSH-R
4158	ACTHR
4159	MC3
4162	CD146
4162	HEMCAM
4162	METCAM
4162	MUC18
4162	MelCAM
4166	MCDC1
4168	ARHGEF21
4168	DBL
4170	BCL2L3
4170	Mcl-1
4171	BM28
4171	CDCL1
4171	D3S3194
4171	DFNA70
4171	KIAA0030
4171	cdc19
4173	CDC21
4173	CDC54
4173	MGC33310
4173	P1-Cdc21
4173	hCdc21
4174	CDC46
4175	Mis5
4176	CDC47
4176	PPP1R104
4179	MCP
4179	MGC26544
4179	MIC10
4179	TRA2.10
4182	CD46P
4182	MCPL
4184	MCSP
4185	MDC
4188	I-mfa
4189	MDG1
4192	FLJ27379
4192	MK
4192	NEGF2
4193	HDM2
4193	MGC5370
4194	HDMX
4194	MDMX
4201	MEA
4204	MRX16
4204	MRX79
4204	RTT
4205	RSRFC4
4205	RSRFC9
4206	MEF2AP
4207	MEF2BNB-MEF2B
4210	FMF
4210	MEF
4210	TRIM20
4212	HsT18361
4212	MRG1
4213	MEIS4
4214	MAPKKK1
4214	MEKK
4214	MEKK1
4215	MAPKKK3
4215	MEKK3
4216	KIAA0213
4216	MAPKKK4
4216	MEKK4
4216	MTK1
4217	ASK1
4217	MAPKKK5
4217	MEKK5
4218	MEL
4218	RAB8
4223	GAX
4224	PPHA
4232	PEG1
4233	DFNB97
4233	HGFR
4233	RCCP2
4234	C12orf1
4234	TRM8
4234	TRMT8
4236	AMP
4237	MAGP
4237	MAGP-1
4240	BA46
4240	EDIL1
4240	HsT19888
4240	MFG-E8
4240	OAcGD3S
4240	SED1
4240	SPAG10
4240	hP47
4241	CD228
4241	FLJ38863
4241	MAP97
4241	MFI2
4241	MGC4856
4241	MTf
4245	GLCNAC-TI
4245	GLYT1
4245	GNT-1
4245	GnTI
4245	MGAT
4246	LPHC
4246	MGB2
4246	MGC71973
4246	UGB3
4247	GNT-II
4248	GNT-III
4249	GNT-V
4249	MGAT5A
4250	MGB1
4250	MGC71974
4250	PSBP1
4250	UGB2
4253	CTAGE5
4253	FLJ22404
4253	MEA6
4253	MGEA
4253	MGEA11
4253	MGEA6
4253	TALI
4253	cTAGE-5A
4253	cTAGE-5B
4253	cTAGE-5C
4253	cTAGE-5D
4254	DFNA69
4254	FPH2
4254	KL-1
4254	Kitl
4254	MGF
4254	SCF
4254	SLF
4257	GST12
4257	MGST-I
4257	PMAN
4258	MGST-II
4259	GST-III
4261	C2TA
4261	MHC2TA
4261	NLRA
4267	MIC2
4267	MIC2X
4267	MIC2Y
4277	PERB11.2
4279	PERB11.4
4280	PERB11.5
4280	dJ377H14.7
4281	FXY
4281	OS
4281	RNF59
4281	TRIM18
4282	GLIF
4283	CMK
4283	Humig
4283	MIG
4283	SCYB9
4283	crg-10
4284	AQP0
4284	MP26
4286	MI
4286	WS2
4286	WS2A
4286	bHLHe32
4287	ATX3
4287	JOS
4287	MJD
4287	SCA3
4288	Ki-67
4288	MIB-1
4288	PPP1R105
4289	TWA2
4292	COCA2
4292	FCC2
4292	HNPCC
4292	HNPCC2
4292	MLH-1
4293	MEKK9
4293	MLK1
4293	PRKE1
4294	MEKK10
4294	MLK2
4294	MST
4296	MEKK11
4296	MLK3
4296	PTK1
4296	SPRK
4297	ALL-1
4297	ALL1
4297	CXXC7
4297	HRX
4297	HTRX
4297	HTRX1
4297	MLL
4297	MLL1
4297	MLL1A
4297	TRX1
4298	ENL
4298	LTG19
4298	YEATS1
4299	AF-4
4299	AF4
4299	FEL
4299	MLLT2
4299	PBM1
4300	AF-9
4300	AF9
4300	YEATS3
4301	AF-6
4301	AF6
4301	MLLT4
4302	AF17
4302	FLJ23480
4303	AFX1
4303	MLLT7
4306	MLR
4306	MR
4308	CSNB1C
4308	LTRPC1
4308	MLSN1
4311	CALLA
4311	CD10
4312	CLG
4313	CLG4
4313	CLG4A
4313	TBE-1
4314	STMY
4314	STMY1
4316	MPSL1
4316	PUMP-1
4317	CLG1
4318	CLG4B
4319	STMY2
4320	STMY3
4321	HME
4322	CLG3
4323	MT1-MMP
4324	MT2-MMP
4324	MTMMP2
4324	SMCP-2
4325	C8orf57
4325	DKFZp761D112
4325	MT3-MMP
4326	MT4-MMP
4327	MMP18
4327	RASI-1
4329	MMSDH
4330	MGCR
4330	MGCR1
4330	MGCR1-PEN
4331	MAT1
4331	RNF66
4332	PYHIN3
4335	MAD6
4335	MXD6
4335	ROX
4335	bHLHd3
4335	lncRNA-HAL
4337	MOCOD
4337	MOCS1A
4337	MOCS1B
4338	MOCO1
4338	MOCS2A
4338	MOCS2B
4340	BTN6
4340	BTNL11
4343	MGC2948
4343	fSAP113
4343	gb110
4345	MOX1
4345	MOX2
4345	MRC
4345	OX-2
4350	MDG
4352	CD110
4352	THPOR
4352	TPOR
4354	DXS552E
4354	PEMP
4355	DKFZp761D0712
4357	TST2
4357	TUM1
4359	CMT1
4359	CMT1B
4359	CMT2I
4359	CMT2J
4359	HMSNIB
4359	P0
4360	CD206
4360	CLEC13D
4360	CLEC13DL
4360	MRC1L1
4360	bA541I19.1
4361	ATLD
4361	MRE11A
4362	MRE11B
4363	GS-X
4363	MRP
4363	MRP1
4430	myr1
4435	MSG1
4436	COCA1
4436	HNPCC1
4436	MSH-2
4437	DUP
4439	G7
4477	IGBF
4477	MSP
4477	MSPB
4477	PN44
4477	PRPS
4477	PSP-94
4477	PSP57
4477	PSP94
4479	MSNL1
4481	CD204
4481	SCARA1
4481	SR-A
4481	SR-AI
4481	SR-AII
4481	SR-AIII
4485	HGFL
4485	NF15S2
4486	CD136
4486	CDw136
4486	PTK8
4486	RON
4486	SEA
4487	HOX7
4487	HYD1
4487	OFC5
4488	CRS2
4488	HOX8
4488	MSH
4488	PFM1
4489	MT1
4489	MT1S
4490	MT1Q
4493	MTD
4498	MT1J
4498	MT1NP
4498	MTB
4499	MT1K
4500	MT1LP
4500	MT1R
4500	MTF
4501	MT-1l
4502	MT2
4507	MSAP
4507	c86fus
4515	P13MTCP1
4515	TCL1C
4515	p8MTCP1
4521	MTH1
4522	MTHFC
4522	MTHFD
4523	MTHFDL1
4523	MTHFDP1
4528	IF-2mt
4531	MTL3
4543	MEL-1A-R
4547	MTP
4548	cblG
4552	cblE
4580	MTX
4580	MTXN
4581	MTX1P
4581	MTX1P1
4581	MTXP
4582	ADMCKD
4582	ADMCKD1
4582	CD227
4582	Ca15-3
4582	EMA
4582	KL-6
4582	MCKD
4582	MCKD1
4582	PEM
4582	PUM
4583	MUC-2
4584	MUC3
4585	ASGP
4585	MUC-4
4588	MUC-6
4589	FLJ27047
4589	MG2
4591	KIAA0898
4591	MUL
4591	TEF3
4594	MCM
4594	MUT
4595	MYH
4597	MPD
4598	LRBP
4599	IFI-78K
4599	MxA
4599	lncMX1-215
4600	MXB
4601	MXD2
4601	MXI
4601	bHLHc11
4602	c-myb
4603	A-myb
4603	AMYB
4604	ssMyBP-C
4605	B-MYB
4605	BMYB
4606	MGC163408
4606	MYBPCF
4606	fsMyBP-C
4607	CMH4
4607	cMyBP-C
4609	MYCC
4609	bHLHe39
4609	c-Myc
4610	LMYC
4610	MYCL1
4610	bHLHe38
4611	MYCL1P1
4611	MYCL2
4613	MYCNOT
4613	N-myc
4613	NMYC
4613	bHLHe37
4616	DKFZP566B133
4616	GADD45BETA
4616	MYD118
4617	bHLHc2
4618	MRF4
4618	bHLHc4
4619	MGC133384
4619	MYHSA1
4619	MYHa
4619	MyHC-2X/D
4620	IBM3
4620	MYH2A
4620	MYHSA2
4620	MYHas8
4620	MyHC-2A
4620	MyHC-IIa
4621	HEMHC
4621	MYHC-EMB
4621	MYHSE1
4621	SMHCE
4622	MYH2B
4622	MyHC-2B
4622	MyHC-IIb
4625	CMD1S
4625	CMH1
4625	MPD1
4626	MyHC-peri
4626	MyHC-pn
4627	DFNA17
4627	EPSTS
4627	FTNS
4627	MHA
4627	NMHC-II-A
4627	NMMHCA
4628	NMMHCB
4629	SMHC
4629	SMMHC
4629	SMMS-1
4632	MLC-1
4632	MLC1/3
4632	MLC1F
4632	MLC3F
4633	CMH10
4634	CMH8
4634	MLC1SB
4634	MLC1V
4634	VLC1
4635	ALC1
4635	AMLC
4635	GT1
4635	PRO1957
4637	ESMLC
4637	MLC1SM
4637	MLC3NM
4638	KRP
4638	MLCK
4638	MLCK1
4638	MLCK108
4638	MLCK210
4638	MYLK-L
4638	MYLK1
4638	Telokin
4638	smMLCK
4640	BBMI
4640	DFNA48
4640	MYHL
4641	MyoIC
4641	myr2
4642	KIAA0727
4642	PPP1R108
4642	myr4
4643	HuncM-IC
4643	MGC104638
4644	GS1
4644	MYH12
4644	MYO5
4644	MYR12
4645	KIAA1119
4646	DFNA22
4646	DFNB37
4646	KIAA0389
4647	DFNA11
4647	DFNB2
4647	NSRD2
4647	USH1B
4649	FLJ11061
4649	FLJ13244
4649	MGC71859
4650	CELIAC4
4651	KIAA0799
4651	MyoX
4653	GLC1A
4653	JOAG1
4653	TIGR
4654	MYF3
4654	MYOD
4654	bHLHc1
4656	MYF4
4656	bHLHc3
4659	M130
4659	MBS
4659	MYPT1
4660	MGC131980
4660	MGC87886
4660	MYPT2
4660	PP1bp55
4661	MYTI
4661	NZF2
4661	PLPB1
4661	ZC2H2C1
4661	ZC2HC4A
4665	MADER
4666	Alpha-NAC
4666	NACA1
4668	D22S674
4669	NAG
4670	CEAR
4670	HNRNPM4
4670	HNRPM
4670	HNRPM4
4670	HTGR1
4670	NAGR1
4671	BIRC1
4671	NLRB1
4673	MGC23410
4673	MGC8688
4673	NAP1L
4673	NRP
4674	BPX
4674	MGC26243
4675	MB20
4675	MGC26312
4675	NPL3
4676	NAP2
4677	AsnRS
4677	NARS
4678	DKFZp547F162
4678	FLB7527
4678	FLJ31599
4678	FLJ35510
4678	MGC19722
4678	MGC20372
4678	MGC2297
4678	PRO1999
4680	CD66c
4680	NCA
4680	NCA-50/90
4681	D1S1733E
4681	DAN
4681	DAND1
4681	NB
4681	NO3
4682	CIAO5
4682	NBP1
4682	NBP35
4683	AT-V1
4683	AT-V2
4683	ATV
4683	NBS
4683	NBS1
4684	CD56
4684	NCAM
4685	MGC51008
4685	NCAM21
4686	CBP80
4686	NCBP
4686	Sto1
4688	NOXA2
4688	p67phox
4689	SH3PXD4
4689	p40phox
4690	NCK
4690	NCKalpha
4691	C23
4691	Nsr1
4692	HsT16328
4693	EVR2
4693	norrin
4694	CI-MWFE
4694	MWFE
4695	B8
4696	B9
4697	CI-9k
4697	MISTR1
4697	MLRQ
4697	MRCAF1
4697	NDUFA4
4698	B13
4698	CI-13KD-B
4698	CI-13kB
4698	NUFM
4698	UQOR13
4700	B14
4700	CI-B14
4700	LYRM6
4700	NADHB14
4701	B14.5a
4702	MGC793
4702	PGIV
4703	NEB177D
4703	NEM2
4704	CI-39k
4704	COQ11
4704	NDUFS2L
4704	SDR22E1
4705	CI-42k
4706	ACP
4706	FASN2A
4706	SDAP
4707	CI-MNLL
4707	MNLL
4708	AGGG
4708	CI-AGGG
4709	B12
4710	B15
4711	CI-SGDH
4711	MGC12314
4711	SGDH
4712	B17
4712	CI
4713	B18
4713	CI-B18
4713	MGC2480
4714	ASHI
4714	CI-ASHI
4715	B22
4715	LYRM3
4715	UQOR22
4716	PDSW
4717	KFYI
4718	B14.5b
4718	HLC-1
4719	CI-75k
4720	CI-49
4722	CI-30
4723	CI-51K
4724	AQDQ
4724	CI-18
4725	CI-15k
4726	CI-13kA
4728	CI-23k
4728	TYKY
4729	CI-24k
4731	CI-10k
4733	NEDD3
4734	KIAA0093
4734	MGC176705
4734	NEDD4-1
4735	KIAA0158
4735	NEDD5
4735	Pnutl3
4735	SEPT2
4735	Septin-2
4735	hNedd5
4736	Csa-19
4736	L10A
4736	NEDD6
4736	uL1
4738	Nedd-8
4739	CAS-L
4739	CASS2
4739	HEF1
4741	NEF3
4741	NF-M
4741	NFM
4744	NF-H
4744	NFH
4745	FLJ45906
4745	IDH3GL
4747	CMT1F
4747	CMT2E
4747	NF68
4747	NFL
4747	PPP1R110
4750	KIAA1901
4750	NY-REN-55
4751	NEK2A
4751	NLK1
4751	PPP1R111
4751	RP67
4752	HSPK36
4752	MGC29949
4756	HsT17534
4756	IGDCC2
4756	NGN
4756	NTN1R2
4758	NEU
4759	SIAL2
4760	BETA2
4760	BHF-1
4760	MODY6
4760	NeuroD
4760	bHLHa3
4761	NDRF
4761	bHLHa1
4762	AKA
4762	Math4C
4762	NEUROD3
4762	bHLHa6
4762	ngn1
4764	NF1L1
4768	NF1L5
4771	ACN
4771	BANF
4771	SCH
4771	merlin
4771	merlin-1
4772	NF-ATC
4772	NFAT2
4772	NFATc
4773	NF-ATP
4773	NFAT1
4773	NFATp
4774	KIAA1439
4774	NFI-L
4775	NFAT4
4775	NFATX
4775	n339260
4776	NFAT3
4778	NF-E2
4779	FLJ00380
4779	LCR-F1
4779	NRF-1
4779	TCF11
4780	NRF-2
4781	NFI-RED
4781	NFIB2
4781	NFIB3
4782	CTF
4782	CTF5
4782	NF-I
4782	NFI
4783	E4BP4
4783	IL3BP1
4783	NF-IL3A
4783	NFIL3A
4784	NF1A
4790	KBF1
4790	NF-kB1
4790	NF-kappaB
4790	NFKB-p50
4790	NFkappaB
4790	p105
4791	LYT-10
4791	NF-kB2
4791	p49/p100
4792	IKBA
4792	IkappaBalpha
4792	MAD-3
4792	NFKBI
4793	IKBB
4793	TRIP9
4794	IKBE
4795	IKBL
4795	NFKBIL
4796	IKBR
4796	NFKBIL2
4798	DKFZp547B2013
4798	INO80G
4799	MGC20369
4799	NFX2
4799	TEG-42
4799	Tex42
4800	CBF-B
4800	NF-YA
4801	CBF-A
4801	HAP3
4801	NF-YB
4802	CBF-C
4802	NF-YC
4803	NGFB
4804	CD271
4804	TNFRSF16
4804	p75NTR
4807	HEN1
4807	NSCL
4807	NSCL1
4807	bHLHa35
4808	HEN2
4808	NSCL2
4808	bHLHa34
4809	15.5K
4809	FA-1
4809	NHP2L1
4809	SNRNP15-5
4809	SPAG12
4809	SSFA1
4811	NID
4811	entactin
4814	NIN1
4818	GIG1
4818	GMP-17
4820	CypNK
4820	p104
4821	NKX2.2
4821	NKX2B
4824	BAPX2
4824	NKX3.1
4824	NKX3A
4825	NKX6A
4825	Nkx6.1
4826	Peg5
4828	MGC17211
4828	MGC2277
4828	MGC3936
4829	BB1R
4829	BRS1
4830	NDPKA
4830	NM23
4830	NM23-H1
4831	NDPKB
4831	NM23-H2
4832	DR-nm23
4832	NDPKC
4832	NM23-H3
4833	NDPKD
4833	NM23H4
4833	nm23-H4
4835	DHQV
4835	DIA6
4835	NMOR2
4835	QR2
4836	NMT
4839	NOL1
4839	NOP120
4839	NSUN1
4839	p120
4841	NMT55
4841	NRB54
4841	P54NRB
4841	PPP1R114
4842	NOS
4842	nNOS
4843	HEP-NOS
4843	NOS2A
4843	iNOS
4846	ECNOS
4846	eNOS
4848	CDC36
4848	NOT2
4848	NOT2H
4849	KIAA0691
4849	LENG2
4849	NOT3
4849	NOT3H
4850	CLONE243
4850	NOT4
4850	NOT4H
4851	TAN1
4852	PYY4
4854	CADASIL
4854	CASIL
4855	INT3
4856	IGFBP9
4856	NOV
4857	NOVA-1
4858	ANOVA
4858	NOVA-2
4858	NOVA3
4860	NP
4860	PUNP
4861	MOP5
4861	PASD5
4861	bHLHe11
4862	MOP4
4862	PASD4
4862	bHLHe9
4863	E14
4863	p220
4864	SLC65A1
4867	JBTS4
4867	NPH1
4867	SLSN1
4868	CNF
4868	NPHN
4869	B23
4869	NPM
4870	NG1-1.6
4870	NPMP1
4871	NG2-6
4871	NPMP2
4872	NG3-3
4872	NPM1P15
4872	NPMP3
4874	NG5-4
4874	NPMP5
4875	NG6-4
4875	NPMP6
4878	ANP
4878	PND
4881	ANPRA
4881	ANPa
4881	GUCY2A
4881	NPRA
4882	AMDM
4882	ANPRB
4882	ANPb
4882	GC-B
4882	GUCY2B
4882	NPRB
4883	ANPRC
4883	C5orf23
4883	FLJ14054
4883	NPRC
4886	NPYR
4888	NPY1RL
4888	NPY6RP
4888	PP2
4889	NPYR5
4891	DCT1
4891	DMT-1
4891	DMT1
4891	FLJ37416
4891	NRAMP2
4893	N-ras
4897	Bravo
4897	KIAA0343
4898	NRD1
4898	hNRD1
4898	hNRD2
4899	ALPHA-PAL
4899	EWG
4900	RC3
4901	D14S46E
4901	NRL-MAF
4901	RP27
4902	NTN
4904	BP-8
4904	CSDA2
4904	CSDB
4904	DBPB
4904	MDR-NF1
4904	NSEP-1
4904	NSEP1
4904	YB-1
4904	YB1
4905	SEC18
4905	SKD2
4907	CALJA
4907	CD73
4907	NT5
4907	eN
4907	eNT
4908	NGF2
4909	GLC1O
4909	NT-4/5
4909	NTF5
4910	NTF5P
4910	NTF6
4910	PSI-NT4
4913	NTH1
4913	OCTS3
4914	MTC
4914	TRK
4914	TRKA
4915	TRKB
4916	TRKC
4917	NTN2L
4919	NTRKR1
4920	BDB
4920	BDB1
4920	NTRKR2
4921	NTRKR3
4921	TYRO10
4923	NTR
4924	Calnuc
4924	NUC
4925	NEFA
4926	NUMA
4927	MGC8530
4928	NUP196
4928	NUP96
4928	Nup98-96
4928	Nup98-Nup96
4929	HZF-3
4929	NOT
4929	NURR1
4929	TINUR
4931	NVL2
4935	OA1
4938	IFI-4
4938	OIAS
4938	OIASI
4942	HOGA
4943	OATL1
4945	OATL3
4946	AZ1
4946	AZI
4946	MGC138338
4946	OAZ
4948	BEY
4948	BEY1
4948	BEY2
4948	D15S12
4948	EYCL
4948	EYCL2
4948	EYCL3
4948	P
4948	SLC13B1
4952	Dent-2
4952	OCRL1
4953	ODC
4954	ODC2
4956	CT133
4956	HSPB10
4956	ODF27
4956	ODFPG
4956	RT7
4957	CT134
4957	ODF84
4958	SLRR2C
4958	osteoadherin
4967	E1k
4967	KGD1
4967	OGDC-E1
4967	OGDH2
4968	HMMH
4968	HOGG1
4968	MUTM
4968	OGH1
4969	OIF
4969	SLRR3A
4969	mimecan
4973	CLEC8A
4973	LOX-1
4973	SCARE1
4974	OMGP
4976	FLJ12460
4976	KIAA0567
4976	MGM1
4976	NPG
4976	NTG
4978	IGLON1
4978	OBCAM
4978	OPCM
4982	OPG
4983	ARHGAP41
4983	MRX60
4983	OPN1
4986	KOR
4986	OPRK
4987	KOR-3
4987	NOCIR
4987	NOPr
4987	OOR
4987	ORL1
4987	PNOCR
4988	MOR1
4990	OPTX2
4990	Six9
4991	OLFR1
4991	OR17-4
4992	OLFMF
4992	OR16-36
4992	OR16-37
4992	OR16-88
4992	OR16-89
4992	OR16-90
4992	OR1F10
4992	OR1F13P
4992	OR1F4
4992	OR1F5
4992	OR1F6
4992	OR1F7
4992	OR1F8
4992	OR1F9
4992	OR3-145
4993	OLFmf3
4993	OR2C2P
4994	OLFRA03
4994	OR17-40
4994	OR40
4995	OLFRA04
4995	OR17-228
4995	OR228
4998	HSORC1
4998	ORC1L
4998	PARC1
4999	ORC2L
5000	HsORC4
5000	ORC4L
5000	Orc4p
5001	ORC5L
5001	ORC5T
5001	Orc5p
5001	PPP1R117
5002	BWR1A
5002	BWSCR1A
5002	IMPT1
5002	ITM
5002	ORCTL2
5002	SLC22A18
5002	SLC22A1L
5002	TSSC5
5003	BWR1B
5003	BWSCR1B
5003	ORCTL2S
5003	SLC22A18-AS1
5003	SLC22A18AS
5003	SLC22A1LS
5003	p27-BWR1B
5004	A1AG1
5005	AGP-B
5005	AGP-B\'
5005	AGP2
5007	OSBP1
5008	MGC20461
5009	OTC1
5009	OTCD
5009	OTCase
5010	OSP
5010	OTM
5016	CHIT5
5016	MUC9
5016	OGP
5017	HOVO1
5018	MGC133129
5018	OXA1
5018	OXA1L1
5019	OXCT
5019	SCOT
5020	OT
5020	OT-NPI
5020	OXT-NPI
5021	OTR
5023	P2X1
5024	P2X3
5025	P2X4
5026	P2X5
5027	MGC20089
5027	P2X7
5028	P2Y1
5028	SARCC
5029	P2U
5030	NRU
5030	P2P
5030	P2Y4
5031	P2Y6
5032	P2Y11
5033	C-P4Halpha(I)
5033	P4HA
5034	DSI
5034	ERBA2L
5034	GIT
5034	P4Hbeta
5034	PDI
5034	PDIA1
5034	PO4DB
5034	PO4HB
5034	PROHB
5036	EBP1
5036	ITAF45
5037	HCNP
5037	PBP
5037	PEBP
5037	RKIP
5042	PABPL3
5042	tPABP
5045	FUR
5045	PACE
5045	PCSK3
5045	SPC1
5046	PACE4
5046	SPC4
5047	GD
5047	GdA
5047	GdF
5047	GdS
5047	MGC138509
5047	MGC142288
5047	PAEG
5047	PEP
5047	PP14
5048	LIS1
5048	MDCR
5048	MDS
5048	NudF
5048	PAFAH
5051	HSD-PLA2
5052	NKEFA
5052	PAGA
5053	PH
5054	PAI
5054	PAI1
5054	PLANH1
5055	HsT1201
5055	PAI-2
5055	PAI2
5055	PLANH2
5062	PAK65
5062	PAKgamma
5063	MRX30
5063	MRX47
5063	bPAK
5063	hPAK3
5064	KIAA0270
5064	PALM1
5066	PHM
5067	BIG-1
5067	PANG
5068	PAP
5068	PBCGF
5068	REG-III
5068	REG3
5069	ASBABP2
5069	DIPLA1
5069	IGFBP-4ase
5069	PAPP-A
5069	PAPPA1
5071	AR-JP
5071	PARK2
5071	PDJ
5071	parkin
5074	par-4
5076	PAX-2
5077	HUP2
5077	PAX-3
5077	WS1
5078	MODY9
5079	BSAP
5079	PAX-5
5080	AN
5080	AN1
5080	AN2
5080	D11S812E
5080	WAGR
5081	Hup1
5082	DKFZp564M1863
5082	PhLP
5088	PBXP1
5089	G17
5089	HOX12
5089	PBX2MHC
5091	PCB
5092	DCOH
5092	PCBD
5092	PCD
5093	HNRPE1
5093	HNRPX
5093	hnRNP-E1
5093	hnRNP-X
5094	HNRNPE2
5094	HNRPE2
5094	hnRNP-E2
5097	pc42
5098	PC-43
5098	PC43
5098	PCDH-GAMMA-C3
5098	PCDH2
5099	BH-Pcdh
5099	PPP1R120
5100	ARCADLIN
5100	PAPC
5104	PAI3
5104	PCI
5104	PLANH3
5104	PROCI
5105	PEPCK-C
5106	PEPCK
5106	PEPCK2
5108	PTC4
5116	KEN
5116	KIAA0402
5116	PCN
5116	PCNT2
5116	PCNTB
5116	SCKL4
5118	PCPE
5118	PCPE1
5119	CHMP1
5119	KIAA0047
5119	PCOLN3
5119	PRSM1
5119	Vps46A
5121	PEP-19
5122	NEC1
5122	PC1
5122	PC1/3
5122	PC3
5122	SPC3
5125	PC5
5125	PC6
5125	SPC6
5126	NEC2
5126	PC2
5126	SPC2
5127	FLJ16665
5127	PCTAIRE
5127	PCTAIRE1
5127	PCTGAIRE
5127	PCTK1
5128	PCTAIRE2
5128	PCTK2
5129	PCTAIRE3
5129	PCTK3
5130	CCTalpha
5130	CT
5130	CTPCT
5130	PCYT1
5132	MEKA
5133	CD279
5133	PD-1
5133	PD1
5133	SLEB2
5133	hSLE1
5134	ZMYND7
5137	Hcam3
5139	CGI-PDE
5140	HcGIP1
5141	DPDE2
5142	DPDE4
5143	DPDE1
5144	DPDE3
5145	PDEA
5145	RP43
5146	ACHM5
5146	COD4
5146	PDEA2
5147	JBTS22
5148	PDEG
5148	RP57
5150	HCP1
5151	HsT19550
5153	PDES1B
5154	PDGF-A
5154	PDGF1
5155	SIS
5155	SSV
5156	CD140a
5156	GAS9
5156	PDGFR2
5157	PRLTS
5158	CSNB3
5158	CSNBAD2
5158	PDEB
5158	RP40
5158	rd1
5159	CD140b
5159	JTK12
5159	PDGFR
5159	PDGFR1
5160	E1alpha
5160	PDHA
5161	PDHAL
5162	E1beta
5162	PDHE1B
5164	PDHK2
5167	M6S1
5167	NPPS
5167	PC-1
5167	PDNP1
5168	PD-IALPHA
5168	PDNP2
5169	B10
5169	CD203c
5169	PD-IBETA
5169	PDNP3
5169	gp130RB13-6
5172	DFNB4
5172	PDS
5173	ADCA
5173	PENKB
5173	SCA23
5174	CAP70
5174	CLAMP
5174	NHERF3
5174	NaPi-Cap1
5174	PDZD1
5175	CD31
5176	EPC-1
5176	PEDF
5176	PIG35
5178	KIAA0287
5178	ZKSCAN22
5178	ZNF904
5178	ZSCAN24
5187	PER
5187	RIGUI
5188	PET112
5188	PET112L
5189	ZWS
5189	ZWS1
5190	PAF-2
5190	PXAAA1
5191	PTS2R
5192	RNF69
5196	CXCL4
5196	SCYB4
5197	CXCL4L1
5197	CXCL4V1
5197	SCYB4V1
5198	FGARAT
5198	GATD8
5198	KIAA0361
5198	PURL
5199	PFC
5201	PFD1
5203	C-1
5203	PFD4
5204	MM-1
5204	PFD5
5205	ATPIC
5205	BRIC
5205	FIC1
5205	PFIC
5205	PFIC1
5207	PFRX
5213	PFK-1
5213	PFKX
5213	PPP1R122
5214	PFK-C
5214	PFKF
5218	PFTAIRE1
5218	PFTK1
5223	PGAM-B
5223	PGAMA
5224	PGAM-M
5228	D12S1900
5228	PGFL
5228	PlGF
5228	PlGF-2
5228	SHGC-10760
5229	BGGI
5229	GGTI
5232	PGK-2
5232	PGKPS
5238	AGM1
5238	DKFZP434B187
5238	PAGM
5239	PGMRP
5241	NR3C3
5241	PR
5243	ABC20
5243	CD243
5243	CLCS
5243	GP170
5243	MDR1
5243	P-gp
5243	PGY1
5243	p-170
5244	GBD1
5244	MDR2
5244	MDR3
5244	PFIC-3
5244	PGY3
5245	BAP32
5245	PHB
5246	PHBP1
5250	PHC
5250	PiC
5251	HPDR
5251	HPDR1
5251	HYP
5251	HYP1
5251	PEX
5251	XLH
5252	MTF2L2
5252	TDRD19C
5253	CENP-35
5253	JHDM1E
5253	KDM7C
5253	KIAA0662
5255	PHKA
5256	PHK
5256	PYK
5260	PHKG
5262	PHKGL
5262	PHKg1ps2
5264	PAHX
5264	PHYH1
5265	A1A
5265	A1AT
5265	AAT
5265	PI
5265	PI1
5265	alpha-1-antitrypsin
5265	alpha1AT
5266	ELAFIN
5266	ESI
5266	SKALP
5266	WAP3
5266	WFDC14
5266	cementoin
5267	KLST
5267	KST
5267	PI4
5268	PI5
5268	maspin
5269	DFNB91
5269	PI6
5269	PTI
5270	PI7
5270	PNI
5270	nexin
5271	PI8
5272	CAP3
5272	PI9
5273	PI10
5274	PI12
5275	HUR7
5275	PI13
5276	MEPI
5276	PI14
5276	TSA2004
5277	GPI3
5277	PIG-A
5279	GPI2
5279	PIG-C
5281	PIG-F
5283	GPI-H
5286	PI3K-C2alpha
5287	C2-PI3K
5287	PI3K-C2beta
5289	Vps34
5289	hVps34
5290	PI3K
5291	PIK3C1
5292	PIM
5293	p110D
5295	GRB1
5295	p85
5295	p85-ALPHA
5295	p85alpha
5296	P85B
5296	p85-BETA
5296	p85beta
5297	PI4K-ALPHA
5297	PIK4CA
5297	pi4K230
5298	PI4K-BETA
5298	PIK4CB
5298	pi4K92
5300	dod
5301	PIN1L
5303	EPVH
5303	PAR14
5303	PAR17
5304	BRST-2
5304	GCDFP-15
5304	GCDFP15
5304	GPIP4
5304	SABP
5305	PIP5K2A
5305	PIP5KIIA
5305	PIP5KIIalpha
5306	PITPN
5306	VIB1A
5307	BFT
5307	POTX
5307	PTX1
5308	Brx1
5308	IGDS
5308	IHG2
5308	IRID2
5308	Otlx2
5308	RGS
5308	RIEG
5308	RIEG1
5309	ASMD
5310	Pc-1
5310	TRPP1
5311	PKD4
5311	Pc-2
5311	TRPP2
5314	ARPKD
5314	FCYT
5314	FPC
5314	TIGM1
5315	OIP3
5315	PK3
5315	PKM2
5315	THBP1
5316	PREP1
5317	B6P
5319	PLA2
5319	PLA2A
5319	PPLA2
5320	PLA2B
5321	PLA2G4
5321	cPLA2-alpha
5324	ZNF912
5325	LOT1
5325	ZAC
5326	ZNF900
5328	UPA
5328	URK
5329	CD87
5329	UPAR
5329	URKR
5330	FLJ38135
5334	PLC-L
5334	PLCE
5334	PLCL
5334	PPP1R127
5335	NCKAP3
5335	PLC-II
5335	PLC1
5335	PLC148
5335	PLCgamma1
5339	EBS1
5339	PLEC1
5339	PLTN
5341	P47
5341	PLEK1
5342	PLGP1
5343	PLGL
5343	PRP-B
5345	A2AP
5345	AAP
5345	ALPHA-2-PI
5345	API
5345	PLI
5345	alpha2AP
5346	PLIN
5347	PLK
5348	PLM
5349	MAT-8
5349	PLML
5350	CMD1P
5350	PLB
5351	LH1
5351	LLH
5351	PLOD
5352	LH2
5352	TLH
5354	GPM6C
5354	PLP
5354	SPG2
5355	A4
5355	A4-LSB
5355	MGC126187
5356	Cwc1
5356	PRPF46
5356	Prp46
5356	TANGO4
5358	T-plastin
5359	MMTRA1B
5360	BPIFE
5361	PLXN1
5362	FLJ11751
5362	FLJ30634
5362	KIAA0463
5362	OCT
5362	PLXN2
5364	KIAA0407
5364	PLXN5
5365	PLEXB3
5365	PLEXR
5365	PLXN6
5366	NOXA
5367	MCH
5368	N/OFQ
5368	NOP
5368	PPNOC
5371	MYL
5371	RNF71
5371	TRIM19
5372	Sec53
5373	CDG1
5373	CDG1a
5373	CDGS
5373	PMI
5373	PMI1
5375	FABP8
5375	M-FABP
5375	MP2
5376	CMT1A
5376	GAS3
5376	HMSNIA
5376	HNPP
5376	Sp110
5378	MLH2
5378	PMSL1
5379	PMS2L1
5379	PMS2L13
5379	PMS2L6
5379	PMS2L7
5379	PMS2L8
5379	PMS3
5379	PMS8
5379	PMSR1
5379	PMSR2
5380	PMS2L2
5380	PMS4
5382	PMS2L4
5382	PMS6
5383	MGC34222
5383	PMS2L5
5383	PMS7
5387	PMS2L3
5387	PMS2L9
5387	PMS5
5387	PMSR3
5393	PM/Scl-75
5393	PMSCL1
5393	RRP45
5393	Rrp45p
5393	p5
5393	p6
5394	PM-Scl
5394	PM/Scl-100
5394	PMSCL2
5394	RRP6
5394	Rrp6p
5394	p2
5394	p3
5394	p4
5395	HNPCC4
5395	H_DJ0042M02.9
5395	MLH4
5395	PMS-2
5395	PMSL2
5396	PHOX1
5396	PMX1
5406	PL
5407	PLRP1
5408	PLRP2
5409	PENT
5411	memA
5412	DKFZP434K151
5412	FLJ32018
5412	HCG-1
5412	PNSC1
5413	CDCREL-1
5413	HCDCREL-1
5413	PNUTL1
5413	SEPT5
5413	Septin-5
5414	ARTS
5414	C17orf47
5414	CE5B3
5414	FLJ40121
5414	MART
5414	PNUTL2
5414	SEPT4
5414	Septin-4
5414	hCDCREL-2
5414	hucep-7
5420	Gp200
5420	PCLP
5420	PDX
5420	PODXL1
5420	gp135
5422	NSX
5422	POLA
5422	p180
5424	POLD
5426	POLE1
5427	DPE2
5428	POLG1
5428	POLGA
5429	RAD30A
5429	XP-V
5430	POLR2
5430	POLRA
5430	RPB1
5431	RPB2
5432	RPB3
5433	RPB4
5434	RPABC1
5434	RPB5
5434	XAP4
5434	hRPB25
5434	hsRPB5
5435	HRBP14.4
5435	RPB6
5436	RPB7
5436	hRPB19
5436	hsRPB7
5437	RPB8
5438	RPB9
5438	hRPB14.5
5439	POLR2J1
5439	RPB11
5439	RPB11A
5439	RPB11m
5439	hRPB14
5440	RPB10alpha
5440	RPB12
5441	RBP10
5441	RPABC5
5441	RPB10beta
5441	RPB7.6
5441	hRPB7.6
5441	hsRPB10b
5442	APOLMT
5442	MTRNAP
5442	MTRPOL
5442	h-mtRPOL
5443	ACTH
5443	CLIP
5443	LPH
5443	NPP
5443	POC
5444	PON
5447	CYPOR
5447	FLJ26468
5449	GHF-1
5449	PIT-1
5449	PIT1
5449	POU1F1a
5450	BOB1
5450	OBF1
5450	OCA-B
5451	OCT1
5451	OTF1
5452	OCT2
5452	OTF2
5453	OCT6
5453	OTF6
5453	SCIP
5454	BRN2
5454	OCT7
5454	OTF7
5454	POUF3
5455	BRN1
5455	OTF8
5456	BRN4
5456	DFN3
5456	DFNX2
5456	OTF9
5457	BRN3A
5457	RDC-1
5458	BRN3B
5458	Brn-3b
5459	BRN3C
5459	DFNA15
5459	DFNA42
5459	DFNA52
5460	MGC22487
5460	OCT-4
5460	OCT3
5460	OTF3
5460	Oct3/4
5460	Oct4
5462	OTF3C
5462	OTF3P1
5462	POU5F1P1
5463	BRN5
5463	MPOU
5463	TCFB1
5464	IOPPP
5464	PP
5464	Ppase
5464	SID6-8061
5465	NR1C1
5465	PPAR
5465	hPPAR
5467	FAAR
5467	NR1C2
5467	NUC1
5467	NUCII
5467	PPARB
5468	NR1C3
5468	PPARG1
5468	PPARG2
5468	PPARgamma
5469	CRSP1
5469	CRSP200
5469	DRIP230
5469	PPARBP
5469	PPARGBP
5469	RB18A
5469	TRAP220
5469	TRIP2
5470	PPP7CB
5471	GPAT
5471	PRAT
5473	Beta-TG
5473	CTAP3
5473	CTAPIII
5473	CXCL7
5473	LA-PF4
5473	LDGF
5473	MDGF
5473	NAP-2
5473	NAP-2-L1
5473	SCYB7
5473	TGB
5473	TGB1
5473	THBGB1
5473	b-TG1
5475	PPEF
5475	PPP7CA
5476	GSL
5476	PPGB
5478	CYPA
5479	B
5479	CYP-S1
5479	CYPB
5479	OI9
5479	SCYLP
5480	CYPC
5481	CYP-40
5481	CypD
5483	PPIP1
5485	PPIP3
5486	PPIP4
5487	PPIP5
5488	PPIP6
5489	PPIP7
5491	Em:AC006046.3
5491	PPIP9
5494	MGC9201
5494	PP2CA
5494	PP2Calpha
5495	PP2CB
5495	PP2CBETA
5495	PPC2BETAX
5496	PP2CG
5496	PP2Cgamma
5498	PPO
5498	VP
5499	PP-1A
5499	PP1A
5499	PP1alpha
5499	PPP1A
5500	MP
5500	PP-1B
5500	PP1B
5500	PP1beta
5500	PP1c
5500	PPP1beta
5501	PP1C
5501	PP1gamma
5504	IPP2
5504	PPP1R2A
5506	GM
5506	PPP1R3
5507	PPP1R5
5507	PTG
5509	PPP1R6
5510	sds22
5511	NIPP-1
5511	NIPP1
5511	PRO2047
5511	ard-1
5512	PPP1R8P
5514	CAT53
5514	FB19
5514	PNUTS
5514	p99
5515	PP2AC
5516	PP2Abeta
5517	PPP2CBP
5518	PP2A-Aalpha
5518	PP2AA
5518	PR65A
5519	PP2A-Abeta
5519	PR65B
5520	B55A
5520	B55alpha
5520	PR52A
5520	PR55A
5520	PR55alpha
5521	B55beta
5521	PR52B
5521	PR55-BETA
5521	SCA12
5522	B55gamma
5522	IMYPNO
5522	MGC33570
5522	PR52
5522	PR55G
5523	PPP2R3
5523	PR130
5523	PR72
5524	PPP2R4
5524	PR53
5525	B56A
5525	B56alpha
5525	PR61A
5526	B56B
5526	B56beta
5526	FLJ35411
5526	PR61B
5527	B56G
5527	B56gamma
5527	PR61G
5528	B56D
5528	B56delta
5529	B56E
5529	B56epsilon
5530	CALN
5530	CALNA
5530	CNA1
5530	PPP2B
5531	PP4
5531	PPX
5532	CALNA2
5532	CALNB
5532	PP2Bbeta
5533	CALNA3
5533	PP2Bgamma
5534	CALNB1
5534	CNB
5534	CNB1
5535	PPP3RL
5536	PP5
5536	PPP5
5537	PP6
5538	CLN1
5538	INCL
5538	PPT
5540	PP1
5540	PPYR1
5540	Y4
5542	PM
5542	PMF
5542	PMS
5542	PRB1L
5542	PRB1M
5546	RCCP1
5547	HUMPCP
5547	PCP
5549	SLRR2A
5549	prolargin
5551	HPLH2
5551	PFP
5552	PPG
5552	PRG
5552	PRG1
5553	BMPG
5553	proMBP
5554	Pa
5555	Pr
5558	PRIM2A
5562	AMPKa1
5563	AMPK
5563	AMPKa2
5563	PRKAA
5566	PKACa
5567	PKACb
5568	PKACg
5569	PRKACN1
5570	PRKACN2
5573	CNC1
5573	PKR1
5573	PRKAR1
5573	Prkar1alpha
5573	TSE1
5574	PRKAR1AP
5576	PRKAR2
5578	PKCA
5578	PKCα
5579	PKCB
5579	PKCβ
5579	PRKCB1
5579	PRKCB2
5582	MGC57564
5582	PKCC
5582	PKCG
5582	PKCγ
5582	SCA14
5583	PKC-L
5583	PKCL
5583	PRKCL
5584	DXS1179E
5584	PKCI
5585	DBK
5585	MGC46204
5585	PKN
5585	PRK1
5585	PRKCL1
5586	PRK2
5586	PRKCL2
5586	Pak-2
5586	STK7
5587	PKC-mu
5587	PKCM
5587	PKD
5587	PRKCM
5589	80K-H
5589	AGE-R2
5589	G19P1
5589	GIIB
5589	GIIbeta
5589	GluIIbeta
5589	PCLD
5589	PKCSH
5589	VASAP-60
5590	PKC2
5591	DNA-PKC
5591	DNA-PKcs
5591	DNAPK
5591	DNAPKc
5591	DNPK1
5591	HYRC
5591	HYRC1
5591	XRCC7
5591	p350
5591	p460
5592	PGK
5592	PKG
5592	PKG1
5592	PRKG1B
5592	PRKGR1B
5593	PKG2
5593	PRKGR2
5593	cGKII
5594	ERK2
5594	MAPK2
5594	PRKM1
5594	PRKM2
5594	p41mapk
5595	ERK-1
5595	ERK1
5595	PRKM3
5595	p44erk1
5595	p44mapk
5596	Erk3-related
5596	Erk4
5596	PRKM4
5597	ERK3
5597	HsT17250
5597	PRKM6
5597	p97MAPK
5598	BMK1
5598	ERK5
5598	PRKM7
5599	JNK
5599	JNK1
5599	PRKM8
5599	SAPK1
5600	PRKM11
5600	SAPK2
5600	p38-2
5600	p38Beta
5601	JNK2
5601	PRKM9
5601	SAPK
5601	p54a
5602	JNK3
5602	PRKM10
5602	p493F12
5602	p54bSAPK
5603	PRKM13
5603	SAPK4
5603	p38delta
5604	MAPKK1
5604	MEK1
5604	MKK1
5604	PRKMK1
5605	MEK2
5605	MKK2
5605	PRKMK2
5606	MAPKK3
5606	MEK3
5606	MKK3
5606	PRKMK3
5606	SAPKK2
5607	HsT17454
5607	MAPKK5
5607	MEK5
5607	PRKMK5
5608	CRCMSL
5608	MAPKK6
5608	MEK6
5608	MKK6
5608	PRKMK6
5608	SAPKK3
5609	Jnkk2
5609	MKK7
5609	PRKMK7
5609	SAPKK4
5610	PKR
5610	PPP1R83
5610	PRKR
5611	ERdj6
5611	HP58
5611	P58IPK
5611	PRKRI
5611	p58(IPK)
5612	DAP4
5612	P52rIPK
5612	PRKRIR
5612	THAP0
5613	PKX1
5616	PRKXP3
5616	PRKYP
5619	CT94.1
5620	CT94.2
5621	AltPrP
5621	CD230
5621	CJD
5621	PRIP
5625	HSPOX2
5625	PIG6
5625	POX
5625	PRODH1
5625	TP53I6
5627	PROS
5628	PROS2
5628	PROSP
5630	NEF4
5630	PRPH1
5631	CMTX5
5631	DFN2
5631	DFNX1
5631	PPRibP
5631	PRS-I
5635	PAP39
5636	PAP41
5638	PRGP1
5639	PRGP2
5641	LGMN1
5641	PRSC1
5644	TRY1
5645	TRY2
5646	PRSS4
5646	TRY3
5646	TRY4
5648	CRARF
5648	MAP-1
5648	MASP
5648	MASP-3
5648	Map44
5648	PRSS5
5649	PRO1598
5649	RL
5650	PRSS6
5650	SCCE
5651	ENTK
5651	MGC133046
5651	PRSS7
5653	Bssp
5653	Klk7
5653	PRSS18
5653	PRSS9
5653	neurosin
5654	ARMD7
5654	HtrA
5654	IGFBP5-protease
5654	PRSS11
5655	NES1
5655	PRSSL1
5657	ACPA
5657	AGP7
5657	C-ANCA
5657	MBT
5657	P29
5657	PR-3
5660	GLBA
5660	SAP1
5660	SAP2
5662	EFA6
5662	EFA6A
5662	KIAA2011
5662	PSD1
5662	TYL
5663	AD3
5663	PS-1
5663	PS1
5663	PSNL1
5663	S182
5664	AD3L
5664	AD4
5664	E5-1
5664	PS-2
5664	PS2
5664	STM2
5669	CD66f
5669	PBG1
5669	PSBG1
5669	PSGGA
5670	PSBG2
5670	PSGGB
5673	FL-NCA-3
5673	PSG
5678	PSGII
5680	MGC22484
5680	PSG13
5680	PSG14
5682	HC2
5682	MGC14542
5682	MGC14575
5682	MGC14751
5682	MGC1667
5682	MGC21459
5682	MGC22853
5682	MGC23915
5682	NU
5682	PROS30
5683	HC3
5683	PMSA2
5684	HC8
5685	HC9
5685	HsT17706
5686	ZETA
5687	IOTA
5687	MGC22756
5687	MGC2333
5687	MGC23846
5687	PROS27
5687	p27K
5688	HSPC
5688	RC6-1
5688	XAPC7
5689	HC5
5689	PMSB1
5690	HC7-I
5691	HC10-II
5691	MGC4147
5692	HN3
5692	PROS26
5693	MB1
5694	DELTA
5694	Y
5695	Z
5696	D6S216E
5696	LMP7
5696	PSMB5i
5696	RING10
5696	beta5i
5697	PYY1
5698	LMP2
5698	PSMB6i
5698	RING12
5698	beta1i
5699	LMP10
5699	MECL1
5699	MGC1665
5699	beta2i
5700	RPT2
5700	S4
5701	Nbla10058
5701	RPT1
5701	S7
5702	RPT5
5702	TBP-1
5702	TBP1
5703	PSMC3P
5704	MGC13687
5704	MGC23214
5704	MGC8570
5704	MIP224
5704	RPT3
5704	S6
5704	TBP-7
5704	TBP7
5705	RPT6
5705	S8
5705	SUG-1
5705	SUG1
5705	TBP10
5705	TRIP1
5705	p45
5705	p45/SUG
5707	P112
5707	Rpn2
5707	S1
5708	MGC14274
5708	P97
5708	Rpn1
5708	S2
5709	Rpn3
5709	S3
5709	TSTA2
5710	AF
5710	Rpn10
5710	S5A
5711	KIAA0072
5711	S5B
5713	MOV34
5713	Rpn8
5714	HIP6
5714	HYPF
5714	Nin1p
5714	Rpn12
5714	S14
5714	p31
5715	Rpn4
5717	MGC3844
5717	Rpn6
5717	S9
5717	p44.5
5718	Rpn5
5719	Rpn9
5719	p40.5
5720	IFI5111
5720	PA28alpha
5721	PA28beta
5723	PSP
5725	HNRNP-I
5725	HNRPI
5725	PTB
5725	PTB-1
5725	PTB2
5725	PTB3
5725	PTB4
5725	pPTB
5726	PTC
5726	T2R61
5727	BCNS
5727	NBCCS
5727	PTCH
5727	SLC65B1
5728	BZS
5728	MHAM
5728	MMAC1
5728	PTEN1
5729	DP
5729	DP1
5729	PTGDR1
5730	L-PGDS
5731	EP1
5732	COX-2
5732	EP2
5733	EP3
5733	lnc003875
5734	EP4
5737	FP
5738	CD315
5738	CD9P-1
5738	EWI-F
5738	FLJ11001
5738	FPRP
5738	KIAA1436
5738	SMAP-6
5739	IP
5740	CYP8A1
5740	PGIS
5741	PTH1
5742	PGHS-1
5742	PTGHS
5744	HHM
5744	PTHRP
5745	PTHR
5745	PTHR1
5746	PTHR2
5747	FADK
5747	FAK
5747	FAK1
5747	PPP1R71
5753	BRK
5754	CCK4
5756	A6
5756	PTK9
5757	TMSA
5758	Em:AB023049.6
5763	ParaT
5764	HBGF8
5764	HBNF
5764	NEGF1
5767	PTP4AP1
5767	h-PRL-1
5768	QSCN6
5769	PTP4AP2
5770	PTP1B
5771	PTPT
5771	TC-PTP
5771	TC45
5771	TC48
5771	TCELLPTP
5771	TCPTP
5774	PTPH1
5775	PTPMEG
5777	HCPH
5777	PTP-1C
5777	SHP-1
5777	SHP1
5778	HEPTP
5778	LC-PTP
5780	MEG2
5781	BPTP3
5781	NS1
5781	PTP2C
5781	SH-PTP2
5781	SHP-2
5781	SHP2
5782	PTP-PEST
5782	PTPG1
5783	PTP-BAS
5783	PTP-BL
5783	PTP1E
5783	PTPL1
5784	PEZ
5784	PTPD2
5786	HLPR
5786	HPTPA
5786	PTPRL2
5786	RPTPA
5787	PTPB
5788	B220
5788	CD45
5788	CD45R
5788	GP180
5788	LY5
5788	T200
5789	HPTP
5789	PTPD
5790	CD45-AP
5791	PTPE
5792	LAR
5793	PTPG
5793	RPTPG
5794	SAP-1
5795	CD148
5795	DEP1
5795	HPTPeta
5796	R-PTP-kappa
5797	PTPRL1
5797	RPTPU
5797	hR-PTPu
5798	IA-2
5798	ICA512
5799	IA-2beta
5799	ICAAR
5799	KIAA0387
5799	phogrin
5800	GLEPP1
5800	NPHS6
5800	PTP-U2
5800	PTP-oc
5800	PTPU2
5801	EC-PTP
5801	PCPTP1
5801	PTP-SL
5801	PTPBR7
5802	PTP-sigma
5802	PTPsigma
5803	PTP18
5803	PTPRZ
5803	PTPZ
5803	RPTPB
5803	phosphacan
5804	HTPZP2
5805	PTPS
5806	TNFAIP5
5806	TSG-14
5810	HRAD1
5810	REC1
5813	PUR-ALPHA
5813	PUR1
5813	PURALPHA
5814	PURBETA
5816	D22S749
5817	CD155
5817	HVED
5817	NECL5
5817	Necl-5
5817	PVS
5817	Tage4
5818	CD111
5818	CLPED1
5818	ED4
5818	HIgR
5818	HVEC
5818	Nectin-1
5818	OFC7
5818	PRR
5818	PRR1
5818	PVRL1
5818	PVRR1
5818	SK-12
5819	CD112
5819	HVEB
5819	Nectin-2
5819	PRR2
5819	PVRL2
5819	PVRR2
5820	LINC00079
5820	MIR1204HG
5820	NCRNA00079
5820	TP53LC09
5820	onco-lncRNA-100
5822	EHOC-17
5822	PWP2H
5822	UTP1
5824	D1S2223E
5824	HK33
5824	PMP1
5824	PMPI
5824	PXF
5825	PMP70
5825	PXMP1
5825	ZWS2
5826	EST352188
5826	P70R
5826	PMP69
5826	PXMP1L
5827	MPV17L3
5828	PAF-1
5828	PMP35
5828	PXMP3
5828	RNF72
5828	ZWS3
5830	PTS1R
5830	PXR1
5831	P5C
5832	GSAS
5832	P5CS
5832	PYCS
5832	SPG9
5833	ET
5836	GSD6
5837	GSD5
5858	CPAMD6
5859	QARS
5860	DHPR
5860	PKU2
5860	SDR33C1
5861	RAB1
5861	YPT1
5862	RAB2
5863	HKE1.5
5863	KE1.5
5863	RAB2L
5866	GRAB
5867	HRES-1/RAB4
5867	RAB4
5868	RAB5
5870	RAB6
5871	BL44
5871	RAB8IP
5873	HsT18676
5873	RAB27
5873	RAM
5875	PTAR3
5877	RASGRF3
5877	mss4
5878	RAB5CL
5878	RABL
5879	Rac-1
5879	TC-25
5879	p21-Rac1
5880	EN-7
5883	RAD9
5884	CCYC
5884	RAD17Sp
5884	Rad24
5885	KIAA0078
5885	SCC1
5885	hHR21
5886	HHR23A
5886	MGC111083
5887	HHR23B
5887	HR23B
5888	BRCC5
5888	FANCR
5888	HsRad51
5888	HsT16930
5888	RAD51A
5888	RECA
5889	FANCO
5889	RAD51L2
5890	R51H2
5890	RAD51L1
5890	REC2
5890	hREC2
5891	RAGE
5891	RAGE1
5891	STK30
5892	HsTRAD
5892	R51H3
5892	RAD51L3
5892	Trad
5894	CRAF
5894	Raf-1
5894	c-Raf
5896	MGC43321
5896	RNF74
5898	RAL
5900	RGDS
5900	RGF
5900	RalGEF
5901	ARA24
5901	Gsp1
5901	TC4
5902	HTF9A
5903	ADANE
5903	ANE1
5903	NUP358
5905	Fug1
5905	KIAA1835
5905	SD
5906	KREV-1
5906	SMGP21
5907	KREV1P
5907	SMGP21A
5908	DKFZp586H0723
5908	K-REV
5908	RAL1B
5909	KIAA0474
5909	RAP1GA1
5909	RAP1GAP1
5909	RAP1GAPII
5910	SmgGDS
5911	RAP2
5913	CMS1D
5913	CMS1E
5913	RNF205
5914	NR1B1
5914	RAR-alpha
5914	RARalpha
5915	HAP
5915	NR1B2
5915	RAR-beta
5915	RARbeta
5915	RRB2
5916	NR1B3
5916	RAR-gamma
5916	RARC
5916	RARgamma
5917	DALRD1
5917	RARS
5918	LXNL
5919	HP10433
5919	TIG2
5920	HRASLS4
5920	PLAAT-4
5920	RARRES3
5920	RIG1
5920	TIG3
5921	CM-AVM
5921	GAP
5921	RASA
5921	p120GAP
5921	p120RASGAP
5922	GAP1M
5923	CDC25L
5923	GNRP
5923	GRF1
5923	GRF55
5923	H-GRF55
5923	PP13187
5924	Ras-GRF2
5925	OSRC
5925	PPP1R130
5925	RB
5926	RBBP1
5926	RBP-1
5927	JARID1A
5927	RBBP2
5928	NURF55
5928	RbAp48
5928	lin-53
5929	RBQ3
5929	SWD1
5930	P2P-R
5930	SNAMA
5931	RbAp46
5932	CtIP
5932	RIM
5932	SCKL2
5933	cp107
5933	p107
5934	Rb2
5934	p130
5935	IS1-RNPL
5936	LARK
5936	RBM4A
5936	ZCCHC21
5936	ZCRB3A
5937	C2orf12
5937	DKFZp564H0764
5937	HCC-4
5937	MSSP-1
5937	MSSP-2
5937	MSSP-3
5937	SCR2
5937	YC1
5938	MSSP1
5938	RBMS1P
5939	SCR3
5940	RBM1
5940	RBM2
5940	YRRM1
5940	YRRM2
5944	RBMY1H
5945	RBMY2A
5947	CRABP-I
5947	CRBP
5947	CRBP-I
5947	CRBP1
5947	CRBPI
5947	RBPC
5947	hCRBP1
5948	CRABP-II
5948	CRBP2
5948	CRBPII
5948	RBPC2
5949	D10S64
5949	D10S65
5949	D10S66
5949	IRBP
5954	FLJ37041
5954	PIG20
5954	RCN
5954	Rcal
5955	E6BP
5955	ERC-55
5955	ERC55
5955	TCBP49
5956	CBBM
5956	CBP
5956	COD5
5956	RCP
5957	RCV1
5959	HSD17B9
5959	RDH1
5959	SDR9C5
5961	CACD2
5961	RDS
5961	RP7
5961	TSPAN22
5961	rd2
5962	DFNB24
5965	RecQ1
5965	RecQL1
5966	HIVEN86A
5966	I-Rel
5966	c-Rel
5967	PSPS
5967	PSPS1
5967	REG
5968	PSPS2
5968	REGH
5968	REGI-BETA
5969	REG1P
5969	REGL
5970	NFKB3
5970	p65
5971	REL-B
5973	RBP
5973	RNBP
5976	HUPF1
5976	KIAA0221
5976	NORF1
5976	RENT1
5976	pNORF1
5976	smg-2
5977	BAF45d
5977	REQ
5977	SMARCG2
5977	ubi-d4
5978	DFNA27
5978	NRSF
5978	XBR
5979	CDHF12
5979	CDHR16
5979	HSCR1
5979	MEN2A
5979	MEN2B
5979	MTC1
5979	RET51
5980	POLZ
5980	REV3
5981	A1
5981	MHCBFB
5981	PO-GA
5981	RFC140
5982	RFC40
5983	MGC5276
5983	RFC38
5984	RFC37
5985	RFC36
5987	RFP
5987	RNF76
5988	RNF78
5989	EF-C
5990	FLJ14226
5995	RP44
5996	1R20
5996	BL34
5996	IER1
5996	IR20
5997	G0S8
5998	C2PA
5998	FLJ20370
5998	PDZ-RGS3
5999	SCZD9
6004	A28-RGS14
6004	RGS-r
6005	CD241
6005	RH50A
6005	SLC42A1
6006	CD240CE
6006	RH
6006	SLC42A4
6007	CD240D
6007	DIIIc
6007	Rh30a
6007	Rh4
6007	RhII
6007	RhPI
6007	SLC42A5
6008	RHEB1
6009	RHEB2
6010	CSNBAD1
6010	OPN2
6010	RP4
6011	GPRK1
6011	RHOK
6011	RK
6013	H1
6014	RIBA
6014	RIN
6015	RNF1
6016	MGC125864
6016	MGC125865
6016	RIBB
6016	RIT
6017	CRALBP
6018	ZNF292L
6018	Zn-15L
6019	RLXH2
6019	bA12D24.1.1
6019	bA12D24.1.2
6023	CHH
6023	RMRPR
6023	RRP2
6029	7L1a
6029	7SL
6029	RN7SL
6029	RNSRP1
6030	7L28
6030	RN7SL427P
6030	RN7SLP1
6031	7LEM1
6031	RN7SL249P
6031	RN7SLP2
6032	7L7
6032	RN7SL848P
6032	RN7SLP3
6033	7L23
6033	RN7SL27P
6033	RN7SLP4
6034	7L63
6034	RN7SL433P
6034	RN7SLP5
6035	RNS1
6036	EDN
6036	RAF3
6036	RNS2
6037	ECP
6037	RNS3
6039	RNS6
6039	RNaseK6
6041	PRCA1
6041	RNS4
6043	E3-2
6043	RNE3
6043	RNU107
6043	SNORA63A
6044	E2
6044	E2-1
6044	RNE2
6044	RNU108
6045	BAP-1
6045	DING
6045	HIPI3
6045	RING1B
6046	BRD2-IT1
6046	D6S113E
6046	FSHRG1
6046	KIAA9001
6046	NAT
6046	RING3
6047	RES4-26
6047	SLX5
6048	G16
6048	NG2
6048	RING5
6048	RMA1
6049	DKFZp686P0776
6050	RNH
6051	APB
6059	OABP
6059	RLI
6059	RLI1
6059	RNASEL1
6059	RNASELI
6059	RNS4I
6060	HSD2
6060	HSD5
6060	HSD6
6060	HSD7
6060	RNU1D2
6060	RNU1E2
6060	RNU1F1
6060	RNU1G1
6060	RNU1G2
6060	U1B2
6060	U1D2
6060	U1E2
6060	U1F
6063	RNVU1.2a
6063	vU1.2a
6066	U2
6068	RNU3P1
6069	RNU4P1
6069	U4/7
6070	RNU4P2
6070	U4/14
6071	LH87
6072	HSU7.732A
6072	RNU7P1
6072	U7.68
6073	HSU7.7/32B
6073	RNU7P2
6074	HSU7.25
6074	RNU7P3
6074	U7.24
6075	HSU7.36
6075	RNU7P4
6075	U7.55
6076	RNU13P1
6076	U13.32A
6077	RNU13P2
6077	U13.12A
6078	RNU13P3
6078	U13.4B
6079	RNU15A
6079	U15A
6080	E1-7
6080	E1b
6080	RNE1
6080	RNU17A
6080	U17A
6082	RNU20
6082	U20
6083	RNU21
6083	U21
6084	hY1
6085	hY3
6086	hY4
6087	hY4.B8
6088	hY4.B7
6089	hY4.F2
6090	hY5
6091	DUTT1
6091	FLJ21882
6091	SAX3
6092	KIAA1568
6093	p160ROCK
6094	ROM
6094	TSPAN23
6095	NR1F1
6095	ROR-alpha
6095	ROR3
6095	RORa1
6095	RORalpha
6095	RORα
6095	RZRA
6096	NR1F2
6096	ROR-BETA
6096	RORβ
6096	RZR-BETA
6096	RZRB
6097	NR1F3
6097	RORG
6097	RZRG
6097	TOR
6098	MCF3
6098	ROS
6098	c-ros-1
6100	PAP-1
6101	DCDC4A
6102	NM23-H10
6102	NME10
6102	TBCCD2
6103	COD1
6103	CORDX1
6103	CRD
6103	RP15
6103	RP3
6117	HSSB
6117	REPA1
6117	RF-A
6117	RP-A
6117	RPA70
6119	REPA3
6121	BCO3
6121	LCA2
6121	RP20
6121	rd12
6122	L3
6122	uL3
6124	L4
6124	uL4
6125	PPP1R135
6125	uL18
6126	RPL9L1
6126	RPL9P1
6128	TAXREB107
6128	TXREB1
6128	eL6
6129	L7
6129	humL7-1
6129	uL30
6130	L7A
6130	SURF3
6130	TRUP
6130	eL8
6132	uL2
6133	uL6
6134	DXS648
6134	DXS648E
6134	FLJ23544
6134	L10
6134	QM
6134	uL16
6135	uL5
6136	L12
6136	uL11
6137	BBC1
6137	D16S444E
6137	eL13
6138	EC45
6138	L15
6138	RPLY10
6138	RPYL10
6138	eL15
6139	L17
6139	rpL23
6139	uL22
6141	L18
6141	eL18
6142	L18A
6142	eL20
6143	DKFZp779D216
6143	FLJ27452
6143	MGC71997
6143	eL19
6144	DKFZp686C06101
6144	FLJ27458
6144	L21
6144	MGC104274
6144	MGC104275
6144	MGC71252
6144	eL21
6145	RPL21P
6146	EAP
6146	L22
6146	eL22
6147	L23A
6147	uL23
6150	L23MRP
6150	RPL23L
6150	uL23m
6152	L24
6152	eL24
6154	L26
6154	uL24
6155	L27
6155	eL27
6156	L30
6156	eL30
6157	L27A
6157	uL15
6158	FLJ43307
6158	L28
6158	eL28
6159	HUMRPL29
6159	L29
6159	RPL29P10
6159	eL29
6160	L31
6160	eL31
6161	L32
6161	eL32
6163	RPL32-L
6163	RPL32P
6164	L34
6164	eL34
6165	GIG33
6165	L35A
6165	eL33
6166	RPL36AP42
6167	L37
6167	eL37
6168	L37A
6168	eL43
6169	L38
6169	eL38
6170	L39
6170	RPL39P42
6170	eL39
6171	L41
6171	eL41
6172	RPL41L
6173	L36A
6173	RPL44
6173	eL42
6174	RPL17P
6174	RPL7P
6175	L10E
6175	LP0
6175	PRLP0
6175	RPP0
6175	uL10
6176	LP1
6181	D11S2243E
6181	LP2
6181	MGC71408
6181	P2
6182	MRPL7
6182	MRPL7/L12
6182	RPML12
6182	bL12m
6183	RPMS12
6183	RPSM12
6183	uS12m
6184	OST1
6185	RIBIIR
6185	RPN-II
6185	RPNII
6185	SWP1
6187	LLREP3
6187	uS5
6188	FLJ26283
6188	FLJ27450
6188	MGC87870
6188	uS3
6189	MFTL
6189	S3A
6189	eS1
6191	CCG2
6191	DXS306
6191	FLJ40595
6191	RPS4
6191	SCAR
6191	SCR10
6191	eS4
6192	MGC119100
6192	MGC5070
6192	RPS4Y
6193	S5
6193	uS7
6194	eS6
6195	HU-1
6195	MAPKAPK1
6195	RSK1
6195	p90Rsk
6196	HU-2
6196	RSK3
6197	CLS
6197	HU-3
6197	MRX19
6197	RSK2
6198	PS6K
6198	S6K
6198	S6K1
6198	STK14A
6198	p70(S6K)-alpha
6199	KLS
6199	P70-BETA
6199	S6KB
6199	S6Kbeta
6199	S6Kβ
6199	STK14B
6199	p70S6Kb
6201	eS7
6202	eS8
6203	uS4
6204	MGC88819
6204	eS10
6205	S11
6205	uS17
6206	eS12
6207	S13
6207	uS15
6208	EMTB
6208	uS11
6209	MGC111130
6209	RIG
6209	S15
6209	uS19
6210	S15A
6210	uS8
6217	S16
6217	uS9
6218	MGC72007
6218	RPS17L
6218	S17
6218	eS17
6219	RPS17A
6219	RPS17L1
6222	D6S218E
6222	HKE3
6222	KE-3
6222	KE3
6222	S18
6222	uS13
6223	DBA
6223	LOH19CR1
6223	S19
6223	eS19
6224	S20
6224	uS10
6225	RPS20A
6226	RPS20B
6227	S21
6227	eS21
6228	S23
6228	uS12
6229	S24
6229	eS24
6230	S25
6230	eS25
6231	S26
6231	eS26
6232	MPS-1
6232	S27
6232	eS27
6233	S27A
6233	UBCEP80
6233	Uba80
6233	eS31
6234	S28
6234	eS28
6235	S29
6235	uS14
6236	RAD
6236	REM3
6237	R-Ras
6237	RRAS1
6238	ES/130
6238	hES
6241	C2orf48
6241	FLJ25102
6242	B5
6242	RTKN-1
6247	RS
6247	XLRS1
6249	CLIP-170
6249	CLIP170
6249	CYLN1
6249	RSN
6251	FLJ31034
6251	RSP-1
6252	NSP
6253	NSPL1
6253	SPG12
6256	NR2B1
6256	RXR-alpha
6256	RXRalpha
6257	H-2RIIBP
6257	NR2B2
6257	RCoR-1
6257	RXR-beta
6257	RXRbeta
6258	NR2B3
6258	RXR-gamma
6258	RXRgamma
6259	D3S3195
6259	JTK5
6259	JTK5A
6259	RYK1
6260	JTK5B
6260	RYKL1
6260	RYKP
6261	CCO
6261	MHS
6261	MHS1
6261	PPP1R137
6261	RYR
6262	ARVC2
6262	ARVD2
6262	VTSIP
6271	S100-alpha
6271	S100A
6272	Gp95
6272	NT3
6273	CAN19
6273	S100L
6274	S100E
6275	18A2
6275	42A
6275	CAPL
6275	MTS1
6275	P9KA
6275	PEL98
6276	S100D
6277	2A9
6277	CABP
6277	CACY
6277	PRA
6278	PSOR1
6278	S100A7c
6279	60B8AG
6279	CAGA
6279	CFAG
6279	CGLA
6279	MRP-8
6279	S100-A8
6280	CAGB
6280	CGLB
6280	LIAG
6280	MAC387
6280	MRP-14
6280	MRP14
6280	NIF
6280	S100-A9
6281	42C
6281	ANX2LG
6281	CAL1L
6281	CLP11
6281	P11
6282	S100C
6283	CAAF1
6283	CAGC
6283	CGRP
6283	ENRAGE
6285	S100beta
6288	PIG4
6288	SAA
6288	TP53I4
6290	SAA3
6291	C-SAA
6291	CSAA
6293	ARE1
6293	SACM2L
6294	HET
6294	SAFB1
6295	ARRESTIN
6295	RP47
6296	SA
6296	SAH
6297	Hsal2
6297	KIAA0360
6297	ZNF795
6299	Hsal1
6299	TBS
6299	ZNF794
6300	ERK6
6300	PRKM12
6300	SAPK-3
6300	SAPK3
6300	p38gamma
6301	SARS
6301	SERS
6302	SAS
6303	SAT
6303	SSAT
6305	DENND7A
6305	MTMR5
6307	DESP4
6307	ERG25
6307	SC4MOL
6308	DESP4P1
6309	SC5DL
6310	ATX1
6310	D6S504E
6310	SCA1
6311	ATX2
6311	SCA2
6311	TNRC13
6314	ADCAII
6314	OPCA3
6314	SCA7
6314	SGF73
6315	KLHL1AS
6315	NCRNA00003
6315	SCA8
6317	HsT1196
6317	SCC
6317	SCCA1
6317	T4-A
6318	LEUPIN
6318	PI11
6318	SCCA-2
6318	SCCA2
6319	FADS5
6319	SCD1
6319	SCDOS
6320	CLECSF3
6320	LSLCL
6320	SCGF
6323	FEB3
6323	GEFSP2
6323	HBSCI
6323	Nav1.1
6323	SCN1
6323	SMEI
6326	HBSCII
6326	Nav1.2
6326	SCN2A1
6326	SCN2A2
6328	Nav1.3
6329	HYKPP
6329	HYPP
6329	Nav1.4
6329	SkM1
6330	LQT10
6331	CDCD2
6331	CMD1E
6331	CMPD2
6331	HB1
6331	HB2
6331	HBBD
6331	HH1
6331	ICCD
6331	IVF
6331	LQT3
6331	Nav1.5
6331	PFHB1
6331	SSS1
6332	NaG
6332	Nav2.1
6332	Nav2.2
6332	SCN6A
6334	CIAT
6334	CerIII
6334	MED
6334	NaCh6
6334	Nav1.6
6334	PN4
6335	ETHA
6335	NE-NA
6335	NENA
6335	Nav1.7
6335	PN1
6336	Nav1.8
6336	PN3
6336	SNS
6336	hPN3
6337	ENaCalpha
6337	SCNN1
6338	ENaCbeta
6339	ENaCdelta
6339	dNaCh
6340	ENaCgamma
6340	SCNEG
6341	SCOD1
6345	SAR
6346	I-309
6346	P500
6346	SCYA1
6346	SISe
6346	TCA3
6347	GDCF-2
6347	HC11
6347	MCP-1
6347	MCP1
6347	MGC9434
6347	SCYA2
6347	SMC-CF
6348	G0S19-1
6348	LD78
6348	LD78ALPHA
6348	MIP-1-alpha
6348	SCI
6348	SCYA3
6349	D17S1718
6349	G0S19-2
6349	LD78BETA
6349	SCYA3L
6349	SCYA3L1
6351	AT744.1
6351	Act-2
6351	LAG1
6351	MIP-1-beta
6351	SCYA4
6352	D17S136E
6352	MGC17164
6352	RANTES
6352	SCYA5
6352	SISd
6352	TCP228
6354	FIC
6354	MARC
6354	MCP-3
6354	MCP3
6354	NC28
6354	SCYA6
6354	SCYA7
6355	HC14
6355	MCP-2
6355	SCYA8
6356	MGC22554
6356	SCYA11
6356	eotaxin
6357	CKb10
6357	MCP-4
6357	MGC17134
6357	NCC-1
6357	SCYA13
6358	CKb1
6358	HCC-1
6358	HCC-3
6358	MCIF
6358	NCC-2
6358	SCYA14
6359	HMRP-2B
6359	Lkn-1
6359	MIP-1d
6359	MIP-5
6359	NCC-3
6359	SCYA15
6360	CKb12
6360	LCC-1
6360	LEC
6360	LMC
6360	Mtn-1
6360	NCC-4
6360	SCYA16
6360	SCYL4
6361	ABCD-2
6361	SCYA17
6361	TARC
6362	AMAC-1
6362	CKb7
6362	DC-CK1
6362	DCCK1
6362	MIP-4
6362	PARC
6362	SCYA18
6363	CKb11
6363	ELC
6363	MIP-3b
6363	SCYA19
6363	exodus-3
6364	CKb4
6364	LARC
6364	MIP-3a
6364	SCYA20
6364	ST38
6364	exodus-1
6366	6Ckine
6366	CKb9
6366	ECL
6366	SCYA21
6366	SLC
6366	TCA4
6366	exodus-2
6367	A-152E5.1
6367	ABCD-1
6367	DC/B-CK
6367	MGC34554
6367	SCYA22
6367	STCP-1
6368	CKb8
6368	Ckb-8
6368	MIP-3
6368	MPIF-1
6368	SCYA23
6369	Ckb-6
6369	MPIF-2
6369	MPIF2
6369	SCYA24
6369	eotaxin-2
6370	Ckb15
6370	SCYA25
6370	TECK
6372	CKA-3
6372	GCP-2
6372	SCYB6
6373	H174
6373	I-TAC
6373	IP-9
6373	SCYB11
6373	SCYB9B
6373	b-R1
6374	ENA-78
6374	SCYB5
6375	ATAC
6375	LPTN
6375	LTN
6375	SCM-1
6375	SCM-1a
6375	SCYC1
6376	ABCD-3
6376	C3Xkine
6376	CXC3
6376	CXC3C
6376	SCYD1
6382	CD138
6382	SDC
6382	SYND1
6382	syndecan
6383	CD362
6383	HSPG
6383	HSPG1
6383	SYND2
6383	fibroglycan
6385	SYND4
6385	amphiglycan
6385	ryudocan
6386	MDA-9
6386	SDCBP1
6386	SYCL
6387	PBSF
6387	SCYB12
6387	SDF-1a
6387	SDF-1b
6387	SDF1
6387	SDF1A
6387	SDF1B
6387	TLSF-a
6387	TLSF-b
6387	TPAR1
6389	SDH2
6389	SDHF
6390	SDH
6390	SDH1
6391	CYB560
6391	PGL3
6391	cybL
6392	PGL
6392	PGL1
6392	cybS
6396	D3S1231E
6396	SEC13L1
6396	SEC13R
6396	npp-20
6397	PRELID4A
6397	SEC14L
6399	MIP-2A
6399	SEDL
6399	SEDT
6399	TRS20
6399	ZNF547L
6399	hYP38334
6400	Hrd3
6400	IBD2
6400	SEL1L1
6401	CD62E
6401	ELAM
6401	ELAM1
6401	ESEL
6402	CD62L
6402	LAM-1
6402	LAM1
6402	LNHR
6402	LSEL
6402	LYAM1
6402	Leu-8
6402	Lyam-1
6402	PLNHR
6402	hLHRc
6403	CD62
6403	CD62P
6403	GMP-140
6403	GMP140
6403	GRMP
6403	PADGEM
6403	PSEL
6404	CD162
6404	PSGL-1
6405	SEMAK
6405	Sema4
6406	CT103
6406	SEMG
6407	SGII
6414	SEPP
6414	SEPP1
6414	SeP
6415	SELW
6415	SEPW1
6416	JNKK
6416	JNKK1
6416	MAPKK4
6416	MEK4
6416	MKK4
6416	PRKMK4
6416	SAPKK1
6416	SEK1
6416	SERK1
6416	SKK1
6418	2PP2A
6418	IGAAD
6418	IPP2A2
6418	PHAPII
6418	TAF-I
6418	TAF-IBETA
6419	metnase
6421	PPP1R140
6422	FRP-1
6422	SARP2
6423	FRP-2
6423	SARP1
6423	SDF-5
6424	FRP-4
6424	FRZB-2
6424	frpHE
6425	SARP3
6426	SF2
6426	SF2p33
6426	SFRS1
6426	SRp30a
6427	PR264
6427	SC-35
6427	SC35
6427	SFRS2
6427	SFRS2A
6428	SFRS3
6428	SRp20
6429	SFRS4
6429	SRP75
6430	HRS
6430	SFRS5
6430	SRP40
6431	B52
6431	SFRS6
6431	SRP55
6432	AAG3
6432	HSSG1
6432	RBM37
6432	SFRS7
6432	ZCCHC20
6432	ZCRB2
6433	SFRS8
6434	Htra2-beta
6434	PPP1R156
6434	SFRS10
6439	SFTP3
6439	SP-B
6440	BRICD6
6440	PSP-C
6440	SFTP2
6440	SMDP2
6440	SP-C
6441	COLEC7
6441	SFTP4
6441	SP-D
6442	ADL
6442	DMDA2
6442	LGMD2D
6442	SCARMD1
6442	adhalin
6443	A3b
6443	LGMD2E
6443	SGC
6444	CMD1L
6444	DAGD
6444	LGMD2F
6445	DAGA4
6445	DMDA
6445	DMDA1
6445	LGMD2C
6445	MAM
6445	MGC130048
6445	SCARMD2
6445	TYPE
6446	SGK
6447	7B2
6447	SGNE1
6447	SgV
6448	MPS3A
6448	SFMD
6449	SGT
6449	SGT1
6449	UBP
6449	Vpu
6449	alphaSGT
6449	hSGT
6450	21-GARP
6451	MGC117402
6452	CRBM
6452	RES4-23
6453	ITSN
6453	MGC134948
6453	MGC134949
6453	SH3D1A
6453	SH3P17
6455	CNSA1
6455	EEN
6455	MGC111371
6455	SH3D2B
6455	SH3P8
6456	CNSA2
6456	EEN-B1
6456	SH3D2A
6456	SH3P4
6457	CNSA3
6457	EEN-B2
6457	HsT19371
6457	SH3D2C
6457	SH3P13
6458	CNSA-P1
6458	SH3GLP1
6459	CNSA-P2
6459	SH3GLP2
6462	MGC126834
6462	MGC138391
6462	TEBG
6464	SHC
6464	ShcA
6464	p66
6466	SHCL1
6468	Fbw4
6468	SHFM3
6468	dactylin
6469	HHG1
6469	HLP3
6469	HPE3
6469	MCOPCB5
6469	SMMCI
6469	TPTPS
6470	MGC15229
6470	MGC24556
6470	cSHMT
6471	SHMT-ps1
6471	SHMT1P
6472	SHMT
6472	mSHMT
6473	GCFX
6473	PHOG
6473	SHOX1
6473	SHOXY
6474	OG12
6474	OG12X
6474	SHOT
6477	hSIAH1
6480	CDw75
6480	SIAT1
6482	SIAT4A
6482	SIATFL
6482	ST3GalA.1
6482	ST3O
6483	SIAT4B
6483	ST3GALII
6483	ST3GalA.2
6484	CGS23
6484	FLJ11867
6484	NANTA3
6484	SAT3
6484	SIAT4
6484	SIAT4C
6484	STZ
6487	MRT12
6487	SIAT6
6489	SIAT8
6489	SIAT8A
6490	D12S53E
6490	HMB-45
6490	HMB45
6490	ME20
6490	Pmel17
6490	SIL
6490	SILV
6490	gp100
6491	MCPH7
6492	bHLHe14
6493	MGC119447
6493	SIM
6493	bHLHe15
6494	SPA1
6495	DFNA23
6496	HPE2
6498	SNO
6498	SnoA
6498	SnoN
6499	170A
6499	DDX13
6499	SKI2
6499	SKI2W
6499	SKIV2
6499	SKIV2L
6499	SKIV2L1
6500	EMC19
6500	MGC34403
6500	OCP-II
6500	SKP1A
6500	p19A
6502	FBL1
6502	FBXL1
6503	SLA1
6503	SLAP-1
6503	hSLAP
6504	CD150
6504	IPO-3
6504	IPO3
6504	SLAM
6505	EAAC1
6505	EAAT3
6505	hEAAC1
6506	EAAT2
6506	GLT-1
6506	GLT1
6506	HBGT
6507	EA6
6507	EAAT1
6507	GLAST
6507	GLAST-1
6507	GLAST1
6508	AE3
6508	SLC2C
6509	ASCT-1
6509	ASCT1
6509	SATT
6510	AAAT
6510	ASCT2
6510	M7V1
6510	RDRC
6511	EAAT4
6512	EAAT5
6513	CSE
6513	DYT18
6513	DYT9
6513	GLUT
6513	GLUT-1
6513	GLUT1
6513	HTLVR
6514	GLUT-2
6514	GLUT2
6515	GLUT3
6517	GLUT4
6518	GLUT5
6519	CSNU1
6519	D2H
6519	NBAT
6519	RBAT
6520	4F2
6520	4F2HC
6520	4T2HC
6520	CD98
6520	CD98HC
6520	MDU1
6520	NACAE
6521	AE1
6521	CD233
6521	DI
6521	EMPB3
6521	EPB3
6521	FR
6521	RTA1A
6521	SW
6521	WD
6521	WR
6522	AE2
6522	BND3L
6522	EPB3L1
6522	HKB3
6522	NBND3
6523	D22S675
6523	NAGT
6523	SGLT-1
6523	SGLT1
6524	SGLT2
6526	SMIT
6526	SMIT1
6527	DJ90G24.4
6527	SAAT1
6527	SGLT3
6528	NIS
6529	GABATHG
6529	GABATR
6529	GAT-1
6529	GAT1
6529	hGAT-1
6530	NET
6531	DAT
6531	DAT1
6532	5-HTT
6532	OCD1
6532	SERT1
6533	TAUT
6534	PROT
6535	CRT
6535	CRT-1
6535	CRT1
6535	CRTR
6535	CT1
6536	GlyT-1
6538	GAT3
6539	BGT-1
6540	GAT2
6541	ATRC1
6541	CAT-1
6541	ERR
6541	HCAT1
6541	REC1L
6542	ATRC2
6542	CAT-2
6542	CAT-2A
6542	CAT-2B
6542	HCAT2
6542	SLC7A2A
6542	SLC7A2B
6543	KIAA1087
6543	NCX2
6545	CAT-4
6545	HCAT3
6546	NCX1
6547	NCX3
6548	APNH
6548	NHE-1
6548	NHE1
6548	PPP1R143
6549	NHE2
6550	NHE-3
6550	NHE3
6551	NHE3P
6551	SLC9A3P
6551	SLC9A3P4
6553	NHE5
6554	NTCP
6554	NTCP1
6555	ASBT
6555	IBAT
6555	ISBT
6555	NTCP2
6556	LSH
6556	NRAMP
6556	NRAMP1
6557	BSC
6557	BSC-1
6557	BSC1
6557	CCC2
6557	NKCC2
6558	BSC-2
6558	BSC2
6558	CCC1
6558	NKCC1
6558	PPP1R141
6559	NCC
6559	NCCT
6560	KCC1
6561	NaSi-1
6563	HsT1341
6563	JK
6563	RACH1
6563	RACH2
6564	HPECT1
6564	HPEPT1
6564	PEPT1
6565	PEPT2
6567	AHDS
6567	DXS128
6567	DXS128E
6567	MCT7
6567	MCT8
6567	MRX22
6567	XPCT
6568	NAPI-1
6568	NPT1
6569	NAPI-3
6569	NPT2
6569	NPTIIa
6569	SLC11
6570	CGAT
6570	VMAT1
6571	SVAT
6571	SVMT
6571	VAT2
6571	VMAT2
6572	VACHT
6573	FOLT
6573	IFC-1
6573	RFC
6573	RFT-1
6573	hRFC
6574	GLVR1
6574	Glvr-1
6574	PiT-1
6574	PiT1
6575	GLVR2
6575	Glvr-2
6575	MLVAR
6575	PIT2
6575	PiT-2
6575	Ram-1
6576	CTP
6576	SLC20A3
6578	MATR1
6578	OATP2A1
6578	PGT
6578	SLC21A2
6579	OATP
6579	OATP-A
6579	OATP1A2
6579	SLC21A3
6583	DFNB60
6583	MGC34546
6583	OCTN1
6584	CDSP
6584	OCTN2
6585	MEGF4
6585	SLIL1
6585	Slit-1
6586	MEGF5
6586	SLIL2
6586	Slit-3
6586	slit2
6588	MGC12301
6588	MGC125854
6588	MGC125855
6590	BLPI
6590	HUSI
6590	HUSI-I
6590	WAP4
6590	WFDC4
6591	SLUG
6591	SLUGH
6591	SLUGH1
6591	SNAIL2
6594	ISWI
6594	NURF140
6594	SNF2L
6594	SNF2L1
6594	SNF2LB
6594	SWI
6594	hSNF2L
6595	BAF190
6595	BRM
6595	SNF2
6595	SNF2L2
6595	SNF2LA
6595	SWI2
6595	Sth1p
6595	hBRM
6595	hSNF2a
6596	HIP116A
6596	HLTF1
6596	RNF80
6596	SMARCA3
6596	SNF2L3
6597	BRG1
6597	FLJ39786
6597	SNF2-BETA
6597	SNF2L4
6597	hSNF2b
6598	BAF47
6598	INI-1
6598	Ini1
6598	PPP1R144
6598	RDT
6598	SNF5
6598	SNF5L1
6598	Sfh1p
6598	Snr1
6598	hSNFS
6599	BAF155
6599	CRACC1
6599	Rsc8
6599	SRG3
6601	BAF170
6601	CRACC2
6602	BAF60A
6602	CRACD1
6602	Rsc6p
6603	BAF60B
6603	CRACD2
6603	PRO2451
6604	BAF60C
6604	CRACD3
6605	BAF57
6606	BCD541
6606	GEMIN1
6606	SMA
6606	SMA1
6606	SMA2
6606	SMA@
6606	SMNT
6606	TDRD16A
6607	SMNC
6607	TDRD16B
6608	FZD11
6608	SMOH
6610	ISC1
6610	nSMase
6611	MRSR
6611	SPMSY
6611	SRS
6611	SpS
6612	SMT3A
6612	SMT3H1
6613	SMT3B
6613	SMT3H2
6614	CD169
6614	FLJ00051
6614	FLJ00055
6614	FLJ00073
6614	FLJ32150
6614	SIGLEC-1
6614	SN
6614	dJ1009E24.1
6615	SLUGH2
6615	SNA
6615	SNAH
6615	SNAIL
6615	SNAIL1
6616	RIC-4
6616	RIC4
6616	SEC9
6616	SNAP
6616	SNAP-25
6616	bA416N4.2
6616	dJ1068F16.2
6617	PTFgamma
6617	SNAP43
6618	PTFdelta
6618	SNAP45
6619	MGC132011
6619	MGC33124
6619	PTFbeta
6619	SNAP50
6621	FLJ13451
6621	PTFalpha
6621	SNAP190
6622	NACP
6622	PARK1
6622	PARK4
6623	BCSG1
6623	SR
6623	persyn
6624	FLJ38511
6624	SNL
6624	p55
6625	RNPU1Z
6625	RPU1
6625	SNRP70
6625	Snp1
6625	U1-70K
6626	Mud1
6626	U1-A
6626	U1A
6627	Lea1
6627	U2A\'
6628	COD
6628	SNRPB1
6628	Sm-B/B\'
6628	SmB/SmB\'
6628	snRNP-B
6629	Msl1
6629	U2B\'\'
6631	U1-C
6631	Yhc1
6632	HsT2456
6632	SNRPD
6632	Sm-D1
6633	Sm-D2
6634	SMD3
6634	Sm-D3
6635	Sm-E
6636	Sm-F
6637	Sm-G
6638	HCERN3
6638	PWCR
6638	RT-LI
6638	SM-D
6638	SMN
6638	SNRNP-N
6638	SNURF-SNRPN
6640	LQT12
6640	SNT1
6640	TACIP1
6641	59-DAP
6641	A1B
6641	BSYN2
6641	SNT2
6641	SNT2B1
6641	TIP-43
6642	HsT17379
6642	MGC8664
6642	SNX1A
6642	Vps5
6644	SRIL
6645	D16S2531E
6645	EST25263
6645	SNT2B2
6645	SNT3
6645	SNTL
6646	SOAT
6646	STAT
6647	ALS
6647	ALS1
6647	IPOA
6648	GClnc1
6648	MnSOD
6648	lncRNA-GC1
6649	EC-SOD
6650	SOLH
6651	BASS1
6651	C21orf50
6651	DBP-5
6651	FLJ21099
6651	FLJ33914
6651	KIAA1019
6651	NREBP
6653	C11orf32
6653	LR11
6653	SorLA
6653	SorLA-1
6653	gp250
6654	GINGF
6658	PHP
6660	L-SOX5
6660	MGC35153
6661	SOX29
6661	SOX5P
6662	CMD1
6662	CMPD1
6663	DOM
6663	SOX-10
6663	WS2E
6663	WS4
6665	SOX20
6665	SOX26
6665	SOX27
6666	SOX22
6668	KIAA0048
6670	SPR-2
6671	HF1B
6671	MGC130008
6671	MGC130009
6671	SPR-1
6674	CILD28
6674	CT140
6674	DNAAF13
6674	FLJ32920
6674	HSD-3.8
6674	SP75
6674	TPIS
6675	AGX1
6675	AgX
6675	SPAG2
6676	CT127
6676	SUN4
6677	HYAL5
6677	PH-20
6677	SPAG15
6678	BM-40
6678	ON
6678	ONT
6683	ADPSP
6683	FSP2
6683	KIAA1083
6683	SPG4
6687	CMAR
6687	SPG5C
6688	PU.1
6688	SFPI1
6688	SPI-1
6688	SPI-A
6689	SPI-B
6690	PCTT
6690	PSTI
6690	Spink3
6690	TATI
6691	HUSI-II
6692	HAI
6692	HAI-1
6692	MANSC2
6693	CD43
6693	GPL115
6693	LEU-22
6693	LSN
6694	SPP24
6695	SPOCK
6695	TIC1
6695	testican-1
6696	BNSP
6696	BSPI
6696	ETA-1
6696	OPN
6696	lnc-PKD2-2-3
6697	SDR38C1
6699	GADD33
6699	SPRR1
6708	EL2
6712	SCA5
6714	ASV
6714	SRC1
6714	c-src
6718	SRD5B1
6719	SRD5AP1
6720	SREBP-1c
6720	SREBP1
6720	SREBP1a
6720	bHLHd1
6721	SREBP2
6721	bHLHd2
6722	MCM1
6723	SRML1
6725	C20orf148
6725	PTK70
6725	dJ697K14.1
6727	ALURBP
6727	MGC14326
6732	SFRSK1
6733	SFRSK2
6734	SR-alpha
6734	SRP-alpha
6734	SRPR
6734	Sralpha
6736	TDF
6737	RNF81
6737	RO52
6737	SSA1
6738	SSA2
6738	TROVE2
6741	LARP3
6741	La
6741	La/SSB
6742	SSBP
6742	mtSSB
6744	CS-1
6744	KIAA1927
6744	KRAP
6744	SPAG13
6744	SSFA2
6745	TRAPA
6746	TLAP
6746	TRAPB
6747	TRAPG
6748	TRAPD
6749	FACT80
6750	SMST
6750	SST1
6756	CT5.1
6757	CT5.2a
6757	HD21
6757	HOM-MEL-40
6757	MGC119055
6757	MGC15364
6757	MGC3884
6757	SSX
6759	CT5.4
6760	SMARCL1
6760	SSXT
6764	HTS1
6764	ST5
6764	p126
6767	FAM10A1
6767	HSPABP1
6767	P48
6767	SNC6
6768	MT-SP1
6768	PRSS14
6768	SNC19
6768	TMPRSS14
6769	STAC1
6770	STARD1
6771	STARD1P1
6772	ISGF-3
6772	STAT91
6773	STAT113
6774	APRF
6776	STAT5
6778	D12S1644
6778	IL-4-STAT
6779	STR
6780	PPP1R150
6780	STAU
6781	STC
6782	STCH
6783	STE
6785	CT118
6785	SCA34
6785	STGD2
6785	STGD3
6786	D11S4896E
6786	GOK
6787	NRK2
6787	STK2
6787	pp12301
6788	KRS1
6788	MST2
6789	KRS2
6789	YSK3
6790	AIK
6790	ARK1
6790	AurA
6790	BTAK
6790	PPP1R47
6790	STK15
6790	STK6
6791	AURKAPS1
6791	AurAps1
6791	STK6P
6792	CFAP247
6792	EIEE2
6792	STK9
6793	LOK
6793	PRO2729
6794	LKB1
6794	PJS
6795	ARK3
6795	AurC
6795	STK13
6799	HAST4
6799	STP2
6801	PPP2R6A
6801	STRN1
6803	STS-Y
6803	STSP
6804	HPC-1
6804	STX1
6804	p35-1
6809	STX3A
6810	STX4A
6810	p35-2
6811	SED5
6811	STX5A
6812	MUNC18-1
6812	UNC18
6812	hUNC18
6812	nSec1
6812	rbSec1
6813	Hunc18b
6813	MUNC18-2
6813	UNC18B
6813	Unc18-2
6814	UNC-18C
6817	P-PST
6817	STP
6817	STP1
6818	STM
6818	TL-PST
6819	ST1C1
6819	SULT1C1
6822	DHEA-ST
6822	STD
6824	HCGVII
6824	SUP45L2
6825	SUP45L3
6827	SPT4H
6827	SUPT4H
6827	Spt4
6827	Supt4a
6829	FLJ34157
6829	SPT5
6829	SPT5H
6830	KIAA0162
6830	SPT6H
6832	SUV3
6833	ABC36
6833	HHF1
6833	HI
6833	HRINS
6833	MRP8
6833	PHHI
6833	SUR
6833	SUR1
6833	TNDM2
6834	SHY1
6836	ERV29
6836	FLJ22993
6836	MGC102753
6837	Med24
6837	SRB6
6837	SURF5
6838	FLJ30322
6838	RRP14
6839	KMT1A
6839	SUV39H
6843	SYB1
6843	VAMP-1
6844	SYB2
6844	VAMP-2
6845	SYBL1
6845	TI-VAMP
6845	VAMP-7
6846	SCM-1b
6846	SCYC2
6847	CT8
6847	HOM-TES-14
6847	SCP1
6853	MRX50
6854	SYNII
6854	SYNIIa
6854	SYNIIb
6855	MRX96
6856	SYPL
6857	SVP65
6857	SYT
6860	HsT1192
6860	KIAA1342
6862	T
6863	NKNA
6863	NPK
6863	TAC2
6865	NK2R
6865	NKNAR
6865	SKR
6865	TAC2R
6866	LncZBTB39
6866	LncZBTB39-1:2
6866	NK3
6866	NKB
6866	NKNB
6866	ZNEUROK1
6868	CD156B
6868	TACE
6868	cSVP
6869	NK1R
6869	NKIR
6869	TAC1R
6870	NK3R
6870	TAC3R
6871	ADA2A
6871	TADA2L
6871	hADA2
6872	BA2R
6872	CCG1
6872	CCGS
6872	DYT3
6872	DYT3/TAF1
6872	TAF2A
6872	TAFII250
6873	CIF150
6873	TAF2B
6873	TAFII150
6874	TAF2C
6874	TAF2C1
6874	TAF4A
6874	TAFII130
6874	TAFII135
6875	TAF2C2
6876	DKFZp686P11128
6876	SM22
6876	SMCC
6876	TAGLN1
6876	TGLN
6876	WS3-10
6877	TAF2D
6877	TAFII100
6878	MGC:8964
6878	TAF2E
6878	TAFII70
6878	TAFII80
6878	TAFII85
6879	TAF2F
6879	TAFII55
6880	AD-004
6880	CGI-137
6880	MGC1603
6880	MGC3647
6880	MGC5067
6880	TAF2G
6880	TAFII31
6880	TAFII32
6880	TAFIID32
6881	TAF2H
6881	TAFII30
6882	TAF2I
6882	TAFII28
6883	TAF2J
6883	TAFII20
6884	TAF2K
6884	TAFII18
6885	MEKK7
6885	TAK1
6886	TCL5
6886	bHLHa17
6887	bHLHa19
6889	TAL-H
6889	TALDO
6889	TALDOP1
6890	ABCB2
6890	D6S114E
6890	RING4
6891	ABCB3
6891	D6S217E
6891	RING11
6892	NGS17
6892	TAPA
6892	TPN
6892	TPSN
6894	TRM3
6894	TRMT3
6894	TRP-185
6895	Trbp
6896	TARBP2P
6897	TARS
6899	CATCH22
6899	VCF
6900	AXT
6900	TAG-1
6900	TAX
6900	TAX1
6901	BTHS
6901	CMD3A
6901	EFE
6901	EFE2
6901	G4.5
6901	TAZ
6901	TAZ1
6903	CFC
6905	HRD
6905	KCS
6905	KCS1
6905	pac2
6906	TBG
6907	EBI
6907	TBL1
6908	GTF2D1
6908	SCA17
6908	TFIID
6910	HOS
6913	TBX14
6916	CYP5
6916	CYP5A1
6916	THAS
6916	TXAS
6916	TXS
6917	GTF2S
6917	SII
6917	TCEA
6917	TF2S
6917	TFIIS
6918	GTF2SP
6918	TCEA1P
6920	TFIIS.H
6921	TCEB1
6922	OCP2
6922	TCEB1L
6922	TCEB1P
6923	TCEB2
6924	ELOA1
6924	SIII
6924	TCEB3
6924	TCEB3A
6925	E2-2
6925	ITF2
6925	SEF2-1B
6925	bHLHb19
6926	TBX3-ISO
6926	UMS
6926	XHL
6927	HNF1
6927	HNF1α
6927	LFB1
6927	MODY3
6927	TCF1
6928	HNF1beta
6928	HNF1β
6928	LFB3
6928	MODY5
6928	TCF2
6928	VHNF1
6929	E2A
6929	E47
6929	ITF1
6929	MGC129647
6929	MGC129648
6929	VDIR
6929	bHLHb21
6932	TCF-1
6934	TCF-4
6935	AREB6
6935	BZP
6935	FECD6
6935	NIL-2-A
6935	PPCD3
6935	TCF8
6935	ZEB
6935	Zfhep
6935	Zfhx1a
6936	C2orf3
6936	DNABF
6936	GCF
6936	TCF9
6938	HEB
6938	HTF4
6938	HsT17266
6938	bHLHb20
6938	p64
6939	EC2
6939	PARAXIS
6939	bHLHa40
6940	EZNF
6940	HKL1
6940	KID-1
6940	KID1
6940	TCF17
6941	SC1
6942	AR1
6942	SPBP
6943	POD1
6943	bHLHa23
6944	Swc2
6944	TCFL1
6944	YL-1
6944	YL1
6945	MAD7
6945	MXD7
6945	TCFL4
6945	bHLHd13
6947	TCI
6948	D22S676
6948	D22S750
6948	TC2
6949	TCS
6949	treacle
6950	CCT1
6950	Ccta
6952	TCP1L2
6953	TCP10
6954	D6S230E
6954	FPPR
6955	TCRA
6955	TRA@
6956	TCRAV5S1
6957	TCRB
6957	TRB@
6958	TCRBV29S2
6958	TCRBV4O
6958	TCRBV4S2O
6958	TRBV29/OR9-2
6959	TCRBV10O
6959	TCRBV10S2O
6959	TCRBV21S2
6959	TRBV21/OR9-2
6960	TCRBV11O
6960	TCRBV11S2O
6960	TCRBV25S2
6960	TRBV25/OR9-2
6961	TCRBV15O
6961	TCRBV15S2O
6961	TCRBV24S2
6961	TRBV24/OR9-2
6962	TCRBV20S2
6962	TCRBV2O
6962	TCRBV2S2O
6962	TRBV20/OR9-2
6964	TCRD
6964	TCRDV1
6964	TRD@
6965	TCRG
6965	TRG@
6966	TCRGC1
6967	TCRGC2
6967	TRGC2(2X)
6967	TRGC2(3X)
6968	TCRGJ1
6969	TCRGJ2
6970	JP
6970	TCRGJP
6971	TCRGJP1
6972	TCRGJP2
6973	TCRGV1
6973	V1S1P
6974	TCRGV2
6974	VIS2
6976	TCRGV3
6976	V1S3
6977	TCRGV4
6977	V1S4
6978	TCRGV5
6978	V1S5
6979	TCRGV5P
6979	V1S5P
6980	TCRGV6
6981	TCRGV7
6981	V1S7P
6982	TCRGV8
6982	V1S8
6983	TCRGV9
6983	V2
6984	TCRGV10
6984	V3P
6985	TCRGV11
6985	V4P
6986	TCRGVA
6986	V5P
6987	TCRGVB
6987	V6P
6990	TCTE1L
6990	TCTEX1L
6991	TCTE3
6991	TCTEX1D3
6991	TCTEX2
6991	Tctex4
6991	oda12
6992	CFAP255
6992	HCG-V
6992	HCGV
6992	TCTE5
6992	Tctex5
6993	TCTEL1
6993	TCTEX1
6993	Tctex-1
6997	CR-1
6997	Cripto-1
6997	TDGF1
6998	CR-3
6998	CRIPTO-3
6998	TDGF1P3
6998	TDGF3
6999	TDO
7001	MGC4104
7001	NKEFB
7001	PRP
7001	PRX2
7001	PRXII
7001	TDPX1
7001	TSA
7002	PAGB
7002	TDPX2
7003	AA
7003	TCF13
7003	TEF-1
7004	EFTR-2
7004	RTEF-1
7004	TCF13L1
7004	TEF-3
7004	TEFR-1
7005	ETFR-1
7005	TEAD5
7005	TEF-5
7006	PSCTK4
7007	DFNA12
7007	DFNA8
7007	DFNB21
7008	KIAA1655
7009	BAXI1
7009	BI-1
7009	TEGT
7010	CD202b
7010	TIE-2
7010	TIE2
7010	VMCM
7010	VMCM1
7011	TLP1
7011	TP1
7011	TROVE1
7011	VAULT2
7011	p240
7012	SCARNA19
7012	TRC3
7012	hTR
7013	PIN2
7013	TRBF1
7013	TRF1
7014	TRBF2
7015	EST2
7015	TCS1
7015	TP2
7015	TRT
7015	hEST2
7018	PRO1557
7018	PRO2086
7019	TCF6
7019	TCF6L2
7020	AP-2
7020	AP-2alpha
7020	AP2TF
7020	TFAP2
7021	AP-2beta
7021	AP2-B
7022	AP2-GAMMA
7022	TFAP2G
7022	hAP-2g
7023	AP-4
7023	bHLHc41
7024	CP2
7024	LBP-1C
7024	LSF
7024	TFCP2C
7025	COUP-TFI
7025	COUPTF1
7025	EAR-3
7025	ERBAL3
7025	SVP44
7025	TCFCOUP1
7025	TFCOUP1
7026	ARP1
7026	COUP-TFII
7026	COUPTF2
7026	COUPTFB
7026	NF-E3
7026	SVP40
7026	TFCOUP2
7027	DILC
7027	DRTF1
7027	Dp-1
7029	Dp-2
7030	TFEA
7030	bHLHe33
7031	BCEI
7031	D21S21
7031	HP1.A
7031	pNR-2
7031	pS2
7032	SML1
7033	HITF
7033	ITF
7035	EPI
7035	LACI
7035	TFI
7035	TFPI1
7036	HFE3
7036	TFRC2
7037	CD71
7037	TFR1
7038	AITD3
7038	TGN
7040	CED
7040	DPD1
7040	TGFB
7040	TGFbeta
7041	ARA55
7041	Hic-5
7041	TSC-5
7043	ARVD
7043	ARVD1
7044	EBAF
7044	LEFTA
7044	LEFTYA
7044	TGFB4
7045	BIGH3
7045	CDB1
7045	CDGG1
7045	CSD1
7045	CSD2
7045	CSD3
7045	LCD1
7046	ALK-5
7046	ALK5
7046	ESS1
7046	MSSE
7046	TBR-i
7046	TBRI
7047	TGP
7048	MFS2
7048	TBR-ii
7048	TBRII
7049	BGCAN
7049	betaglycan
7050	HPE4
7050	TGIF
7051	ICR2
7051	LI
7051	LI1
7051	TGASE
7051	TGK
7052	TG2
7052	TGC
7053	TGE
7054	DYT5b
7056	BDCA-3
7056	CD141
7056	THRM
7057	THBS
7057	THBS-1
7057	TSP
7057	TSP-1
7057	TSP1
7058	TSP2
7062	THH
7066	MGDF
7066	MPLLG
7067	AR7
7067	EAR-7.1/EAR-7.2
7067	ERBA
7067	ERBA1
7067	NR1A1
7067	THRA1
7067	THRA2
7067	THRA3
7067	THRalpha
7067	THRalpha1
7067	THRalpha2
7067	TRalpha
7067	TRalpha1
7067	TRalpha2
7067	c-ERBA-1
7067	c-erbA
7068	ERBA-BETA
7068	ERBA2
7068	GRTH
7068	NR1A2
7068	PRTH
7068	THR1
7068	THRB1
7068	THRB2
7068	THRbeta
7068	THRbeta1
7068	TRb
7068	TRbeta
7068	TRbeta1
7068	Thrbeta2
7068	c-erbA-2
7068	c-erbA-beta
7069	LPGP1
7069	Lpgp
7069	SPOT14
7069	THRP
7070	CD90
7071	EGRA
7071	TIEG
7071	TIEG1
7072	TIA-1
7073	TIAR
7075	JTK14
7075	TIE
7076	CLGI
7076	TIMP
7077	CSC-21K
7078	SFD
7080	BCH
7080	NKX2A
7080	TITF1
7080	TTF-1
7082	DKFZp686M05161
7082	MGC133289
7082	ZO-1
7087	TLCN
7088	ESG
7088	ESG1
7088	GRG1
7088	TLE-1
7089	ESG2
7089	FLJ41188
7089	GRG2
7090	ESG3
7090	GRG3
7090	HsT18976
7090	KIAA1547
7091	E(spl)
7091	GRG4
7094	TLN
7095	Dtrp1
7095	HTP1
7095	TLOC1
7096	CD281
7096	KIAA0012
7096	rsc786
7097	CD282
7097	TIL4
7098	CD283
7099	ARMD10
7099	CD284
7099	TLR-4
7099	hToll
7100	MGC126430
7100	MGC126431
7100	SLEB1
7100	TIL3
7101	TLL
7101	TLX
7101	XTLL
7102	A15
7102	CD231
7102	DXS1692E
7102	MRX58
7102	MXS1
7102	TALLA-1
7102	TM4SF2
7103	CO-029
7103	TM4SF3
7104	il-TMP
7105	T245
7105	TM4SF6
7105	TSPAN-6
7106	NAG-2
7106	TETRASPAN
7106	TM4SF7
7106	TSPAN-4
7107	TM7SF1
7108	ANG1
7108	DHCR14A
7108	NET47
7109	EHOC-1
7109	TMEM1
7109	TRS130
7110	ARA160
7110	TMF
7111	D9S57E
7111	ETMOD
7111	TMOD
7112	LAP2
7112	LEMD4
7113	PRSS10
7114	TB4X
7114	TMSB4
7115	TMSL1
7116	TMSL2
7117	TMSL3
7118	TMSL4
7119	TMSL5
7120	TMSB4L
7120	TMSL6
7120	dJ1071L10.1
7121	TMSL7
7122	AWAL
7122	CPETRL1
7122	TMVCF
7123	TNA
7124	DIF
7124	TNF-alpha
7124	TNFA
7124	TNFSF2
7125	CFAP85
7125	FAP85
7126	B61
7126	BTBD34
7126	EDP1
7126	MGC2317
7127	B94
7127	EXOC3L3
7128	OTUD7C
7130	TSG-6
7130	TSG6
7132	CD120a
7132	TNF-R
7132	TNF-R-I
7132	TNF-R55
7132	TNFAR
7132	TNFR1
7132	TNFR60
7133	CD120b
7133	TNF-R-II
7133	TNF-R75
7133	TNFBR
7133	TNFR2
7133	TNFR80
7134	TNNC
7135	ssTnI
7136	AMCD2B
7136	DA2B
7136	FSSV
7136	fsTnI
7137	CMD2A
7137	CMH7
7137	cTNI
7138	ANM
7138	FLJ98147
7138	MGC104241
7138	NEM5
7138	STNT
7138	TNTS
7139	CMD1D
7139	CMH2
7140	DKFZp779M2348
7145	DKFZp586K0617
7145	MXRA6
7145	PPP1R155
7145	TNS
7146	D6S103E
7146	HXBL
7146	TNX
7146	XA
7148	TN-X
7148	TNXB1
7148	TNXB2
7148	TNXBS
7148	XB
7148	XBS
7153	TOP2
7153	TOP2alpha
7153	TOPIIA
7154	TRAN
7154	TRNAA1
7154	tRNA-Ala-TGC-7-1
7155	TOPIIB
7155	top2beta
7156	TOP3
7156	ZGRF7
7157	LFS1
7157	p53
7158	53BP1
7158	TDRD30
7158	p202
7159	53BP2
7159	ASPP2
7159	PPP1R13A
7161	P73
7162	5T4
7162	5T4-AG
7163	D52
7163	N8L
7163	hD52
7164	D53
7164	TPD53
7164	hD53
7165	D54
7165	TPD54
7165	hD54
7166	TPH
7166	TPRH
7168	C15orf13
7168	CMH3
7169	AMCD1
7169	NEM4
7170	NEM1
7173	TPX
7174	TPPII
7177	TPS1
7177	TPS2
7177	TPSB1
7178	TCTP
7178	fortilin
7179	CT44
7179	TPTE1
7180	CRISP-2
7180	CT36
7180	GAPDL5
7180	TPX1
7181	TR2
7181	TR2-11
7182	TR2R1
7182	TR4
7182	hTAK1
7183	TRC
7183	TRNAC1
7183	tRNA-Cys-GCA-24-1
7184	GP96
7184	GRP94
7184	TRA1
7185	EBI6
7186	RNF117
7186	TRAP3
7187	CAP-1
7187	CD40bp
7187	CRAF1
7187	RNF118
7188	RNF84
7189	RNF85
7190	GRP94P1
7190	GRP94b
7190	HSPCP2
7190	TRA1P1
7192	TRNAD1
7192	tRNA-Asp-GTC-9-1
7193	TRE
7193	TRNAE1
7193	tRNA-Glu-TTC-3-1
7195	TRNAG37
7195	tRNA-Gly-CCC-1-1
7196	TRG2
7196	TRNAG2
7196	tRNA-Gly-GCC-2-6
7197	TRG3
7197	TRNAG3
7197	tRNA-Gly-TCC-1-1
7198	TRG5
7198	TRGL1
7198	TRNAG5
7198	tRNA-Gly-GCC-3-1
7202	TRI
7202	TRNAI1
7202	tRNA-Ile-AAT-9-1
7203	Cctg
7203	TRIC5
7204	ARHGEF23
7205	MGC10556
7205	MGC10558
7205	MGC29959
7205	MGC3837
7205	MGC4423
7205	OIP1
7205	ZRP-1
7206	TRK1
7206	TRNAK1
7206	tRNA-Lys-TTT-3-5
7207	TRL1
7207	TRNAL1
7207	tRNA-Leu-AAG-2-3
7208	TRL2
7208	TRNAL2
7208	tRNA-Leu-TAG-1-1
7210	TRM1
7210	TRM2
7210	TRMI2
7210	TRNAM1
7210	TRNAMI2
7210	tRNA-iMet-CAT-1-2
7212	TRMI1
7212	TRNAM2
7212	TRNAMI1
7212	tRNA-iMet-CAT-2-1
7214	tRNA-Asn-GTT-2-7
7216	KIAA1114
7216	MAGE-D3
7216	MAGED3
7217	TRNAP1
7217	TRP1
7217	tRNA-Pro-AGG-2-5
7218	TRNAP2
7218	TRP2
7218	tRNA-Pro-AGG-2-6
7219	TRNAP3
7219	TRP3
7219	tRNA-Pro-TGG-3-1
7220	HTRP-1
7223	HTRP4
7223	TRP4
7224	PPP1R159
7225	FSGS2
7225	TRP6
7226	EREG1
7226	KNP3
7226	LTRPC2
7226	NUDT9H
7226	NUDT9L1
7227	GC79
7228	TRNAQ1
7228	TRQ1
7228	tRNA-Gln-CTG-1-5
7229	TRNAQ2
7229	TRQ2
7229	tRNA-Gln-TTG-1-1
7230	TRNAR1
7230	TRR1
7230	tRNA-Arg-TCT-2-1
7231	TRNAR2
7231	TRR2
7231	tRNA-Arg-ACG-1-2
7232	TRNAR3
7232	TRR3
7232	tRNA-Arg-TCG-4-1
7233	TRNAR4
7233	TRR4
7233	tRNA-Arg-CCG-2-1
7234	TRNAU1
7234	TRSP
7234	tRNA(Sec)
7234	tRNA-SeC-TCA-1-1
7235	TRNAU2
7235	TRSP2
7235	TRSPP1
7235	tRNA-SeC-TCA-2-1
7236	TRNAT1
7236	TRT1
7236	tRNA-Thr-TGT-6-1
7237	TRNAT2
7237	TRT2
7237	tRNA-Thr-TGT-3-1
7238	TRNAT3
7238	TRT3
7238	tRNA-Thr-AGT-7-1
7239	TRNAV1
7239	TRV
7239	TRV1
7239	tRNA-Val-AAC-1-4
7240	TRNAV2
7240	TRV2
7240	tRNA-Val-CAC-1-2
7241	TRNAV3
7241	TRV3
7241	tRNA-Val-AAC-1-3
7247	BCLF-1
7247	REHF-1
7247	TRSLN
7248	KIAA0243
7248	LAM
7248	TSC
7248	hamartin
7249	PPP1R160
7249	TSC4
7249	tuberin
7251	TSG10
7251	VPS23
7253	LGR3
7257	C3PO
7257	TRAX
7258	CT78
7258	TSPY
7259	TSPYL
7260	EIPR-1
7260	TSSC1
7262	BWR1C
7262	HLDA2
7262	IPL
7262	TSSC3
7264	FX
7264	P35B
7264	SDR4E1
7264	TSTA3
7265	TPR1
7266	TPR2
7266	TTC2
7267	DCRR1
7267	RNF105
7267	TPRD
7267	TPRDI
7267	TPRDII
7267	TPRDIII
7268	CNS1
7268	FLJ41930
7268	MGC5097
7272	CT96
7272	MPH1
7272	MPS1L1
7273	CMD1G
7273	CMH9
7273	CMPD4
7273	FLJ32040
7273	LGMD2J
7273	MYLK5
7273	TMD
7274	AVED
7275	rd5
7276	CTS
7276	CTS1
7276	HsT2651
7276	PALB
7277	FLJ30169
7277	TUBA1
7278	TUBA2
7278	bA408E5.3
7280	TUBB2
7280	dJ40E16.7
7283	TUBG
7283	TUBGCP1
7284	EF-TuMT
7284	EFTU
7287	LCA15
7287	RP14
7287	TUBL1
7288	CT65
7288	TUBL2
7289	TUBL3
7290	DGCR1
7290	TUP1
7290	TUPLE1
7291	ACS3
7291	BPES2
7291	BPES3
7291	CRS
7291	CRS1
7291	H-twist
7291	SCS
7291	TWIST
7291	bHLHa38
7292	CD252
7292	OX-40L
7292	TXGP1
7292	gp34
7293	ACT35
7293	CD134
7293	OX40
7293	TXGP1L
7294	BTKL
7294	PSCTK5
7294	PTK4
7294	RLK
7294	TKL
7295	TRX
7295	TXN1
7295	Trx80
7296	GRIM-12
7296	TXNR
7296	TXNR1
7296	Trxr1
7297	JTK1
7298	HsT422
7298	TMS
7298	TS
7298	Tsase
7299	OCA1
7299	OCA1A
7299	OCAIA
7301	Brt
7301	Dtk
7301	Etk-2
7301	RSE
7301	Rek
7301	Sky
7301	Tif
7305	DAP12
7305	KARAP
7305	PLO-SL
7305	PLOSL
7306	CAS2
7306	CATB
7306	GP75
7306	OCA3
7306	TRP
7306	TYRP
7306	b-PROTEIN
7307	RN
7307	RNU2AF1
7307	U2AF35
7307	U2AFBP
7310	U2AF1-RS1
7310	U2AF1L1
7310	U2AF1P
7310	U2AF1RS1
7310	U2AFBPL
7310	ZC3H21
7310	ZRSR1
7311	CEP52
7311	HUBCEP52
7311	L40
7311	MGC126879
7311	MGC126881
7311	MGC57125
7311	RPL40
7314	FLJ25987
7314	MGC8385
7317	A1S9T
7317	CFAP124
7317	GXP1
7317	POC20
7317	UBE1
7317	UBE1X
7318	D8
7318	UBA1B
7318	UBE1L
7318	UBE2
7319	HHR6A
7319	HR6A
7319	RAD6A
7319	UBC2
7320	HHR6B
7320	RAD6B
7321	E2(17)KB1
7321	SFT
7321	UBC4/5
7321	UBCH5
7321	UbcH5A
7322	UBC4
7322	UbcH5B
7323	UbcH5C
7324	UbcH6
7325	FLJ25157
7325	UbcH8
7326	UBC7
7326	UBE2G
7328	GID3
7328	UBC8
7328	UBCH
7329	UBC9
7332	UBCH7
7334	MGC8489
7334	UBC13
7334	UbcH-ben
7335	CROC-1
7335	CROC1
7335	UBE2V
7335	UEV-1
7335	UEV1A
7336	DDVIT1
7336	DDVit-1
7336	EDAF-1
7336	EDPF-1
7336	EDPF1
7336	MMS2
7336	UEV-2
7336	UEV2
7337	E6-AP
7337	EPVE6AP
7337	FLJ26981
7337	HPVE6A
7341	GMP1
7341	OFC10
7341	PIC1
7341	SMT3C
7341	SMT3H3
7341	SUMO-1
7341	UBL1
7342	LBP-1a
7343	NOR-90
7343	UBF
7343	UBF1
7343	UBF2
7345	PARK5
7345	PGP9.5
7345	UCHL-1
7345	Uch-L1
7348	TSPAN20
7348	UPK1
7349	UCN1
7349	UI
7349	UROC
7350	SLC25A7
7350	UCP
7351	BMIQ4
7351	SLC25A8
7352	SLC25A9
7353	UFD1L
7355	UDP-Gal-Tr
7355	UGALT
7355	UGAT
7355	UGT
7355	UGT2
7355	UGTL
7356	CC10
7356	CC16
7356	CCSP
7356	UGB
7358	UDP-GlcDH
7358	UDPGDH
7358	UGD
7360	SVUGP2
7360	UGP1
7360	UGPP1
7361	UGT1A@
7364	UGT2B9
7366	UGT2B8
7368	CGT
7371	UMPK
7372	OPRT
7373	UND
7374	DGU
7374	HIGM4
7374	UDG
7374	UNG1
7374	UNG2
7375	UNP
7375	Unph
7376	LXR-b
7376	LXRb
7376	NER
7376	NER-I
7376	RIP15
7376	UNR
7378	UDRPASE
7378	UP
7378	UPASE
7378	UPP
7379	MGC138598
7379	UP2
7379	UPII
7380	UPK3
7381	QCR7
7381	QP-C
7381	UQBP
7381	UQCR6
7384	D3S3191
7384	QCR1
7384	UQCR1
7385	QCR2
7385	UQCR2
7386	RISP
7386	UQCR5
7388	QCR6
7388	UQCR8
7391	MLTFI
7391	UEF
7391	bHLHb11
7392	FIP
7392	bHLHb12
7399	RP39
7399	USH2
7401	RP61
7401	USH3
7401	USH3A
7402	DMDL
7402	DRP
7402	DRP1
7403	UTX
7404	KDM6AL
7404	KDM6C
7405	VPS38
7407	VARS
7409	VAV
7411	PFD3
7411	PFDN3
7412	CD106
7415	CDC48
7415	IBMPFD
7416	MGC111064
7416	PORIN
7418	VDAC4
7418	VDAC4P
7419	HD-VDAC3
7421	NR1I1
7421	PPP1R163
7422	VEGF
7422	VEGF-A
7422	VPF
7423	VEGFL
7423	VRF
7424	VEGF-C
7425	SCG7
7425	SgVII
7428	VHL1
7429	D2S1471
7429	VIL
7430	VIL2
7433	HVR1
7433	VPAC1
7433	VPAC1R
7434	VPAC2
7434	VPAC2R
7435	HIS-1
7436	CARMQ1
7436	CHRMQ1
7436	VLDLRCH
7439	BEST
7439	BMD
7439	RP50
7439	VMD2
7441	CD179A
7441	VpreB
7442	VR1
7447	HPCAL3
7447	HUVISL1
7447	VILIP
7447	VILIP-1
7448	VN
7450	F8VWF
7451	F8VWFL
7451	F8VWFP
7451	VWFP
7453	IFI53
7453	IFP53
7453	WARS
7454	IMD2
7454	THC
7454	WASP
7454	WASPA
7456	WASPIP
7456	WIP
7458	KIAA0038
7458	WBSCR1
7458	WSCR1
7459	WSCR2
7461	CLIP-115
7461	CYLN2
7461	KIAA0291
7461	WBSCR3
7461	WBSCR4
7461	WSCR3
7461	WSCR4
7462	HSPC046
7462	LAB
7462	NTAL
7462	WBSCR15
7462	WBSCR5
7462	WSCR5
7464	IR10
7464	WDR2
7465	WEE1A
7466	DFNA14
7466	DFNA38
7466	DFNA6
7466	DIDMOAD
7466	WFS
7468	KMT3G
7468	MMSET
7468	WHSC1
7469	NELF-A
7469	WHSC2
7471	INT1
7472	INT1L1
7472	IRP
7473	INT4
7473	MGC131950
7473	MGC138321
7473	MGC138323
7474	hWNT5A
7476	Wnt-7a
7478	WNT8D
7480	SHFM6
7480	WNT-12
7482	WNT13
7482	XWNT2
7483	WNT14
7484	WNT14B
7484	WNT15
7485	WRB
7486	RECQ3
7486	RECQL2
7490	AWT1
7490	GUD
7490	NPHS4
7490	WIT-2
7490	WT-1
7494	XBP2
7495	XBPP1
7498	XDH/XO
7498	XO
7498	XOR
7499	PBDX
7500	XGPY
7500	XGPY1
7503	DXS1089
7503	DXS399E
7503	LINC00001
7503	NCRNA00001
7503	swd66
7504	Kx
7504	NA
7504	NAC
7504	X1k
7504	XKR1
7507	XP1
7507	XPAC
7508	RAD4
7508	XPCC
7511	XPNPEP
7511	XPNPEPL
7511	XPNPEPL1
7514	CRM-1
7514	CRM1
7514	emb
7515	RCC
7516	FANCU
7518	hXRCC4
7520	KARP-1
7520	KU80
7520	KUB2
7520	Ku86
7525	HsT441
7525	Yes
7525	c-yes
7526	D22S670
7526	SYR
7526	YES2
7526	YESP
7528	INO80S
7528	UCRBP
7528	YIN-YANG-1
7529	YWHAA
7531	FLJ45465
7532	14-3-3GAMMA
7532	14-3-3γ
7532	PPP1R170
7533	YWHA1
7534	14-3-3-zeta
7534	KCIP-1
7534	YWHAD
7535	SRK
7535	ZAP-70
7536	BBP
7536	ZCCHC25
7536	ZFM1
7536	ZNF162
7538	G0S24
7538	NUP475
7538	RNF162A
7538	TIS11
7539	ZNF906
7541	ZFP161
7541	ZNF478
7542	D11S750
7542	MCG4
7543	ZNF926
7544	ZNF911
7545	ZIC
7545	ZNF201
7546	HPE5
7547	HTX
7547	HTX1
7547	ZNF203
7549	A1-5
7549	ZNF661
7549	Zfp661
7551	A8-51
7551	FLJ20216
7551	HF.12
7551	KOX25
7551	PP838
7551	Zfp113
7552	CMPX1
7552	MRX65
7552	MRX97
7552	ZNF4
7552	ZNF5
7552	ZNF6
7552	Zfp711
7552	dJ75N13.1
7553	HF.16
7553	KOX4
7554	HF.18
7554	Zfp128
7555	CNBP1
7555	DM2
7555	RNF163
7555	ZCCHC22
7555	ZNF9
7556	KOX1
7559	GIOT-3
7559	KOX3
7559	ZNF325
7561	GIOT-4
7561	KOX6
7562	KOX8
7562	ZNF15
7562	ZNF15L1
7564	KOX9
7565	FLJ40864
7565	FLJ46058
7565	FLJ46615
7565	HPF3
7565	KIAA1947
7565	KOX10
7566	HDSG1
7566	KOX11
7566	ZKSCAN6
7566	ZNF535
7566	ZSCAN38
7566	Zfp535
7567	KOX12
7567	MGC51021
7568	KOX13
7569	HHZ150
7569	KOX14
7569	ZNF21
7569	Zfp182
7570	HKR-T1
7570	KOX15
7570	Zfp422
7571	KOX16
7571	ZNF359
7571	ZNF612
7571	Zfp612
7572	KOX17
7572	ZNF191
7572	ZSCAN3
7572	Zfp191
7574	FLJ20755
7574	KOX20
7576	DKFZp781D0275
7576	KOX24
7577	KOX26
7577	ZNF29
7579	KOX29
7579	ZNF31
7579	ZNF360
7580	KOX30
7580	ZNF637
7580	Zfp637
7581	FLJ23404
7581	KIAA0065
7581	KOX31
7581	KOX5
7581	ZNF11A
7581	ZNF33
7581	ZZAPK
7582	KOX2
7582	ZNF11B
7584	HF.10
7584	HF10
7584	Zfp105
7586	KOX18
7586	PHZ-37
7586	ZNF139
7586	ZNF36
7586	ZSCAN33
7587	KOX21
7587	ZNF37
7589	DKFZp434L134
7589	NY-REN-21
7589	ZNF38
7589	Zipro1
7592	MGC8941
7592	MRX89
7593	MZF-1
7593	MZF1B
7593	ZNF42
7593	ZSCAN6
7593	Zfp98
7594	HTF6
7594	KOX27
7594	ZNF39L1
7596	ZNF13
7597	C14orf51
7597	KUP
7597	ZNF46
7608	ZNF56
7608	ZNF742
7617	FLJ16537
7617	ZNF66P
7618	ZNF67
7618	ZNF67P
7620	Cos5
7621	Cos17
7621	MGC48959
7625	Cos52
7625	ZNF520
7625	Zfp520
7626	D8C6
7626	ZKSCAN24
7626	ZNF75
7626	ZNF82
7626	ZSCAN28
7627	FLJ31529
7628	ZNF75B
7629	D6S229E
7629	ZNF523
7629	Zfp523
7633	pT7
7634	pT17
7637	HPF2
7639	HPF4
7639	HTF1
7643	HTF9
7644	HPF7
7644	HTF10
7652	C19orf9
7652	MGC24986
7661	ZNF108
7661	ZNF108P
7675	D19S204
7675	ZHC32
7678	HZF-16
7678	HZF16
7681	D15S9
7681	MGC88288
7681	RNF63
7681	ZFP127
7681	ZNF127
7682	MKRN4
7682	MKRNP5
7682	RNF64
7682	ZNF-Xp
7682	ZNF127L1
7683	MKRNP1
7683	ZNF-Xq
7683	ZNF127L2
7686	MKRNP3
7686	ZNF127L5
7690	ZBTB35
7690	pHZ-10
7691	pHZ-12
7692	ZNF150
7692	pHZ-13
7692	pHZ-66
7693	pHZ-15
7694	ZNF61
7694	ZNF78L1
7694	pHZ-17
7695	pHZ-20
7696	ZNF137
7696	pHZ-30
7697	pHZ-32
7699	pHZ-39
7700	D4S90
7700	pHZ-44
7701	KIAA0236
7701	pHZ-49
7702	SBF
7702	STAF
7702	pHZ-1
7703	MEL-18
7703	RNF110
7703	ZNF144
7704	PLZF
7704	ZNF145
7705	OZF
7706	EFP
7706	RNF147
7706	ZNF147
7707	BERF-1
7707	BFCOL1
7707	HT-BETA
7707	ZBP-89
7707	ZFP148
7707	pHZ-52
7709	MIZ1
7709	ZNF151
7709	ZNF60
7709	pHZ-67
7710	pHZ-92
7711	pHZ-96
7712	HZF22
7716	DB1
7716	ZNF161
7718	CT53
7718	ZSCAN7
7726	RNF95
7726	ZNF173
7727	ZSCAN8
7728	OTK18
7732	BFP
7732	ZNF179
7733	HHZ168
7737	Cwc24
7737	RNF113
7737	ZNF183
7739	SCELL
7741	SRE-ZBP
7741	ZNF187
7745	LD5-1
7745	ZNF192
7745	ZSCAN40
7746	PRD51
7746	ZNF193
7750	FIM
7750	ZNF198
7753	ZKSCAN10
7753	ZSCAN42
7754	ZNF184-Lp
7754	ZNF204
7754	ZNF315P
7754	b24o18.1
7755	ZNF210
7755	Zfp13
7756	BuGZ
7757	PMIDP
7757	ZNF95
7760	CR53
7760	ZKSCAN21
7760	ZSCAN53
7762	ZKSCAN11
7762	ZSCAN43
7763	ZA20D2
7763	ZFAND5A
7763	ZNF216
7764	ZABC1
7767	BMZF-2
7767	KOX22
7767	ZNF255
7767	ZNF27
7771	ZFP112
7771	ZNF228
7773	FDZF2
7775	ZSCAN11
7779	ZNT1
7779	ZRC1
7780	ZNT2
7781	ZNT3
7782	ZNT4
7783	ZPA
7784	ZP3-372
7784	ZP3-424
7784	ZP3A
7784	ZP3B
7784	ZPC
7786	DLK
7786	MEKK12
7786	MUK
7786	ZPK
7786	ZPKP1
7789	ZNF896
7798	LUZP
7799	HUMHOXY1
7799	KMT8
7799	KMT8A
7799	MTB-ZF
7799	RIZ
7799	RIZ1
7799	RIZ2
7802	dJ423B22.5
7802	hp28
7803	PRL-1
7803	PTPCAAX1
7804	APOER2
7804	HSZ75190
7804	LRP-8
7804	MCI1
7809	DFNB73
7812	D1S155E
7813	NB4S
7818	DAP-3
7818	DKFZp686G12159
7818	MGC126058
7818	MGC126059
7818	MRP-S29
7818	MRPS29
7818	bMRP-10
7818	mS29
7827	PDCN
7827	SRN1
7832	APRO1
7832	MGC126063
7832	MGC126064
7832	TIS21
7837	D2S448
7837	D2S448E
7837	KIAA0230
7837	MG50
7840	KIAA0328
7841	CWH41
7841	DER7
7841	GCS1
7844	KF1
7844	ZFP103
7844	hkf-1
7845	LIS2
7845	PAFAH1P1
7846	B-ALPHA-1
7846	FLJ25113
7846	TUBA3
7849	PAX-8
7850	CD121b
7850	IL1RB
7851	BENE
7852	CD184
7852	D2S201E
7852	HM89
7852	HSY3RR
7852	LESTR
7852	NPY3R
7852	NPYY3R
7852	fusin
7855	C2orf31
7855	DKFZP434E2135
7855	HFZ5
7857	CHGC
7857	SgII
7862	BR140
7866	IFNRP
7866	SKMc15
7866	SM15
7867	3PK
7867	MAPKAP3
7867	MK-3
7869	LUCA-1
7869	SEMAA
7869	SemA
7869	sema5
7869	semaV
7871	KIAA1601
7873	ARMET
7874	HAUSP
7879	CMT2B
7879	RAB7
7881	AKR6A3
7881	KCNA1B
7881	Kvb1.3
7881	hKvBeta3
7881	hKvb3
7903	PST
7903	PST1
7903	SIAT8D
7905	C5orf18
7905	D5S346
7905	POB16
7905	TB2
7905	Yip2e
7913	D6S231E
7915	SSADH
7915	SSDH
7916	BAT2
7916	D6S51E
7917	BAT3
7917	D6S52E
7917	G3
7917	Scythe
7918	ANKRD59
7918	BAT4
7918	D6S54E
7918	G5
7918	GPATCH10
7919	BAT1
7919	D6S81E
7919	Uap56
7920	BAT5
7920	D6S82E
7920	NG26
7922	D6S2244E
7922	H2-KE4
7922	HKE4
7922	KE4
7922	ZIP7
7923	D6S2245E
7923	FABGL
7923	H2-KE6
7923	HKE6
7923	KE6
7923	RING2
7923	SDR30C1
7932	hs6M1-12
7936	D6S45
7936	NELF-E
7936	RDBP
7936	RDP
7940	B144
7940	D6S49E
7940	LST-1
7941	LDL-PLA2
7941	Lp-PLA2
7942	TCFEB
7942	bHLHe35
7955	STL
7957	LDE
7965	JTV-1
7965	JTV1
7965	PRO0992
7975	NFE2U
7976	Fz-3
7978	MTERF
7979	C7orf76
7979	DSS1
7979	FLJ42280
7979	SHFD1
7979	SHFM1
7979	SHSF1
7979	Shfdg1
7980	TFPI-2
7982	ETS7q
7982	FAM4A
7982	FAM4A1
7982	HELG
7982	RAY1
7982	SEN4
7982	TSG7
7984	GEF5
7984	P60
7984	TIM
7988	C2H2-150
7991	MGC13453
7991	MRT22
7991	MRT7
7991	MagT2
7991	N33
7991	OST3A
7991	SLC58A2
7993	D8S2298E
7993	REP8
7993	UBXD6
7994	MOZ
7994	MYST3
7994	RUNXBP2
7994	ZC2HC6A
7994	ZNF220
8000	lncPSCA
8013	CSMF
8013	MINOR
8013	NOR1
8019	FSHRG2
8019	KIAA0043
8019	ORFX
8019	RING3L
8021	CAIN
8021	CAN
8021	D9S46E
8021	N214
8027	STAM1
8028	AF10
8029	IFCR
8029	MGA 1
8029	gp280
8030	D10S170
8030	PTC1
8030	TST1
8031	ARA70
8031	DKFZp762E1112
8031	ELE1
8031	PTC3
8031	RFG
8034	D10S105E
8034	HGT.1
8034	ML7
8036	KIAA0862
8036	SOC-2
8036	SOC2
8036	SUR-8
8036	SUR8
8038	MCMPMltna
8038	MLTN
8045	C11orf13
8045	CFAP88
8045	FAP88
8045	HRC1
8048	CMD1M
8050	DLDBP
8050	E3BP
8050	OPDX
8050	proX
8061	fra-1
8065	VACM-1
8073	HU-PP-1
8073	OV-1
8073	PRL-2
8073	PRL2
8073	PTP4A
8073	PTPCAAX2
8073	ptp-IV1a
8076	MAGP2
8076	MP25
8078	IsoT
8082	KRAG
8082	SPN1
8082	SPN2
8085	CAGL114
8085	MLL2
8085	TNRC21
8089	GAS41
8089	NuBI-1
8089	YAF9
8091	BABL
8091	HMGIC
8091	LIPO
8092	CART1
8099	DORC1
8099	ST19
8099	doc-1
8099	p12DOC-1
8100	D13S1056E
8100	MGC26259
8100	TTC10
8100	Tg737
8100	hTg737
8106	OPMD
8106	PAB2
8106	PABP2
8110	BAF45c
8110	Cerd4
8110	FLJ14079
8110	SMARCG3
8110	cer-d4
8111	OGR1
8115	TCL1
8120	NAPTB
8123	PAR-5
8123	PAR5
8125	C15orf1
8125	I1PP2A
8125	LANP
8125	MAPM
8125	PHAPI
8125	PP32
8125	mapmodulin
8128	HsT19690
8128	SIAT8B
8128	ST8SIA-II
8128	STX
8131	C16orf35
8131	CGTHBA
8131	HS-40
8131	MARE
8131	RMD11
8139	GAN1
8139	GIG
8139	KLHL16
8140	D16S469E
8140	E16
8140	MPE16
8148	Npl3
8148	RBP56
8148	TAF2N
8148	hTAFII68
8153	ARHN
8153	Rho7
8153	RhoN
8161	CLN80
8161	p80-coilin
8165	AKAP121
8165	AKAP149
8165	AKAP84
8165	D-AKAP1
8165	PPP1R43
8165	PRKA1
8165	S-AKAP84
8165	SAKAP84
8165	TDRD17
8170	HUT2
8174	MACAM1
8175	PRPF11
8175	Prp11
8175	SAP62
8175	SF3a66
8178	C19orf17
8178	ELL1
8178	Men
8178	PPP1R68
8187	HOK-2
8187	MOK2
8189	Pta1
8189	SYM
8190	CD-RAP
8190	MIA1
8193	BAF45b
8193	NEUD4
8193	SMARCG1
8193	neuro-d4
8195	BBS6
8200	BMP14
8200	CDMP1
8202	ACTR
8202	AIB1
8202	CAGH16
8202	KAT13B
8202	SRC-3
8202	SRC3
8202	TNRC16
8202	TRAM-1
8202	bHLHe42
8202	p/CIP
8204	RIP140
8208	CAF1A
8208	CAF1P60
8208	MPHOSPH7
8209	C21orf33
8209	D21S2048E
8209	ES1
8209	GATD3A
8209	GT335
8209	KNP-I
8209	KNP-Ia
8209	KNPH
8209	KNPI
8215	DVL-22
8215	DVL1L1
8216	BTBD29
8216	LZTR-1
8218	CHC22
8218	CLH22
8218	CLTCL
8218	CLTD
8220	DGCR13
8220	DGCR14
8220	DGS-H
8220	DGSI
8220	ES2
8220	ESS-2
8220	Es2el
8220	bis1
8225	FLJ20977
8225	PGPL
8226	DXF68S1E
8226	FAM16AX
8226	HDHD1
8226	HDHD1A
8227	721P
8227	CCDC133
8227	CXYorf3
8227	DXYS155E
8227	MGC39904
8227	SFRS17A
8227	XE7
8227	XE7Y
8228	DXS1283E
8228	GS2
8228	iPLA2eta
8233	U2AF1-RS2
8233	U2AF1L2
8233	ZC3H22
8237	UHX1
8239	DFFRX
8239	FAF-X
8239	MRX99
8241	DXS8237E
8241	GPATC9
8241	GPATCH9
8241	KIAA0122
8241	S1-1
8241	ZRANB5
8242	DXS1272E
8242	JARID1C
8242	MRX13
8242	SMCX
8242	XE169
8243	DXS423E
8243	KIAA0178
8243	SB1.8
8243	SMC1L1
8243	Smcb
8251	AUF1B
8251	AUF1P
8251	HNRNPDP
8251	HNRPDP
8260	ARD1
8260	ARD1A
8260	DXS707
8260	TE2
8263	DXS522E
8263	F8A
8266	DXS254E
8266	GDX
8266	GET5
8266	MDY2
8266	TMA24
8266	UBL4
8269	CXorf12
8269	DXS9878E
8269	ITBA1
8270	CVG5
8270	DXS9879E
8270	DXS9951E
8270	ESO3
8270	ITBA2
8270	Pcc1
8273	DXS253E
8273	P3
8277	TKR
8277	TKT2
8284	HY
8284	HYA
8284	JARID1D
8284	KIAA0234
8284	SMCY
8287	AZFA
8287	DFFRY
8287	FAF-Y
8288	EPP
8288	EPX-PEN
8289	B120
8289	BAF250
8289	BAF250a
8289	C10rf4
8289	C1orf4
8289	P270
8289	SMARCF1
8290	H3.4
8290	H3/g
8290	H3C16
8290	H3FT
8290	H3t
8290	HIST3H3
8291	FER1L1
8291	LGMD2B
8292	EAD
8293	4F5
8293	FAM2A
8293	H4F5
8293	SERF1
8293	SMAM1
8294	H4/m
8294	H4FM
8294	HIST1H4I
8295	PAF400
8295	TR-AP
8295	Tra1
8301	CALM
8301	CLTH
8302	NKG2-F
8309	BRCACOX
8309	BRCOX
8309	THCCox
8312	PPP1R49
8313	DKFZp781B0869
8313	MGC126582
8314	KIAA0272
8314	UCHL2
8314	hucep-6
8315	BRAP2
8315	IMP
8315	RNF52
8317	CDC7L1
8317	HsCdc7
8317	Hsk1
8317	huCdc7
8318	CDC45L
8318	CDC45L2
8320	TBR2
8321	DKFZp564G072
8321	Hfz1
8322	CD344
8322	EVR1
8323	Hfz6
8324	FzE3
8325	FZ-8
8326	CD349
8327	E4TF1
8327	E4TF1B
8328	ZNF163B
8329	H2A/c
8329	H2AFC
8329	HIST1H2AI
8330	H2A/d
8330	H2AFD
8330	HIST1H2AK
8331	H2A/E
8331	H2AFE
8331	HIST1H2AJ
8332	H2A/i
8332	H2AFI
8332	HIST1H2AL
8332	dJ193B12.9
8333	H2AFK
8333	H2AFKP
8333	HIST1H2APS4
8333	dJ34B20.2
8333	pH2A/k
8334	H2AFL
8334	HIST1H2AC
8335	H2A/m
8335	H2AFM
8335	HIST1H2AB
8336	H2A/n
8336	H2AFN
8336	HIST1H2AM
8337	H2A.2
8337	H2A/q
8337	H2AFO
8337	HIST2H2AA
8337	HIST2H2AA3
8338	H2A
8338	H2AFQ
8338	HIST2H2AC
8339	H2B.1A
8339	H2B/a
8339	H2BFA
8339	HIST1H2BG
8340	H2B/c
8340	H2BFC
8340	HIST1H2BL
8340	dJ97D16.4
8341	H2B/d
8341	H2BFD
8341	HIST1H2BN
8342	H2B/e
8342	H2BFE
8342	HIST1H2BM
8342	dJ160A22.3
8343	H2B/g
8343	H2BFG
8343	HIST1H2BF
8344	H2B.h
8344	H2B/h
8344	H2BFH
8344	HIST1H2BE
8345	H2B/j
8345	H2BFJ
8345	HIST1H2BH
8346	H2B/k
8346	H2BFK
8346	HIST1H2BI
8347	H2B.1
8347	H2B/l
8347	H2BFL
8347	HIST1H2BC
8348	H2B.2
8348	H2B/n
8348	H2BFN
8348	HIST1H2BO
8349	H2B
8349	H2B-GL105
8349	H2B/q
8349	H2BE
8349	H2BFQ
8349	HIST2H2BE
8350	H3/A
8350	H3FA
8350	HIST1H3A
8351	H3/b
8351	H3FB
8351	HIST1H3D
8352	H3.1
8352	H3/c
8352	H3FC
8352	HIST1H3C
8353	H3/d
8353	H3FD
8353	HIST1H3E
8354	H3.f
8354	H3/f
8354	H3FF
8354	HIST1H3I
8355	H3/h
8355	H3FH
8355	HIST1H3G
8356	H3/j
8356	H3FJ
8356	HIST1H3J
8357	H3/k
8357	H3F1K
8357	H3FK
8357	HIST1H3H
8358	H3/l
8358	H3FL
8358	HIST1H3B
8359	H4FA
8359	HIST1H4A
8360	H4/b
8360	H4FB
8360	HIST1H4D
8361	H4/c
8361	H4FC
8361	HIST1H4F
8362	H4/d
8362	H4F2iii
8362	H4FD
8362	HIST1H4K
8362	dJ160A22.1
8363	H4/e
8363	H4F2iv
8363	H4FE
8363	HIST1H4J
8364	H4/g
8364	H4FG
8364	HIST1H4C
8364	dJ221C16.1
8365	H4/h
8365	H4FH
8365	HIST1H4H
8366	H4/I
8366	H4FI
8366	HIST1H4B
8367	H4/j
8367	H4FJ
8367	HIST1H4E
8368	H4.k
8368	H4/k
8368	H4FK
8368	HIST1H4L
8369	H4/l
8369	H4FL
8369	HIST1H4G
8370	H4/n
8370	H4F2
8370	H4FN
8370	HIST2H4
8370	HIST2H4A
8372	LUCA-3
8372	LUCA14
8372	Minna14
8373	G13P1
8373	IFI56P
8373	IFIT1P
8373	II56P
8379	HsMAD1
8379	MAD1
8379	PIG9
8379	TP53I9
8379	TXBP181
8382	RSPH23
8382	nm23-H5
8383	OR17-7
8384	OR11-13
8384	OR11-22
8384	OR17-23
8384	OR1D6P
8384	OR1D7P
8386	OR17-31
8387	HGM071
8387	OR13-66
8387	OR17-2
8387	OR17-32
8387	OR1E5
8387	OR1E6
8387	OR1E9P
8388	OR17-135
8388	OR17-93
8388	OR1E4
8389	OR17-210
8389	OR1E3P
8390	OR17-209
8390	OR1G2
8391	OR17-208
8391	OR1P1P
8392	OR17-137
8392	OR17-16
8392	OR17-201
8392	OR3A6
8392	OR3A7
8392	OR3A8P
8395	MSS4
8395	STM7
8396	PIP5K2B
8396	PIP5KIIB
8396	PIP5KIIbeta
8398	NBIA2
8398	PARK14
8398	PNPLA9
8398	iPLA2
8398	iPLA2beta
8399	GXPLA2
8402	OGC
8402	SLC20A4
8403	SOX28
8404	MAST9
8405	BTBD32
8405	TEF2
8406	ETX1
8406	SRPX1
8407	HA1756
8407	KIAA0120
8408	ATG1
8408	ATG1A
8409	ART-27
8410	RPS9P
8411	ZFYVE2
8412	AND-34
8412	MIG7
8412	NSP2
8412	SH2D3B
8416	ANX31
8418	CMAH
8419	CP47
8419	CP49
8419	LIFL-L
8419	phakinin
8420	NCRNA00014
8420	RNU17C
8420	RNU17D
8420	U17HG
8420	U17HG-A
8424	BBH
8424	BBOX
8424	G-BBH
8424	gamma-BBH
8425	FLJ46318
8425	FLJ90018
8425	LTBP-4
8425	LTBP-4L
8427	HUB1
8428	MST-3
8428	MST3
8428	MST3B
8428	STE20
8431	SHP
8434	ST15
8434	hRECK
8436	PS-p68
8436	SDPR
8436	SDR
8436	cavin-2
8437	RASAL
8438	RAD54A
8438	hHR54
8438	hRAD54
8439	FAN
8439	GRAMD5
8440	NCKbeta
8443	DAP-AT
8443	DAPAT
8443	DHAPAT
8444	REDK
8444	hYAK3-2
8446	PIR1
8447	DOC2BL
8449	DBP2
8449	DDX16
8449	PRPF2
8449	Prp2
8455	DPPT-L
8455	MGCA
8456	FKHL20
8456	RONU
8456	WHN
8458	HuF2
8458	ZGRF6
8459	TANGO13B
8460	TANGO13A
8462	FKLF
8462	MODY7
8462	TIEG2
8462	Tieg3
8463	ETF
8463	TEF-4
8463	TEF4
8464	SPT3
8464	SPT3L
8467	hISWI
8467	hSNF2H
8468	FKBP36
8470	ARGBP2
8470	KIAA0777
8471	IRS-4
8471	PY160
8473	FLJ23071
8473	HRNT1
8473	MGC22921
8473	O-GLCNAC
8473	OGT1
8476	FLJ23347
8476	KIAA0451
8476	MRCKA
8476	MRCKalpha
8476	PK428
8477	TDAG8
8477	hTDAG8
8480	Gle2
8480	Mnrp41
8481	71-7A
8481	CXorf5
8481	JBTS10
8481	RP23
8482	CD108
8482	H-Sema-L
8482	SEMAL
8483	CILP1
8483	HsT18872
8487	SIP1
8488	RPL3P
8491	GLK
8491	MAPKKKK3
8491	RAB8IPL1
8492	BSSP-3
8492	MRT1
8493	PP2C-DELTA
8493	Wip1
8495	Cclp1
8496	L2
8496	SGT2
8496	hSGT2
8496	hSgt2p
8496	liprin-beta1
8500	LIP.1
8500	LIPRIN
8501	PB39
8501	POV1
8501	R00504
8502	p0071
8506	CNTNAP
8506	Caspr
8506	NRXN4
8506	p190
8507	ENC-1
8507	KLHL37
8507	NRPB
8507	PIG10
8507	TP53I10
8509	HSST2
8509	NST2
8510	MIFR-1
8510	MMP22
8511	MIFR
8512	COLEC3P
8512	MBL1P1
8514	AKR6A5
8514	HKvbeta2.1
8514	HKvbeta2.2
8514	KCNA2B
8517	FIP-3
8517	FIP3
8517	Fip3p
8517	IKK-gamma
8517	IKKAP1
8517	IKKG
8517	IP1
8517	IP2
8517	NEMO
8517	ZC2HC9
8518	DYS
8518	IKAP
8518	IKBKAP
8518	IKI3
8518	TOT1
8519	9-27
8519	CD225
8519	DSPA2a
8519	IFI17
8520	KAT1
8521	GCMA
8521	hGCMa
8522	KIAA0394
8522	MGC1348
8525	DAGK5
8525	DGK-ZETA
8525	hDGKzeta
8526	DAGK6
8527	DGKdelta
8527	KIAA0145
8528	DASOX
8528	DASPO
8531	CSDA
8531	CSDA1
8531	ZONAB
8531	dbpA
8533	SGN3
8534	C6ST
8534	KSGal6ST
8535	NBP16
8535	hPC2
8536	CaMKI
8536	CaMKI-alpha
8537	AIBC1
8537	NABC1
8537	PMES-2
8539	AAC-11
8539	AAC11
8540	ADAP-S
8540	ADAS
8540	ADHAPS
8540	ADPS
8540	ALDHPSY
8541	KIAA0654
8541	LPNA3
8541	MGC126567
8541	MGC126569
8542	APOL
8545	CGGBP
8545	p20-CGGBP
8546	ADTB3A
8546	HPS2
8547	FCNH
8547	HAKA1
8548	JEM-1
8549	FEX
8549	GPR49
8549	GPR67
8549	HG38
8550	MK5
8550	PRAK
8551	NCRNA00011
8552	NCRNA00010
8553	BHLHB2
8553	Clast5
8553	DEC1
8553	SHARP2
8553	STRA13
8554	DDXBP1
8554	GU/RH-II
8554	ZMIZ3
8555	CDC14B3
8555	Cdc14B1
8555	Cdc14B2
8555	hCDC14B
8556	Cdc14A1
8556	Cdc14A2
8556	DFNB105
8556	DFNB32
8556	cdc14
8557	CMD1N
8557	LGMD2G
8557	T-cap
8557	TELE
8557	telethonin
8558	PISSLRE
8559	hPrp18
8560	DEGS-1
8560	DES1
8560	Des-1
8560	FADS7
8560	MLD
8562	SMAP-3
8563	C22orf19
8563	Fmip
8563	KIAA0983
8563	PK1.3
8563	fSAP79
8565	YARS
8565	YRS
8565	YTS
8565	tyrRS
8566	C21orf124
8566	C21orf97
8566	FLJ21324
8566	FLJ31940
8566	MGC15873
8566	PKH
8566	PNK
8566	PRED79
8567	DENN
8567	IG20
8567	KIAA0358
8567	RAB3GEP
8568	D21S2056E
8568	NNP-1
8568	NOP52
8568	RRP1A
8569	MNK1
8570	FUBP2
8570	KSRP
8572	RIL
8573	CAGH39
8573	FGS4
8573	LIN2
8573	TNRC8
8574	AFAR
8575	DYT16
8575	HSD14
8575	PACT
8576	MPSK
8576	PKL12
8577	C9orf2
8577	CT120.1
8577	H7365
8578	KIAA0149
8578	SREC
8578	SREC1
8580	OR11-175
8580	OR8C3P
8580	OR8C4P
8580	OR912-106
8580	OR912-45
8581	E48
8582	OR11-561
8582	OR8B11P
8583	OR11-20
8583	OR7E50P
8583	OR7E95P
8583	OR7F6P
8583	OR8-126
8583	hg84
8585	OR11-11a
8585	OR7F4P
8586	OR11-9
8586	OR7E3P
8586	OR7F3P
8587	OR11-6
8587	OR7E51P
8587	OR7F2P
8587	hg94
8588	OR11-392
8588	OR7E42P
8588	OR7E80P
8588	OST001
8590	OR11-55
8590	OR6A1
8590	OR6A2P
8591	OR11-104
8591	OR5G2P
8591	OR93
8594	OR11-8b
8594	OR11-8c
8594	OR5D3P
8594	OR5D4
8595	OR11-7a
8595	OR18-17
8595	OR18-42
8595	OR18-43
8595	OR18-44
8595	OR5D10P
8595	OR5D11
8595	OR5D11P
8595	OR5D12
8595	OR5D12P
8595	OR5D1P
8595	OR5D5P
8595	OR5D6P
8595	OR5D7P
8595	OR5D8P
8595	OR5D9P
8595	OR8-125
8595	OR8-127
8595	OR912-47
8595	OR912-91
8595	OR912-94
8595	R5D9P
8596	OR11-30
8596	OR4A20P
8600	CD254
8600	ODF
8600	OPGL
8600	RANKL
8600	TRANCE
8601	RGSZ1
8601	ZGAP1
8602	C4orf9
8602	NOL14
8602	RES4-25
8602	UTP2
8603	C4orf8
8603	RES4-22
8604	Aralar
8604	aralar1
8605	cPLA2-gamma
8607	ECP54
8607	INO80H
8607	NMP238
8607	Pontin52
8607	RVB1
8607	TIP49
8607	TIP49a
8608	RODH-4
8608	SDR9C8
8609	UKLF
8611	LPP1
8611	PAP-2a
8611	PPAP2A
8612	LPP2
8612	PAP-2c
8612	PPAP2C
8613	LPP3
8613	PAP-2b
8613	PPAP2B
8614	STC-2
8615	VDP
8618	CADPS1
8618	CAPS1
8618	KIAA1121
8618	UNC-31
8620	FMRFAL
8621	CDC2L
8621	CDC2L5
8621	KIAA1791
8624	DSCR2
8624	LRPC21
8624	c21-LRP
8625	ANKRA1
8625	BLS
8625	F14150_1
8625	MGC138628
8625	RFX-B
8626	EEC3
8626	KET
8626	NBP
8626	OFC8
8626	SHFM4
8626	TP53CP
8626	TP53L
8626	TP73L
8626	p53CP
8626	p63
8626	p73H
8626	p73L
8629	JH8
8629	jerky
8630	HSE
8630	RODH
8630	SDR9C6
8631	SCAP1
8631	SKAP55
8632	DNAHL1
8632	DNEL2
8632	FLJ40457
8634	RPC
8634	RTC1
8634	RTCD1
8635	FLJ10907
8635	RNASE6PL
8635	bA514O12.3
8636	N14
8636	NA14
8637	4E-BP3
8638	OASL1
8638	TRIP14
8638	p59OASL
8639	HPAO
8639	VAP-1
8639	VAP1
8641	FIB2
8641	PCDH-GAMMA-B4
8642	CDH25
8642	CDHR6
8642	FIB1
8642	FLJ11790
8642	KIAA1773
8642	PCDH16
8643	SLC65B2
8644	DDX
8644	HAKRB
8644	HSD17B5
8644	KIAA0119
8644	PGFS
8645	K2p5.1
8645	TASK-2
8645	TASK2
8647	ABC16
8647	BSEP
8647	PFIC-2
8647	PFIC2
8647	PGY4
8647	SPGP
8648	F-SRC-1
8648	KAT13A
8648	NCoA-1
8648	RIP160
8648	bHLHe74
8649	MAP2K1IP1
8649	MAPBP
8649	MAPKSP1
8649	MP1
8649	Ragulator3
8650	C14orf41
8651	Cish1
8651	JAB
8651	SOCS-1
8651	SSI-1
8651	TIP3
8653	DBY
8655	DLC8
8655	DNCL1
8655	LC8
8655	PIN
8655	hdlc1
8658	ARTD5
8658	PARP-5a
8658	PARP5A
8658	TIN1
8658	TINF1
8658	TNKS1
8658	pART5
8659	ALDH4
8659	P5CDh
8661	EIF3
8661	EIF3S10
8661	KIAA0139
8661	TIF32
8661	eIF3-p170
8661	eIF3-theta
8662	EIF3S9
8662	PRT1
8663	EIF3S8
8663	eIF3-p110
8664	EIF3S7
8664	eIF3-p66
8664	eIF3-zeta
8665	EIF3S5
8665	eIF3-epsilon
8665	eIF3-p47
8666	EIF3S4
8666	eIF3-delta
8666	eIF3-p44
8667	EIF3S3
8667	eIF3-gamma
8667	eIF3-p40
8668	EIF3S2
8668	TRIP-1
8668	eIF3-beta
8668	eIF3-p36
8669	EIF3S1
8669	eIF3-alpha
8669	eIF3-p35
8671	HNBC1
8671	KNBC
8671	NBC1
8671	NBC2
8671	NBCe1
8671	hhNMC
8671	kNBC1
8671	pNBC
8672	eIF4GII
8673	EDB
8673	VAMP-8
8675	SYN-16
8675	SYN16
8675	hsyn16
8677	SYN10
8677	hsyn10
8678	ATG6
8678	VPS30
8682	HUMMAT1H
8682	MAT1H
8682	PEA-15
8682	PED
8682	PED-PEA15
8682	PED/PEA15
8683	SFRS9
8683	SRp30c
8685	SCARA2
8685	SR-A6
8686	HHaA
8686	KRTHAP1
8686	phihHaA
8687	KRTHA8
8688	KRTHA7
8689	KRTHA6
8690	HHMJG
8692	LUCA2
8692	LuCa-2
8693	GalNAc-T4
8694	ARGP1
8694	DGAT
8697	ANAPC8
8697	APC8
8697	CUT23
8698	EDG6
8701	CILD7
8701	DNAHBL
8701	DNHBL
8701	DPL11
8701	Dnahc11
8702	beta4Gal-T4
8703	beta4Gal-T3
8704	beta4Gal-T2
8705	GalT4
8705	beta3Gal-T4
8706	B3GALANT1
8706	B3GALT3
8706	GLOB
8706	beta3Gal-T3
8706	galT3
8707	beta3Gal-T2
8708	beta3Gal-T1
8711	KOS1
8712	CT16.3
8712	GAGE-9
8712	GAGEB1
8712	PAGE-1
8714	EST90757
8714	MLP2
8714	MOAT-D
8714	MRP3
8714	cMOAT2
8715	CT125
8715	HRIHFB2255
8715	NOLP
8717	Hs.89862
8718	APO-3
8718	DDR3
8718	DR3
8718	LARD
8718	TNFRSF12
8718	TRAMP
8718	WSL-1
8718	WSL-LR
8720	KIAA0091
8720	PCSK8
8720	S1P
8720	SKI-1
8721	CFAP280
8721	EDF-1
8722	CATSF
8722	CLN13
8723	ATG24B
8724	Grd19
8725	C19orf2
8725	FLJ10575
8725	NNX3
8725	PPP1R19
8725	RMP
8725	URI
8726	HEED
8726	WAIT-1
8727	CLLP
8727	alpha-CATU
8728	MLTNB
8729	ARF1GEF
8729	KIAA0248
8731	N7-MTase
8731	RG7MT1
8732	HCE
8732	HCE1
8732	hCAP
8733	GAA1
8733	hGAA1
8735	MyHC-eo
8738	RAIDD
8739	DP5
8740	CD258
8740	HVEM-L
8740	LIGHT
8740	LTg
8741	CD256
8742	APO3L
8742	DR3LG
8742	TNF12
8742	TWEAK
8743	Apo-2L
8743	CD253
8743	TANCR
8743	TL2
8743	TRAIL
8744	4-1BB-L
8744	4-1BBL
8744	CD137L
8745	MDC3
8747	ADAM31
8749	ADAM27
8749	tMDCIII
8751	MDC15
8754	CORD9
8754	KIAA0021
8754	MCMP
8754	MDC9
8754	Mltng
8755	C14orf96
8755	tMDCIV
8756	EAPI
8756	GP-83
8759	ADAM1
8759	ADAM1P
8759	FTNAP
8759	Ftna
8759	PH-30a
8761	APP-1
8761	iPABP
8763	DFNA66
8763	MGC-24
8763	MGC-24v
8763	MUC-24
8764	ATAR
8764	CD270
8764	HVEA
8764	HVEM
8764	LIGHTR
8766	YL8
8767	CARD3
8767	CARDIAK
8767	RICK
8771	DCR3
8771	M68
8771	TR6
8772	GIG3
8772	MORT1
8773	HsT17016
8773	SNAP23A
8773	SNAP23B
8777	MUPP1
8778	CD170
8778	CD33L2
8778	OB-BP2
8778	SIGLEC-5
8780	SUDD
8781	CO9
8781	PSPHL
8784	AITR
8784	CD357
8784	GITR
8787	MGC111763
8787	MGC26458
8787	PERRS
8787	RGS9L
8788	Delta1
8788	FA1
8788	Pref-1
8788	ZOG
8788	pG2
8790	GFPP
8792	CD265
8792	FEO
8792	LOH18CR1
8792	ODFR
8792	PDB2
8792	RANK
8792	TRANCE-R
8793	CD264
8793	DcR2
8793	TRAILR4
8793	TRUNDD
8794	CD263
8794	DcR1
8794	LIT
8794	TRAILR3
8794	TRID
8795	CD262
8795	DR5
8795	KILLER
8795	TRAIL-R2
8795	TRAILR2
8795	TRICK2A
8795	TRICKB
8796	FLJ21667
8796	MGC22531
8797	Apo2
8797	CD261
8797	DR4
8797	TRAILR-1
8797	TRAILR1
8799	PEX11beta
8799	PEX11β
8800	MGC119947
8800	MGC138534
8800	PEX11alpha
8800	PEX11α
8800	PMP28
8803	LINC00444
8804	CREG
8805	RNF82
8805	TIF1
8805	Tif1a
8805	hTIF1
8807	AcPL
8807	CD218b
8808	IL-36R
8808	IL1R-rp2
8808	IL1RRP2
8809	CD218a
8809	IL-1Rrp
8809	IL1RRP
8811	GALNR2
8812	CPR4
8813	CDGIE
8813	MPDS
8814	KKIALRE
8815	BAF
8816	BCRG2
8816	D14S1461E
8816	KIAA1824
8816	WDR22
8817	FGF-18
8817	ZFGF5
8818	MGC111193
8818	MGC21559
8820	ANF
8820	RPX
8822	FGF-13
8823	MF4
8824	CE-2
8824	CES2A1
8824	iCE
8825	LIN-7A
8825	MALS-1
8825	TIP-33
8825	VELI1
8826	HUMORFA01
8826	KIAA0051
8826	SAR1
8826	p195
8828	VEGF165R2
8829	CD304
8829	VEGF165R
8831	KIAA1938
8831	RASA5
8831	SYNGAP
8832	SLAMF5
8832	hCD84
8832	mCD84
8833	GATD7
8834	C17orf35
8834	PM1
8835	CIS2
8835	Cish2
8835	SOCS-2
8835	SSI-2
8835	SSI2
8835	STATI2
8836	GATD10
8837	CASH
8837	CASP8AP1
8837	CLARP
8837	Casper
8837	FLAME
8837	I-FLICE
8837	MRIT
8837	c-FLIP
8837	cFLIP
8838	WISP-3
8838	WISP3
8839	CTGF-L
8839	WISP-2
8839	WISP2
8840	WISP-1
8840	WISP1
8840	WISP1-OT1
8840	WISP1-UT1
8841	HD3
8841	KDAC3
8841	RPD3-2
8842	AC133
8842	CD133
8842	CORD12
8842	MCDR2
8842	PROML1
8842	RP41
8842	STGD4
8843	GPR109B
8843	HCA3
8843	HM74
8844	KSR
8844	RSU2
8846	ABH
8846	ALKBH
8846	alkB
8846	hABH
8847	BCMSUN
8847	DLB2
8847	LEU2
8847	LINC00022
8847	MIR15AHG
8847	NCRNA00022
8847	RFP2OS
8847	TRIM13OS
8848	MGC17597
8848	TGFB1I4
8848	TSC22
8850	GCN5L
8850	P/CAF
8850	PCAF
8851	Nck5a
8851	p35nck5a
8852	AKAP82
8852	CT99
8852	Fsc1
8852	hAKAP82
8852	p82
8853	CENTB3
8853	DDEF2
8853	KIAA0400
8853	SHAG1
8854	RALDH2
8856	BXR
8856	ONR1
8856	PXR
8856	SXR
8857	FC(GAMMA)BP
8857	FcgammaBP
8858	PZ
8859	D6S60
8859	G11
8859	STK19
8859	TWH19
8861	CLIM2
8861	NLI
8862	XNPEP2
8862	apelin
8864	KIAA0347
8867	INPP5G
8867	PARK20
8869	SIAT9
8869	SIATGM3S
8869	ST3GalV
8870	DIF-2
8870	IEX-1
8870	IEX-1L
8871	INPP5H
8872	C10orf7
8872	D123
8874	BETA-PIX
8874	COOL1
8874	DKFZp686C12170
8874	DKFZp761K1021
8874	KIAA0142
8874	Nbla10314
8874	P50
8874	P50BP
8874	P85
8874	P85COOL1
8874	P85SPR
8874	PIXB
8875	FOAP-4
8875	GPI-80
8876	Tiff66
8877	SPHK
8878	A170
8878	OSIL
8878	PDB3
8878	p62B
8879	SPL
8880	FUBP
8881	ANAPC6
8881	APC6
8881	CUT9
8882	ZNF259
8883	APP-BP1
8883	APPBP1
8883	ula-1
8884	SMVT
8886	Has1
8886	MrDb
8887	CALCOCO3
8887	TXBP151
8888	GANP
8888	KIAA0572
8888	Map80
8890	DKFZP586J0119
8890	EIF2Bdelta
8891	EIF2Bgamma
8892	EIF-2Bbeta
8892	EIF2Bbeta
8893	EIF2Bepsilon
8894	EIF2beta
8894	PPP1R67
8896	Cwc14
8896	EDG-2
8896	G10
8896	YCR063W
8896	fSAP17
8897	FYVE-DSP1
8897	KIAA0371
8897	ZFYVE10
8898	CMT4B
8898	KIAA1073
8899	KIAA0536
8899	PR4H
8899	PRPF4B
8899	Prp4
8899	Prp4B
8900	CT146
8905	MRX59
8905	MRXS5
8905	PGS
8905	SIGMA1B
8906	G2AD
8907	AP47
8907	CLAPM2
8907	mu1A
8908	GN-2
8909	PP11
8909	PRSS26
8910	DYT11
8911	Cav3.3
8912	Cav3.2
8913	Cav3.1
8913	NBR13
8914	hTIM
8915	CARMEN
8915	CIPER
8915	CLAP
8915	c-E10
8915	mE10
8916	KIAA0032
8917	D15F37S2
8924	D15F37S1
8924	jdf2
8924	p528
8925	p532
8925	p619
8927	ZNF231
8928	FAST1
8929	NBPhox
8929	PMX2B
8933	CXX1
8933	FAM127A
8933	MAR8C
8933	Mar8
8933	Mart8
8933	SIRH5
8934	RAB7L
8934	RAB7L1
8935	RA70
8935	SAPS
8935	SCAP2
8935	SKAP-HOM
8935	SKAP55R
8936	KIAA0269
8936	WAVE
8936	WAVE-1
8936	WAVE1
8938	BAP3
8938	KIAA0734
8939	FBP3
8941	NCK5AI
8941	p39nck5ai
8943	ADTD
8944	RNU73
8944	RNU73A
8944	U73a
8945	FBXW1A
8945	Fwd1
8945	bTrCP
8945	bTrCP1
8945	beta-TrCP1
8945	betaTrCP
8968	H3/i
8968	H3FI
8968	HIST1H3F
8969	H2A.1b
8969	H2A/p
8969	H2AFP
8969	HIST1H2AG
8970	H2B/r
8970	H2BFR
8970	HIST1H2BJ
8971	H1FX
8971	H1X
8971	MGC15959
8971	MGC8350
8974	C-P4Halpha(II)
8974	lncRNA-PE
8975	IsoT-3
8976	N-WASP
8976	NWASP
8976	WASPB
8985	LH3
8986	MSK2
8986	RSK-B
8987	FLJ41801
8987	GENX-3414
8988	HSPL27
8989	ANKTM1
8991	LPSB
8991	hSBP
8991	hSP56
8992	ATP6H
8992	ATP6V0E
8992	M9.2
8993	PGLYRP
8993	PGRP
8993	PGRP-S
8993	PGRPS
8993	TAG7
8993	TNFSF3L
8995	AITRL
8995	TL6
8995	hGITRL
8996	MYP
8996	NOP30
8997	ARHGEF24
8997	DUET
8997	HAPIP
8997	Hs.8004
8997	KALNC2
8997	Kalirin
8997	TRAD
8997	duo
8999	KKIAMRE
8999	P56
9001	HAP2
9001	HIP5
9001	hHLP1
9002	PAR4
9013	MGC:39976
9013	TAFI110
9013	TAFI95
9014	RAF1B
9014	RAFI63
9014	TAFI63
9015	SL1
9015	TAFI48
9016	BMCP1
9016	UCP5
9019	FLJ21047
9019	PZR
9020	FTDCR1B
9020	HS
9020	HSNIK
9020	NIK
9021	CIS3
9021	Cish3
9021	SOCS-3
9021	SSI-3
9024	C11orf7
9024	PEN11B
9024	SAD-A
9024	STK29
9025	KIAA0646
9026	FLJ14000
9026	HIP12
9026	HIP3
9026	KIAA0655
9027	ATase2
9027	Hcml1
9027	TSC501
9028	RHBDL
9028	RRP
9031	WBSCR10
9031	WBSCR9
9031	WSTF
9033	PKD2L
9033	PKDL
9033	TRPP3
9034	CKRX
9034	CRAM-A
9034	CRAM-B
9037	SEMAF
9037	semF
9039	NAE2
9039	UBE1C
9039	hUba3
9040	UBC12
9040	hUbc12
9043	CT89
9043	FLJ13450
9043	FLJ14006
9043	FLJ26141
9043	FLJ34602
9043	HLC4
9043	JIP-4
9043	JIP4
9043	JLP
9043	KIAA0516
9043	MGC117291
9043	MGC14967
9043	MGC74461
9043	PHET
9043	SYD1
9044	MOT1
9044	TAF(II)170
9044	TAF-172
9044	TAF172
9044	TAFII170
9045	CTG-B33
9045	L14
9045	RL14
9045	eL14
9045	hRL14
9046	Dok-2
9046	p56dok-2
9047	F2771
9047	TSAd
9048	ENOVIN
9048	EVN
9049	ARA9
9049	FKBP16
9049	FKBP37
9049	XAP2
9051	CD2BP1
9051	CD2BP1L
9051	CD2BP1S
9051	H-PIP
9051	PAPAS
9051	PSTPIP
9052	PEIG-1
9052	RAI3
9052	RAIG1
9052	TIG1
9053	E-MAP-115
9054	IscS
9054	NifS
9055	ASE1
9055	MAP65
9056	LPI
9056	Y+LAT1
9056	y+LAT-1
9057	KIAA0245
9057	LAT-2
9057	LAT3
9057	y+LAT-2
9058	NaDC-1
9060	ATPSK2
9061	ATPSK1
9061	PAPSS
9063	ARIP3
9063	PIASX-ALPHA
9063	PIASX-BETA
9063	ZMIZ4
9063	miz
9064	ASK2
9064	MAPKKK6
9064	MEKK6
9066	IPCA-7
9066	MGC150517
9066	PCANAP7
9066	SYT-VII
9068	ANG3
9068	ANGPT3
9068	AngY
9070	ASH2L1
9070	ASH2L2
9070	Bre2
9071	CPETRL3
9071	OSP-L
9076	ILVASC
9076	SEMP1
9077	ARHI
9077	NOEY2
9081	PRY1
9081	PTPN13LY
9082	XKRY1
9083	BPY2A
9083	VCY2
9083	VCY2A
9084	BPY1
9084	VCY1
9084	VCY1A
9085	CDY1A
9087	TB4Y
9088	PPP1R126
9091	GPI1
9091	hGPI1
9092	Ara1
9092	HAF
9092	SNRNP110
9092	Snu66
9093	TID1
9093	Tid1-L
9093	Tid1-S
9093	hTid-1
9094	POC7
9094	POC7A
9095	TPIT
9095	dj747L4.1
9097	Ubp6
9098	HRP1
9098	TRE17
9098	TRESMCR
9098	Tre-2
9098	Tre2
9099	UBP41
9100	KIAA0190
9100	UBPO
9101	HumORF8
9101	KIAA0055
9101	SPG59
9101	UBPY
9103	CD32C
9103	Fc-gamma-RIIc
9103	FcgammaRIIc
9103	hFcRII-C
9104	RC
9104	SMP30
9110	KIAA0647
9110	ZFYVE11
9113	WARTS
9114	ATP6DV
9114	P39
9114	VATX
9114	VPATPD
9114	Vma6
9117	MGC13261
9117	MGC5373
9117	SEC22L3
9118	NEF5
9118	NF-66
9119	K6HF
9121	MCT6
9122	MCT5
9123	MCT3
9123	MCT4
9124	CLIM1
9124	CLP-36
9124	CLP36
9124	hCLIM1
9125	CAF40
9125	CT129
9125	RCD1
9125	RCD1+
9125	RQCD1
9126	BAM
9126	CSPG6
9126	HCAP
9126	SMC3L1
9126	bamacan
9127	MGC129625
9127	P2RXL1
9127	P2X6
9127	P2XM
9128	HPRP4
9128	HPRP4P
9128	PRP4
9128	Prp4p
9128	SNRNP60
9129	Prp3
9129	RP18
9129	SNRNP90
9129	hPrp3
9130	9F
9130	DXS9928E
9130	HXC-26
9130	XAP5
9131	AIF
9131	AUNX1
9131	CMTX4
9131	DFNX5
9131	NAMSD
9131	PDCD8
9132	Kv7.4
9133	HsT17299
9134	CYCE2
9135	RAB5EP
9135	RABPT5
9135	neurocrescin
9135	rabaptin-5
9136	RNU3IP2
9136	U3-55K
9138	LBCL2
9138	P115-RHOGEF
9138	SUB1.5
9139	MTGR1
9139	ZMYND3
9140	APG12
9140	APG12L
9141	MGC9294
9141	TFAR19
9146	Hrs
9146	Vps27
9146	ZFYVE8
9147	FLJ10051
9147	NY-CO-1
9147	RQC2
9147	SDCCAG1
9148	NEURL
9148	RNF67
9148	h-neu
9148	neu-1
9149	MIRK
9150	FCP1
9152	GlyT-2
9153	CNT2
9153	HCNT2
9153	HsT17153
9153	SPNT1
9154	CNT1
9156	HEX1
9156	hExoI
9158	FGFIBP
9159	LPC
9159	PC7
9159	PC8
9159	SPC7
9162	DGK-IOTA
9166	EB9
9166	PDAF
9166	RCAS1
9167	COX7AR
9167	COX7RP
9167	SCAFI
9167	SIG81
9168	TB10
9169	CASP11
9169	SFRS2IP
9169	SRRP129
9169	SRSF2IP
9170	EDG-4
9170	EDG4
9170	LPA2
9173	DER4
9173	FIT-1
9173	IL33R
9173	ST2
9173	ST2L
9173	ST2V
9173	T1
9175	LZK
9175	MEKK13
9177	5-HT3B
9179	MU-4
9179	MU-ARP2
9179	SPG50
9180	OSMRB
9180	OSMRbeta
9181	GEF-H1
9181	GEFH1
9181	KIAA0651
9181	LFP40
9181	Lfc
9182	P-CIP1
9182	PAMCI
9183	KNTC1AP
9184	BUB3L
9185	POB1
9187	CSNB1D
9187	HsT17412
9187	KIAA0702
9187	NCKX
9187	NCKX1
9187	RODX
9188	GURDB
9188	Gu-alpha
9188	RH-II/GU
9189	ALTE
9189	DREF
9189	KIAA0785
9189	hDREF
9191	CASP8IP1
9191	DEDD1
9191	DEFT
9191	FLDED1
9191	KE05
9194	MCT2
9196	AKR6A9
9196	KCNA3B
9197	ACATN
9197	AT-1
9197	SPG42
9200	CAP
9200	PTPLA
9201	DCAMKL1
9201	DCDC3A
9201	DCLK
9201	KIAA0369
9202	KIAA0425
9202	ZNF198L3
9202	ZNF262
9203	DXS6673E
9203	KIAA0385
9203	ZNF198L2
9203	ZNF261
9204	Buster2
9204	KIAA1353
9204	ZBED7
9204	ZNF198L4
9204	ZNF258
9205	ZNF198L1
9205	ZNF237
9206	HRAD17P2
9207	HRAD17P1
9208	FLAP-1
9208	FLIIAP1
9208	GCF-2
9208	GCF2
9208	HUFI-1
9208	TRIP
9209	HUFI-2
9210	GDF9B
9211	EPITEMPIN
9211	EPT
9211	ETL1
9211	IB1099
9212	AIM-1
9212	ARK2
9212	Aik2
9212	AurB
9212	IPL1
9212	PPP1R48
9212	STK12
9212	STK5
9213	SLC53A1
9213	SYG1
9213	X3
9214	FAIM3
9214	FcmuR
9214	TOSO
9215	KIAA0609
9215	LARGE
9217	ALS8
9217	VAP-B
9217	VAP-C
9218	VAP-A
9218	hVAP-33
9219	MTA1-L1
9219	MTA1L1
9221	KIAA0035
9221	NOPP130
9221	NOPP140
9221	P130
9221	Srp40
9223	AIP3
9223	BAIAP1
9223	MAGI-1
9223	TNRC19
9223	WWP3
9227	LCA14
9228	C8orf68
9228	DAP-2
9228	ERICH1-AS1
9229	DAP-1
9229	GKAP
9229	SAPAP1
9230	H-YPT3
9231	KIAA0583
9231	P-dlg
9232	ECRAR
9232	HPTTG
9232	PTTG
9232	TUTR1
9232	securin
9235	NK4
9235	TAIF
9235	TAIFb
9235	TAIFd
9236	CPR8
9236	KIAA1254
9238	Cpr2
9238	FASTKD4
9238	H_TD2522F11.8
9238	KIAA0948
9240	MA1
9241	SYM1
9241	SYNS1
9242	ABF-1
9242	bHLHa22
9244	CISS
9244	CISS1
9244	CLF
9244	CLF-1
9245	C2/4GnT
9245	C2GnT-M
9245	C2GnT2
9246	UBCH8
9247	GCMB
9247	hGCMb
9248	H9
9248	Mel1c
9249	CNALPTC1
9249	RDH17
9249	Rsdr1
9249	SDR16C1
9249	retSDR1
9252	MSK1
9252	RLPK
9253	CAG3A
9253	CTG3a
9253	NUMB-R
9253	NUMBLIKE
9253	NUMBR
9253	TNRC23
9254	KIAA0558
9254	alpha2delta-2
9255	EMAP-2
9255	EMAPII
9255	SCYE1
9255	p43
9256	BZRAP1
9256	KIAA0612
9256	PRAX-1
9256	RIM-BP1
9256	RIMBP1
9258	LRRC65
9258	MASL1
9260	ENIGMA
9261	MK2
9262	DRAK2
9263	DRAK1
9265	ARNO3
9265	GRP1
9265	PSCD3
9265	cytohesin-3
9266	ARNO
9266	CTS18.1
9266	PSCD2
9266	PSCD2L
9266	Sec7p-L
9266	Sec7p-like
9266	cytohesin-2
9267	B2-1
9267	D17S811E
9267	PSCD1
9267	cytohesin-1
9270	ICAP-1A
9270	ICAP-1B
9270	ICAP-1alpha
9270	ICAP1
9270	ICAP1A
9270	ICAP1B
9271	CT80.1
9271	HIWI
9271	PIWI
9274	SMARCJ3
9275	SMARCJ2
9276	beta\'-COP
9276	betaprime-COP
9277	BING4
9277	C6orf11
9277	UTP7
9278	BING1
9278	ZBTB22A
9278	ZNF297
9278	ZNF297A
9278	fru
9278	fruitless
9282	CRSP150
9282	CRSP2
9282	CSRP
9282	CXorf4
9282	EXLM1
9282	RGR1
9282	TRAP170
9283	ETBR-LP-2
9284	NPIP
9284	morpheus
9287	GPR58
9288	GPR57
9288	TAAR3
9289	GPR56
9289	TM7LN4
9289	TM7XN1
9292	PsiGPR53
9292	dJ271M21.8
9294	AGR16
9294	DFNB68
9294	EDG5
9294	Gpcr13
9294	H218
9295	NET2
9295	SFRS11
9296	ATP6S14
9296	VATF
9296	Vma7
9297	RNU29
9297	U29
9298	RNU31
9298	SNORD31A
9298	U31
9299	RNU30
9299	U30
9300	RNU28
9300	SNORD28A
9300	U28
9301	RNU27
9301	U27
9302	RNU26
9302	U26
9303	RNU25
9303	U25
9304	RNU22
9304	U22
9306	CIS4
9306	Cish4
9306	HSPC060
9306	SSI4
9306	STAI4
9306	STATI4
9308	BL11
9308	HB15
9310	ANF270
9310	HZF6
9310	ZFP93
9310	ZNF270
9311	ACCN3
9311	DRASIC
9311	TNaC1
9312	Kv2.2
9314	EZF
9314	GKLF
9315	C5orf13
9315	D4S114
9315	P311
9315	PRO1873
9315	PTZ17
9315	SEZ17
9318	TRIP15
9319	16E1BP
9320	KIAA0045
9320	TRIPC
9320	ULF
9321	CEV14
9321	GMAP-210
9321	GMAP210
9321	Trip230
9322	CIP4
9322	HSTP
9322	STOT
9324	TRIP7
9325	ASC-1
9325	HsT17391
9326	Hit1
9326	TRIP3
9328	TFIIIC63
9328	TFIIICepsilon
9328	TFiiiC2-63
9329	KAT12
9329	TFIIIC90
9330	TFIIIC102
9330	TFiiiC2-102
9331	beta4GalT-VI
9332	MM130
9332	SCARI1
9333	TGMX
9333	TGX
9334	beta4GalT-V
9337	CALIF
9337	POP2
9337	hCAF1
9338	SIIR
9338	WEX9
9338	pp21
9341	CEB
9342	CEDNIK
9342	SNAP-29
9343	SNRNP116
9343	Snrp116
9343	Snu114
9343	U5-116KD
9344	KIAA0881
9344	MAP3K17
9344	PSK
9344	PSK1
9344	PSK1-BETA
9344	TAO2
9344	Tao2beta
9344	hKFC-C
9348	HSST3
9349	L23
9349	rpL17
9349	uL14
9350	DAND4
9351	E3KARP
9351	NHERF-2
9351	OCTS2
9351	SIP-1
9351	SLC9A3R2
9351	TKA-1
9352	TRP32
9352	TXNL
9352	Txl
9353	SLIL3
9353	Slit-2
9354	E4
9354	KIAA0126
9354	UBOX2
9354	UFD2
9355	LH-2
9355	hLhx2
9356	OAT1
9356	PAHT
9356	ROAT1
9358	OSCP
9358	TIED
9360	CARS-Cyp
9360	SCAF10
9360	SRCyp
9361	LonHS
9361	PRSS15
9361	hLON
9362	N-copine
9362	copine-6
9363	RabS10
9365	KLA
9366	RAB9P1
9367	RAB9
9368	EBP50
9368	NHE-RF
9368	NHERF
9368	NHERF-1
9368	SLC9A3R1
9369	C14orf60
9369	KIAA0743
9370	ACDC
9370	ACRP30
9370	GBP28
9370	adiponectin
9370	apM1
9371	FLA8
9371	KIAA0359
9371	KLP-11
9372	MADHIP
9372	PPP1R173
9372	SARA
9372	SMADIP
9373	DOA1
9373	FLJ11281
9373	FLJ12699
9373	PLA2P
9375	Lnc-PCIR
9375	P76
9376	OAT3
9377	COX-VA
9378	Hs.22998
9378	KIAA0578
9380	GLXR
9380	GLYD
9380	PH2
9381	DFNB9
9381	FER1L2
9382	KIAA1381
9382	LDLB
9383	LINC00013
9383	NCRNA00013
9383	XIST-AS1
9388	EDL
9389	OCTL2
9389	ORCTL4
9390	OAT10
9390	OCTL1
9390	OCTL3
9390	ORCTL3
9391	CIA1
9391	WDR39
9392	TRAP-1
9392	VPS3
9394	HS6ST
9398	IGSF2
9398	V7
9399	FLJ36370
9399	SLP-1
9399	STORP
9399	hUNC-24
9400	FLJ90603
9400	RecQ5
9401	RecQ4
9402	GADS
9402	GRBLG
9402	GrbX
9402	Grf40
9402	Mona
9403	SEP15
9404	LDPL
9406	ZIS
9406	ZIS1
9406	ZIS2
9406	ZNF265
9407	HAT
9410	HPRP8BP
9410	PRP8BP
9410	PRPF8BP
9410	SPF38
9410	WDR57
9411	PARG1
9412	SRB7
9412	SURB7
9413	C9orf61
9413	ENTREP
9413	FAM189A2
9413	X123
9414	DFNA51
9414	X104
9414	ZO-2
9414	ZO2
9415	D6D
9415	DES6
9415	FADSD6
9415	LLCDL2
9415	SLL0262
9415	TU13
9416	PRPF28
9416	Prp28
9416	SNRNP100
9416	U5-100KD
9419	HSPC139
9420	SPG5A
9421	Hxt
9421	Thing1
9421	bHLHa27
9421	eHand
9422	KIAA0412
9423	NTN1L
9424	K2p6.1
9424	TWIK-2
9425	CDYL1
9425	DKFZP586C1622
9426	CDY2
9427	DINE
9429	ABCP
9429	BCRP
9429	CD338
9429	EST157481
9429	MXR
9430	MYLKP
9431	OR3.6
9431	OR6DG
9432	OR4DG
9432	OR7E127P
9432	OR7E49P
9432	OST035
9436	CD336
9436	LY95
9436	NK-p44
9437	CD335
9437	LY94
9437	NK-p46
9437	NKP46
9439	CRSP130
9439	CRSP3
9439	DRIP130
9439	MRT18
9439	Sur2
9440	CRSP6
9440	CRSP77
9440	DRIP80
9440	SRB4
9440	TRAP80
9441	CRSP7
9441	CRSP70
9442	CRSP34
9442	CRSP8
9442	MED3
9442	TRAP37
9443	CRSP33
9443	CRSP9
9444	QK3
9445	BRI
9445	BRI2
9445	BRICD2B
9445	E25B
9445	E3-16
9446	GSTTLp28
9447	PYHIN4
9448	FLH21957
9448	HGK
9450	MD-1
9450	dJ80N2.1
9451	PEK
9451	PERK
9452	BRICD2A
9452	E25A
9453	GGPPS1
9454	HOMER-3
9455	Cupidin
9455	DFNA68
9455	HOMER-2
9455	HOMER-2A
9455	HOMER-2B
9455	Vesl-2
9456	HOMER-1B
9456	SYN47
9456	Ves-1
9457	FLJ33049
9457	dJ393D12.2
9459	Cool-2
9459	Cool2
9459	KIAA0006
9459	MRX46
9459	alpha-PIX
9459	alphaPIX
9459	αPix
9462	nGAP
9463	MGC15204
9463	PRKCABP
9463	dJ1039K5
9464	Hed
9464	Thing2
9464	bHLHa26
9464	dHand
9465	AKAP15
9465	AKAP18
9466	CRL1
9466	IL-27R
9466	TCCR
9466	WSX-1
9466	WSX1
9466	zcytor1
9467	Sab
9468	CCT-beta
9468	CCTbeta
9469	C6ST1
9470	4EHP
9470	EIF4EL3
9470	IF4e
9472	ADAP6
9472	AKAP100
9472	KIAA0311
9472	PRKA6
9472	mAKAP
9473	C1orf38
9473	Icb-1
9474	APG5
9474	APG5L
9474	hAPG5
9476	KAP
9476	Kdap
9476	NR1H2-AS1
9477	DKFZp586D2223
9477	PRO0213
9477	SRB2
9477	TRFP
9479	IB1
9479	JIP-1
9479	JIP1
9479	PRKM8IP
9480	OC-2
9481	FLJ33552
9481	UCP4
9482	CARB
9486	HNK-1ST
9487	PIG-L
9488	GPI-MT-III
9488	PIG-B
9489	DKFZP762M186
9491	PI31
9493	KNSL5
9493	MKLP-1
9493	MKLP1
9495	AKAP75
9495	AKAP79
9497	NBC3
9497	SBC2
9497	SLC4A6
9499	LGMD1
9499	LGMD1A
9499	TTID
9500	DLXIN-1
9500	NRAGE
9501	Noc2
9502	CT12.2
9502	GAGED3
9502	XAGE-2
9502	XAGE2B
9506	CT16.7
9506	GAGEC1
9506	PAGE-4
9507	ADAMTS-2
9507	ADMP-1
9507	KIAA0688
9508	ADAMTS-4
9508	KIAA0366
9509	ADAM-TS2
9509	ADAMTS-3
9509	NPI
9509	PCINP
9509	hPCPNI
9510	C3-C5
9510	KIAA1346
9510	METH1
9512	MPPB
9512	MPPP52
9512	beta-MPP
9513	FMR1L2
9514	CST
9515	KIAA1006
9515	LLGL4
9515	tomosyn-2
9516	FLJ38636
9516	PIG7
9516	SIMPLE
9516	TP53I7
9517	KIAA0526
9517	LCB2
9517	LCB2A
9517	hLCB2a
9518	MIC-1
9518	MIC1
9518	NAG-1
9518	PLAB
9518	PTGFB
9519	STUD
9519	TLF
9519	TLP
9519	TRF2
9520	MP100
9521	AIMP3
9521	P18
9522	SCAMP37
9524	GPSN2
9524	MRT14
9524	SC2
9524	TER
9525	SKD1
9525	SKD1B
9525	VPS4-2
9526	CDGIf
9526	Lec35
9526	PQLC5
9526	SL15
9526	SLC66A5
9527	GOLIM2
9527	GOS-28
9527	GOS28
9527	GS28
9527	P28
9528	C1orf8
9528	HSPC001
9530	SODD
9533	AC40
9533	RPA39
9533	RPA40
9533	RPA5
9533	RPAC1
9533	RPC40
9534	BMZF-5
9534	HD-ZNF1
9534	ZNF539
9534	ZNF91L
9536	MGST-IV
9536	MGST1-L1
9536	MGST1L1
9536	PIG12
9536	TP53I12
9537	PIG11
9538	EPG4
9538	PIG8
9538	TP53I8
9541	CIR1
9542	Don-1
9542	HRG2
9542	NTAK
9543	HsT18880
9543	PUNC
9545	D2-2
9545	GOV
9545	RAB16
9545	RAD3D
9546	X11L2
9546	mint3
9547	BMAC
9547	BRAK
9547	Kec
9547	MIP-2g
9547	NJAC
9547	SCYB14
9547	bolekine
9550	ATP6G1
9550	ATP6GL
9550	ATP6J
9550	DKFZp547P234
9550	Vma10
9551	ATP5J2
9551	ATP5JL
9552	ACRP
9552	FSA-1
9552	MGC20134
9553	C2orf1
9553	RPL33L
9553	bL33m
9554	ERS-24
9554	SEC22L1
9555	H2AFY
9555	macroH2A1.2
9556	6.8PL
9556	ATP5MPL
9556	C14orf2
9556	MLQ
9556	MP68
9559	Hbeta58
9559	PEP8A
9559	VPS26
9562	MIPP
9563	GDH
9563	H6PDH
9564	CAS
9564	CASS1
9564	Crkas
9564	P130Cas
9567	GP-1
9567	HSPC018
9568	GABABR2
9568	GPR51
9568	GPRC3B
9568	HG20
9569	BEN
9569	Cream1
9569	GTF3
9569	MusTRD1
9569	RBAP2
9569	WBSCR11
9569	WBSCR12
9570	Bos1
9570	GS27
9572	REVERBA
9572	REVERBalpha
9572	Rev-ErbAalpha
9572	THRAL
9572	ear-1
9572	hRev
9575	KAT13D
9575	KIAA0334
9575	bHLHe8
9576	CFAP194
9576	CT141
9576	FAP194
9576	PF16
9576	Repro-SA-1
9577	BRCC4
9577	BRCC45
9577	BRE
9578	KIAA1124
9578	MRCKB
9580	ICA12
9580	MGC117216
9580	Sox-13
9581	KIAA0436
9582	FLJ21201
9582	PHRBNL
9583	KIAA0392
9583	LALP70
9583	LAP70
9583	LYSAL1
9583	NTPDase-4
9583	UDPase
9584	CAPER
9584	CAPERalpha
9584	CC1.3
9584	HCC1
9584	RNPC2
9584	fSAP59
9585	CT90
9585	KRMP1
9585	MPHOSPH1
9586	CRE-BPA
9586	H_GS165L15.1
9587	KIAA0110
9587	dJ261G23.1
9587	p31comet
9588	1-Cys
9588	AOP2
9588	KIAA0106
9588	MGC46173
9588	NSGPx
9588	aiPLA2
9588	p29
9589	KIAA0105
9589	MGC3925
9589	Mum2
9590	AKAP250
9590	SSeCKS
9592	ETR101
9595	B3-1
9595	CYBR
9595	CYTHIP
9595	HE
9595	PSCDBP
9596	OR17-1
9596	OR1R1P
9596	OR1R2P
9596	OR1R3P
9596	OR20A1P
9597	DAMS
9597	SMAD5OS
9600	DRES9
9600	NIR2
9600	PITPNM
9600	RDGB
9600	RDGB1
9600	RDGBA1
9600	Rd9
9601	ERP70
9601	ERP72
9603	Nrf3
9604	ARA54
9604	HFB30
9604	TRIAD2
9605	ATP-BL
9605	C16orf7
9607	CART
9611	KIAA1047
9611	MGC104216
9611	N-CoR
9611	PPP1R109
9611	TRAC1
9611	hCIT529I10
9611	hN-CoR
9612	CTG26
9612	SMRT
9612	SMRTE
9612	TNRC14
9612	TRAC-1
9615	CYPIN
9615	GAH
9616	CKBBP1
9616	RBX2
9616	ROC2
9617	MGC47721
9617	MTTRF1
9617	RF1
9618	MLN62
9618	RNF83
9619	ABC8
9620	ADGRC1
9620	CDHF9
9620	FMI2
9620	HFMI2
9622	EMSP
9622	EMSP1
9622	KLK-L1
9622	PRSS17
9622	PSTS
9623	TML1
9625	AATYK
9625	AATYK1
9625	KIAA0641
9625	LMR1
9625	LMTK1
9625	PPP1R77
9626	GCAP3
9627	SYPH1
9629	CLCA3
9631	KIAA0791
9631	N155
9632	KIAA0079
9633	CXCDC2
9633	MTL5
9635	CLCRG2
9636	G1P2
9636	IFI15
9636	UCRP
9638	UNC-76
9639	Gef10
9639	KIAA0294
9640	CAMOS
9640	KIAA0211
9640	SCAR5
9641	IKK-i
9641	IKKE
9641	KIAA0151
9643	KIAA0026
9643	MRGX
9644	FISH
9644	KIAA0418
9644	SH3MD1
9645	FLJ14966
9645	KIAA0750
9645	MICALCL
9646	KIAA0155
9646	SH2BP1
9646	p150TSP
9647	CAMKP
9647	CaMKPase
9647	FEM-2
9647	KIAA0015
9647	POPX2
9648	GCC185
9648	KIAA0336
9649	KIAA0351
9649	RALGEF2
9649	RALGPS1A
9650	CHPPR
9650	FAM54A2
9650	KIAA0009
9651	KIAA0450
9651	PLC-eta2
9651	PLCL4
9651	PLCeta2
9651	RP3-395M20.1
9652	KIAA0372
9652	SKI3
9652	THES
9652	TTC37
9653	KIAA0448
9654	KIAA0173
9655	CIS6
9655	CISH6
9655	Cish5
9655	KIAA0671
9655	SOCS-5
9656	Em:AB023051.5
9656	KIAA0170
9656	NFBD1
9657	KIAA0036
9657	NPHP5
9657	SLSN5
9658	HsT287
9658	KIAA0222
9659	CMYA2
9659	KIAA0454
9659	KIAA0477
9659	MMGL
9662	CEP4
9662	FLJ13621
9662	KIAA0635
9663	KIAA0249
9665	KIAA0430
9665	LKAP
9665	LMKB
9665	PPP1R34
9666	PPP1R66
9666	hRUL138
9667	KIAA0138
9668	KIAA0798
9669	DKFZp434I036
9669	FLJ10524
9669	IF2
9669	KIAA0741
9670	IMP13
9670	KIAA0724
9670	RANBP13
9671	KIAA0789
9672	N-syndecan
9672	SYND3
9673	FLJ90431
9673	KIAA0446
9675	KIAA0406
9675	smg-10
9677	HISPPD2A
9677	IPS1
9677	KIAA0377
9677	VIP1
9678	KIAA0783
9679	KIAA0140
9679	bA12J10.2
9679	smp
9681	DEP.5
9681	KIAA0645
9682	JHDM3A
9682	JMJD2
9682	JMJD2A
9682	KIAA0677
9682	TDRD14A
9684	KIAA0014
9684	LRRC14A
9685	CLINT
9685	ENTH
9685	EPNR
9685	KIAA0171
9686	KIAA0121
9687	KIAA0575
9688	KIAA0095
9689	5MP2
9689	BZAP45
9689	KIAA0005
9690	KIAA0010
9690	KIAA10
9692	KIAA0391
9692	MRPP3
9693	DKFZP586O1422
9693	KIAA0313
9693	PDZ-GEF1
9693	PDZGEF1
9693	RA-GEF
9694	KIAA0103
9694	TTC35
9695	EDEM
9695	KIAA0212
9696	CROCC1
9696	ROLT
9696	rootletin
9697	KIAA0057
9698	KIAA0099
9698	PUMH1
9699	KIAA0751
9699	OBOE
9699	RAB3IP3
9699	RIM2
9700	KIAA0165
9700	SEPA
9701	KIAA0685
9701	SAPS2
9701	dJ579N16.1
9702	KIAA0092
9702	TSP57
9702	Translokin
9703	BCOX
9703	BCOX1
9703	CT101
9703	DKFZp686M0843
9703	FMP27
9703	Hob
9703	KIAA0100
9703	MGC111488
9704	DDX34
9704	KIAA0134
9705	KIAA0535
9705	NZF-3
9705	NZF3
9705	ZC2H2C3
9705	ZC2HC10
9705	ZNF387
9706	ATG1B
9706	KIAA0623
9706	Unc51.2
9708	KIAA0327
9708	PCDH-GAMMA-A8
9709	HERP
9709	HERPUD1-IT1
9709	KIAA0025
9709	Mif1
9709	SUP
9710	KIAA0355
9710	MiniBAR
9711	KIAA0226
9711	rubicon
9711	rundataxin
9712	KIAA0019
9712	RN-tre
9712	RNTRE
9712	TRE2NL
9712	USP6NL-IT1
9715	KIAA0773
9716	IBP160
9716	KIAA0560
9716	fSAP164
9717	KIAA0420
9717	PRELID4B
9718	KIAA0604
9718	MGC2408
9719	KIAA0605
9720	FLJ43983
9720	KIAA0565
9721	KIAA0514
9721	MGC15171
9722	CAPON
9722	KIAA0464
9723	KIAA0331
9723	M-SemaK
9723	SEMAH
9723	coll-5
9724	2700066J21Rik
9724	KIAA0266
9725	KIAA0792
9726	KIAA0296
9727	KIAA0665
9727	Rab11-FIP3
9727	eferin
9728	KIAA0256
9730	KIAA0800
9730	MGC102804
9730	VPRBP
9731	CFAP256
9731	GlyBP
9731	JBTS25
9731	KIAA0562
9731	ROC22
9731	RP1-286D6.4
9732	FLJ34238
9732	KIAA0716
9733	KIAA0156
9733	RP11-13G14
9733	TIP110
9733	p110
9734	HD7
9734	HDAC
9734	HDAC7B
9734	KIAA0744
9734	MITR
9735	KIAA0166
9735	ROD
9736	KIAA0570
9736	KIAA0729
9737	GASP
9737	GASP1
9738	CP110
9738	KIAA0419
9739	KIAA0339
9739	KMT2F
9739	SET1A
9739	Set1
9741	HUMORF13
9741	KIAA0108
9741	LAPTM4
9741	MBNT
9741	Mtrp
9742	KIAA0590
9742	WDTC2
9742	gs114
9743	GC-GAP
9743	GRIT
9743	KIAA0712
9743	MGC1892
9743	RICS
9744	CENTB1
9744	KIAA0050
9745	KIAA0390
9746	CDHR14
9746	CSTN3
9746	KIAA0726
9747	FAM115A
9747	GATD9A
9747	KIAA0738
9748	KIAA0204
9748	se20-9
9749	C6orf56
9749	KIAA0680
9750	C6orf32
9750	DIFF48
9750	FAM65B
9750	KIAA0386
9750	MYONAP
9751	bA314N13.5
9752	KIAA0345
9752	PCDH-ALPHA9
9753	KIAA0426
9753	ZFP96
9753	ZNF29K1
9753	ZNF305
9753	ZNF96
9753	dJ29K1.2
9754	ARHGAP38
9754	KIAA0189
9755	KIAA0775
9755	ProSAPiP2
9757	CXXC10
9757	HRX2
9757	KIAA0304
9757	MLL1B
9757	MLL4
9757	TRX2
9757	WBP7
9758	KIAA0316
9758	PDZD10
9758	PDZK10
9759	BDMR
9759	HA6116
9759	HD4
9759	HDAC-4
9759	HDAC-A
9759	HDACA
9759	KIAA0288
9760	KIAA0808
9760	TOX1
9761	KIAA0152
9762	KIAA0552
9762	ProSAPiP1
9765	KIAA0305
9765	PPP1R69
9766	KIAA0247
9767	JADE-3
9767	KIAA0215
9767	PHF16
9768	KIAA0101
9768	NS5ATP9
9768	OEATC-1
9768	PAF15
9768	p15(PAF)
9770	CENP-34
9770	KIAA0168
9771	GFR
9771	KIAA0277
9771	MR-GEF
9772	ERMA
9772	KIAA0195
9774	BTF
9774	KIAA0164
9775	DDX48
9775	EIF4AIII
9775	Fal1
9775	KIAA0111
9776	KIAA0652
9777	KIAA0255
9777	dJ836N17.2
9779	KIAA0210
9780	FAM38A
9780	KIAA0233
9781	KIAA0161
9781	RNF144
9781	UBCE7IP4
9781	hUIP4
9782	KIAA0723
9782	MGC9105
9782	MPD2
9782	VCPDM
9783	NIM3
9783	RIM3
9784	KIAA0064
9785	DDX38
9785	KIAA0224
9785	PRPF16
9785	Prp16
9785	hPrp16
9786	JBTS23
9786	Talpid3
9787	DLG7
9787	HURP
9787	KIAA0008
9788	KIAA0429
9788	MIM
9788	MIMA
9788	MIMB
9789	KIAA0102
9790	BMS1L
9790	KIAA0187
9791	KIAA0024
9791	PSS1
9791	PSSA
9792	KIAA0127
9792	Sei-2
9792	TRIP-Br2
9793	KIAA0097
9793	TOG
9793	TOGp
9793	ch-TOG
9794	KIAA0200
9794	Mam-1
9796	DYRK1AP3
9796	KIAA0273
9796	PAHX-AP
9797	KIAA0218
9798	CHMP8
9798	KIAA0174
9801	KIAA0104
9801	RLX1
9801	RPML15
9801	bL19m
9802	KIAA0058
9804	KIAA0016
9804	MAS20
9804	MOM19
9804	TOM20
9805	KIAA0193
9806	KIAA0275
9806	testican-2
9807	IHPK1
9807	KIAA0263
9810	BRE1B
9810	KIAA0661
9810	RBP95
9810	STARING
9811	KIAA0427
9812	DELE
9812	KIAA0141
9813	KIAA0494
9814	KIAA0542
9814	PPP1R139
9815	KIAA0148
9815	PKL
9816	KIAA0133
9816	NET10
9816	NPA2
9817	INrf2
9817	KIAA0132
9817	KLHL19
9817	MGC10630
9817	MGC1114
9817	MGC20887
9817	MGC4407
9817	MGC9454
9818	KIAA0410
9818	NUP45
9818	NUPL1
9819	KIAA0669
9819	TILZ4a
9819	TILZ4b
9819	TILZ4c
9820	KIAA0076
9820	dJ20C7.5
9821	ATG17
9821	Cc1
9821	DRAGOU14
9821	FIP200
9821	KIAA0203
9821	PPP1R131
9823	ALEX2
9823	GASP9
9823	KIAA0512
9824	KIAA0013
9825	KIAA0757
9825	PPP1R145
9825	tamo
9826	GTRAP48
9826	KIAA0380
9826	PDZ-RHOGEF
9827	KIAA0258
9828	KIAA0337
9828	TEM4
9828	p164-RhoGEF
9829	KIAA0473
9829	PARK19
9830	KIAA0129
9831	KIAA0628
9832	JAMIP2
9832	KIAA0555
9833	KIAA0175
9834	C14orf110
9834	HSPC053
9834	KIAA0125
9836	KIAA0547
9836	MGC9534
9836	PPM2
9836	TYW4
9837	KIAA0186
9837	PSF1
9839	KIAA0569
9839	ZFHX1B
9840	ITPRID3
9840	KIAA0748
9841	BIF1
9841	KIAA0441
9841	PATZ2
9841	ZNF450
9842	KIAA0356
9843	CPL
9843	KIAA0698
9844	CED-12
9844	CED12
9844	ELMO-1
9844	KIAA0281
9846	KIAA0571
9847	CDP138
9847	KIAA0528
9848	KIAA0626
9848	NYD-sp9
9849	KIAA0335
9849	ZNF518
9851	MNR
9851	OFIP
9852	FLJ11207
9852	KIAA0766
9853	KIAA0375
9854	KIAA0285
9854	TMEM24
9855	FIR
9855	FRG
9855	KIAA0793
9855	PLEKHC3
9856	NMIG
9857	CAP350
9857	KIAA0480
9858	KIAA0649
9859	FAM68A
9859	KAB
9859	KIAA0470
9860	KIAA0806
9861	KIAA0107
9861	Rpn7
9861	p44S10
9862	CRSP100
9862	CRSP4
9862	DRIP100
9862	KIAA0130
9862	MED5
9862	THRAP4
9862	TRAP100
9863	ACVRIP1
9863	MAGI-2
9865	KIAA0644
9866	C11orf29
9866	KIAA0298
9866	TIF1D
9867	KIAA0438
9867	Neurodap1
9867	PRAJA2
9867	RNF131
9868	KIAA0719
9868	TOMM70A
9868	Tom70
9869	ESET
9869	KG1T
9869	KIAA0067
9869	KMT1E
9869	TDRD21
9870	FIEL1
9870	KIAA0317
9871	KIAA0755
9873	KIAA0769
9873	SH3MD3
9874	KIAA0137
9874	PKU-BETA
9875	C21orf108
9875	KIAA0539
9875	NPA1
9877	KIAA0663
9877	ZC3HDC11A
9878	C14orf92
9878	KIAA0737
9879	FLJ25329
9879	KIAA0801
9879	PRPF5
9879	Prp5
9880	KIAA0352
9880	ZNF922
9881	KIAA0342
9881	LBA1
9882	AS160
9882	DKFZp779C0666
9882	KIAA0603
9883	DKFZP586G1822
9883	DKFZP586P2220
9883	KIAA0618
9883	POM121A
9884	KIAA0563
9884	LRRC37A1
9885	DFNA67
9885	KIAA0772
9885	ORP-2
9886	KIAA0740
9887	C1orf16
9887	EST1C
9887	KIAA0250
9887	SGA56M
9887	SMG-7
9889	KIAA0637
9890	KIAA0455
9890	LPPR4
9890	PHP1
9890	PRG-1
9891	ARK5
9891	KIAA0537
9892	AP180
9892	KIAA0656
9894	KIAA0683
9894	TEL2
9894	hCLK2
9895	KIAA0329
9896	ALS11
9896	CMT4J
9896	KIAA0274
9896	SAC3
9896	dJ249I4.1
9896	hSac3
9897	KIAA0196
9897	SPG8
9898	KIAA0144
9898	NICE-4
9899	HsT19680
9899	KIAA0735
9899	SLC22B2
9900	KIAA0736
9900	SLC22B1
9900	SV2
9901	ARHGAP14
9901	KIAA0411
9901	MEGAP
9901	WRP
9902	CD280
9902	CLEC13E
9902	ENDO180
9902	KIAA0709
9903	KIAA0469
9904	DKFZp586F1023
9904	KIAA0682
9904	Mrd1
9905	KIAA0397
9905	RUTBC1
9906	KIAA0447
9906	SLC35E2
9906	SLC35E2AP
9906	SLC35E2P
9907	KIAA0415
9907	SPG48
9907	zeta
9908	KIAA0660
9909	KIAA0476
9910	FLJ38519
9910	HHL
9910	KIAA0471
9910	TBC1D18
9911	FLJ38497
9911	HUCEP11
9912	KIAA0672
9912	RICH-2
9912	RICH2
9913	KIAA0764
9913	SPT7L
9913	STAF65
9913	STAF65gamma
9914	KIAA0703
9914	SPCA2
9915	KIAA0307
9915	bHLHe1
9917	GXK1
9917	KIAA0475
9918	CAP-D2
9918	CNAP1
9918	KIAA0159
9918	hCAP-D2
9919	KIAA0310
9919	Sec16L
9919	p250
9920	KIAA0711
9920	KLHDC7C
9921	KIAA0262
9921	RIE2
9922	ARF-GEP100
9922	BRAG2
9922	GEP100
9922	KIAA0763
9923	KIAA0478
9923	ZNF923
9924	KIAA0710
9924	USP52
9924	hPAN2
9925	KIAA0354
9926	FAM34A
9926	FAM34A1
9926	KIAA0205
9926	LPLAT7
9926	NET8
9927	CMT2A2
9927	CPRP1
9927	KIAA0214
9927	MARF
9928	KIAA0042
9929	KIAA0063
9931	DHRC
9931	HUMORF5
9931	KIAA0054
9933	HA-8
9933	KIAA0020
9933	PUF6
9933	Puf-A
9933	XTP5
9933	hPUF-A
9934	GPR105
9934	KIAA0001
9935	KRML
9936	BIMLEC
9936	CLEC13A
9936	DCL-1
9936	KIAA0022
9937	KIAA0086
9937	PSO2
9937	SNM1
9937	hSNM1
9938	KIAA0053
9939	BOV-1A
9939	BOV-1B
9939	BOV-1C
9939	RBM8
9939	Y14
9939	ZNRP
9940	CFAP81
9940	FAP81
9941	ENDOGL1
9941	ENDOGL2
9941	ENGL
9941	ENGL-a
9941	ENGL-b
9942	FLJ10343
9942	FLJ12539
9943	KIAA1101
9945	GFAT2
9946	4P11
9946	FERRY4
9946	Fy-4
9946	QOH-1
9947	CT7
9947	CT7.1
9947	MAGE-C1
9947	MGC39366
9950	GOLIM5
9950	golgin-84
9950	ret-II
9950	rfg5
9951	3OST4
9953	30ST3B1
9953	3OST3B1
9955	30ST3A1
9955	3OST3A1
9956	3OST2
9957	3OST1
9958	KIAA0529
9958	UNPH4
9959	UBH1
9961	VAULT1
9962	KIAA0238
9962	SVCT2
9962	YSPL2
9963	SVCT1
9963	YSPL3
9964	MYCL3
9966	MGC129934
9966	MGC129935
9966	TL1
9966	TL1A
9966	VEGI
9966	VEGI192A
9967	BCLAF2
9967	TRAP150
9968	ARC240
9968	CAGH45
9968	FGS1
9968	HOPA
9968	KIAA0192
9968	Kto
9968	OKS
9968	TNRC11
9968	TRAP230
9969	KIAA0593
9969	THRAP1
9969	TRAP240
9970	CAR
9970	CAR1
9970	MB67
9971	FXR
9971	HRR-1
9971	HRR1
9971	RIP14
9972	HNUP153
9975	BD73
9975	EAR-1r
9975	HZF2
9975	Hs.37288
9975	REVERBB
9975	REVERBbeta
9975	RVR
9976	AICL
9976	CLECSF2
9976	HP10085
9978	BA554C12.1
9978	RNF75
9978	ROC1
9980	C21orf5
9980	DOPEY2
9980	KIAA0933
9982	FGFBP
9982	HBP17
9984	HPR1
9985	REC8L1
9985	Rec8p
9985	kleisin-alpha
9986	FACE-2
9986	FACE2
9986	RCE1A
9986	RCE1B
9986	hRCE1
9987	HNRPDL
9987	JKTBP
9987	LGMD1G
9987	laAUF1
9988	DMTF
9988	MRUL
9988	hDMP1
9989	PP4R1
9990	ACCPN
9990	KCC3
9990	KCC3A
9990	KCC3B
9991	DKFZp781I1117
9991	ROD1
9992	LQT6
9992	MiRP1
9993	DGS-C
9993	KIAA0163
9993	LAN
9993	SEZ-12
9994	CED-4
9994	FLASH
9994	FLJ11208
9994	KIAA1315
9994	RIP25
9995	ELK2.2
9995	ELK2P2
9997	MYP6
9997	SCO1L
10000	PKBG
10000	PRKBG
10000	RAC-gamma
10001	NY-REN-28
10002	PNR
10002	RP37
10002	rd7
10003	GCPIII
10003	NAALADASE2
10004	HILAP
10005	NAP1
10005	PTE-2
10005	PTE1
10005	hACTE-III
10005	hTE
10006	ABI-1
10006	E3B1
10006	SSH3BP1
10007	GNPDA
10007	GNPI
10007	HLN
10007	KIAA0060
10008	MiRP2
10009	WUGSC:H_DJ525N14.1
10009	ZNF-kaiso
10009	ZNF348
10009	kaiso
10010	I-TRAF
10011	SRA
10011	STRAA1
10013	FLJ16239
10013	HD6
10013	JM21
10013	KDAC6
10013	KIAA0901
10013	PPP1R90
10014	FLJ90614
10014	KIAA0600
10014	NY-CO-9
10015	Alix
10015	Hp95
10016	ALG-2
10016	PEF1B
10017	BCL-B
10017	Boo
10017	Diva
10018	BIM
10018	BOD
10018	BimEL
10018	BimL
10018	BimS
10019	IDDM20
10019	LNK
10020	IBM2
10020	Uae1
10024	TASTIN
10025	DRIP92
10025	THRAP5
10025	TRAP95
10026	GPI8
10026	PIG-K
10026	hGPI8
10029	CASKP
10031	APXLP
10033	ARSEP
10033	ARSEP1
10034	ARSDP
10034	ARSDY1
10036	CAF-1
10036	CAF1B
10036	CAF1P150
10036	MGC71229
10036	P150
10038	ADPRTL2
10038	ARTD2
10039	ADPRT3
10039	ADPRTL3
10039	ARTD3
10039	IRT1
10039	hPARP-3
10039	pADPRT-3
10040	SRCASM
10042	HMG2L1
10042	P53N
10042	THC211630
10044	NSP3
10045	NSP1
10046	CXorf6
10046	F18
10047	CRES
10047	CTES5
10048	RanBPM
10049	LGMD1D
10049	MRJ
10050	KIAA2138
10051	CAP-C
10051	SMC4L1
10051	hCAP-C
10052	CX45
10052	GJA7
10053	AP1-mu2
10053	HSMU1B
10053	mu2
10054	FLJ13058
10054	HRIHFB2115
10054	SAE2
10055	AOS1
10055	FLJ3091
10055	Sua1
10056	FARSLB
10056	FRSB
10056	PheHB
10057	EST277145
10057	MOAT-C
10057	MRP5
10057	SMRP
10058	EST45597
10058	MTABC3
10058	umat
10059	DVLP
10059	DYMPLE
10059	HDYNIV
10059	VPS1
10060	CMD1O
10060	SUR2
10061	ABC28
10061	EST133090
10061	HUSSY-18
10062	LXR-a
10062	LXRa
10062	RLD-1
10064	VDAC1LP
10067	C1orf3
10068	IL18BPa
10069	C21orf6
10069	GL011
10071	MUC11
10073	RNUT1
10073	SNURPORTIN-1
10073	Snurportin1
10075	Ib772
10075	KIAA0312
10075	UREB1
10076	FMI
10076	PCP-2
10076	PTP
10076	hPTP-J
10077	PHEMX
10077	TSSC6
10079	ATPIIA
10079	KIAA0611
10081	59K
10081	ES18
10081	HES18
10083	AIE-75
10083	DFNB18
10083	NY-CO-37
10083	NY-CO-38
10083	PDZ-73
10083	PDZ73
10083	PDZD7C
10083	harmonin
10084	MRX2
10084	MRX55
10084	MRXS3
10084	MRXS8
10084	RENS1
10084	SHS
10085	DEL1
10086	PLA2L
10087	CERT
10087	COL4A3BP
10087	GPBP
10087	STARD11
10089	K2p7.1
10090	2OST
10092	ARC16
10092	dJ127C7.3
10092	p16-Arc
10093	ARC20
10093	p20-Arc
10094	ARC21
10094	p21-Arc
10095	ARC41
10095	p40-ARC
10095	p41-ARC
10096	ARP3
10097	ARP2
10098	NET-4
10098	TM4SF9
10098	Tspan-5
10099	TM4-A
10099	TM4SF8
10099	TSPAN-3
10100	FLJ12082
10100	TSN2
10100	TSPAN-2
10101	CIAO6
10102	EF-TS
10102	EF-Tsmt
10103	NET-1
10103	TSPAN-1
10105	Cyp-D
10105	hCyP3
10106	OS4
10106	PSR2
10107	HERF1
10107	RFB30
10107	RNF9
10109	ARC34
10109	p34-Arc
10111	RAD50-2
10111	hRad50
10112	MKLP2
10112	RAB6KIFL
10113	SEC12
10114	DYRK6
10114	FIST3
10114	PKY
10114	YAK1
10117	AIH2
10120	Arp1B
10120	CTRN2
10121	Arp1A
10123	ARL7
10123	LAK
10124	ARL4
10125	CalDAG-GEFII
10125	RASGRP
10126	PIG27
10126	dJ327J16
10127	FPM315
10127	ZKSCAN12
10127	ZSCAN44
10128	LRP130
10128	LSFC
10129	13CDNA73
10129	C13orf14
10129	CG003
10129	bA37E23.1
10130	ERp5
10130	P5
10130	TXNDC7
10131	HSP75
10131	HSP90L
10133	FIP-2
10133	FIP2
10133	GLC1E
10133	HIP7
10133	HYPL
10133	TFIIIA-INTP
10134	6C6-Ag
10134	BAP31
10134	CDM
10134	DXS1357E
10135	PBEF
10135	PBEF1
10136	ELA3
10136	ELA3A
10137	HRIHFB2091
10137	KIAA0765
10137	SWAN
10139	ARL18
10139	ARP
10139	Arp1
10140	APRO5
10140	TOB
10140	TROB
10140	TROB1
10141	C4orf6
10141	aC1
10142	AKAP350
10142	AKAP450
10142	CG-NAP
10142	HYPERION
10142	KIAA0803
10142	LQT11
10142	MU-RMS-40.16A
10142	PPP1R45
10142	PRKA9
10142	YOTIAO
10143	CLECSF1
10144	ARHGAP48
10144	FAM13A1
10144	KIAA0914
10146	G3BP
10146	HDH-VIII
10147	KIAA0365
10147	SFRS14
10148	IL27B
10148	IL35B
10149	EDDM6
10149	GPR64
10149	HE6
10149	TM7LN2
10150	MBLL
10150	MBLL39
10151	D10S102
10151	FBRNP
10151	HNRPA3P1
10152	ABI-2
10152	ABI2B
10152	AIP-1
10152	AblBP3
10152	SSH3BP2
10152	argBPIA
10153	CBF2
10153	CTF2
10153	HSP-CBF
10154	CD232
10154	VESPR
10155	KAP1
10155	PPP1R157
10155	RNF96
10155	TF1B
10155	TIF1-beta
10155	TIF1B
10155	TIF1beta
10156	CAPRI
10156	GAPL
10156	KIAA0538
10157	LKR/SDH
10157	LKRSDH
10157	LORSDH
10158	DD96
10158	MAP17
10158	SPAP
10159	(P)RR
10159	APT6M8-9
10159	ATP6IP2
10159	ATP6M8-9
10159	M8-9
10159	RENR
10160	CDEP
10160	GLCC1
10160	MGC87400
10160	PLEKHC2
10160	PPP1R75
10161	P2RY5
10161	P2Y5
10162	C3F
10162	LPLAT12
10162	MBOAT5
10162	OACT5
10162	nessy
10163	WAVE2
10164	HEC-GLCNAC-6-ST
10164	LSST
10165	ARALAR2
10165	CITRIN
10165	CTLN2
10166	D13S327
10166	HHH
10166	ORNT1
10166	lnc-HC
10168	D3S1363E
10168	ZKSCAN9
10168	ZNF166
10168	ZSCAN41
10169	4F5REL
10169	FAM2C
10169	H4F5rel
10169	Hero7
10169	HsT17089
10170	3alpha-HSD
10170	RDH15
10170	RDHL
10170	RETSDR8
10170	SDR9C4
10171	RNAC
10171	RPCL1
10172	BMZF-3
10174	SCAM-1
10174	SH3D4
10174	vinexin
10175	CNIH
10175	CNIL
10175	TGAM77
10178	ODZ1
10178	ODZ3
10178	TEN-M1
10178	TNM
10180	3G2
10180	DEF-3
10180	NY-LU-12
10180	g16
10181	H37
10181	LUCA-15
10181	LUCA15
10184	KIAA0206
10186	LHFP
10186	MGC22429
10187	VDAC5P
10188	ACK
10188	ACK1
10188	p21cdc42Hs
10189	ALY
10189	ALY/REF
10189	BEF
10189	REF
10189	THOC4
10190	APACD
10193	NRDP1
10193	SBBI03
10194	NY-CO-33
10194	SDCCAG33
10195	CDGS4
10195	D16Ertd36e
10195	NOT56L
10195	Not56
10196	HRMT1L3
10197	Ki
10197	PA28-gamma
10197	PA28G
10197	REG-GAMMA
10198	MPP9
10199	MPP10
10199	MPP10P
10199	PPP1R106
10201	IPIA-ALPHA
10201	NM23-H6
10202	HEP27
10202	SDR25C1
10203	CGRPR
10203	CRLR
10204	NTF2
10204	PP15
10205	EVA
10205	EVA1
10206	DLEU5
10206	Leu5
10206	RFP2
10206	RNF77
10207	Cipp
10207	INADL
10208	C13orf22
10208	D13S106E
10208	bA121O19.1
10209	A121
10209	EIF-1
10209	SUI1
10210	LUN
10210	RP31
10210	TP53BPL
10212	BAT1L
10212	DDX39
10212	DDXL
10212	URH49
10213	POH1
10213	Rpn11
10213	pad1
10214	CT5.3
10215	BHLHB1
10215	OLIGO2
10215	PRKCBP2
10215	RACK17
10215	bHLHe19
10216	CACP
10216	FLJ32635
10216	HAPO
10216	JCAP
10216	SZP
10216	bG174L6.2
10217	C3orf8
10217	HYA22
10217	PSR1
10217	RBSP3
10217	SCP3
10218	AngX
10218	CDT6
10219	2F1
10219	CLEC15A
10219	MAFA-L
10220	BMP-11
10220	BMP11
10221	C8FW
10221	GIG2
10223	A33
10224	ZK1
10225	TACTILE
10226	M6PRBP1
10226	PP17
10226	TIP47
10227	IT10C3
10227	MFSD10
10227	TETRAN
10229	CAT5
10229	CLK-1
10230	NCRNA00192
10231	DSCR1L1
10231	ZAKI-4
10232	CAK1
10232	MPF
10233	B7
10233	LRPB7
10234	H_RG318M05.3
10234	P37NB
10235	CALDAG-GEFI
10236	HNRPR
10236	hnRNP-R
10237	AXER
10237	UGTREL1
10238	HAN11
10238	SWAN-1
10238	WDR68
10239	sigma3b
10240	IMOGN38
10240	mS31
10241	MGC17318
10241	NDP52
10243	GEPH
10243	GPH
10243	KIAA1385
10244	RAB9P40
10244	bA65N13.1
10245	DXS9822
10245	JM3
10246	NPT3
10247	HRSP12
10247	P14.5
10247	UK114
10248	RPP2
10248	RPP20
10249	ACGNAT
10249	GAT
10250	MGC39488
10250	POP101
10250	SRM160
10251	HSPRY3
10252	hSPRY1
10253	hSPRY2
10254	Hbp
10255	HCGIX
10255	HCGIX-4
10255	HCGIX4
10255	PERB11
10256	CNK1
10257	EST170205
10257	MOAT-B
10257	MOATB
10257	MRP4
10260	IRLB
10260	MYCPBP
10261	DORA
10262	Hsh49
10262	SAP49
10262	SF3b49
10263	DOC-1R
10265	IRX-2a
10269	FACE-1
10269	STE24
10269	Ste24p
10270	AKAP95
10270	DKFZp586B1222
10272	FLRG
10272	FSRP
10273	CHIP
10273	HSPABP2
10273	NY-CO-7
10273	SDCCAG7
10273	UBOX1
10274	SA-1
10274	SA1
10274	SCC3A
10276	ARHGEF8
10276	NET1A
10277	KIAA0684
10277	UBOX3
10278	CASS3
10278	EFS1
10278	EFS2
10278	HEFS
10279	TSSP
10280	OPRS1
10280	SR-BP1
10281	DCRB
10282	hbet1
10283	NY-CO-10
10283	SDCCAG-10
10283	SDCCAG10
10284	2HOR0202
10284	MGC27131
10284	SAP18p
10285	SMNR
10285	SPF30
10285	TDRD16C
10286	DAM1
10286	SPF27
10286	Snt309
10287	GAIP
10287	RGSGAIP
10288	CD85d
10288	ILT4
10288	LIR-2
10288	LIR2
10288	MIR-10
10288	MIR10
10289	GC20
10290	APEG1
10290	BPEG
10290	KIAA1297
10290	MGC12676
10290	MYLK6
10290	SPEGalpha
10290	SPEGbeta
10291	PRPF21
10291	Prp21
10291	SAP114
10291	SF3a120
10293	RNF206
10294	CPR3
10294	DNAJ
10294	DNJ3
10294	HIRIP4
10296	EMP
10296	GID9
10296	HLC-10
10296	p44EMLP
10297	APCL
10299	MARCH-VI
10299	MARCH6
10299	RNF176
10299	TEB4
10301	BCMS
10301	BCMS1
10301	DLB1
10301	LINC00021
10301	NCRNA00021
10301	XTP6
10302	SNAP19
10307	FE65L2
10309	CCNU
10309	FLJ22422
10309	UDG2
10311	DCRA
10311	DSCR3
10312	ATP6N1C
10312	ATP6V0A3
10312	Atp6i
10312	OC-116
10312	OC116
10312	TIRC7
10312	a3
10313	ASYIP
10313	NSPL2
10313	NSPLII
10313	RTN3-A1
10314	GPR69A
10316	FM-3
10316	GPC-R
10316	GPR66
10316	NMU1R
10317	B3GalT-V
10317	B3T5
10317	GLCT5
10317	beta3Gal-T5
10318	ABIN-1
10318	KIAA0113
10318	VAN
10319	DKFZp434E202
10320	Hs.54452
10320	IKAROS
10320	LyF-1
10320	PPP1R92
10320	ZNFN1A1
10320	hIk-1
10321	Aeg2
10321	CRISP-3
10321	CRS3
10321	SGP28
10321	dJ442L6.3
10322	NN8-4AG
10322	RAI15
10322	RRG1
10322	ZMYND23
10324	KBTBD10
10324	Krp1
10324	SARCOSIN
10326	CD172b
10326	SIRB1
10326	SIRP-BETA-1
10327	ALR
10327	DD3
10328	C16orf2
10328	C16orf4
10328	COX4NB
10328	FAM158B
10328	NOC4
10329	HP10481
10329	TMEM5
10330	HP10390
10330	TMEM4
10330	ZSIG9
10331	B3GN-T3
10331	B3GNT-3
10331	HP10328
10331	TMEM3
10331	beta3Gn-T3
10332	CD209L
10332	CD299
10332	DC-SIGN2
10332	DC-SIGNR
10332	DCSIGNR
10332	HP10347
10332	LSIGN
10333	CD286
10335	IRAG
10335	JAW1L
10335	MRVI1
10336	DONG1
10336	FLJ36550
10336	MGC40413
10336	RNF3
10336	RNF3A
10337	H4FFP
10337	HIST1H4PS1
10337	dJ97D16.3
10337	pH4/f
10338	H3FEP
10338	HIST1H1PS2
10338	pH3/e
10340	H2BFIP
10340	HIST1H2BPS2
10340	pH2B/i
10341	H2AFFP
10341	HIST1H2APS5
10341	pH2A/f
10342	FLJ36137
10342	SPG57
10342	TF6
10344	IMAC
10344	MIP-4a
10344	MIP-4alpha
10344	SCYA26
10344	TSC-1
10344	eotaxin-3
10345	TRISK
10346	GPSTAF50
10346	RNF94
10346	STAF50
10347	ABCX
10349	EST698739
10350	EST640918
10351	KIAA0822
10352	mtTrpRS
10354	HMG1L5
10354	HMGB1L15
10354	HMGB1L5
10354	HMGB1P2
10355	HMG1L4
10355	HMG1L4P
10355	HMGB1L4
10356	HMG1L3
10356	HMGB1L3
10357	HMG1L1
10357	HMG1L7
10357	HMGB1L1
10362	BRAF25
10362	BRAF35
10362	HMGX2
10362	HMGXB2
10362	SMARCE1r
10362	SOXL
10363	FLJ10739
10363	HMGX1
10363	HMGXB1
10365	LKLF
10367	CALC
10367	CBARA1
10367	EFHA3
10367	FLJ12684
10369	MGC138502
10369	MGC138504
10369	stargazin
10371	Hsema-I
10371	SEMA1
10371	SEMAD
10371	SemD
10371	coll-1
10376	K-ALPHA-1
10379	ISGF3G
10381	CFEOM3
10381	CFEOM3A
10381	FEOM3
10381	beta-4
10382	DYT4
10382	TUBB4
10382	beta-5
10383	Beta2
10383	TUBB2C
10384	BTN3.3
10385	BT2.2
10385	BTN2.2
10391	ClipinC
10391	KIAA0925
10392	CARD4
10392	CLR7.1
10392	NLRC1
10393	APC10
10393	DKFZP564L0562
10393	DOC1
10394	MBP2
10394	MBPH
10395	ARHGAP7
10395	DLC-1
10395	STARD12
10395	p122-RhoGAP
10396	ATPIA
10397	CAP43
10397	NDR1
10397	RTP
10397	TDD5
10398	LC20
10398	MLC2
10398	MRLC1
10398	MYRL2
10399	GNB2L1
10399	Gnb2-rs1
10399	H12.3
10400	PEMPT
10400	PEMT2
10401	FLJ14651
10401	ZMIZ5
10402	SIAT10
10402	ST3GALVI
10403	HEC
10403	HEC1
10403	KNTC2
10403	TID3
10403	hsNDC80
10404	LDP
10404	PGCP
10406	EDDM4
10406	HE4
10406	WAP5
10406	dJ461P17.6
10407	EDDM2B
10407	EP2C
10407	EP2D
10408	MYCN-AS1
10408	N-CYM
10408	NCYM
10409	CAP-23
10409	CAP23
10409	NAP-22
10409	NAP22
10410	1-8U
10410	DSPA2b
10411	EPAC
10411	bcm910
10411	cAMP-GEFI
10412	FLJ94393
10412	HCLG1
10412	HUSSY-29
10412	TINP1
10413	YAP-1
10413	YAP65
10415	SNAI1L
10415	SNAI1L1
10415	SNAI1P
10417	DIL1
10418	KIAA0762
10418	f-spondin
10419	HRMT1L5
10419	SKB1
10419	SKB1Hs
10421	LIN1
10421	PPP1R59
10421	Snu40
10421	U5-52K
10422	GBDR1
10422	KPC2
10422	UBADC1
10423	PIS
10423	PIS1
10424	DG6
10424	PMBP
10425	TRIAD1
10426	GCP3
10426	SPBC98
10426	Spc98p
10428	BCNT
10428	CENP-29
10428	CP27
10428	SWC5
10428	Yeti
10430	MGC1936
10430	NIFIE14
10432	COAA
10432	DKFZp779J0927
10432	SYTIP1
10434	APT-1
10434	LPL1
10435	BORG1
10436	C2F
10436	Grcc2f
10436	NEP1
10437	GILT
10437	IFI-30
10437	IP-30
10437	IP30
10437	MGC32056
10438	Rrp47
10438	SUN-CoR
10438	SUNCOR
10439	AMY
10439	NOE1
10439	NOELIN
10439	OlfA
10440	TIM17
10440	TIM17A
10443	CG005
10443	PFAAP5
10444	C9orf60
10444	Hzyg
10444	ZYG
10444	ZYG11BL
10445	ICP22BP
10445	INO80Q
10445	MCRS2
10445	MSP58
10445	P78
10446	FIGLER7
10446	GAC1
10446	LRANK1
10446	LRRN5
10447	GS3876
10447	ILEI
10449	DSAEC
10450	CyP-33
10450	CypE
10450	MGC111222
10450	MGC3736
10452	C19orf1
10452	D19S1177E
10452	PER-EC1
10452	PEREC1
10452	TOM40
10454	MAP3K7IP1
10455	ACBD2
10455	HCA88
10455	PECI
10456	HAX-1
10456	HCLSBP1
10456	HS1BP1
10457	HGFIN
10458	BAP2
10458	IRSp53
10458	WAML
10459	FANCV
10459	MAD2B
10459	POLZ2
10459	REV7
10460	ERIC-1
10460	ERIC1
10460	Tacc4
10460	maskin
10461	RP38
10461	Tyro12
10461	c-Eyk
10461	mer
10462	CD301
10462	CLECSF14
10462	HML
10462	HML2
10463	C4orf1
10463	GAC63
10463	HUEL
10463	ZNT9
10464	C13orf24
10464	CEP90
10464	PIBF
10465	CYP-20
10465	CYPH
10465	MGC5016
10465	SnuCyp-20
10465	USA-CYP
10466	GOLTC1
10466	GTC90
10467	CG1I
10467	H_DJ0747G18.14
10467	ZNFN4A1
10467	p18(Hamlet)
10468	FS
10469	TIM44
10471	H2-KE2
10471	HKE2
10471	KE-2
10471	PFD6
10472	C2H2-171
10472	RP58
10472	TAZ-1
10472	ZNF238
10473	HMG17L3
10473	NHC
10474	ADA3
10474	FLJ20221
10474	FLJ21329
10474	NGG1
10474	TADA3L
10474	hADA3
10475	RNF15
10475	RORET
10476	ATP5H
10476	ATP5JD
10476	ATPQ
10477	UbcH9
10478	PMP34
10479	KIAA0267
10479	NHE-6
10479	NHE6
10480	FLJ29030
10480	GA17
10480	PCID1
10480	TANGO7
10480	hfl-B5
10482	DKFZp667O0311
10482	Mex67
10483	CDA-II
10483	CDAII
10483	CDAN2
10483	HEMPAS
10485	C1orf61
10485	CROC4
10488	LZIP
10488	Luman
10488	sLZIP
10489	MUF1
10490	VTI2
10491	CASP
10491	LEPREL3
10491	P3H5
10492	GRY-RBP
10492	HNRNPQ
10492	HNRPQ1
10492	NSAP1
10492	dJ3J17.2
10492	hnRNP-Q
10493	FLJ20230
10493	VATI
10494	SOK1
10494	YSK1
10495	APK1
10495	COVA1
10495	tNOX
10497	Munc13-2
10497	UNC13
10497	Unc13h2
10497	hmunc13
10498	PRMT4
10499	KAT13C
10499	NCoA-2
10499	TIF2
10499	bHLHe75
10500	KIAA1869
10500	Sema-Y
10501	SEM-SEMA-Z
10501	SEMA-VIB
10501	SEMAN
10501	semaZ
10505	SEMAM
10505	SEMAW
10507	C9orf164
10507	CD100
10507	FLJ39737
10507	SEMAJ
10507	coll-4
10509	KIAA1745
10509	MGC131831
10509	SEMAC
10509	SemC
10512	SEMAE
10512	SemE
10513	Hs.84084
10513	KIAA0228
10513	PAT1
10514	FLJ37886
10514	P160
10514	PAP2
10514	Pol5
10516	ARMD3
10516	DANCE
10516	EVEC
10516	UP50
10517	C17orf1
10517	C17orf1A
10517	Fbw10
10517	HREP
10517	SM2SH2
10518	DFNB48
10518	USH1J
10519	KIP
10519	SIP2-28
10520	CH2H2-25
10520	ZNF-25
10521	P72
10522	NUDR
10522	ZMYND5
10523	DAN16
10523	ERPROT213-21
10524	HTATIP
10524	HTATIP1
10524	PLIP
10524	TIP60
10524	ZC2HC5
10524	cPLA2
10525	Grp170
10525	HSP12A
10525	ORP150
10526	IMP8
10526	RANBP8
10527	Imp7
10527	RANBP7
10528	NOL5A
10528	SCA36
10529	C10orf113
10529	LASP2
10529	LNEBL
10529	bA165O3.1
10531	KIAA1104
10531	PreP
10531	hMP1
10533	APG7L
10533	DKFZp434N0735
10533	GSA7
10534	SSSCA1
10535	RNASEHI
10535	RNHIA
10535	RNHL
10536	GRCB
10536	HSU47926
10536	LEPREL2
10537	FAT10
10538	B-ATF
10538	BATF1
10538	SFA-2
10539	GLRX4
10539	GRX3
10539	GRX4
10539	PICOT
10539	TXNL2
10539	bA500G10.4
10540	DCTN-50
10540	RBP50
10541	APRIL
10541	PHAPI2
10541	SSP29
10542	HBXIP
10542	MGC71071
10542	XIP
10544	CCD41
10544	CD201
10544	EPCR
10548	HMP70
10548	MP70
10549	AOE37-2
10550	DERP11
10550	GTRAP3-18
10550	HSPC127
10550	JWA
10550	PRAF3
10550	Yip6b
10551	AG2
10551	HAG-2
10551	PDIA17
10551	XAG-2
10552	Arc40
10552	SOP2Hs
10552	SOP2L
10553	CC3
10553	FLJ26963
10553	SDR44U1
10553	TIP30
10554	LPAAT-alpha
10554	LPLAT1
10555	BSCL
10555	LPAAT-beta
10555	LPLAT2
10556	TSG15
10558	HSAN1
10558	HSN1
10558	LCB1
10558	SPTI
10558	hLCB1
10559	CMP-Sia-Tr
10559	CMPST
10559	hCST
10560	THTR1
10560	TRMA
10560	ThT1
10561	MTAP44
10561	TLDC5
10562	GC1
10562	GW112
10562	OlfD
10562	pDP4
10563	ANGIE
10563	ANGIE2
10563	BCA-1
10563	BLC
10563	BLR1L
10563	SCYB13
10564	BIG2
10565	ARFGEP1
10565	BIG1
10565	DKFZP434L057
10566	AKAP110
10566	CT82
10566	FSP95
10566	SOB1
10567	PRA1
10567	YIP3
10568	NAPI-3B
10568	NAPI-IIb
10568	NPTIIb
10568	NaPi-2b
10568	NaPi2b
10569	9G8
10570	CRMP3
10570	DRP-4
10570	ULIP4
10572	CD27BP
10572	SIVA
10572	Siva-1
10572	Siva-2
10573	MAAT1
10573	bL28m
10574	Ccth
10574	Nip7-1
10575	Cctd
10576	Cctb
10577	EDDM1
10577	HE1
10577	NP-C2
10578	D2S69E
10578	LAG-2
10578	LAG2
10578	NKG5
10578	TLA519
10579	AZU-1
10579	ECTACC
10580	FLJ12406
10580	KIAA1296
10580	SH3D5
10580	ponsin
10580	sh3p12
10581	1-8D
10581	DSPA2c
10584	CL-10
10584	CL-L1
10585	LGMD2K
10587	SELZ
10587	TRXR2
10587	TXNR2
10588	HsT19268
10589	NC2-alpha
10590	CALBL
10590	DJ501N12.8
10590	SECRET
10590	SEGN
10591	C6orf108
10591	dJ330M21.3
10591	rcl
10592	CAP-E
10592	SMC2L1
10592	hCAP-E
10594	PRPC8
10594	Prp8
10594	RP13
10594	SNRNP220
10594	hPrp8
10595	IRE1b
10597	SEDLP
10597	SEDLP1
10597	TRAPPC2P1
10598	Aha1
10598	C14orf3
10598	hAha1
10598	p38
10599	OATP-C
10599	OATP1B1
10599	SLC21A6
10600	Ubp-M
10602	BORG2
10602	CEP3
10602	UB1
10606	ADE2H1
10606	AIRC
10606	PAIS
10607	SAZD
10607	UTP13
10608	MAD4
10608	MST149
10608	MSTP149
10608	bHLHc12
10609	LEPREL4
10609	NO55
10609	SC65
10610	SIAT7
10610	SIAT7B
10610	SIATL1
10610	ST6GalNAII
10610	STHM
10611	Enh
10611	LIM
10612	BERP
10612	HAC1
10612	RNF22
10612	RNF97
10613	C10orf69
10613	Erlin-1
10613	KE04
10613	SPFH1
10613	SPG62
10614	CLP-1
10614	HIS1
10614	MAQ1
10615	DEEPEST
10615	MAP126
10615	hMAP126
10616	C20orf18
10616	HOIL1
10616	RBCK2
10616	RNF54
10616	UBCE7IP3
10616	ZRANB4
10617	AMSH
10618	TGN38
10618	TGN46
10618	TGN48
10618	TGN51
10618	TTGN2
10620	BDP
10620	DRIL2
10621	C34
10621	RPC39
10621	RPC6
10622	C31
10622	RPC32
10622	RPC7
10623	C82
10623	RPC3
10623	RPC62
10625	ARA3
10625	HSPC068
10625	KIAA0850
10625	KLHL39
10625	ND1
10625	NS-1
10625	NS1-BP
10626	EBBP
10627	MLCB
10627	MRLC3
10627	MYL2B
10628	ARRDC6
10628	EST01027
10628	HHCPA78
10628	THIF
10628	VDUP1
10629	PAF65A
10630	D2-40
10630	GP40
10630	Gp38
10630	PA2.26
10630	T1A-2
10630	aggrus
10631	OSF-2
10631	PN
10631	periostin
10632	ATP5JG
10632	ATP5L
10633	RRP22
10634	GAR22
10635	PIR51
10637	LEFTB
10637	LEFTYB
10640	SEC10
10640	SEC10L1
10640	SEC10P
10641	NPR2L
10641	TUSC4
10642	IMP-1
10643	CT98
10643	IMP-3
10644	IMP-2
10644	p62
10645	CAMKK
10645	CAMKKB
10645	KIAA0787
10645	MGC15254
10647	LPHB
10648	LPHA
10648	MGC71958
10650	C18orf43
10650	FLJ31484
10650	HFL-EDDG1
10650	SLMO1
10653	HAI-2
10653	HAI2
10653	Kop
10654	HUMPMKI
10654	PMK
10654	PMKA
10656	Etle
10656	SALP
10656	SLM-2
10656	SLM2
10656	T-STAR
10656	etoile
10657	FLJ34027
10657	Sam68
10658	BRUNOL2
10658	CUG-BP
10658	CUGBP
10658	CUGBP1
10658	EDEN-BP
10658	NAB50
10658	NAPOR
10658	hNab50
10659	BRUNOL3
10659	CUGBP2
10659	Etr-3
10659	NAPOR-2
10660	HPX6
10660	LBX1H
10661	EKLF
10663	BONZO
10663	CD186
10663	STRL33
10663	TYMSTR
10664	CFAP108
10664	FAP108
10665	C6orf10
10665	TSBP
10666	DNAM-1
10666	DNAM1
10666	PTA1
10666	TLiSA1
10667	FARS1
10667	dJ236A3.1
10667	mtPheRS
10668	CGR19
10668	RNF197
10669	CGR11
10670	FIP-1
10670	RAGA
10671	WS-3
10672	G13
10672	MGC46138
10673	BAFF
10673	BLYS
10673	CD257
10673	TALL-1
10673	TALL1
10673	THANK
10673	TNFSF20
10675	NGC
10677	ADVIL
10677	DOC6
10677	FLJ12386
10677	p92
10678	B3GN-T1
10678	B3GN-T2
10678	B3GNT-2
10678	B3GNT1
10678	BETA3GNT
10681	GB5
10682	CDPX2
10682	CHO2
10682	CPXD
10683	SCDO1
10686	HOMG3
10686	PCLN1
10687	MA2
10687	RGAG2
10690	Fuc-TIX
10691	P96PIF
10691	PIF96
10692	peropsin
10693	Cctz2
10693	TSA303
10694	C21orf112
10694	Cctq
10694	PRED71
10695	CAG4A
10695	TNRC5
10699	ATC2
10699	CRN
10699	Lrp4
10699	PRSC
10699	TMPRSS10
10712	C1orf2
10712	FAM189B
10712	cote1
10713	CGI-21
10713	SAD1
10714	KIAA0039
10714	P66
10714	P68
10714	PPP1R128
10715	LASS1
10715	UOG1
10717	BETA-4
10717	SPG47
10723	DKFZP434F076
10723	KCC4
10724	MEA5
10724	MGEA5
10724	NCOAT
10725	KIAA0827
10725	NF-AT5
10725	NFATL1
10725	NFATZ
10725	OREBP
10725	TONEBP
10728	TEBP
10728	cPGES
10730	YME1L
10732	CHA
10732	E2BP-1
10732	Figlb
10732	bHLHe82
10733	STK18
10733	Sak
10734	SA3
10735	SA-2
10735	SA2
10735	SCC3B
10737	NCRNA00005
10737	RFPL3-AS
10737	RFPL3-AS1
10738	RNF120
10739	RNF79
10740	NCRNA00006
10740	RFPL1-AS
10740	RFPL1-AS1
10741	Bog
10743	DKFZP434A139
10743	KIAA1820
10743	MGC12824
10743	SMCR
10745	PHTF
10746	MEKK2
10746	MEKK2B
10747	MAP-2
10747	MASP1P1
10747	Map19
10747	sMAP
10748	KLRA1
10748	KLRAP1
10748	LY49L
10748	Ly49
10749	SAX2
10749	SPAX2
10749	SPG58
10751	71-7A2
10751	CYorf1
10751	OFD1P18
10751	OFD1PY18
10752	CALL
10752	FLJ44930
10752	L1CAM2
10752	MGC132578
10753	GC36
10753	nCL-4
10755	C19orf3
10755	GIPC
10755	GLUT1CBP
10755	Hs.6454
10755	NIP
10755	RGS19IP1
10755	SEMCAP
10755	SYNECTIN
10755	TIP-2
10758	ACT1
10758	C6orf2
10758	C6orf4
10758	C6orf5
10758	C6orf6
10758	CIKS
10758	DKFZP586G0522
10761	CT92
10761	OOSP2B
10761	OOSP2L
10762	NPAP60L
10763	FLJ21841
10765	CT31
10765	JARID1B
10765	PLU-1
10765	PPP1R98
10765	RBBP2H1A
10766	TOB4
10766	TOBL
10766	TROB2
10766	bK223H9
10767	DKFZp434g247
10767	EF-1a
10767	ERFS
10767	HBS1
10767	HSPC276
10767	KIAA1038
10767	eRF3c
10768	IRBIT
10768	PPP1R78
10768	XPVKONA
10769	SNK
10771	BRAM1
10771	BS69
10772	FUSIP1
10772	FUSIP2
10772	PPP1R149
10772	SFRS13
10772	SFRS13A
10772	SRp38
10772	SRrp40
10772	TASR1
10772	TASR2
10773	ZID
10773	ZNF482
10775	RPP29
10776	ARPP-16
10776	ARPP-19
10776	ARPP16
10776	ENSAL
10777	ARPP-21
10777	R3HDM3
10777	TARPP
10778	HZF7
10778	ZNF271
10778	ZNFEB
10780	HZF4
10780	ZNF269
10781	HZF1
10782	ZKSCAN19
10782	ZSCAN51
10783	SID6-1512
10785	TRM82
10785	TRMT82
10785	Wuho
10786	NPT4
10787	HEM2
10787	NAP125
10787	Nap1
10793	HZF9
10794	HZF8
10794	ZNF272
10795	HZF3
10798	HSOlf1
10798	OLF1
10799	RNASEP1
10799	bA428J1.3
10800	CYSLT1R
10800	CysLT(1)
10800	CysLT1
10801	AF17q25
10801	KIAA0991
10801	MSF
10801	MSF1
10801	PNUTL4
10801	SEPT9
10801	SeptD1
10803	CDw199
10803	GPR-9-6
10803	GPR28
10804	CX30
10804	ED2
10804	EDH
10804	HED
10806	BBS16
10806	CCCAP
10806	NPHP10
10806	NY-CO-8
10806	SLSN7
10807	NY-CO-3
10807	SDCCAG3
10808	HSP105A
10808	HSP105B
10808	KIAA0201
10808	NY-CO-25
10809	CGI-52
10809	NY-CO-28
10809	PCTP2
10809	SDCCAG28
10810	KIAA0900
10810	SCAR3
10810	WAVE3
10811	FLJ25475
10811	NY-CO-31
10811	SDCCAG31
10813	NY-CO-16
10813	SDCCAG16
10813	Utp14
10814	CPX-2
10814	DKFZp547D155
10815	CPX-I
10816	HKIB9
10817	FRS2B
10817	FRS2beta
10817	SNT-2
10818	FRS2A
10818	FRS2alpha
10818	SNT-1
10819	OR11-5
10819	OR7E151P
10820	OR11-4
10821	OR11-3
10821	OR7E58P
10821	OR7E79P
10822	OR11-2
10822	OR7E144P
10823	OR11-1
10826	C5orf4
10826	FLJ13758
10827	133K02
10827	C5orf3
10831	NG7-6
10831	NPM1P16
10831	NPMP7
10840	10-fTHF
10840	FTHFD
10842	C7orf16
10842	GSBS
10844	ALP4
10844	SPBC97
10844	Spc97p
10844	hGCP2
10847	DOMO1
10847	KIAA0309
10847	SWR1
10848	IASPP
10848	RAI
10849	A34.5
10849	ASE-1
10849	CD3EAP
10849	PAF49
10849	RPA34
10850	CTACK
10850	CTAK
10850	ESkine
10850	ILC
10850	PESKY
10850	SCYA27
10850	skinkine
10855	HPA
10855	HPSE1
10855	HSE1
10856	ECP51
10856	INO80J
10856	Reptin52
10856	Rvb2
10856	TIH2
10856	TIP48
10856	TIP49b
10857	HPR6.6
10858	CYP46
10859	CD85j
10859	ILT2
10859	LIR-1
10859	LIR1
10859	MIR-7
10859	PIR-B
10859	PIRB
10861	EDM4
10861	SAT-1
10863	MDC-Lm
10863	MDC-Ls
10863	eMDCII
10864	NLT
10864	OAT2
10865	MRF-1
10865	RP11-363D14
10866	D6S2650E
10866	P5-1
10867	NET-5
10868	KIAA1003
10869	KIAA0891
10869	ZMYND9
10870	DAP10
10870	DKFZP586C1522
10870	KAP10
10870	PIK3AP
10871	CMRF-35A
10871	CMRF35
10871	CMRF35A
10871	IGSF16
10871	LIR
10875	T49
10875	pT49
10876	FAM12A
10876	HE3-ALPHA
10877	CFHL4
10877	FHR-4
10877	FHR4
10878	CFHL3
10878	DOWN16
10878	FHR-3
10878	FHR3
10878	HLF4
10879	P-B
10879	PROL3
10880	Tact1
10882	C1QRF
10882	C1QTNF14
10882	CRF
10882	CTRP14
10884	PDCD9
10884	mL65
10885	DIP2
10885	FLJ12796
10885	UTP12
10886	GPR74
10886	NPFF2
10886	NPGPR
10887	GPR73
10887	GPR73a
10887	ZAQ
10888	GPR72
10891	PGC-1alpha
10891	PGC1
10891	PGC1A
10891	PPARAGCIα
10891	PPARGC1
10892	MLT
10892	PCASP1
10893	MT5-MMP
10894	LYVE-1
10894	XLKD1
10895	PPBPL2
10895	SPBPBP
10897	54TM
10897	FinGER7
10897	YIF1
10897	YIF1P
10898	CPSF30
10898	NAR
10899	PAR
10899	hJT
10900	RAP2IP
10900	RPIP8
10901	FLJ11008
10901	SCAD-SRL
10901	SDR-SRL
10901	SDR25C2
10901	humNRDR
10904	BC10
10905	MAN1B
10906	FLN29
10907	DIB1
10907	DIM1
10907	HsT161
10907	SNRNP15
10907	TXNL4
10907	U5-15kD
10908	NTE
10908	SPG39
10908	iPLA2delta
10908	sws
10911	PRO1068
10911	U-II
10911	UII
10912	CR6
10912	DDIT2
10912	GADD45gamma
10912	GRP17
10913	DL
10913	ED1R
10913	ED3
10913	ED5
10913	EDA1R
10913	EDA3
10915	CA150
10915	TAF2S
10915	Urn1
10916	11B6
10916	BCG1
10916	HCA10
10916	JCL-1
10916	MAGE-D2
10916	MAGED
10916	MGC8386
10917	BTN9.1
10917	BTNLR
10919	BAT8
10919	C6orf30
10919	Em:AF134726.3
10919	G9A
10919	KMT1C
10919	NG36/G9a
10920	COP9
10920	CSN8
10920	MGC1297
10920	SGN8
10922	FAST
10924	ASM3A
10924	ASML3a
10924	FLJ20177
10924	yR36GH4.1
10926	ASK
10926	DBF4A
10926	ZDBF1
10926	chif
10927	SPIN
10927	TDRD24
10928	RIP1
10928	RLIP76
10929	SFRS2B
10929	SRP46
10930	ARCD1
10933	Eaf3
10933	HsT17725
10933	MEAF3
10933	MORFRG15
10933	MRG15
10934	SEN
10934	SEN1
10935	AOP-1
10935	AOP1
10935	MER5
10935	SP-22
10936	WI-31133
10938	FLJ42622
10938	FLJ44618
10938	H-PAST
10938	HPAST1
10938	PAST1
10939	SCA28
10939	SPAX5
10942	ESP-1
10942	TEST1
10943	MSL3L1
10945	ERD2
10945	ERD2.1
10945	HDEL
10946	PRP9
10946	PRPF9
10946	SAP61
10946	SF3a60
10947	AP47B
10947	CLA20
10948	MLN64
10948	es64
10949	HNRPA0
10950	ANA
10950	ANA/BTG3
10950	APRO4
10950	tob55
10951	CBX
10951	HP1-BETA
10951	HP1Hs-beta
10951	Hp1beta
10951	M31
10951	MOD1
10953	HTOM34P
10953	TOM34
10954	FLJ30401
10955	AIGP1
10955	DIFF33
10955	SBBI99
10955	TDE
10955	TDE1
10956	ERLEC2
10956	OS-9
10957	B4-2
10957	PROL2
10959	P24A
10959	RNP24
10959	p24b1
10959	p24beta1
10960	C5orf8
10960	GP36B
10960	VIP36
10961	C12orf8
10961	ERp28
10961	ERp31
10961	PDI-DB
10961	PDIA9
10962	AF1Q
10963	STI1
10964	C1orf29
10964	GS3686
10964	TLDC5B
10965	Mte1
10965	ZAP128
10966	RAR
10966	SEC4L
10969	EBP2
10969	NOBP
10970	CLIMP-63
10970	CLIMP63
10970	ERGIC-63
10970	P63
10971	14-3-3
10972	P24(DELTA)
10972	TMP21
10972	p24d1
10972	p24delta1
10973	ASC1p200
10973	HELIC1
10973	RNAH
10973	dJ121G13.4
10973	dJ467N11.1
10974	AFRO
10974	APM2
10974	C10orf116
10975	QCR10
10975	UQCR
10978	HEAB
10978	hClp1
10979	KIND2
10979	PLEKHC1
10979	UNC112B
10979	mig-2
10980	CSN6
10980	MOV34-34KD
10982	EB2
10983	CCNI1
10984	KCNQ1-AS2
10984	KvDMR1
10984	KvLQT1-AS
10984	LIT1
10984	NCRNA00012
10985	GCN1L
10985	GCN1L1
10985	KIAA0219
10987	CSN5
10987	JAB1
10987	MOV-34
10987	SGN5
10988	MNPEP
10988	p67
10989	HMP
10989	MICOS60
10989	MINOS2
10989	Mic60
10989	P87
10989	P89
10990	CD85c
10990	LIR-8
10990	LIR8
10991	SN1
10991	SNAT3
10992	Cus1
10992	SAP145
10992	SF3b1
10992	SF3b145
10994	209L8
10994	AHAS
10994	FLJ39061
10994	HACL1L
10994	ILV2H
10994	ILVBL
10994	MGC1269
10994	MGC19535
10998	ACSB
10998	ACSVL6
10998	FACVL3
10998	FATP5
10998	FLJ22987
10998	VLACSR
10998	VLCS-H2
10998	VLCSH2
10999	ACSVL4
10999	FATP-4
10999	FATP4
11000	ACSVL3
11000	FATP3
11000	MGC4365
11001	ACSVL1
11001	FACVL1
11001	FATP2
11001	HsT17226
11001	VLACS
11001	VLCS
11001	hFACVL1
11004	CT139
11004	KNSL6
11004	MCAK
11005	DKFZp686K19184
11005	FLJ21544
11005	FLJ97536
11005	FLJ97596
11005	FLJ99794
11005	LEKTI
11005	LETKI
11005	NETS
11005	VAKTI
11006	CD85k
11006	HM18
11006	ILT3
11006	LIR-5
11006	LIR5
11007	DIPA
11009	C49A
11009	FISP
11009	IL-24
11009	IL10B
11009	Mob-5
11009	ST16
11009	mda-7
11010	GliPR
11010	RTVP1
11011	MGC44450
11011	PKU-ALPHA
11012	PRSS20
11012	TLSP
11013	TMSL8
11013	TMSNB
11014	ELP-1
11014	ERD2.2
11016	ATFA
11017	RY1
11017	U4/U6.U5-27K
11018	IL1RL1LG
11018	Il1rl1l
11018	MGC1270
11018	p24g1
11018	p24gamma1
11019	LAS
11020	BBS19
11020	CFAP156
11020	FAP156
11020	RABL4
11020	RAYL
11021	H-ray
11022	TDRD2
11024	CD85i
11024	LIR-6
11024	LIR6
11025	CD85a
11025	HL9
11025	ILT5
11025	LIR-3
11025	LIR3
11026	CD85e
11026	HM31
11026	HM43
11026	ILT6
11026	LIR-4
11026	LIR4
11027	CD85h
11027	ILT1
11027	LIR-7
11027	LIR7
11029	PI8L1
11029	SERPINBP1
11030	HERMES
11031	Rab22B
11033	CENTA1
11033	GCS1L
11034	ACTDP
11034	ADF
11035	RIP3
11036	ALF
11037	SBLF
11037	stoned-b1
11039	SMA3
11039	SMA4
11041	BETA3GNTI
11041	IGnT
11041	iGAT
11042	SMA5
11043	FXY2
11043	MRX101
11043	RNF60
11043	TRIM1
11044	LAK-1
11044	PAPD7
11044	POLS
11044	TRF4
11044	TRF4-1
11045	TSPAN21
11046	SQV7L
11046	UGTrel8
11047	ARM1
11047	GP110
11047	PSMD16
11047	Rpn13
11049	YDD19
11051	CFIM25
11051	CPSF5
11052	CFIM
11052	CFIM68
11052	CFIM72
11052	HPBRII-4
11052	HPBRII-7
11054	Jul-60
11055	SP38
11055	ZPBP1
11056	ROK1
11057	LABH2
11059	AIP5
11059	DKFZP434D2111
11060	AIP2
11061	BRICD3
11061	CHM-I
11061	CHM1
11061	LECT1
11061	MYETS1
11062	DUS4
11062	PP35
11064	CEP1
11064	CEP110
11065	UBCH10
11066	U1SNRNPBP
11067	C10orf10
11067	DEPP
11067	Fseg
11068	101F6
11068	TSCytb
11068	TSP10
11069	CGEF2
11069	cAMP-GEFII
11070	PL6
11072	MKP-L
11072	MKP6
11073	Dpb11
11073	KIAA0259
11073	TOP2BP1
11074	C6orf13
11074	HCG1
11074	HCGI
11074	RNF
11075	SCG10
11075	SCGN10
11076	TPPP/p25
11076	TPPP1
11076	p25
11076	p25alpha
11077	MEILB2
11078	DFNB28
11078	HRIHFB2122
11078	KIAA1662
11078	TAP68
11078	Tara
11080	HLJ1
11081	CNA2
11081	SLRR2B
11083	BYE1
11083	C20orf158
11083	DATF1
11083	DIO-1
11083	FLJ11265
11083	KIAA0333
11083	dJ885L7.8
11085	svph4
11086	CT73
11086	svph1
11091	BIG-3
11091	CFAP89
11091	SWD3
11092	C9orf9
11092	Mast
11093	C9orf8
11093	DKFZp434C2322
11093	FLJ42993
11093	MGC118899
11093	MGC118900
11093	TTP
11093	VWFCP
11093	vWF-CP
11094	C9orf7
11094	D9S2135
11094	flower
11095	ADAM-TS8
11095	FLJ41712
11095	METH2
11096	ADAMTS11
11096	ADMP-2
11097	H_RG271G13.9
11097	NLP_1
11097	NUPL2
11097	hCG1
11098	SIG13
11098	SPUVE
11099	PTPD1
11099	PTPRL10
11100	E1B-AP5
11100	E1BAP5
11100	FLJ12944
11100	HNRPUL1
11102	P14
11103	HRB2
11103	RIP-1
11105	ZNF910
11112	NS5ATP1
11113	CITK
11113	CRIK
11113	KIAA0949
11113	STK21
11116	FGFR1OP
11116	FOP
11117	DKFZp586M121
11117	EMILIN
11117	gp115
11118	BTN 3.20
11119	BT3.1
11119	BTF5
11119	BTN3.1
11119	CD277
11120	BT2.1
11120	BTF1
11120	BTN2.1
11122	KIAA0283
11122	RPTPrho
11123	DSCR1L2
11124	CGI-03
11124	HFAF1s
11124	UBXD12
11124	UBXN3A
11124	hFAF1
11126	BY55
11126	NK1
11126	NK28
11127	FLA10
11127	KLP-20
11128	C160
11128	RPC1
11128	RPC155
11128	hRPC155
11129	CLASP
11129	SFRS16
11129	SWAP2
11130	SIP30
11130	Zwint1
11133	2E4
11133	KICS4
11135	Borg5
11135	MSE55
11136	CSNU3
11137	IEF-SSP-9502
11138	GRAMD8
11138	HBLP1
11138	VRP
11140	P50CDC37
11141	IL1R8
11141	IL1RAPL
11141	IL1RAPL-1
11141	MRX10
11141	MRX21
11141	MRX34
11141	OPHN4
11141	TIGIRR-2
11143	HBO1
11143	HBOA
11143	MYST2
11143	ZC2HC7
11144	LIM15
11145	AdPLA
11145	H-REV107-1
11145	HRASLS3
11145	HREV107
11145	HREV107-3
11145	MGC118754.
11145	PLA2G16
11145	PLAAT-3
11146	FAP48
11146	FAP68
11146	FKBPAP
11146	GLML
11146	GVM
11146	VMGLOM
11147	HHLA3
11148	B7-H5
11148	B7-H7
11148	B7H7
11148	B7y
11149	BVES
11149	HBVES
11151	HCORO1
11151	coronin-1
11152	JM5
11152	NBIA5
11152	WDRX1
11152	WIPI4
11153	HIP13
11153	HYPE
11154	SPG52
11155	CMD1C
11155	KIAA0613
11155	PDLIM6
11155	ZASP
11156	PRL-3
11156	PRL-R
11156	PRL3
11157	YDR378C
11160	C8orf2
11160	Erlin-2
11160	NET32
11160	SPFH2
11160	SPG18
11161	C14orf1
11161	NET51
11162	FGF-AS
11162	FGF2AS
11162	gfg
11162	gfg-1
11163	DIPP2
11163	DIPP2alpha
11163	DIPP2beta
11163	HDCMB47P
11163	KIAA0487
11164	YSA1H
11164	hYSAH1
11165	DIPP
11166	SOX25
11167	FRP
11167	FSL1
11167	OCC-1
11167	OCC1
11167	tsc36
11168	DFS70
11168	LEDGF
11168	PSIP2
11168	p75
11169	AND-1
11169	CHTF4
11169	CTF4
11170	DRR1
11170	TU3A
11171	MAWD
11171	UNRIP
11171	pt-wd
11173	ADAM-TS7
11173	DKFZp434H204
11174	ADAM-TS6
11176	KIAA0314
11176	TIP5
11176	WALp3
11177	ACF1
11177	WALp1
11177	WCRF180
11177	hACF1
11179	NRIF4
11179	ZNF277P
11180	Trm734
11181	MGC129621
11181	TREA
11182	GLUT9
11182	HSA011372
11183	KHS
11183	KHS1
11184	HPK1
11186	123F2
11186	NORE2A
11186	RDA32
11186	REH3P21
11188	I-1
11188	IRAS
11188	KIAA0975
11189	BRUNOL1
11189	CAGH4
11189	ERDA4
11189	MGC57297
11189	TNRC4
11190	C-NAP1
11190	CEP2
11191	PTEN-rs
11191	PTEN2
11191	PTENpg1
11191	psiPTEN
11193	FBP21
11193	MGC117310
11194	EST328128
11194	M-ABC1
11194	MABC1
11194	MITOSUR
11196	iPLA1beta
11196	iPLA1β
11196	p125
11196	p125A
11198	CDC68
11198	FACT
11198	FACTP140
11198	FLJ10857
11198	FLJ14010
11198	SPT16/CDC68
11199	ANX14
11200	CHK2
11200	HuCds1
11200	PP1425
11200	RAD53
11200	bA444G7
11201	RAD30B
11201	RAD3OB
11202	HNP
11202	PRSS19
11202	TADG14
11202	neuropsin
11202	ovasin
11209	MSPL-2
11209	MSPL2
11209	MSTP2
11211	CD350
11212	PROSC
11213	IRAK-M
11214	AKAP-Lbc
11214	ARHGEF13
11214	BRX
11214	HA-3
11214	Ht31
11214	LBC
11214	PROTO-LB
11214	c-lbc
11215	AKAP220
11215	DKFZp781I12161
11215	FLJ11304
11215	KIAA0629
11215	PPP1R44
11215	PRKA11
11216	D-AKAP2
11216	MGC9414
11216	PRKA10
11218	DP103
11218	GEMIN3
11221	MKP-5
11221	MKP5
11222	MRL3
11222	RPML3
11222	uL3m
11223	D1F15S1A
11223	MSPL-7
11223	MSPL7
11223	MST1P
11223	MST1P7
11223	MSTP7
11223	MSTP9
11224	L35
11224	uL29
11226	GalNAc-T6
11227	GalNAc-T5
11228	C12orf2
11228	HoJ-1
11230	JM4
11230	Yip6a
11231	DNAJC23
11231	ERdj2
11231	PRO2507
11231	SEC63L
11232	HP55
11232	MTPOLB
11234	AIBP63
11234	BLOC2S2
11234	RU2
11235	CCM3
11235	TFAR15
11236	HRCA1
11236	RCA1
11236	TRC8
11237	G1L
11240	KIAA0994
11240	PDI2
11245	Gm1012
11247	NPH4
11249	NPH2
11250	PSP24
11250	PSP24A
11251	CD294
11251	CRTH2
11251	GPR44
11252	SDPII
11253	ERMan1
11253	ERManI
11253	MANA-ER
11253	MRT15
11255	GPCR97
11257	H_RG012D21.9
11257	LINC00096
11257	TP53AP1
11257	TP53LC12
11258	DCTN-22
11259	DOC-1
11259	GIP130
11260	XPO3
11261	CHP
11261	SLC9A1BP
11261	Sid470p
11262	LYSP100-A
11262	LYSP100-B
11264	PMP24
11266	YVH1
11267	Dot3
11267	EAP30
11267	VPS22
11269	DBP5
11269	DDX19
11270	NRM29
11272	LPRP
11272	PROL4
11273	A2D
11273	A2lp
11275	MAV
11276	AP1GBP1
11276	MGC104959
11276	SYNG
11277	AGS1
11277	DRN3
11278	AP-2rep
11278	AP2REP
11278	HSPC122
11279	BKLF3
11279	DXS741
11279	ZNF741
11280	NaN
11280	Nav1.9
11280	SCN12A
11280	SNS-2
11281	RPF-1
11282	GnT-Ivb
11285	XGALT-1
11285	beta4Gal-T7
11309	OATP-B
11309	OATP2B1
11309	SLC21A9
11311	VPS45A
11311	VPS45B
11311	h-vps45
11313	APT-2
11313	APT2
11314	CMRF-35-H9
11314	CMRF35H
11314	IGSF12
11314	IRC1
11314	IRC2
11314	Irp60
11315	DJ-1
11315	DJ1
11315	GATD2
11316	epsilon-COP
11317	RBP-L
11317	RBPSUHL
11317	SUHL
11318	ADMR
11318	AM-R
11318	G10D
11318	GPR182
11318	hrhAMR
11319	GCR2
11319	hSGT1
11320	GnT-4a
11320	GnT-Iva
11321	ATPBD1A
11321	MBDIN
11321	NTPBP
11321	RPAP4
11321	XAB1
11322	EVER1
11322	EVIN1
11322	LAK-4P
11322	TNRC6C-AS1
11325	RHELP
11325	RNAHP
11325	SF3B8
11325	SF3b125
11326	CRIg
11326	Z39IG
11328	FKBP60
11328	FKBP63
11330	CLCR
11330	ELA4
11331	BCAP37
11331	Bap37
11331	REA
11331	p22
11332	ACH1
11332	ACT
11332	BACH
11332	CTE-II
11332	LACH1
11332	MGC1126
11332	hBACH
11333	HASPP28
11333	PAP1
11334	C3orf11
11334	PDAP2
11335	HP1Hs-gamma
11335	HP1gamma
11336	SEC6L1
11336	Sec6
11337	ATG8A
11337	MM46
11338	U2AF65
11339	CT86
11339	MIS18B
11339	hMIS18beta
11340	CIP3
11340	EAP2
11340	OIP2
11340	RRP43
11340	Rrp43p
11340	bA421P11.3
11340	p9
11341	SCRG-1
11341	lincSCRG1
11342	RZF
11343	HU-K5
11343	MAGL
11343	MGL
11344	A6RP
11344	A6r
11344	PTK9L
11345	ATG8
11345	ATG8C
11345	GATE-16
11345	GATE16
11345	GEF2
11346	KIAA1029
11346	SYNPO1
22794	BTZ
22794	MLN51
22796	LDLC
22797	TCFEC
22797	TFECL
22797	bHLHe34
22800	TC21
22801	HsT18964
22802	CaCC2
22806	Aiolos
22806	ZNFN1A3
22807	Helios
22807	ZNFN1A2
22808	M-RAs
22808	R-RAS3
22808	RRAS3
22813	CR-6
22813	CRIPTO-6
22813	TDGF1P6
22813	TDGF6
22814	CR-5
22814	CRIPTO-5
22814	TDGF1P5
22814	TDGF5
22815	CR-4
22815	CRIPTO-4
22815	TDGF1P4
22815	TDGF4
22816	CR-2
22816	CRIPTO-2
22816	TDGF1P2
22816	TDGF2
22818	CGI-120
22818	COPZ
22820	COPG
22821	GAP1IP4BP
22821	GAPIII
22822	DT1P1B11
22822	PHRIP
22822	TDAG51
22823	M96
22823	PCL2
22823	TDRD19A
22824	APG-1
22824	HSPH3
22824	Osp94
22826	SPF31
22827	RoBPI
22827	SIAHBP1
22828	KIAA1116
22828	RBM16
22829	KIAA0951
22832	C6orf84
22832	KIAA1009
22832	QN1
22834	KIAA0924
22835	KIAA0961
22835	ZNF745
22836	KIAA0878
22837	KIAA0977
22838	KIAA1100
22839	KIAA0964
22839	SAPAP4
22841	KIAA0941
22841	Rab11-FIP2
22841	nRip11
22843	CaMKP-N
22843	KIAA1072
22843	POPX1
22843	PP2CH
22844	FRMD2
22844	KIAA0967
22845	KIAA1094
22845	TMEM15
22846	KIAA1036
22847	KIAA1084
22847	Zfp507
22848	DKFZp686K16132
22848	KIAA1048
22849	KIAA0940
22850	KIAA0863
22850	ZNF508
22852	KIAA1074
22852	THC2
22853	AATYK2
22853	BREK
22853	KIAA1079
22853	KPI-2
22853	KPI2
22853	LMR2
22853	PPP1R100
22853	cprk
22854	KIAA0976
22854	Lmnt1
22854	NetG1
22854	NetrinG1
22856	CSS1
22856	KIAA0990
22858	ICK
22858	KIAA0936
22858	LCK2
22858	MGC46090
22859	CIRL1
22859	KIAA0821
22859	LEC2
22859	LPHN1
22861	CARD7
22861	CLR17.1
22861	DEFCAP
22861	DKFZp586O1822
22861	KIAA0926
22861	NALP1
22861	SLEV1
22861	VAMAS1
22862	FNDC3
22862	KIAA0970
22862	bA203I16.5
22863	ATG14L
22863	KIAA0831
22864	KIAA1002
22865	KIAA0848
22866	CNK2
22866	KIAA0902
22868	KIAA0971
22869	KIAA0972
22870	KIAA1115
22870	SAP190
22870	SAPS1
22871	KIAA1070
22872	ABP125
22872	ABP130
22872	KIAA0905
22872	SEC31L1
22873	DZIP
22873	KIAA0996
22874	KIAA0969
22874	PEPP3
22875	KIAA0879
22875	NPP4
22876	KIAA0966
22876	SAC2
22876	hSac2
22877	KIAA0867
22877	MONDOA
22877	bHLHe36
22878	HsT2706
22878	KIAA1012
22878	TRS85
22879	HSRG1
22879	KIAA0872
22879	SAND2
22880	AC004542.C22.1
22880	KIAA0852
22880	ZCW3
22880	ZCWCC1
22881	KIAA0957
22882	KIAA0854
22883	CDHR12
22883	CSTN1
22883	KIAA0911
22884	KIAA0982
22885	KIAA0843
22887	KIAA1041
22888	KIAA0860
22888	RNF37
22888	UIP5
22888	Ubce7ip5
22889	BLOM7
22889	KIAA0907
22889	SNORA80EHG
22890	KIAA0997
22890	ZNF909
22891	KIAA0844
22891	Su48
22891	UAN
22893	KIAA0945
22894	EXOSC11
22894	KIAA1008
22894	RRP44
22894	dis3p
22895	KIAA0985
22895	exophilin-1
22895	rabphilin
22897	KIAA1052
22897	NPHP15
22898	KIAA0870
22899	ARGEF15
22899	FLJ13791
22899	KIAA0915
22899	MGC44868
22899	Vsm-RhoGEF
22900	Dakar
22900	KIAA0955
22900	NDPP
22900	TUCAN
22901	KIAA1001
22902	KIAA0871
22902	RIPx
22902	Singar1
22902	ZFYVE30
22903	KIAA0952
22903	dJ742J24.1
22904	FLJ00173
22904	KIAA0963
22904	Stno
22905	EHB21
22905	KIAA1065
22906	KIAA1042
22906	MILT1
22906	OIP106
22907	DDX30
22907	FLJ11214
22907	KIAA0890
22908	KIAA0851
22908	SAC1
22909	KIAA1018
22909	MTMR15
22911	KIAA0893
22913	HNRPCL2
22913	P542
22914	CD314
22914	D12S2489E
22914	KLR
22914	NKG2-D
22914	NKG2D
22915	ECM
22915	EMILIN4
22915	GPIa*
22915	MMRN
22916	CBP20
22916	Cbc2
22916	NIP1
22917	ZPB1
22918	C1QR1
22918	C1qR(P)
22918	C1qRP
22918	CDw93
22918	ECSM3
22918	MXRA4
22918	dJ737E23.1
22919	EB1
22920	FLA3
22920	KAP-1
22920	KAP3
22920	SMAP
22921	CBS-1
22921	CBS1
22921	CGI-131
22921	MSRB
22921	PILB
22924	EB3
22925	CLEC13C
22925	PLA2-R
22925	PLA2G1R
22925	PLA2IR
22926	ATF6A
22926	ATP6alpha
22927	IHABP4
22927	SERBP1L
22928	SPS2
22928	SPS2b
22929	SPS
22929	SPS1
22930	KIAA0066
22930	RAB3GAP
22930	RAB3GAP130
22930	WARBM1
22932	POM-ZP3
22933	SIR2L
22936	MRCCAT1
22937	KIAA0199
22938	Bx42
22938	FUN20
22938	NCoA-62
22938	PRPF45
22938	Prp45
22938	SKIIP
22938	SKIP1
22941	CORTBP1
22941	CTTNBP1
22941	ProSAP1
22941	SHANK
22941	SPANK-3
22943	DKK-1
22943	SK
22944	KIN17
22944	Rts2
22948	CCTE
22948	KIAA0098
22949	LTB4DH
22949	ZADH3
22950	HLC3
22950	kanadaptin
22952	CYP2G1
22952	CYP2GP1
22953	DFNA41
22953	P2X2
22954	BBS11
22954	HT2A
22954	LGMD2H
22954	TATIP
22955	Scml3
22971	RPL41L2
22973	LAMB2L
22974	C20orf1
22974	C20orf2
22974	DIL-2
22974	FLS353
22974	HCA519
22976	CAGF28
22976	CAGF29
22976	PAXIP1L
22976	PTIP
22976	TNRC2
22978	GMP
22978	NT5B
22978	PNT5
22978	SPG45
22978	SPG65
22978	cN-II
22979	FLJ37871
22979	KIAA0953
22980	KIAA1049
22980	Nulp1
22981	KIAA0980
22981	NLP
22982	KIAA0934
22983	KIAA0973
22983	SAST
22984	ALG-4
22984	KIAA0185
22984	NFBP
22984	RRP5
22985	ACINUS
22985	KIAA0670
22985	fSAP152
22986	KIAA1059
22986	SORCS
22987	SLC22B3
22989	KIAA1000
22990	KIAA0805
22990	KIAA0995
22990	PCNX
22990	PCNXL1
22990	pecanex
22992	CXXC8
22992	DKFZP434M1735
22992	FBL11
22992	FBXL11
22992	FLJ00115
22992	JHDM1A
22992	KIAA1004
22992	LILINA
22993	HMGX3
22993	KIAA0194
22993	SMF
22994	AZI1
22994	KIAA1118
22995	KIAA0912
22995	MCPH9
22995	SCKL5
22996	C1orf34
22996	DEME-6
22996	KIAA0452
22997	KIAA1030
22997	LINC00947
22997	LOC283174
22997	MIR4697HG
22998	DKFZP686A01247
22998	LIMCH1A
22998	LMO7B
22999	CORD7
22999	KIAA0340
22999	RAB3IP2
22999	RIM1
23001	ALFY
23001	KIAA0993
23001	ZFYVE25
23002	KIAA0666
23005	KIAA0596
23005	NPHP20
23007	DKFZp434C1372
23007	KIAA1069
23007	MGC117152
23007	PLCL3
23007	PLCeta1
23008	KIAA0265
23008	slim
23011	KIAA0118
23012	KIAA0965
23012	NDR2
23013	KIAA0929
23013	MINT
23013	RBM15C
23013	SHARP
23014	FBX21
23014	KIAA0875
23015	CFAP286
23015	FAP286
23015	GM88
23015	GOLGIN-67
23016	EAP1
23016	KIAA0116
23016	RRP42
23016	Rrp42p
23016	hRrp42p
23016	p8
23017	KIAA0950
23017	LFG
23017	LFG2
23017	LIFEGUARD
23017	NMP35
23017	TMBIM2
23019	AD-005
23019	CDC39
23019	KIAA1007
23019	NOT1
23019	NOT1H
23020	ASCC3L1
23020	Brr2
23020	HELIC2
23020	KIAA0788
23020	RP33
23020	U5-200KD
23022	CGI-151
23022	KIAA0992
23022	SIH002
23023	KIAA0779
23024	KIAA1095
23024	LNX3
23024	SEMACAP3
23024	SEMCAP3
23025	KIAA1032
23025	Munc13-1
23026	KIAA0865
23026	MYR8
23026	Myo16b
23026	NYAP3
23026	PPP1R107
23028	AOF2
23028	BHC110
23028	KDM1
23028	KIAA0601
23028	LSD1
23029	KIAA0117
23030	JMJD2B
23030	KIAA0876
23030	TDRD14B
23031	KIAA0561
23032	KIAA1097
23032	VDU1
23033	DOPEY1
23033	KIAA1117
23033	dJ202D23.2
23034	DKFZP434H0350
23034	KIAA1053
23034	SAMD4
23034	SMG
23034	SMGA
23034	Smaug
23034	hSmaug1
23035	KIAA0931
23035	PHLPPL
23035	PPM3B
23036	KIAA0530
23036	ZFP292
23036	Zn-15
23036	Zn-16
23036	bA393I2.3
23037	KIAA0300
23037	PDZK3
23038	ADP
23038	DCAF9
23038	KIAA1037
23039	EXP7
23039	KIAA0745
23039	RANBP16
23040	KIAA1106
23040	NZF1
23040	ZC2H2C2
23040	ZC2HC4B
23041	KIAA1040
23042	KIAA0251
23043	KIAA0551
23046	DKFZP434J212
23046	KIAA0449
23047	APRIN
23047	AS3
23047	CG008
23047	FLJ23236
23047	KIAA0979
23048	FBP17
23048	KIAA0554
23049	ATX
23049	KIAA0421
23049	LIP
23051	KIAA0395
23051	TIX1
23052	KIAA0830
23053	4832404P21Rik
23053	KIAA0913
23054	AIB3
23054	ASC2
23054	KIAA0181
23054	NRC
23054	RAP250
23054	TRBP
23057	C1orf15
23057	KIAA0479
23057	PNAT2
23059	CFAP22
23059	FAP22
23059	FLJ13297
23059	IFT38
23059	KIAA0643
23060	KIAA0295
23061	GRAMD9B
23061	KIAA0676
23062	KIAA1080
23062	VEAR
23063	FOE
23063	KIAA0261
23063	WAPAL
23064	ALS4
23064	AOA2
23064	KIAA0625
23064	SCAR1
23064	STEX
23064	Sen1
23065	KIAA0090
23066	KIAA0667
23066	TIP120B
23066	Tp120b
23067	KIAA1076
23067	KMT2G
23067	Set1B
23070	FTSJD2
23070	ISG95
23070	KIAA0082
23070	MTr1
23071	KIAA0573
23071	PDIA10
23071	TXNDC4
23072	KIAA0322
23072	NEDL1
23074	KIAA0701
23074	SHIP164
23074	UHRF1BP1L
23075	KIAA0640
23075	SWAP-70
23076	KIAA0179
23076	Nnp1
23076	PPP1R136
23077	FLJ10106
23077	KIAA0916
23077	PHR1
23078	KIAA0564
23078	P7BP2
23080	KIAA0241
23081	GASC1
23081	JMJD2C
23081	KIAA0780
23081	TDRD14C
23082	KIAA0595
23082	MGC74642
23082	PRC
23085	CAST2
23085	ELKS
23085	KIAA1081
23085	MGC12974
23085	RAB6IP2
23086	SLAC2-B
23087	HLS5
23087	KIAA1098
23087	MAIR
23089	KIAA1051
23089	MEF3L
23089	Mar2
23089	Mart2
23089	RGAG3
23089	RTL2
23089	SIRH1
23090	Ebfaz
23090	JBTS19
23090	KIAA0760
23090	NPHP14
23090	Zfp104
23090	hOAZ
23091	DKFZp434D1812
23091	KIAA0853
23091	Xio
23092	GRAF
23092	KIAA0621
23092	OPHN1L
23092	OPHN1L1
23093	KIAA0998
23093	STAMP
23094	KIAA0545
23094	SPAR3
23095	CMT2
23095	CMT2A
23095	HMSNII
23095	KIAA0591
23095	KLP
23096	BRAG1
23096	IQ-ArfGEF
23096	KIAA0522
23096	MRX1
23096	MRX18
23096	MRX78
23097	CDC2L6
23097	CDK11
23097	KIAA1028
23097	bA346C16.3
23098	KIAA0524
23098	SAMD2
23098	SARM
23099	FLJ22470
23099	KIAA0414
23099	ZBTB22B
23099	ZNF-X
23099	ZNF297B
23101	ARHGEF22
23101	KIAA0861
23102	KIAA1055
23105	KIAA1061
23107	KIAA0264
23107	mS27
23108	GARNL4
23108	KIAA1039
23109	KIAA0749
23111	KIAA0610
23111	SPG20
23111	TAHCCP1
23112	KIAA1093
23113	H7AP1
23113	KIAA0708
23114	FLJ46866
23114	KIAA0756
23114	NF
23114	NRCAML
23116	Crescerin-1
23116	FAM179B
23116	KIAA0423
23116	crescerin
23117	KIAA0220
23117	NPIPL3
23118	KIAA0733
23118	MAP3K7IP2
23119	HRG22
23119	KIAA1020
23119	ZBTB30
23119	ZNF907
23120	ATPVB
23120	FLJ21477
23120	KIAA0715
23122	KIAA0627
23125	KIAA0909
23126	KIAA0461
23126	ZNF280E
23126	ZNF635
23127	C1orf17
23127	GLT25D2
23127	KIAA0584
23129	KIAA0620
23130	BLTP4A
23130	KIAA0404
23131	GPATC8
23131	KIAA0553
23132	ARIP4
23132	KIAA0809
23132	SRISNF2L
23133	JHDM1F
23133	KDM7B
23133	KIAA1111
23133	ZNF422
23135	JMJD3
23135	KIAA0346
23136	4.1B
23136	DAL1
23136	KIAA0987
23137	KIAA0594
23137	SMC5L1
23138	LZTS4
23139	KIAA0807
23139	MAST205
23140	FLJ10821
23140	KIAA0399
23140	ZZZ4
23141	KIAA0692
23141	LEMD7
23141	Lem4
23142	KIAA0276
23143	CHDC1
23143	KIAA1016
23144	KIAA0150
23144	ZC3HDC3
23145	FLJ36112
23145	KIAA0543
23145	SCO-spondin
23145	SSPO
23148	KIAA0363
23149	KIAA0290
23150	GRSP1
23150	KIAA1013
23151	DIP
23151	KIAA0767
23152	KIAA0306
23154	NCDN-1
23154	NCDN-2
23155	MCLC
23157	KIAA0128
23157	MGC16619
23157	MGC20339
23157	SEP2
23157	SEPT6
23157	Septin-6
23158	GRAMD9
23158	KIAA0882
23160	KIAA0007
23160	NET12
23160	UTP5
23161	KIAA0713
23161	RGS-PX1
23162	JIP3
23162	JSAP1
23162	KIAA1066
23162	syd
23163	KIAA0154
23164	M-RIP
23164	RHOIP3
23164	p116Rip
23165	C7orf14
23165	KIAA0225
23166	CLEVER-1
23166	FEEL-1
23166	FELE-1
23166	FEX1
23166	KIAA0246
23166	SCARH2
23166	STAB-1
23167	KIAA0143
23168	KIAA0252
23169	KIAA0260
23169	UGTREL7
23170	KIAA0153
23171	KIAA0089
23172	ABRO1
23172	Em:AC068896.4
23172	FAM175B
23172	KIAA0157
23173	KIAA0094
23173	MetAP1A
23174	BDG29
23174	MGC14139
23175	KIAA0188
23176	KIAA0202
23176	SEPT8
23176	Septin-8
23177	KIAA0582
23178	KIAA0135
23178	PASKIN
23178	STK37
23179	RGL
23180	FLJ23866
23180	KIAA0084
23180	MIG2
23180	Raftlin
23181	C21orf106
23181	Dip2
23181	KIAA0184
23184	BOCA
23184	KIAA0081
23184	MESDC2
23185	KIAA0217
23185	LARP5
23186	COREST
23186	KIAA0071
23186	RCOR
23187	FLJ00141
23187	KIAA0638
23187	LL5a
23189	ANKRD15
23189	KANK
23189	KIAA0172
23190	KIAA0242
23190	UBXD2
23190	UBXDC1
23191	KIAA0068
23191	P140SRA-1
23191	SHYC
23192	APG4B
23192	DKFZp586D1822
23192	KIAA0943
23193	G2AN
23193	GIIA
23193	GIIalpha
23193	GluII
23193	KIAA0088
23194	FBL7
23194	KIAA0840
23195	KIAA0301
23195	Rea1
23196	C9orf10
23196	KIAA0183
23196	OSSA
23197	ETEA
23197	KIAA0887
23197	UBXD8
23197	UBXN3B
23198	KIAA0077
23198	PA200
23199	KIAA0182
23200	ATPIF
23200	ATPIR
23200	KIAA0956
23201	KIAA0280
23201	TCRP1
23203	Alpha-MPP
23203	CLA1
23203	KIAA0123
23203	MAS2
23203	SCAR2
23204	ARL6IP
23204	ARMER
23204	KIAA0069
23204	SPG61
23205	BG1
23205	BGM
23205	FLJ30320
23205	KIAA0631
23205	MGC14352
23205	hBG1
23205	hsBG
23207	KIAA0842
23208	DKFZp781D015
23208	KIAA0080
23208	MGC10881
23208	MGC17226
23209	KIAA0027
23209	LVM
23209	MLC
23209	VL
23210	KIAA0585
23210	PTDSR
23210	PTDSR1
23211	C19orf7
23211	KIAA1064
23212	KIAA0112
23213	KIAA1077
23213	SULF-1
23213	hSulf-1
23214	FLJ22519
23214	KIAA0370
23214	RANBP20
23215	BAT2D1
23215	BAT2L2
23215	KIAA1096
23215	XTP2
23216	KIAA1108
23216	TBC
23216	TBC1
23217	KIAA1086
23218	KIAA0540
23219	CENP-30
23219	FLJ10766
23219	Fbx28
23219	KIAA0483
23220	KIAA0937
23220	RNF155
23221	DBC2
23221	KIAA0717
23223	KIAA0690
23224	DKFZP434H2235
23224	KIAA1011
23224	NUA
23224	NUANCE
23224	Nesp2
23224	Nesprin-2
23224	SYNE-2
23225	FLJ22389
23225	GP210
23225	KIAA0906
23225	POM210
23228	KIAA1092
23228	PLCE2
23229	KIAA0424
23229	PEM-2
23230	BLTP5A
23230	CHAC
23230	KIAA0986
23231	KIAA0746
23232	KIAA0608
23233	KIAA0919
23233	SEC15B
23233	SEC15L2
23234	JDD1
23234	SB73
23235	DKFZp434K1115
23235	KIAA0781
23235	LOH11CR1I
23235	QIK
23235	SNF1LK2
23236	KIAA0581
23236	PLC-I
23236	PLC154
23237	Arg3.1
23237	KIAA0278
23239	KIAA0606
23239	PHLPP
23239	PLEKHE1
23239	PPM3A
23239	SCOP
23240	DKFZp586H1322
23240	KIAA0922
23241	KIAA0602
23241	PACS1L
23242	KIAA0633
23243	CFAP79
23243	FAP79
23243	KIAA0379
23243	PITK
23243	PP6-ARS-A
23243	PPP1R65
23244	KIAA0648
23244	PIG54
23244	SCC-112
23245	KIAA0634
23246	KIAA0124
23247	JBTS26
23247	KIAA0556
23248	FLJ32145
23248	HSPC099
23248	KIAA0460
23250	ATPIH
23250	ATPIS
23250	KIAA1021
23251	KIAA1024
23251	UBTOR
23252	DUBA4
23252	KIAA0459
23253	ANCO-2
23253	FLJ20053
23253	GAC-1
23253	KIAA0874
23254	C1orf196
23254	FLJ43806
23254	KAZRIN
23254	KIAA1026
23255	CCDC165
23255	KIAA0802
23255	SOGA2
23256	C14orf163
23256	KIAA0917
23256	RA410
23256	SLY1
23256	STXBP1L2
23258	FLJ22354
23258	FLJ33829
23258	FLJ43455
23258	KIAA1091
23258	RAB6IP1
23259	KIAA0725
23259	SAMWD1
23259	SPG54
23259	iPLA1gamma
23259	iPLA1γ
23259	p125B
23261	KIAA0833
23262	CFAP160
23262	DFNB100
23262	HISPPD1
23262	KIAA0433
23262	VIP2
23263	ARHGEF14
23263	KIAA0362
23263	OST
23264	DKFZp434K0920
23264	FLJ13787
23264	KIAA1031
23264	RoXaN
23265	BLOM4
23265	EXO70
23265	Exo70p
23265	KIAA1067
23265	YJL085W
23266	CIRL2
23266	KIAA0786
23266	LEC1
23266	LPHH1
23266	LPHN2
23268	ARHGEF36
23268	KIAA1010
23268	Tuba
23269	FLJ12634
23269	KIAA0518
23269	MAD5
23269	MXD5
23270	KIAA0721
23270	dJ486I3.2
23271	CAMSAP1L1
23271	KIAA1078
23272	C3orf63
23272	FAM208A
23272	KIAA1105
23272	RAP140
23272	TASOR1
23272	se89-1
23274	Gop-1
23274	KIAA0350
23275	C21orf80
23275	FUT13
23275	KIAA0958
23276	FLJ13703
23276	KIAA0795
23277	KIAA0664
23279	FLJ22583
23279	KIAA0197
23281	CAZIP
23281	KIAA0774
23281	TIP150
23283	CstF-64T
23283	DKFZp434C1013
23283	KIAA0689
23283	tauCstF-64
23284	KIAA0768
23284	LEC3
23284	LPHN3
23286	KIAA0869
23286	KIBRA
23286	PPP1R168
23287	CCP1
23287	KIAA1035
23287	Nna1
23288	KIAA1023
23291	BTRC2
23291	BTRCP2
23291	FBXW1B
23291	Fbw11
23291	Fbw1b
23291	Hos
23291	KIAA0696
23293	C17orf31
23293	EST1A
23293	KIAA0732
23293	SMG-6
23294	ANKS1
23294	KIAA0229
23295	KIAA0544
23295	RNF156
23299	KIAA0699
23300	ASCIZ
23300	KIAA0431
23300	ZNF822
23301	KIAA0903
23301	NACSIN
23302	KIAA0523
23303	GAKIN
23303	KIAA0639
23304	C6orf133
23304	KIAA0349
23304	bA49A4.1
23304	dJ392M17.3
23305	FACL6
23305	KIAA0837
23305	LACS5
23306	KIAA0286
23306	TMEM194
23306	TMEM194A
23307	FKBP133
23307	KIAA0674
23307	PPP1R76
23307	WAFL
23308	B7-H2
23308	B7H2
23308	B7RP-1
23308	B7RP1
23308	B7h
23308	CD275
23308	GL50
23308	ICOS-L
23308	ICOSL
23308	KIAA0653
23310	CAP-D3
23310	FLJ42888
23310	KIAA0056
23310	hCAP-D3
23310	hHCP-6
23310	hcp-6
23312	DFNA71
23312	KIAA0856
23313	C22orf9
23313	bK268H5.C22.1
23314	FLJ21474
23314	KIAA1034
23315	KIAA0939
23315	NHE8
23316	CDP2
23316	CUTL2
23316	KIAA0293
23317	KIAA0678
23317	RME8
23318	KIAA0191
23318	PAPD3
23318	TENT3A
23318	ZCCHC11
23321	CMT2R
23321	KIAA0517
23321	RNF86
23322	CORS3
23322	FTM
23322	JBTS7
23322	KIAA1005
23322	MKS5
23322	NPHP8
23322	PPP1R134
23324	EpMAN
23324	KIAA0935
23325	KIAA1033
23325	SWIP
23326	KIAA1063
23326	USP3L
23327	KIAA0439
23327	NEDD4-2
23327	RSP5
23328	KIAA0790
23328	SH3D6A
23328	dJ323M4.1
23329	KIAA0984
23331	KIAA1043
23332	KIAA0622
23333	KIAA0877
23334	C1orf84
23334	FLJ10387
23334	FLJ34502
23334	KIAA0467
23334	KICS1
23334	RP11-506B15.1
23334	SZT2A
23334	SZT2B
23335	KIAA0541
23335	TRAG
23336	DMN
23336	KIAA0353
23338	JADE-2
23338	KIAA0239
23338	PHF15
23339	KIAA0770
23339	VAM6
23341	KIAA0962
23344	FAM62A
23344	KIAA0747
23344	MBC2
23345	8B
23345	ARCA1
23345	C6orf98
23345	CPG2
23345	KIAA0796
23345	MYNE1
23345	Nesp1
23345	Nesprin-1
23345	SCAR8
23345	SYNE-1B
23345	dJ45H2.2
23345	enaptin
23347	FSHD2
23347	KIAA0650
23348	KIAA1058
23348	ZIZ1
23349	GINIP
23349	KIAA1045
23350	SR140
23350	fSAPa
23351	KIAA0323
23352	KIAA0462
23352	KIAA1307
23352	RBAF600
23352	ZUBR1
23352	p600
23353	FLJ12407
23353	KIAA0810
23353	UNC84A
23354	KIAA0841
23354	dgt5
23355	FLJ32099
23355	KIAA0804
23357	Ccr4e
23357	KIAA0759
23358	KIAA1057
23359	FAM189A1
23359	KIAA0574
23359	TMEM228
23360	KIAA1014
23361	KIAA0326
23361	ZNF65
23362	DKFZp761K1423
23362	EFA6D
23362	EFA6R
23362	HCA67
23362	KIAA0942
23363	KIAA0657
23365	KIAA0382
23365	LARG
23366	KIAA0895
23366	TMCP2
23367	KIAA0731
23367	LARP
23367	Lar1
23367	Lhp1
23367	MGC19556
23368	ASPP1
23368	KIAA0771
23368	p53BP2-like
23369	KIAA0235
23369	PUMH2
23370	KIAA0521
23370	MGC15913
23370	P114-RhoGEF
23370	p114RhoGEF
23371	C1-TEN
23371	KIAA1075
23371	TENC1
23373	FLJ14027
23373	KIAA0616
23373	MECT1
23373	TORC1
23376	KIAA0776
23376	Maxer
23376	NLBP
23376	RCAD
23378	KIAA0409
23378	NML
23379	KIAA0947
23380	ARHGAP34
23380	FNBP2
23380	KIAA0456
23380	SRGAP2A
23381	EST1B
23381	KIAA1089
23381	LPTS-RP1
23381	LPTSRP1
23381	RP11-54H19.7
23381	SMG-5
23382	ADOHCYASE3
23382	IRBIT2
23382	KIAA0828
23382	long-IRBIT
23383	KIAA0892
23383	MAU2L
23383	MGC75361
23383	SCC4
23383	mau-2
23384	CYTSA
23384	KIAA0376
23385	APH2
23385	KIAA0253
23386	KIAA1068
23386	NudCL
23387	FLJ12240
23387	KIAA0999
23387	QSK
23389	KIAA1025
23389	THRAP2
23389	TRAP240L
23390	HIP14
23390	HYPH
23390	KIAA0946
23392	ECM29
23392	FLJ22036
23392	KIAA0368
23394	ADNP1
23394	KIAA0784
23395	KIAA0028
23395	LEURS
23395	MGC26121
23395	mtLeuRS
23396	KIAA0589
23396	LCCS3
23396	PIP5Kgamma
23397	BRRN1
23397	CAP-H
23397	NCAPH1
23397	hCAP-H
23398	KIAA0073
23399	DULLARD
23399	HSA011916
23399	NET56
23400	CLN12
23400	HSA9947
23400	PARK9
23403	20D7-FC4
23403	FBXO34L
23403	Fbx46
23404	RRP4
23404	Rrp4p
23404	hRrp4p
23404	p7
23405	Dicer
23405	HERNA
23405	K12H4.8-LIKE
23405	KIAA0928
23405	MNG1
23409	SIR2L4
23410	SIR2L3
23411	SIR2L1
23412	BUP
23412	C10orf8
23413	FREQ
23413	NCS-1
23414	FOG2
23414	ZC2HC11B
23414	ZNF89B
23414	hFOG-2
23415	Kv12.3
23415	elk1
23416	BEC1
23416	Kv12.2
23416	elk2
23417	MCD
23417	hMCD
23418	LCA8
23418	RP12
23420	PM5
23421	CENPR
23421	HSU37139
23421	NRIF3
23421	TAP20
23423	C15orf22
23423	p24B
23423	p24g4
23423	p24gamma4
23424	PCTAIRE2BP
23428	LPI-PC1
23429	AAP1
23429	DEDAF
23429	YEAF1
23431	AP-4-EPSILON
23431	SPG51
23432	RE2
23433	ARHQ
23433	RASL7A
23433	TC10
23434	C3orf27
23434	GR6
23435	ALS10
23435	TDP-43
23436	CBPP
23436	ELA3B
23437	TRNAS2
23437	TRNS
23437	TRS2
23437	tRNA-Ser-AGA-2-3
23438	HARSL
23438	HARSR
23438	HO3
23446	CD92
23446	CDW92
23446	CHTL1
23446	CTL1
23450	KIAA0017
23450	RSE1
23450	SF3b130
23451	Hsh155
23451	PRPF10
23451	Prp10
23451	SAP155
23451	SF3b155
23452	HARP
23456	EST20237
23456	M-ABC2
23456	MTABC2
23457	EST122234
23460	EST155051
23461	EST90625
23462	CHF-2
23462	CHF2
23462	HERP2
23462	HESR-1
23462	HESR1
23462	HRT-1
23462	bHLHb31
23463	HSTE14
23463	PCCMT
23463	PPMT
23464	KBL
23468	HP1
23468	HP1-ALPHA
23468	HP1Hs-alpha
23468	HP1alpha
23473	PalBH
23474	HSCO
23474	YF13H12
23475	QPRTase
23476	FSHRG4
23476	HUNK1
23476	HUNKI
23476	MCAP
23478	SEC11L1
23478	SPC18
23478	SPCS4A
23478	sid2895
23479	ISU2
23479	NIFUN
23479	hnifU
23481	NOP7
23481	PES
23483	SDR2E1
23483	TDPGD
23484	Vps55
23484	my047
23491	ES31
23491	FLJ21736
23493	HERP1
23493	HESR2
23493	bHLHb32
23495	CD267
23495	IGAD2
23495	TACI
23498	3-HAO
23498	HAO
23499	ABP620
23499	ACF7
23499	FLJ45612
23499	FLJ46776
23499	KIAA0465
23499	KIAA0754
23499	KIAA1251
23499	Lnc-PMIF
23499	MACF
23500	KIAA0381
23500	NPHS24
23503	KIAA0321
23503	SPG15
23504	KIAA0318
23504	MGC15831
23504	PPP1R133
23504	RIM-BP2
23505	CC28
23505	KIAA0257
23505	PRO1048
23505	RW1
23505	YR-23
23506	GLTSCR1L
23506	KIAA0240
23506	SMARCK2
23507	KIAA0231
23507	TA-LRRP
23508	KIAA0227
23508	TTC9A
23509	FUT12
23509	KIAA0180
23509	O-FUT
23509	O-Fuc-T
23510	KIAA0176
23511	KIAA0169
23512	CHET9
23512	JJAZ1
23512	KIAA0160
23513	KIAA0147
23513	SCRB1
23513	Vartul
23514	KIAA0146
23515	KIAA0136
23515	NXP2
23515	ZCW5
23515	ZCWCC3
23516	KIAA0062
23516	NET34
23516	ZIP-14
23516	ZIP14
23517	Dob1
23517	KIAA0052
23517	Mtr4
23517	SKIV2L2
23517	fSAP118
23518	KIAA0029
23518	R3HDM
23519	PP32R2
23520	ANP32C
23520	PP32R1
23521	TSTA1
23521	uL13
23522	MOZ2
23522	MYST4
23522	Morf
23522	ZC2HC6B
23522	qkf
23522	querkopf
23523	KIAA0330
23523	PPP3IN
23524	Cwc21
23524	KIAA0324
23524	SRL300
23524	SRm300
23526	HA-1
23526	HMHA1
23526	KIAA0223
23527	CENTB2
23527	CNT-B2
23527	KIAA0041
23528	ZBP-99
23529	BSF-3
23529	BSF3
23529	CISS2
23529	NNT-1
23529	NNT1
23529	NR6
23531	MMA
23531	PAQR11
23532	CT130
23532	MAPE
23533	P101-PI3K
23533	p101
23534	IPO12
23534	LGMD1F
23534	MTR10A
23534	TRN-SR
23534	TRN-SR2
23538	HPFH1OR
23539	REMP
23540	TRNAS3
23540	TRS3
23540	tRNA-Ser-TGA-4-1
23541	C22orf6
23541	KIAA1186
23541	KIAA1658
23541	SPF
23542	IB2
23542	JIP2
23542	PRKM8IPL
23543	FOX-2
23543	HNRBP2
23543	HRNBP2
23543	RBM9
23544	SEZ6L1
23545	ATP6N1D
23545	ATP6a2
23545	J6B7
23545	RTF
23545	TJ6
23545	TJ6M
23545	TJ6s
23545	a2
23545	a2V
23547	CD85g
23547	ILT7
23548	OSRF
23549	ASPEP
23550	EFA6B
23550	TIC
23551	MGC:4834
23551	Rhes
23551	TEM2
23552	CCRK
23552	PNQALRE
23554	NET-2
23554	TM4SF12
23555	NET-7
23555	TM4SF15
23556	MCD4
23556	PIG-N
23557	BLOC1S7
23557	BORCS3
23557	SNAPAP
23558	GRAMD6
23558	WBP-2
23559	WBP-1
23560	CRFG
23560	FLJ10686
23560	FLJ10690
23560	NOG1
23562	DFNB29
23563	I-GLCNAC-6-ST
23564	DDAHII
23564	G6A
23566	EDG7
23566	Edg-7
23566	HOFNH30
23566	LP-A3
23566	LPA3
23566	RP4-678I3
23567	JAZ
23567	Zfp346
23568	BART
23568	BART1
23568	RP66
23569	PAD
23569	PADI5
23569	PDI4
23569	PDI5
23576	DDAH
23580	BORG4
23580	KAIA1777
23580	MGC17125
23580	MGC3740
23581	MGC119078
23581	MGC119079
23581	caspase-14
23582	GCIP
23583	FDG
23583	HMUDG
23583	UNG3
23584	CTXL
23585	SMP1
23586	DDX58
23586	DKFZp434J1111
23586	FLJ13599
23586	RIG-1
23586	RIG-I
23587	C17orf81
23587	DERP6
23588	HCLP-1
23588	LCP
23589	CRHSP-24
23589	CSDC1
23590	COQ1
23590	COQ1A
23590	TPRT
23590	TPT
23591	APR-2
23591	C17orf88
23591	LINC00530
23592	MAN1
23593	C6orf34
23593	SOUL
23594	ORC6L
23595	IMAGE50150
23595	LATHEO
23595	ORC3L
23596	ECPN
23596	ERO
23596	NMO-1
23596	PPP1R116
23596	encephalopsin
23597	ACATE2
23597	CGI-16
23597	MT-ACT48
23598	MAZR
23598	PATZ
23598	RIAZ
23598	ZBTB19
23598	ZNF278
23598	ZSG
23598	dJ400N23
23600	P504S
23600	RACE
23601	-MDL1
23601	CLECSF5
23603	HCRNN4
23603	coronin-3
23604	MGC119312
23605	HMG17L1
23605	HMGN2L9
23605	dJ388M5.2
23606	HMG17L2
23606	HMGN2L10
23606	bK216E10
23607	CMS
23608	RNF61
23609	HSPC070
23609	RNF62
23610	MKRNP2
23612	TIH1
23613	KIAA1125
23613	PRKCBP1
23613	RACK7
23614	PPY2
23616	ARHGAP43
23617	FLJ38613
23617	SPOGA2
23617	STK22B
23619	ZNF656
23620	NTR2
23621	Asp2
23621	BACE
23623	NESCA
23624	CBL-3
23624	CBL-SL
23624	RNF57
23625	LRAP25
23625	MTVR1
23626	CT35
23626	SPATA43
23626	TOPOVIA
23626	TOPVIA
23627	DOPPEL
23627	DPL
23627	PrPLP
23627	dJ1068H6.4
23630	KCNE1L
23633	FLJ11249
23633	IPOA7
23633	MGC17918
23635	HSPC116
23636	DKFZp547L134
23636	FLJ20822
23636	FLJ43869
23636	IBSN
23636	MGC841
23636	SNDI
23637	GAPCenA
23637	TBC1D11
23639	CILD19
23639	LRRC6
23639	LRTP
23639	TSLRP
23639	tilB
23640	FES1
23641	BCUR1
23641	Mar7
23641	Mart7
23641	RTL7
23641	SIRH7
23642	LINC00057
23642	NCRNA00057
23642	UHG
23642	lncRNA16
23643	MD-2
23644	Ge-1
23644	HEDLS
23644	RCD-8
23645	GADD34
23646	HU-K4
23647	POR1
23648	CSDP
23648	FLJ10355
23648	SSDP
23648	SSDP1
23649	FLJ21662
23650	FLJ36085
23654	KIAA0315
23654	MM1
23654	PLEXB2
23654	lncFAL
23657	xCT
23658	YER146W
23659	GXVPLA2
23659	LLPL
23659	LYPLA3
23660	ZFP95
23660	ZNF914
23660	ZSCAN37
23670	TMEM2
23671	CT120.2
23671	HPP1
23671	TENB2
23671	TPEF
23673	STX13
23673	STX14
23676	Chisel
23676	Csl
23676	DFN6
23676	DFNX4
23678	SGKL
23679	SEPW1P
23682	NY-MEL-1
23683	EPK2
23683	PRKCN
23704	MiRP3
23705	BL2
23705	IGSF4
23705	IGSF4A
23705	NECL2
23705	Necl-2
23705	RA175
23705	ST17
23705	SYNCAM
23705	SYNCAM1
23705	TSLC1
23708	FLJ10441
23708	eRF3b
23710	APG8L
23710	ATG8B
23710	ATG8L
23710	gec1
23729	CARKL
23729	SHK
23731	C9orf5
23731	CG-2
23732	C9orf4
23732	CG-6
23738	71-7A3
23738	71-7A5
23738	C5orf1
23741	C15orf3
23741	CRI1
23741	EID-1
23742	C15orf2
23744	ATP5EP1
23746	LCA4
23749	YME1L2
23751	TOP3B2
23752	SPOGA1
23752	STK22A
23752	TSSK1AP
23752	TSSK7P
23753	AP000553.C22.4
23753	OTTHUMT00000075032
23754	RPL32L2
23755	PTPNS1L
23755	SIRPA2P
23756	RPS24P
23757	ARSFP
23758	SFPQP
23759	CYC4
23759	Cyp-60
23759	UBOX7
23760	VIB1B
23761	PSDC
23761	dJ858B16.2
23762	KIAA1664
23762	ORP-4
23762	ORP4
23762	OSBPL1
23764	hMafF
23765	CD217
23765	CDw217
23765	IL-17RA
23765	IL17R
23765	hIL-17R
23766	ATG8D
23769	MGC21624
23769	SPG68
23770	FKBP38
23770	FKBPr38
23772	CSF2RB2
23774	BRL
23774	BRPF2
23779	BPGAP1
23779	FLJ20185
23780	APOL-II
23781	ADTB1L2
23781	dJ127L4.3
23782	ADTB1L1
23782	dJ127L4.2
23783	VWFP1-ANKRD62P1-PARP4P3
23784	A26C3
23784	ACTBL1
23784	CT104.7
23784	POTE22
23786	BCL-RAMBO
23786	MIL1
23787	CGI-64
23787	SLC25A49
23788	MIMP
23788	SLC25A50
24137	FLJ12530
24137	FLJ12655
24137	FLJ14204
24137	FLJ20631
24137	HSA271784
24137	KIF4
24137	KIF4-G1
24137	MRX100
24138	RI58
24139	ELP70
24139	EMAP2
24140	CDLIV
24140	JM23
24140	MRX44
24140	MRX9
24140	SPB1
24140	TRM7
24140	TRMT7
24141	BAD-LAMP
24141	C20orf103
24141	UNC-46
24141	dJ1119D9.3
24142	FUS2
24142	NAT6
24144	DKFZP434B194
24144	Spp382
24145	MRS1
24145	PX1
24145	UNQ2529
24147	FLJ22416
24147	FLJ25593
24148	ANT-1
24148	C20orf14
24148	Prp6
24148	RP60
24148	SNRNP102
24148	TOM
24148	U5-102K
24148	bB152O15.1
24148	hPrp6
24149	HRIHFB2436
24149	ZFP318
24150	P53TG3
24150	TP53TG3A
25758	C11orf41
25758	C11orf69
25758	G2
25758	MGC34830
25759	SCK
25759	SHCB
25759	SLI
25763	CXorf27
25763	HIP17
25763	HYPM
25764	C15orf63
25764	FLJ20431
25764	HSPC136
25766	HYPC
25769	NCKX2
25770	HS747E2A
25770	bK747E2.1
25771	C22orf4
25774	GSTTP1
25774	HS322B1A
25775	C22orf24
25775	HSN44A4A
25776	C22orf2
25776	Cby
25776	Chibby
25776	Chibby1
25776	PGEA1
25776	PIGEA-14
25776	PIGEA14
25777	UNC84B
25778	DustyPK
25778	KIAA0472
25778	RIPK5
25778	SPG23
25780	CalDAG-GEFIII
25780	GRP3
25780	KIAA0846
25782	DKFZP434D245
25782	KIAA0839
25782	RAB3-GAP150
25782	SPG69
25786	DGS-D
25788	RDH54
25789	BSMAP
25789	C19orf4
25790	CCDC19
25790	NESG1
25791	ARHGEF27
25792	LSFR1
25792	ZNF356
25793	FBX7
25793	Fbx
25793	PARK15
25794	RFSN
25794	RP30
25796	6PGL
25797	GCT
25797	QC
25799	ZF5128
25799	ZNF324A
25800	LIV-1
25800	ZIP6
25801	GCL
25802	1D
25802	64kD
25802	D1
25802	SM-LMOD
25802	SMLMOD
25803	PDEF
25803	bA375E1.3
25804	YER112W
25805	NMA
25806	DRES93
25807	C22orf3
25807	PTAG
25809	C22orf7
25809	PGs3
25809	TPGS3
25812	POM121L1
25813	CGI-51
25813	OMP85
25813	SAM50
25813	TOB55
25813	TRG-3
25813	YNL026W
25814	ATX10
25814	E46L
25814	FLJ37990
25814	SCA10
25816	GG2-1
25816	MDC-3.13
25816	SCC-S2
25817	FAM19A5
25817	TAFA-5
25818	KLK-L2
25818	SCTE
25819	CCR4L
25819	CCRN4L
25819	Ccr4c
25819	NOC
25820	ARI
25820	HARI
25820	HHARI
25820	UBCH7BP
25822	Hsc40
25823	PRSS31
25823	TMT
25824	ACR1
25824	AOEB166
25824	B166
25824	MGC117264
25824	MGC142283
25824	MGC142285
25824	PMP20
25824	PRXV
25824	SBBI10
25825	AEPLC
25825	ALP56
25825	ASP1
25825	CEAP1
25825	DRAP
25826	RNU82
25826	U82
25826	Z25
25827	FBL2
25827	FBL3
25828	MT-TRX
25829	C22orf5
25829	DKFZP586A1024
25829	FM08
25829	HS5O6A
25829	SLC51C2
25830	SULTX3
25830	hBR-STL-1
25831	KIAA1131
25832	DJ328E19.C1.1
25833	Epoc-1
25833	OCT11
25833	PLA-1
25833	Skn-1a
25834	HGNT-IV-H
25836	DKFZp434L1319
25836	FLJ11203
25836	FLJ12597
25836	FLJ13354
25836	FLJ13648
25836	IDN3
25836	Scc2
25839	DKFZP586E1519
25840	DKFZP586A0522
25840	METTL7A
25841	ABTB2A
25841	BTBD22
25841	DKFZP586C1619
25842	CIA
25842	DKFZP547E2110
25843	2C4D
25843	CGI-95
25843	DKFZP564M112
25843	MOB3
25843	MOBKL3
25843	PHOCN
25843	PREI3
25844	C6orf109
25844	DKFZp566C243
25844	FinGER3
25844	KLIP1
25844	YIPFbeta2
25844	Yip5b
25844	dJ337H4.3
25845	PP7080
25847	APC13
25847	DKFZP566D193
25847	SWM1
25849	Cipar1
25849	DKFZP564O0823
25849	WSC4
25850	HZF10
25851	DKFZP434B0335
25851	FLJ23419
25851	FLJ90593
25851	KIAA1358
25852	DKFZP434A043
25852	GID5
25852	HSPC056
25852	VID28
25853	CT102
25853	DKFZP434O125
25853	KIAA1892
25853	MGC1058
25853	TCC52
25853	WDR40A
25854	DKFZP564J102
25854	MST119
25854	MSTP119
25855	DKFZP564A063
25858	C11orf20
25858	DKFZP566E164
25858	TEX40
25859	DKFZP586D0823
25859	NCRNA00206
25861	CIP98
25861	DFNB31
25861	PDZD7B
25861	USH2D
25862	MGC20741
25864	DKFZP564O243
25864	DORZ1
25865	DKFZP586E0820
25865	HSPC187
25870	DKFZp566I1024
25871	C3orf17
25871	DKFZP434F2021
25871	NEPRO
25871	NET17
25873	DKFZp566B023
25873	L36
25873	eL36
25874	BRP44
25874	DKFZP564B167
25874	SLC54A2
25875	HCCR
25875	HCCR-1
25875	HCCR-2
25875	HCCR1
25875	HCCR2
25875	SLC55A3
25876	C20orf28
25876	DKFZP434I114
25876	SPEF1A
25878	DKFZp564I1922
25879	DKFZP564O0463
25879	Gm83
25879	HSPC064
25879	Sof1
25879	WDSOF1
25880	C16orf51
25880	DKFZP564K2062
25884	BNF1
25885	DKFZP586M0122
25885	FLJ21915
25885	RPA190
25885	RPO1-4
25886	DKFZP434C245
25886	WDR51A
25888	DKFZP434N043
25888	HZFP100
25888	KIAA1141
25890	DKFZP586L2024
25890	NESHBP
25890	TARSH
25891	DKFZP586H2123
25891	RAMP
25893	BIA2
25894	ARHGEF44
25894	DKFZP434I216
25894	SCA4
25895	DKFZP586D0919
25895	FAM119B
25895	METTL21B
25896	C1orf73
25896	DKFZP434B168
25896	INT7
25897	DKFZp566B1346
25897	RNF19
25897	dorfin
25898	ARNIP
25898	CHIMP
25898	DKFZp586C1620
25898	PIRH2
25898	PRO1996
25898	RNF199
25898	ZCHY
25898	ZNF363
25900	HOM-TES-103
25900	IFFO
25901	C6orf80
25901	CCRL1AP
25901	DKFZp586D0623
25901	LTAP2A
25902	DKFZP586G1517
25902	FLJ21145
25902	FTHFSDC1
25903	DKFZP586L151
25904	FLJ12890
25904	FLJ13165
25906	APC15
25906	C11orf51
25906	DKFZP564M082
25906	HSPC020
25907	RIS1
25907	p40BBp
25909	ELYS
25911	DKFZP566F084
25911	RP11-529I10.4
25912	C1orf43
25912	DKFZp586G1722
25912	NICE-3
25913	DKFZp586D211
25913	hPot1
25914	DKFZP434G145
25915	2P1
25915	C3orf60
25915	DKFZP564J0123
25915	E3-3
25915	MGC10527
25917	DKFZP434F091
25920	COBRA1
25920	KIAA1182
25920	NELF-B
25921	DHHC5
25921	KIAA1748
25921	ZNF375
25923	DKFZP564J0863
25924	DKFZp586F1018
25924	SLAC2-C
25924	SLAC2C
25924	exophilin-8
25925	EHZF
25925	Evi3
25926	DKFZP586L0724
25927	C2orf32
25927	CRIP1a
25927	CRIP1b
25927	DKFZP566K1924
25928	DAND7
25928	DKFZp564D206
25928	USAG1
25930	DKFZP564F0923
25930	HD-PTP
25930	KIAA1471
25932	CLIC4L
25932	DKFZP566G223
25932	P64H1
25932	huH1
25934	DKFZp564D177
25934	FLJ13953
25934	HSPC299
25934	MGC14553
25934	NIPSNAP4
25934	TassC
25936	C1orf48
25936	DC8
25936	DKFZP566O1646
25936	MIS14
25937	DKFZp586I1419
25938	C14orf125
25938	DKFZP434I1735
25938	p200b
25939	AGS5
25939	HDDC1
25939	MOP-5
25939	Mg11
25939	SBBI88
25940	DKFZP564F0522
25941	C18orf10
25941	DKFZP586M1523
25941	HsT3006
25941	PGs2
25942	DKFZP434K2235
25942	KIAA0700
25943	C20orf194
25943	DKFZp434N061
25945	CD113
25945	CDw113
25945	DKFZP566B0846
25945	PPR3
25945	PVRL3
25945	PVRR3
25945	nectin-3
25946	DKFZp586G1122
25946	Hzf
25946	ZFP385
25946	ZNF385
25948	BKLHD1
25948	DKFZP566C134
25949	CBPIN
25949	DKFZp564O2082
25949	NTC31
25949	fSAP29
25950	DKFZP566K023
25950	RSUME
25953	BRP17
25953	DKFZp564N1362
25953	DYT8
25953	FKSG19
25953	FPD1
25953	KIAA1184
25953	KIPP1184
25953	MGC31943
25953	MR-1
25953	MR-1S
25953	PKND1
25953	TAHCCP2
25956	DKFZP434M183
25956	SEC31B-1
25956	SEC31L2
25957	C6orf111
25957	DKFZp564B0769
25957	FLJ14752
25957	SFRS18
25957	SRrp130
25957	bA98I9.2
25959	ANKRD25
25959	KIAA1518
25959	MXRA3
25959	SIP
25960	DKFZp434C211
25960	DKFZp434J0911
25960	FLJ14390
25960	GPR124
25960	KIAA1531
25960	TEM5
25961	DKFZp586P2219
25962	DKFZP434I116
25962	KIAA1429
25962	fSAP121
25963	DKFZP564G2022
25963	ELKIN1
25966	C21orf25
25966	C21orf258
25966	DKFZP586F0422
25966	TMEM24L
25970	FLJ30542
25970	SH2B
25972	GMH1
25972	UNCL
25973	DKFZp727A071
25974	DKFZP564I122
25974	cblC
25975	MAEG
25976	ARTD14
25976	DDF1
25976	DKFZP434J214
25976	DKFZp686N0351
25976	PARP-1
25976	PARP-7
25976	PARP7
25976	RM1
25976	pART14
25977	DKFZP566B183
25978	CHMP2.5
25978	DKFZP564O123
25978	VPS2B
25979	CGI-93
25979	DKFZp566O084
25979	MGC8916
25979	SDR32C1
25980	C20orf4
25980	bA234K24.2
25981	DNAHC1
25981	HDHC7
25981	HL-11
25981	HL11
25981	XLHSRF-1
25983	C14orf120
25983	CANu1
25983	DKFZP564O092
25983	LCP5
25983	NGD
25983	lpd-2
25984	CK23
25984	DKFZP434G032
25984	HAIK1
25984	K23
25984	MGC26158
25987	E2IG4
25987	LRRC54
25987	TSK
25988	DKFZP434F162
25988	HiNF-P
25988	MIZF
25988	ZNF743
25989	DKFZP434C131
25989	FLJ90566
25992	FLJ00133
25992	SST3
25992	Snep
25994	DKFZP564K247
25994	HIG1
25994	RCF1A
25996	CGI-114
25996	DKFZP566E144
25998	BTBD26
25998	BTKI
25998	DKFZP564B116
25999	CLIPR-59
25999	RSNL1
26000	DKFZP434P1750
26000	EPI64B
26000	FLJ13130
26000	Rab27A-GAPbeta
26001	DKFZP566H073
26002	DKFZP564G202
26002	MOX
26002	dJ248E1.1
26003	GOLPH6
26003	GRASP55
26003	GRS2
26005	DKFZP586P0123
26007	DAK
26007	DKFZP586B1621
26007	NET45
26009	ATAC1
26009	DKFZP564I052
26010	DNAPTP6
26010	SGNP
26011	DOC4
26011	KIAA1302
26011	ODZ4
26011	TEN4
26011	Ten-M4
26012	NELF
26013	DKFZp586P1522
26013	KIAA0681
26013	L3MBTL
26013	ZC2HC3
26013	dJ138B7.3
26015	DKFZP727M111
26015	FLJ12732
26015	KIAA1403
26015	MGC858
26017	DKFZP586O0120
26017	OTAG-12
26018	DKFZP586O1624
26018	LIG-1
26019	DKFZP434D222
26019	KIAA1408
26019	RENT2
26019	smg-3
26020	DKFZP564C1940
26020	LRP9
26020	MGC8675
26020	MST087
26020	MSTP087
26022	DKFZP564K1964
26024	KIAA0632
26025	CDH21
26025	FIB3
26025	KIAA0588
26025	PCDH-GAMMA-A12
26027	BFIT
26027	BFIT1
26027	KIAA0707
26027	STARD14
26027	THEA
26027	THEM1
26030	ARHGEF43
26030	KIAA0599
26031	KIAA0704
26031	ORP-3
26031	ORP3
26031	OSBP3
26032	KIAA0527
26033	FLJ45344
26033	KIAA0534
26034	KIAA0403
26034	PIP3-E
26035	HSEPI
26035	KIAA0836
26036	COASTER
26036	KIAA0576
26036	KIAA1702
26036	ZATT
26036	dJ417I1.1
26037	E6TP1
26037	KIAA0440
26037	SPAR1
26039	CREST
26039	KIAA0693
26039	SMARCL2
26040	KIAA0437
26040	SEB
26043	KIAA0794
26043	UBXD7
26045	KIAA0416
26046	C21orf10
26046	C21orf98
26046	FLJ11053
26046	KIAA0714
26046	LISTERIN
26046	RNF160
26046	ZNF294
26047	Caspr2
26047	KIAA0868
26048	KIAA0557
26048	ZKSCAN18
26048	ZSCAN50
26049	KIAA0888
26049	SLAP
26049	SLAP75
26050	KIAA0918
26050	LRRC11
26050	bA364G4.2
26051	ANKRD4
26051	KIAA0823
26051	TIMAP
26052	KIAA0820
26053	FBRSL2
26053	KIAA0442
26054	KIAA0797
26054	SUSP1
26056	GAF1
26056	KIAA0857
26056	RIP11
26056	pp75
26057	FLJ22206
26057	GTAR
26057	KIAA0697
26057	MASK2
26057	NY-BR-16
26058	GYF2
26058	KIAA0642
26058	PARK11
26058	PERQ2
26058	PERQ3
26058	TNRC15
26059	CAST1
26059	ELKSL
26059	KIAA0378
26059	SPBC110
26059	Spc110
26060	APPL
26061	2-HPCL
26061	HPCL
26061	PHYH2
26062	HYAL6
26062	HYALP1
26063	PDCR
26063	SDR17C1
26064	DKFZp564G013
26064	KIAA1334
26064	NORPEG
26064	RAI13
26065	C19orf13
26065	DKFZP434D1335
26065	FAM61A
26065	RAP55
26065	RAP55A
26070	DKFZP434K028
26071	CXX1b
26071	DKFZP564B147
26071	FAM127B
26071	MAR8A
26071	SIRH6
26073	DKFZP586F1524
26073	PDIP38
26074	C20orf26
26074	CaM-IP3
26074	DKFZP434K156
26074	dJ1002M8.3
26080	DKFZP434B061
26080	LINC00281
26080	NCRNA00281
26082	DKFZp434L187
26083	DKFZP434O047
26083	TBC1D29
26084	DKFZP434D146
26084	SGEF
26085	KLK-L4
26086	AGS3
26086	DKFZP727I051
26090	ABHD12A
26090	BEM46L2
26090	C20orf22
26090	DKFZP434P106
26090	dJ965G21.2
26091	DKFZP564G092
26091	KIAA1593
26092	FLJ13142
26092	LAP1B
26092	LAP1C
26093	DKFZP586M1019
26094	DKFZp434K114
26094	WDR21
26094	WDR21A
26095	CT126
26095	DKFZP566K0524
26095	PTPN20A
26095	PTPN20B
26095	bA142I17.1
26095	bA42B19.1
26097	C1orf77
26097	DKFZP547E1010
26097	SRAG
26098	C10orf137
26098	DKFZp586F1019
26098	FLJ21617
26099	C1orf144
26099	DKFZp566C0424
26100	ATG18B
26100	ATG21
26100	CGI-50
26100	DKFZP434J154
26100	DKFZp686P02188
26100	FLJ12979
26100	FLJ14217
26100	FLJ42984
26103	DKFZP434K091
26103	FIGLER9
26103	LRRC21
26103	PAL
26112	DKFZP434C171
26112	FLJ13705
26115	DKFZP564D166
26115	FLJ10215
26115	FLJ11824
26115	KIAA1148
26115	KIAA1636
26115	ROLSA
26115	rols
26118	DKFZp564A122
26118	DKFZp564B0482
26118	SWIP1
26119	ARH
26119	DKFZp586D0624
26119	FHCB1
26119	FHCB2
26119	MGC34705
26121	NY-BR-99
26121	PRP31
26121	RP11
26121	SNRNP61
26121	hPrp31
26122	DKFZP566F2124
26123	C10orf61
26123	DKFZP564D116
26123	JBTS18
26123	TECT3
26127	DKFZp564O1863
26128	DKFZP586B0923
26128	KBP
26128	KIAA1279
26128	KIF1BP
26128	TTC20
26130	DKFZP434C212
26130	KIAA1521
26133	C20orf188
26133	DKFZP727M231
26133	DKFZp586C1223
26133	PPP1R158
26133	TRRP4AP
26133	dJ756N5.2
26134	DKFZp566D133
26134	GARNL2
26134	GARNL2P
26134	RALGAPA1P
26135	CGI-55
26135	CHD3IP
26135	DKFZP564M2423
26135	HABP4L
26135	Hero45
26135	PAI-RBP1
26135	PAIRBP1
26136	DKFZP586B2022
26136	TESS-2
26136	TESTIN
26137	DKFZp566F123
26137	DPZF
26137	ODA-8S
26137	ZNF288
26138	C8orf71
26138	DKFZP434F122
26140	DKFZP434B103
26140	HOTTL
26145	DKFZP434M154
26145	IRF-2BP1
26146	CFAP116
26146	DKFZP434F124
26146	FAP116
26146	IFT54
26146	MIP-T3
26146	MIPT3
26147	DKFZP727G051
26147	MTF2L1
26147	PCL3
26147	TDRD19B
26149	DKFZp572C163
26149	FLJ32813
26149	MGC35232
26150	C22orf11
26150	DKFZp566F0546
26150	FLJ25720
26151	DKFZP564C103
26152	dJ694B14.1
26153	DKFZP434N178
26153	KIAA1236
26154	DKFZP434G232
26154	ICR2B
26154	LI2
26155	DKFZP564C186
26155	NET15
26155	NET7
26155	NIR
26155	PPP1R112
26156	CSIG
26156	DKFZP564M182
26156	PBK1
26156	UTP30
26157	DKFZp586D0824
26157	HIMAP2
26157	IAN12
26157	IMAP2
26160	BBS20
26160	NPHP17
26160	SLB
26160	osm-1
26160	wim
26164	FLJ10741
26164	GTPBP5
26164	ObgH1
26164	dJ1005F21.2
26165	FAM75A4
26165	FAM75A7
26165	SPATA31A4
26166	CT145
26166	DKFZP434I092
26166	PRTD-NY2
26167	DKFZp586B0217
26167	PCDH-BETA5
26168	DKFZP586K0919
26168	DKFZp762A152
26168	SMT3IP1
26168	SSP3
26168	Ulp1
26173	DKFZp586J0619
26173	KIAA1440
26173	NET28
26175	C14orf109
26175	DKFZP564F1123
26175	GCAF
26175	TMEM251
26184	OLFMF2
26184	OR1F2
26184	OR1F3P
26188	HSTPCR27
26188	TPCR27
26189	OR17-6
26190	FBW2
26190	Fwd2
26190	Md6
26191	Lyp
26191	Lyp1
26191	Lyp2
26191	PTPN8
26205	KIAA1269
26205	P79PIF
26205	PIF79
26206	BS-84
26206	CT142
26206	HSD-1
26206	SPAG3
26206	hSMP-1
26207	RDGB-BETA
26207	RDGBB
26207	RDGBB1
26211	OLF3
26211	OR14-60
26211	OR2F3
26211	OR2F3P
26211	OR2F4
26211	OR2F5
26211	OR7-139
26211	OR7-140
26212	OR2B1
26212	OR2B1P
26212	OR2B5
26212	OR2B6P
26212	OR5-40
26212	OR5-41
26212	OR6-31
26212	dJ408B20.2
26219	HSHTPCRX01
26219	HTPCRX01
26220	DGCR10
26220	DGCR9
26220	DGS-A
26220	DGS-B
26220	LINC00037
26220	NCRNA00037
26220	POM121L5P
26220	X91348
26223	FBL3B
26223	FBXL21
26223	FBXL3B
26223	FBXL3P
26223	Fbl21
26224	FBL3A
26224	FBXL3A
26225	ARL5
26226	FBW3
26226	FBXW3
26226	SHFM3P1
26227	PDG
26227	PGDH
26227	SERA
26228	BRDG1
26228	STAP-1
26229	GlcAT-I
26230	STEF
26231	FBL9
26231	FBXL9
26231	LRRC29
26232	FBX2
26232	Fbg1
26232	Fbs1
26232	Nfb42
26232	OCP1
26233	FBL6
26234	FLR1
26235	FBL4
26235	FBL5
26239	LEP10
26239	SPRL1B
26239	XP5
26240	D6S2654E
26240	X5L
26242	HSHTPCRX11
26242	HTPCRX11
26242	OR4C1
26245	HSHTPCRX18
26245	HTPCRX18
26245	OST710
26245	TPCR100
26246	HSHTPCRH07
26246	HTPCRH07
26246	OR2L12
26246	OR2L4P
26247	HSHTPCRX02
26247	HTPCRX02
26247	OR2L1
26247	OR2L7P
26248	HSHTPCRH06
26248	HTPCRH06
26248	OR2AR1P
26249	KIAA1129
26251	KCNF2
26251	Kv6.2
26253	CLECSF9
26253	MINCLE
26255	PTTG1P3
26255	PTTG3
26256	CBP86
26256	CT88
26256	FSP-2
26257	NKX2.8
26257	NKX2H
26257	Nkx2-9
26258	HPS9
26258	PA
26258	PLDN
26259	FBW6
26259	FBW8
26259	FBX29
26259	FBXO29
26260	FBX25
26261	FBX24
26262	FBX23
26262	FBXO23
26262	TM4SF17
26263	FBX22
26263	FISTC1
26266	SUT-1
26266	SUT1
26267	FBX10
26268	FBX9
26268	NY-REN-57
26269	FBX8
26270	FBG2
26270	FBS2
26270	FBX6
26270	Fbx6b
26271	EMI1
26271	FBX5
26271	Fbxo31
26272	FBX4
26273	FBA
26273	FBX3
26276	FLJ14848
26277	TIN2
26278	ARSACS
26278	DKFZp686B15167
26278	DNAJC29
26278	KIAA0730
26278	PPP1R138
26278	SPAX6
26279	sPLA2S
26280	IL-1R9
26280	IL1R9
26280	IL1RAPL-2
26280	TIGIRR-1
26284	HERA-B
26285	MGC126552
26285	MGC126554
26287	ARPP
26290	GALNAC-T8
26292	AMY-1
26297	DelGEF
26297	Gnefr
26298	ESE3
26298	ESEJ
26301	MGC44848
26301	UDP-GalNAc
26307	CNR3
26307	CNRS3
26307	CRNR3
26307	PCDH-PSI4
26322	OR14-58
26322	OR15-69
26322	OR15-71
26322	OR15-80
26322	OR15-81
26322	OR15-82
26322	OR4-114
26322	OR4-115
26322	OR4-119
26322	OR4H10
26322	OR4H10P
26322	OR4H11
26322	OR4H11P
26322	OR4H1P
26322	OR4H2
26322	OR4H2P
26322	OR4H3
26322	OR4H3P
26322	OR4H4
26322	OR4H4P
26322	OR4H5
26322	OR4H5P
26322	OR4H6
26322	OR4H7
26322	OR4H7P
26322	OR4H8
26322	OR4H8P
26322	OR4H9
26322	OR4H9P
26322	OR5-39
26322	OR5-84
26330	GAPD2
26330	GAPDH-2
26330	GAPDS
26333	HTPCRX19
26335	OR19-1
26335	OR19-134
26335	OR19-146
26335	OR7A16P
26335	OR7A20P
26335	OR7A4P
26338	HSHTPCRX16
26338	HTPCRX16
26339	HSHTPCRX10
26339	HTPCRX10
26341	HSHTPCRX14
26341	HTPCRX14
26343	HSTPCR24
26343	OR5E1
26343	TPCR24
26353	CMT2L
26353	E2IG1
26353	H11
26353	HSP22
26354	C77032
26354	E2IG3
26354	MGC800
26354	NS
26354	Nug1
26355	C3orf28
26355	E2IG5
26355	HGTD-P
26468	LHX6.1
26468	hLHX6
26470	FLJ90517
26470	PSK-1
26471	COM1
26472	PHI-1
26472	PLCB3N
26472	PNG
26472	SOM172
26473	OR19-133
26473	OR19-9
26473	OR7E17P
26473	OR7E60P
26475	OR4-116
26476	HGMP07J
26476	HSHGMP07J
26478	OR3-142
26478	OR3-143
26478	OR7E132P
26478	OR7E78
26478	OR7E78P
26479	OR2-53
26479	OR7E62
26479	OR7E63
26479	OR7E63P
26479	OR7E64
26479	OR7E64P
26479	OR7E82P
26492	HSTPCR120
26492	OR8G2
26492	OR8G4
26492	ORL206
26492	ORL486
26492	TPCR120
26493	TPCR85
26494	HSTPCR25
26494	OR8G1P
26494	TPCR25
26495	HSHTPCRX06
26495	HTPCRX06
26495	OR9A1
26496	HSHTPCRX12
26496	HTPCRX12
26497	HTPCRX09
26497	OR10D3P
26502	DKFZp434G0420
26502	FLJ10067
26502	IOP2
26503	ISSD
26503	NSD
26503	SIALIN
26503	SIASD
26503	SLD
26504	ACDP4
26504	KIAA1592
26504	SLC70A4
26505	ACDP3
26505	SLC70A3
26507	ACDP1
26507	SLC70A1
26508	HESR3
26508	HEY3
26508	bHLHb33
26509	FER1L3
26509	KIAA1207
26511	BTL
26512	DBI-1
26512	DDX26
26512	DDX26A
26512	DICE1
26512	HDB
26512	Notchl2
26515	FXC1
26515	TIM10B
26515	Tim9b
26517	TIMM13B
26517	Tim13
26519	TIM10
26519	TIM10A
26519	TIMM10A
26520	TIM9A
26521	DDP2
26521	FLJ21744
26521	MGC102866
26521	MGC117373
26521	TIM8B
26523	EIF2C1
26523	hAGO1
26525	FIL1(DELTA)
26525	FIL1D
26525	IL-1F5
26525	IL1F5
26525	IL1HY1
26525	IL1L1
26525	IL1RP3
26525	IL36RA
26525	MGC29840
26526	TM-8
26526	TM4-B
26526	TM4SF16
26528	MGC19907
26529	hs6M1-20
26530	OR12D1P
26530	hs6M1-19
26531	OR11A2
26531	hs6M1-18
26541	HTPCRX03
26541	OR10D2P
26541	OST074
26548	CHORDC3
26574	BFR2
26574	CHE-1
26574	DED
26575	RGS-17
26575	RGSZ2
26576	MSSK1
26576	STK23
26577	PCPE2
26578	OSF
26578	SH3P2
26578	bA235O14.1
26579	OCIM
26580	GNG3LG
26580	SPG17
26580	seipin
26583	DUX2
26585	CKTSF1B1
26585	CRAC1
26585	DAND2
26585	DRM
26585	HMPS
26585	gremlin
26586	FLJ10749
26586	LB1
26586	TMAP
26586	se20-10
26589	C15orf4
26589	LIECG2
26589	P2ECSL
26589	mL46
26590	OR8B13P
26608	DKFZP43N024
26608	WBSCR13
26608	WS-betaTRP
26609	VCX-10r
26609	VCX-B1
26609	VCX1
26609	VCX10R
26610	C11orf19
26610	PAXNEB
26614	OR3.3
26614	OR3DG
26614	OR7E20P
26614	OR7E6P
26614	hg630
26628	OR7E141
26637	OR7E119P
26637	OST024
26640	hg688
26644	OST032
26645	OR7E107P
26645	OR7E133P
26645	OR7E27P
26645	OST128
26645	hg616
26647	CIT-B-440L2
26647	OR19-C
26648	HSHT2
26648	OR19-8
26648	OR7E24P
26648	OR7E24Q
26651	OR19-7
26651	OR7E65
26656	OR19-A
26656	OR7D3
26656	OR7D3P
26658	OR7C3
26659	HTPCR2
26661	HG83
26661	OR19-11
26661	OR7A9P
26661	OST042
26664	OR19-5
26664	OR7C4
26668	OR11-7b
26668	OR14-11
26668	OR14-59
26668	OR19-12
26668	OR7A12P
26668	OR7A13P
26668	OR7A14
26668	OR7A14P
26669	OR7A11
26669	OST527
26679	OLC
26679	OLC-7501
26679	OR4G3
26679	OR4G5P
26680	OR4G7P
26681	OLB
26681	OR4G8P
26685	HSDJ0609N19
26685	OR4F1
26687	OR4E1P
26689	OR4D3
26689	TPCR16
26690	hg449
26692	hs6M1-15
26693	OR2V1P
26693	OST265
26694	hs6M1-23
26695	OR2AU1P
26695	hs6M1-24
26696	OR1-25
26701	OR6-7
26707	OR6-8
26707	dJ80I19.4
26707	hs6M1-6
26713	HS271M21
26713	OR2H5
26713	hs6M1-13
26716	OR2H6
26716	OR2H8
26716	OR6-2
26717	OST619
26717	hs6M1-25
26719	HS29K1
26719	HSNH0569I24
26719	OR2E1
26719	OR2E2
26719	hs6M1-9
26719	hs6M1-9p
26735	OR9-D
26737	OR1L2
26737	OR9-C
26740	OR1J3
26740	OR1J5
26740	OST044
26742	OR1H1
26742	OST26
26747	NUFIP
26747	Rsa1
26748	GAGE7B
26748	OTTHUMG00000067390
26750	RSKL1
26750	humS6PKh1
26751	DKFZP586F1318
26751	Ray
26762	CD365
26762	HAVCR
26762	HAVCR-1
26762	KIM1
26762	TIM-1
26762	TIM1
26762	TIMD1
26765	RNU106
26765	SNORD106
26765	U106
26766	E1-5
26766	E1-6
26766	U105C
26767	E1-2
26768	E1c
26768	RNU105A
26768	RNU17B
26768	U17B
26769	RNU104
26769	U81
26769	Z23
26770	RNU103
26770	U79
26770	Z22
26771	RNU102
26771	U102
26772	RNU101B
26772	Z17B
26773	RNU101A
26773	Z17A
26773	mgh18S-121
26774	RNU100
26774	U80
26774	Z15
26775	RNU72
26775	U72
26776	RNU71B
26776	U71b
26777	RNU71A
26777	U71a
26778	RNU70
26778	U70
26779	RNU69
26779	U69
26780	RNU68
26780	SNORA68A
26780	U68
26781	RNU67
26781	U67
26782	RNU66
26782	U66
26783	RNU65
26783	U65
26784	RNU64
26784	U64
26785	RNU63
26785	SNORD63A
26785	U63
26786	RNU62
26786	U62
26786	U62A
26787	HBII-342
26787	RNU61
26787	U61
26788	RNU60
26788	U60
26789	RNU59
26789	U59
26790	RNU58B
26790	U58b
26791	RNU58A
26791	U58a
26792	RNU57
26792	U57
26793	RNU56
26793	U56
26795	RNU54
26795	U54
26796	RNU53
26796	SNORD53A
26796	U53
26797	RNU52
26797	U52
26798	RNU51
26798	U51
26799	RNU50
26799	U50
26800	RNU49
26800	U49
26800	U49A
26801	RNU48
26801	U48
26802	RNU47
26802	U47
26804	RNU45B
26804	U45b
26805	RNU45A
26805	U45a
26806	RNU44
26806	U44
26807	RNU43
26807	U43
26808	RNU42B
26808	U42B
26809	RNU42A
26809	U42
26810	RNU41
26810	U41
26811	RNU39
26811	RNU55
26811	SNORD39
26811	U39
26811	U55
26812	RNU37
26812	U37
26813	RNU36C
26813	U36c
26814	RNU36B
26814	U36b
26815	RNU36A
26815	U36a
26816	RNU35
26816	RNU35A
26816	U35
26817	RNU34
26817	U34
26818	RNU33
26818	U33
26819	RNU32
26819	U32
26819	U32A
26820	RNU24
26820	U24
26821	RNU19
26821	U19
26822	RNU14
26822	RNU14A
26822	U14
26823	U12
26824	RNU11-1
26824	U11
26825	RNU6-50
26825	RNU6P1
26826	RNU6-6
26826	U6-6
26827	RNU6A
26827	U6
26827	U6-1
26828	RNU5F
26829	RNU5E
26829	U5E
26830	RNU5D
26830	U5DL
26830	U5DS
26831	RNU5A
26831	RNU5C
26831	U5A
26831	U5B1
26832	RNU5B
26834	RNU4-1B
26834	RNU4B1
26834	RNU4C
26834	U4A
26834	U4b
26834	U4c
26835	RNU4A
26835	RNU4B2
26835	U4
26835	U4BL
26838	RNU4P6
26838	U4/8
26839	RNU4P5
26839	U4/6
26840	RNU4P4
26840	U4/5
26841	RNU4P3
26841	U4/4
26842	RNU3P4
26842	U3.6
26843	RNU3P3
26843	U3.5
26843	u3.7
26851	RNU3A1
26851	U3a
26851	U3b1
26851	U3b2
26852	RNU2P3
26852	u2.7
26853	RNU2P2
26853	U2/7
26854	RNU2P1
26855	RNU2-2P
26855	RNU2B
26858	RNU1P8
26858	U1P11
26859	RNU1P7
26859	U1P17
26860	RNU1-12P
26860	RNU1-13P
26860	RNU1-71
26860	RNU1P2
26860	RNU1P6
26860	RNVU1-11
26860	U1.1
26860	U1P1
26860	U1P2A
26860	vU1.11
26860	vU1.2
26861	RNU1P5
26861	U1P1A
26863	RNU1-25
26863	RNU1-25P
26863	RNU1P1
26863	U1.15
26863	U1P101
26863	U1P15
26863	vU1.18
26864	RNU1-26P
26864	RNU1-9
26864	RNU1-9P
26864	RNVU1-9
26864	vU1.7
26864	vU1.9
26869	HSD4
26869	RNU1G3
26870	RNU1C1
26870	RNU1C2
26870	U1C1
26870	U1C21
26871	HSD1
26871	HU1-1
26871	RNU1
26871	RNU1A
26871	RNU1A3
26871	RNU1G4
26871	Rnu1a1
26871	U1
26871	U1A1
26872	PRSS24
26872	STEAP
26873	5-Opase
26873	OPLA
26952	PRL5
26952	PROL5
26958	-COP 2
26960	BCL8B
26960	FLJ10197
26960	KIAA1544
26960	LYST2
26973	CHP-1
26974	ZNF285A
26978	PABP3
26978	PABPCP3
26980	PABPCP1
26983	bA453N3.6
26984	SEC22L2
26986	PAB1
26986	PABP1
26986	PABPC2
26993	HAP95
26993	NAKAP95
26994	CGI-123
26994	MGC51169
26994	Sid1669p
26995	CLONE24922
26996	GPCR1
26996	GPCR150
26999	PIR121
27000	MPHOSPH11
27000	MPP11
27000	ZRF1
27000	ZUO1
27000	zuotin
27002	LIS2P
27002	PAFAH1P2
27004	TCL6148
27004	TCL6e1
27004	TNG1
27004	TNG2
27005	USP23
27010	HTPK1
27010	PP20
27012	Kv8.1
27013	C2orf24
27013	CGI-57
27018	Bex
27018	DXS6984E
27018	HGR74
27018	Hero20
27018	NADE
27018	NGFRAP1
27019	CILD1
27019	DIC1
27019	oda6
27020	GP55
27020	GP65
27020	SDFR1
27020	SDR1
27020	np55
27020	np65
27022	Genesis
27022	HFH2
27023	FKH5
27023	HFKH-5
27031	CFAP31
27031	FLJ30691
27031	FLJ36696
27031	KIAA2000
27031	MKS7
27031	NPH3
27031	SLSN3
27032	ATP2C1A
27032	BCPM
27032	KIAA1347
27032	PMR1
27032	SPCA1
27033	FAXF
27033	FAZF
27033	Rog
27033	TZFP
27033	ZNF538
27033	mynn
27035	GP91-2
27035	NOH-1
27035	NOH-1L
27035	NOH1
27036	CD328
27036	QA79
27036	SIGLEC-7
27036	SIGLEC19P
27036	SIGLECP2
27036	p75/AIRM1
27037	HTF9C
27039	TRPP5
27040	LAT1
27042	C1orf107
27042	DEF
27042	DIEXF
27042	MGC29875
27043	MNAR
27044	TDRD11
27044	p100
27063	ALRP
27063	C-193
27063	CARP
27063	CVARP
27063	MCARP
27065	D4S234E
27065	NEEP21
27065	P21
27067	39K2
27068	FLJ20459
27069	DERP2
27069	HSPC282
27069	MICS1
27069	My021
27069	PTD010
27069	TMBIM5
27071	BAM32
27072	HVSP41
27074	CD208
27074	DC-LAMP
27074	DCLAMP
27074	LAMP
27074	TSC403
27075	NET-6
27075	TM4SF13
27076	C4.4A
27077	EPPB9
27077	MKS9
27077	MKSR-1
27079	C15orf19
27079	C18B11
27079	FLJ31409
27079	PUS9
27086	12CC4
27086	HSPC215
27086	QRF1
27086	hFKH1B
27087	CD57
27087	GlcAT-P
27087	LEU7
27089	QCR8
27089	UQCR7
27090	SIAT3C
27090	SIAT7D
27090	ST6GALNACIV
27092	MGC11138
27092	MGC24983
27093	KCNMB2L
27093	KCNMB3L
27093	KCNMB3L1
27093	KCNMBLP
27094	KCNMBL
27095	BET3
27097	PAF65B
27099	C7orf54
27099	NAG8
27099	NSG-X
27101	S100A6BP
27102	HRI
27102	KIAA1369
27102	hHRI
27106	CLONE24945
27106	PP2703
27107	ZNF-U69274
27107	ZNF913
27109	ATP5S
27109	ATPW
27109	HSU79253
27111	SITAC18
27111	ST-2
27112	CXorf63
27112	FAM155B
27112	TED
27112	TMEM28
27113	JFY1
27113	PUMA
27120	CT34
27120	SGY-1
27122	CRRL
27122	REIC
27124	INPP5
27124	PIB5PA
27124	PIPP
27125	AF5Q31
27125	MCEF
27127	SMC1L2
27127	bK268H5
27128	CYT4
27128	PSCD4
27128	cytohesin-4
27129	cvHSP
27130	NPHP2
27133	H-EAG2
27133	Kv10.2
27133	eag2
27133	hEAG2
27134	ZO-3
27136	CT33
27136	MORC
27136	ZCW6
27143	KIAA1274
27143	PALD
27145	FILIP
27145	KIAA1275
27146	KIAA1276
27147	FAM31D
27147	KIAA1277
27148	FU
27148	KIAA1278
27151	K-CAP
27151	KIAA1283
27152	CPLANE4
27152	KIAA1284
27152	PDZD6
27152	PDZK6
27153	KIAA1285
27154	KIAA1286
27156	RTDR1
27158	CIAE1
27158	bA350O14.9
27159	AMCase
27159	CHIT2
27159	TSA1902
27160	ING1-like
27161	CASC7
27161	EIF2C2
27161	LINC00980
27161	Q10
27161	hAGO2
27163	ASAHL
27164	ZNF796
27165	GA
27165	LGA
27165	hLGA
27166	CGI-106
27166	PRELI
27166	PX19
27170	CLPSMCR
27173	ZIP1
27173	ZIRTL
27177	FILI-(ETA)
27177	IL-1F8
27177	IL-1H2
27177	IL1-ETA
27177	IL1F8
27177	IL1H2
27177	MGC126880
27177	MGC126882
27178	FIL1(ZETA)
27178	FIL1Z
27178	IL-1F7
27178	IL-1H4
27178	IL-1RP1
27178	IL1F7
27179	FIL1
27179	FIL1E
27179	IL-1F6
27179	IL1(EPSILON)
27179	IL1F6
27179	MGC129552
27179	MGC129553
27180	CD329
27181	MGC59785
27181	SAF2
27181	SIGLEC-8
27181	SIGLEC8L
27183	FLJ22197
27183	SKD1A
27183	VPS4
27183	VPS4-1
27184	DISC1-AS1
27184	DISC1OS
27184	NCRNA00015
27187	MOCS1P2
27189	CX2
27189	IL-17C
27189	IL-21
27189	MGC126884
27189	MGC138401
27190	IL-17B
27190	IL-20
27190	MGC138900
27190	MGC138901
27190	NIRF
27190	ZCYTO7
27192	SEDLP6
27193	SEDLP5
27194	SEDLP4
27195	SEDLP3
27196	SEDLP2
27198	FKSG80
27198	GPR104
27198	GPR81
27198	HCA1
27198	LACR1
27198	TA-GPCR
27199	GPR80
27199	GPR99
27199	P2RY15
27199	P2Y15
27199	aKGR
27200	GPR79P
27202	C5L2
27202	GPR77
27229	76P
27229	FLJ14797
27229	GCP4
27230	FLJ43424
27230	RAMP4
27231	ITGB1BP3
27231	MIBP
27233	SULT1C
27235	CL640
27235	FLJ26072
27236	HSU52521
27237	GEF16
27237	NBR
27238	GPATC5
27238	GPATCH5
27238	Mos2
27238	Spp2
27238	T54
27239	A-2
27239	GRCA
27240	SIT
27241	PTHB1
27242	CD358
27242	DR6
27243	BC-2
27243	CHMP2
27243	VPS2
27243	VPS2A
27244	PA26
27244	SEST1
27245	DJ159A19.3
27245	RP1-159A19.1
27246	CL469780
27246	ZNF364
27247	CGI-33
27247	HIRIP5
27247	NIFUC
27247	NifU
27248	C2orf30
27248	CL25084
27248	ERLECTIN
27248	XTP3-B
27248	XTP3TPB
27249	C2orf25
27249	CL25022
27249	cblD
27250	H731
27252	KHLHX
27252	KLEIP
27253	PCDH68
27253	PCH68
27254	PIPPin
27255	NB-3
27257	CASM
27257	YJL124C
27258	SMX4
27258	USS2
27258	YLR438C
27284	ST1B2
27285	TEKTB1
27286	SRPUL
27287	HPX42B
27287	VENTX2
27288	HNRNPG-T
27288	HNRPGT
27289	ARHS
27289	RHOS
27289	Rho6
27290	MGC133107
27290	PEC-60
27291	C10orf28
27291	GIDRP88
27291	PSORT
27292	DIMT1L
27292	HSA9761
27293	ASML3B
27294	HUM2DD
27296	C20orf10
27296	CLG01
27296	dJ453C12.5
27297	C17
27297	CGRP-RCP
27297	POLR3I
27297	RCP9
27299	M12.219
27300	AF020591
27301	APE2
27301	APEXL2
27301	XTH2
27301	ZGRF2
27304	UBA4
27304	dJ914P20.3
27306	GSTS
27306	GSTS1
27306	GSTS1-1
27306	H-PGDS
27306	PGD2
27306	PGDS
27309	HSA6591
27309	NOA36
27315	CWH43-N
27315	MRT17
27315	MRT21
27316	HNRNPG
27316	RNMX
27316	hnRNP-G
27319	BHLHB5
27319	Beta3
27319	CAGL85
27319	TNRC20
27320	TNRC18B
27321	CAGL234
27324	CAGF9
27324	TNRC9
27327	CAGH26
27327	GW182
27327	KIAA1460
27327	TNRC6
27328	PCDH-X
27328	PCDH11
27328	PCDHX
27328	PPP1R119
27329	ANGPT5
27330	RSK4
27332	MGC26130
27332	NP220
27332	ZFML
27332	Zfp638
27333	GIMPC
27333	GOLPH4
27333	GPP130
27333	P138
27334	LPS2
27334	P2Y10
27335	ARG134
27335	EIF3S12
27335	HSPC029
27335	M9
27335	PLAC-24
27335	PRO1474
27335	PTD001
27336	TAT-SF1
27338	E2-EPF
27339	NMP200
27339	PRP19
27339	PSO4
27339	SNEV
27339	UBOX4
27339	hPSO4
27340	1A6/DRIM
27340	DRIM
27341	CGI-96
27341	Rrp7
27342	RABEX5
27342	rabex-5
27344	BigLEN
27344	PEN
27344	SAAS
27344	SCG8
27344	SgVIII
27344	proSAAS
27346	MAC30
27346	σ2R
27347	DCHT
27347	SPAK
27348	DQ1
27348	MGC4386
27349	FASN2C
27349	MCT
27349	MCT1
27349	MT
27349	NET62
27349	fabD
27350	APOBEC1L
27350	ARDC2
27350	ARDC4
27350	PBI
27350	bK150C2.3
27351	D15Wsu75e
27351	DESI-1
27351	FAM152B
27351	PPPDE2
27352	DJ1042K10.2
27352	RABGAP5
27352	RUSC3
27352	RUTBC3
27352	RabGAP-5
27429	OMI
27429	PARK13
27429	PRSS25
27430	MATIIbeta
27430	SDR23E1
27433	FLJ14771
27433	TORP1
27434	Tdt-N
27436	C2orf2
27436	ELP120
27436	ROPP120
27437	CECR8
27437	HSFYL1
27437	HSFYP1
27439	CECR6
27440	CECR5
27443	KIAA1740
27445	ACZ
27445	DKFZp779G1236
27445	KIAA0559
28227	PPP2R3L
28227	PPP2R3LY
28227	PR48
28227	PR70
28231	OATP-E
28231	OATP4A1
28231	SLC21A12
28232	OATP-D
28232	OATP3A1
28232	SLC21A11
28234	OATP1B3
28234	OATP8
28234	SLC21A8
28300	IGHV3/OR16-15
28301	IGHV3/OR16-16
28304	IGHV3/OR16-12
28305	IGHV3/OR16-11
28306	IGHV3/OR16-10
28307	IGHV3/OR16-9
28309	IGHV3/OR16-7
28312	IGHV1/OR16-4
28313	IGHV1/OR16-3
28314	IGHV1/OR16-2
28315	IGHV1/OR16-1
28316	CDH7L3
28316	Cdh7
28317	IGHV4/OR15-8
28317	IGHV4OR158
28317	VSIG6
28318	IGHV3/OR15-7
28320	IGHV1/OR15-6
28326	IGHD5/OR15-5B
28326	IGHD5OR155B
28327	IGHD5/OR15-5A
28327	IGHD5OR155A
28328	IGHD4/OR15-4B
28328	IGHD4OR154B
28329	IGHD4/OR15-4A
28329	IGHD4OR154A
28330	IGHD3/OR15-3B
28330	IGHD3OR153B
28331	IGHD3/OR15-3A
28331	IGHD3OR153A
28332	IGHD2/OR15-2B
28332	IGHD2OR152B
28333	IGHD2/OR15-2A
28333	IGHD2OR152A
28334	IGHD1/OR15-1B
28334	IGHD1OR151B
28335	IGHD1/OR15-1A
28335	IGHD1OR151A
28337	IGHV(IV)-44-1
28338	IGHV(III)-82
28339	IGHV(III)-76-1
28340	IGHV(III)-67-4
28341	IGHV(III)-67-3
28342	IGHV(III)-67-2
28343	IGHV(III)-51-1
28343	IGHVIII-51-1
28344	IGHV(III)-47-1
28345	IGHV(III)-44
28346	IGHV(III)-38-1
28347	IGHV(III)-26-1
28348	IGHV(III)-25-1
28349	IGHV(III)-22-2
28350	IGHV(III)-16-1
28351	IGHV(III)-13-1
28352	IGHV(III)-11-1
28353	IGHV(III)-5-2
28354	IGHV(III)-5-1
28355	IGHV(III)-2-1
28356	IGHV(II)-78-1
28357	IGHV(II)-74-1
28358	IGHV(II)-67-1
28359	IGHV(II)-65-1
28360	IGHV(II)-62-1
28361	IGHV(II)-60-1
28362	IGHV(II)-53-1
28363	IGHV(II)-51-2
28364	IGHV(II)-49-1
28365	IGHV(II)-46-1
28366	IGHV(II)-44-2
28367	IGHV(II)-43-1
28368	IGHV(II)-40-1
28369	IGHV(II)-33-1
28370	IGHV(II)-31-1
28371	IGHV(II)-30-1
28372	IGHV(II)-28-1
28373	IGHV(II)-26-2
28374	IGHV(II)-22-1
28375	IGHV(II)-20-1
28376	IGHV(II)-15-1
28377	IGHV(II)-1-1
28386	IGHV5-a
28389	IGHV4-B
28397	IGHV4304
28398	IGHV4-3
28398	IGHV4302
28402	IGHV3-h
28404	IGHV3-d
28411	IGHV3-g
28458	IGHV1-f
28460	IGHV1-c
28461	IGHV1-E
28473	VI-3B
28474	V35
28478	Jpsi3
28480	Jpsi2
28482	Jpsi1
28484	DHQ52
28484	IGHD727
28485	IGHD625
28486	IGHD619
28487	DN1
28487	IGHD613
28488	D(N4)
28488	IGHD66
28489	IGHD524
28490	IGHD518
28491	DK1
28491	IGHD512
28492	DK4
28492	IGHD55
28493	IGHD423
28494	IGHD417
28495	DA1
28495	IGHD411
28496	DA4
28496	IGHD44
28497	IGHD322
28498	IGHD316
28499	DXP\'1
28499	IGHD310
28500	DXP1
28500	IGHD39
28501	DXP4
28501	IGHD33
28502	IGHD221
28503	D2
28503	IGHD215
28504	DLR1
28504	IGHD28
28505	IGHD22
28506	IGHD126
28507	IGHD120
28508	IGHD114
28509	IGHD17
28510	IGHD11
28511	DKFZP434N1526
28511	KBRAS2
28511	kappaB-Ras2
28512	KBRAS1
28512	kappaB-Ras1
28516	hDV103S1
28517	MGC117421
28517	hDV102S1
28518	hDV101S1
28552	TCRBV19S2O
28552	TCRBV23S2
28552	TRBV23/OR9-2
28552	TRBV23OR92
28555	TCRBV34S1
28556	TCRBV33S1
28557	TCRBV20S1A1N2
28557	TCRBV30S1
28558	TCRBV29S1
28558	TCRBV4S1A1T
28558	TRBV291
28559	TCRBV28S1
28560	TCRBV27S1
28561	TCRBV26S1
28561	TCRBV28S1P
28562	TCRBV11S1A1T
28562	TCRBV25S1
28562	TRBV251
28563	TCRBV24S1
28563	TRBV241
28564	TCRBV19S1P
28564	TCRBV23S1
28564	TRBV231
28565	TCRBV22S1
28565	TCRBV29S1P
28565	TRBV22
28566	TCRBV10S1P
28566	TRBV211
28567	TCRBV20S1
28567	TRBV201
28568	TCRBV17S1A1T
28568	TCRBV19S1
28569	TCRBV18S1
28570	TCRBV17S1
28570	TCRBV26S1P
28571	TCRBV16S1
28571	TCRBV25S1A2PT
28572	TCRBV15S1
28572	TCRBV24S1A3T
28573	TCRBV14S1
28573	TCRBV16S1A1N1
28574	TCRBV23S1A2T
28575	TCRBV12S5
28575	TCRBV8S3
28575	TRBV125
28576	TCRBV12S4
28576	TCRBV8S2A1T
28576	TRBV124
28577	TCRBV8S1
28577	TRBV123
28578	TCRBV8S5P
28578	TRBV122
28579	TCRBV12S1
28579	TCRBV8S4P
28579	TRBV121
28580	TCRBV11S3
28580	TCRBV21S2A2
28580	TRBV113
28581	TCRBV11S2
28581	TCRBV21S3A2N2T
28581	TRBV112
28582	TCRBV11S1
28582	TCRBV21S1
28582	TRBV111
28583	TCRBV10S3
28583	TCRBV12S1A1N2
28583	TRBV103
28584	TCRBV10S2
28584	TCRBV12S3
28584	TRBV102
28585	TCRBV10S1
28585	TCRBV12S2
28585	TCRBV12S2A1T
28585	TRBV101
28586	TCRBV1S1A1N1
28586	TCRBV9S1
28587	TCRBV32S1P
28587	TRBV82
28588	TCRBV30S1P
28588	TCRBV8S1P
28588	TRBV81
28589	TCRBV6S4A1
28589	TCRBV7S9
28589	TRBV79
28590	TCRBV6S2A1N1T
28590	TCRBV7S8
28590	TRBV78
28591	TCRBV6S6A2T
28591	TCRBV7S7
28591	TRBV77
28592	TCRBV6S3A1N1T
28592	TCRBV7S6
28592	TRBV76
28593	TCRBV6S9P
28593	TCRBV7S5
28593	TRBV75
28594	TCRBV6S8A2T
28594	TCRBV7S4
28594	TRBV74
28595	TCRBV6S1A1N1
28595	TCRBV7S3
28595	TRBV73
28596	TCRBV6S5A1N1
28596	TCRBV7S2
28596	TRBV72
28597	TCRBV6S7P
28597	TCRBV7S1
28597	TRBV71
28598	TCRBV13S4
28598	TCRBV6S9
28598	TRBV69
28599	TCRBV13S7P
28599	TCRBV6S8
28599	TRBV68
28600	TCRBV13S8P
28600	TCRBV6S7
28600	TRBV67
28601	TCRBV13S6A2T
28601	TCRBV6S6
28601	TRBV66
28602	TCRBV13S1
28602	TCRBV6S5
28602	TRBV65
28603	TCRBV13S5
28603	TCRBV6S4
28603	TRBV64
28604	TCRBV13S9/13S2A1T
28604	TCRBV6S3
28604	TRBV63
28605	TCRBV13S2A1T
28605	TCRBV6S2
28605	TRBV62
28606	TCRBV13S3
28606	TCRBV6S1
28606	TRBV61
28607	TCRBV5S4A2T
28607	TCRBV5S8
28607	TRBV58
28608	TCRBV5S7
28608	TCRBV5S7P
28608	TRBV57
28609	TCRBV5S2
28609	TCRBV5S6
28609	TRBV56
28610	TCRBV5S3A2T
28610	TCRBV5S5
28610	TRBV55
28611	TCRBV5S4
28611	TCRBV5S6A3N2T
28611	TRBV54
28612	TCRBV5S3
28612	TCRBV5S5P
28612	TRBV53
28613	TCRBV31S1
28613	TCRBV5S2P
28613	TRBV52
28614	TCRBV5S1
28614	TCRBV5S1A1T
28614	TRBV51
28615	TCRBV4S3
28615	TCRBV7S2A1N4T
28615	TRBV43
28616	TCRBV4S2
28616	TCRBV7S3A2T
28616	TRBV42
28617	BV07S1J2.7
28617	TCRBV4S1
28617	TCRBV7S1A1N2T
28617	TRBV41
28618	TCRBV3S2
28618	TCRBV9S2A2PT
28618	TRBV32
28619	TCRBV3S1
28619	TCRBV9S1A1T
28619	TRBV31
28620	TCRBV22S1A2N1T
28620	TCRBV2S1
28621	TCRBV1S1P
28621	TCRBV27S1P
28622	TCRBJ2S7
28622	TRBJ27
28623	TCRBJ2S6
28623	TRBJ26
28624	TCRBJ2S5
28624	TRBJ25
28625	TCRBJ2S4
28625	TRBJ24
28626	TCRBJ2S3
28626	TRBJ23
28627	TRBJ22P
28628	TCRBJ2S2
28628	TRBJ22
28629	TCRBJ2S1
28629	TRBJ21
28630	TCRBJ1S6
28630	TRBJ16
28631	TCRBJ1S5
28631	TRBJ15
28632	TCRBJ1S4
28632	TRBJ14
28633	TCRBJ1S3
28633	TRBJ13
28634	TCRBJ1S2
28634	TRBJ12
28635	TCRBJ1S1
28635	TRBJ11
28636	TCRBD2
28637	TCRBD1
28638	TCRBC2
28639	BV05S1J2.2
28639	TCRBC1
28640	TCRAV41S1
28641	TCRAV40S1
28642	TCRAV27S1
28642	TCRAV39S1
28643	TCRAV14S1
28643	TRAV38-2/DV8
28643	TRAV382DV8
28643	hADV38S2
28644	TCRAV14S2
28644	TCRAV38S1
28644	TRAV381
28646	TRAV36/DV7
28647	TCRAV35S1
28648	TCRAV26S1
28648	TCRAV34S1
28649	C14orf12
28651	TCRAV31S1
28653	TRAV29/DV5
28656	TCRAV26S2
28656	TRAV262
28658	TCRAV25S1
28658	TCRAV32S1
28660	TRAV23/DV6
28661	TCRAV13S1
28661	TCRAV22S1
28664	TCRAV12S1
28664	TCRAV19S1
28665	TCRAV18S1
28666	TCRAV17S1
28666	TCRAV3S1
28667	TCRAV16S1
28667	TCRAV9S1
28668	TCRAV15S1
28669	TCRAV6S1-hDV104S1
28669	TRAV14/DV4
28669	hADV14S1
28672	TCRAV12S3
28672	TCRAV2S2
28672	TRAV123
28676	TCRAV10S1
28676	TCRAV24S1
28681	TCRAV8S5
28681	TRAV85
28689	TCRAV20S1
28689	TCRAV4S1
28693	TCRAV1S1
28693	TCRAV7S1
28757	IGLV(V)-66
28758	IGLV(V)-58
28759	IGLV(IV)-65
28760	IGLV(IV)-64
28761	IGLV(IV)-59
28762	IGLV(IV)-53
28763	IGLV(I)-70
28764	IGLV(I)-68
28765	IGLV(I)-63
28766	IGLV(I)-56
28767	IGLV(I)-42
28768	IGLV(I)-38
28769	IGLV(I)-20
28847	IGKV2/OR22-4
28847	IGKVP6
28850	IGKV1/OR22-5
28850	IGKV1/OR22-5A
28850	IGKV1OR22-5A
28850	IGKVP7
28854	IGKV3/OR2-5
28855	IGKV2/OR2-10
28858	IGKV2/OR2-4
28859	IGKV2/OR2-2
28861	IGKV2/OR2-1
28861	IGKV2/OR2-1A
28861	IGKV2OR2-1A
28862	IGKV1/OR2-108
28862	IGKV1OR2108
28862	IGO1
28863	IGKV1/OR2-11
28864	IGKV1/OR2-9
28865	IGKV1/OR2-6
28866	IGKV1/OR2-3
28867	IGKV1/OR2-0
28870	A10
28870	IGKV6D21
28894	IGKV1D37
28894	O4
28906	A26
28906	IGKV621
28907	B2
28907	IGKV52
28908	B3
28908	IGKV41
28931	IGKV137
28931	O14
28933	IGKV133
28933	O18
28935	A20
28935	IGKV127
28937	A30
28937	IGKV117
28938	IGKV116
28938	L1
28940	IGKV112
28940	L19
28941	IGKV19
28941	L8
28942	IGKV18
28942	L9
28949	J2
28950	J1
28951	GS3955
28952	CXorf37
28952	JM1
28954	GES
28954	REM
28955	MYLE
28956	ENDAP
28956	MAPBPIP
28956	MAPKSP1AP
28956	ROBLD3
28956	Ragulator2
28957	HSPC007
28957	MRP-S28
28958	CCDC56
28958	COX25
28958	HSPC009
28958	MITRAC12
28958	hCOA3
28959	LR8
28959	MS4B2
28960	DCS-1
28960	DCS1
28960	HINT-5
28960	HINT5
28960	HSL1
28960	HSPC015
28962	GL
28962	HSPC019
28965	ACSVL2
28965	FACVL2
28965	FATP6
28965	VLCS-H1
28966	SBBI31
28968	NTT5
28969	5MP1
28969	HSPC028
28969	MST017
28969	MSTP017
28970	C11orf54
28970	MEEP
28970	PTD012
28971	C11orf67
28971	CK067
28971	FLJ21035
28971	PTD015
28972	HSPC033
28972	SPC12
28972	YJR010C-A
28973	C6orf14
28973	HSPC183
28973	MRPS18-2
28973	PTD017
28973	mS40
28974	HSPC023
28974	Hero11
28974	L10K
28974	LYDG10
28976	MGC14452
28976	NPD002
28977	HSPC204
28977	MRP-L31
28977	MRPL31
28977	MRPS32
28977	PTD007
28977	RPML31
28977	mL42
28978	C6orf73
28978	PTD011
28981	CDV-1R
28981	CDV1
28981	MGC4027
28982	AXPC1
28982	FLVCR
28982	MFSD7B
28982	PCA
28982	SLC49A1
28983	DESC1
28983	TMPRSS11E2
28984	C13orf15
28984	RGC-32
28984	RGC32
28984	bA157L14.2
28985	MCT-1
28986	APR1
28987	ART-4
28987	MST158
28987	NOB1P
28987	PSMD8BP1
28988	HIP-55
28988	SH3P7
28989	AD-003
28989	C9orf32
28989	HOMT1A
28989	METTL11A
28989	NRMT
28989	NRMT1
28990	HT001
28991	FLJ13008
28991	HCaRG
28991	HT002
28992	LRP16
28998	L13
28998	L13A
28998	L13mt
28998	RPML13
28998	uL13m
28999	KKLF
29015	DKFZp762A227
29015	Eeg1
29015	FOAP-13
29015	PRO1659
29015	SEEEG-1
29018	PRO1768
29028	ANCCA
29028	CT137
29028	DKFZp667N1320
29028	MGC29843
29028	MGC5254
29028	PRO2000
29034	CPS1-IT
29034	CPS1IT
29034	PRO0132
29035	C16orf72
29035	FLJ41272
29035	PRO0149
29035	TAPR1
29057	PRO0659
29057	TMEM29
29058	C20orf30
29058	HSPC274
29062	HSPC049
29062	SORF-1
29063	FLJ23024
29063	HSPC052
29063	ZGRF4
29065	ASAP1-IT
29065	ASAP1IT
29065	DDEF1IT1
29065	HSPC054
29065	NCRNA00050
29066	FLJ20318
29066	HSPC055
29066	ZC3H7
29066	ZC3HDC7
29068	BTBD15
29068	HSPC063
29068	ZNF851
29070	CCDC113
29070	DKFZp434N1418
29070	HSPC065
29071	C1GALT2
29071	COSMC
29072	FLJ23184
29072	HIF-1
29072	HYPB
29072	KIAA1732
29072	KMT3A
29074	HSPC071
29074	uL18m
29075	HSPC072
29078	C6orf66
29078	HRPAP20
29078	HSPC125
29078	My013
29078	bA22L21.1
29079	DRIP36
29079	HSPC126
29079	TRAP36
29079	VDRIP
29080	BR22
29080	HSPC128
29080	TAP26
29081	HSPC133
29082	C14orf123
29082	HSPC134
29082	Snf7-1
29082	VPS32A
29082	hSnf7-1
29083	HSPC135
29085	CGI-202
29085	DKFZp564M173
29085	HSPC141
29085	PHP14
29085	bA216L13.10
29086	C19orf62
29086	FLJ20571
29086	HSPC142
29086	MERIT40
29086	NBA1
29087	THY28
29088	HSPC145
29088	L15mt
29088	MRP-L15
29088	MRP-L7
29088	RPML7
29088	uL15m
29089	FANCT
29089	HSPC150
29090	C18orf55
29090	HSPC154
29090	TIM21
29091	HSPC156
29091	amisyn
29092	HSPC157
29092	NCRNA00339
29093	HSPC158
29093	MRP-L25
29093	RPML25
29093	uL22m
29094	HSPC159
29095	HSPC160
29095	MST095
29095	MSTP095
29095	adoplin-2
29097	HSPC163
29098	HSPC165
29098	HSPC236
29098	MOG1
29098	RANGNRF
29099	FLJ31106
29099	HSPC166
29100	HSPC171
29100	SND2
29100	hSND2
29101	HSPC182
29102	Etohi2
29102	HSA242976
29102	RN3
29102	RNASE3L
29102	RNASEN
29103	DNAJD1
29103	MCJ
29104	C21orf127
29104	KMT9
29104	MTQ2
29104	N6AMT
29104	N6AMT1
29104	PRED28
29104	PrmC
29105	C16orf80
29105	GTL3
29105	fSAP23
29106	FLJ90833
29106	SgIII
29107	MTR2
29107	P15
29108	ASC
29108	CARD5
29108	TMS-1
29109	FHOS
29110	NAK
29113	STG
29114	NP22
29114	NP25
29115	HCNGP
29115	HTRG
29115	HTRP
29116	IDOL
29117	BP75
29117	CELTIX1
29117	SMARCI1
29119	MGC26194
29119	VR22
29121	CLAX
29121	LLT1
29121	OCIL
29122	CT20
29122	TSP50
29123	ANCO-1
29123	ANCO1
29123	LZ16
29123	T13
29124	PP13
29126	B7-H
29126	B7-H1
29126	B7H1
29126	PD-L1
29126	PDCD1LG1
29126	PDL1
29127	MgcRacGAP
29128	FLJ21925
29128	ICBP90
29128	Np95
29128	RNF106
29128	TDRD22
29760	BASH
29760	BLNK-s
29760	Ly57
29760	SLP-65
29760	SLP65
29760	bca
29763	SDPIII
29765	Sk-Tmod
29766	UTMOD
29767	NTMOD
29775	BIMP1
29775	CARMA3
29777	Esf2
29780	CGI-56
29781	384D8-2
29781	CAP-H2
29781	hCAP-H2
29789	GTPBP9
29789	PTD004
29796	HSPC051
29796	QCR9
29796	UCCR7.2
29796	UCRC
29798	C2orf27
29798	C2orf27A
29800	C16orf1
29800	HSU90653
29800	ZNF377
29801	DHHC8
29801	KIAA1292
29801	ZNF378
29802	8HS20
29803	AP4
29803	H_DJ0584D14.12
29803	RIP60
29803	ZNF464
29803	Zfp464
29841	LBP-32
29841	MGR
29841	TFCP2L2
29842	CRTR1
29842	LBP-9
29844	FB1
29844	INO80F
29844	amida
29850	LTRPC5
29850	MTR1
29851	AILIM
29851	CD278
29880	bA421P11.2
29881	SLC65A2
29882	KIAA1406
29883	CAF1
29886	Mvp1
29888	PPP2R6C
29889	HUMAUANTIG
29889	Ngp-1
29889	Nog2
29889	Nug2
29890	HUMAGCGB
29890	OTT3
29893	GT198
29893	HUMGT198A
29893	Hop2
29893	TBPIP
29894	CPSF160
29895	HUMMLC2B
29895	MRLC2
29895	MYLPF
29896	AWMS1
29896	htra-2-alpha
29899	DFNB82
29899	LGN
29899	Pins
29901	HSU79266
29901	SHD1
29902	C12orf24
29902	HSU79274
29903	HSU79303
29904	CaMKIII
29904	eEF-2K
29906	SIAT8E
29909	H963
29914	SCCD
29914	TERE1
29915	HCF-2
29919	C18orf8
29919	HsT2591
29919	WDR98
29920	P5CR2
29922	CFAP67
29922	FLJ37194
29922	NM23-H7
29923	C7orf68
29923	FLJ21076
29923	HIG-2
29923	HIG2
29925	KIAA1851
29928	TEX4
29928	TIM22
29930	PCDH-BETA1
29931	ERR-10
29931	ERR10
29931	LMCD1DN
29931	LOH3CR2A
29931	NAG-7
29931	NAG7
29931	NCRNA00312
29933	G2A
29935	HSU24186
29937	CIR2
29937	SCIRP10
29937	SPUF
29940	DS-Epi1
29940	DSEPI
29940	SART2
29941	PKNbeta
29941	UTDP4-1
29942	PURG-A
29942	PURG-B
29943	HPAD10
29943	PAD1
29943	PDI1
29944	MA3
29944	MA5
29944	MGC132756
29944	MGC132758
29945	APC4
29946	RBT1
29947	MGC1090
29948	BDGI
29948	OKL38
29949	IL-10C
29949	IL-19
29949	MDA1
29949	NG.1
29949	ZMDA1
29950	SEI1
29950	TRIP-Br1
29951	DKFZp434B0417
29951	FLJ33777
29951	IMAGE5767589
29951	LNX4
29952	DPP2
29952	DPPII
29953	PAP-II
29953	PGPEP2
29953	TRH-DE
29954	LGMD2N
29956	FLJ10243
29956	LASS2
29956	SP260
29957	DKFZp586G0123
29957	SCAMC-1
29957	SCAMC1
29958	ME2GLYDH
29959	BCON3
29959	MUDPNP
29959	NRBP
29960	FJH1
29960	FTSJ2
29960	RRMJ2
29964	C6orf49
29964	DKFZp761H221
29964	OEBT
29965	C16orf5
29965	CDIP
29965	LITAFL
29966	PPP2R6B
29966	S/G2NA
29966	SG2NA
29967	FLJ12929
29968	PSAT
29969	HIC
29969	MDFIC1
29970	SCHIP-1
29974	ACF
29974	ACF64
29974	ACF65
29974	APOBEC1CF
29974	ASP
29978	CHAP1/DSK2
29978	Chap1
29978	Dsk2
29978	LIC-2
29978	N4BP4
29978	PLIC-2
29978	PLIC2
29978	RIHFB2157
29979	DA41
29979	DSK2
29979	PLIC-1
29979	XDRP1
29980	C21orf60
29980	DKFZP434M035
29982	COPR1
29982	COPR2
29982	DKFZp564C1664
29982	FLJ30395
29984	ARHD
29984	Rho
29984	RhoHP1
29985	ZIP3
29986	ZIP2
29988	GLUT8
29988	GLUTX1
29989	LCN14
29989	hOBPIIb
29990	FDFACT1
29990	FDFACT2
29991	LCN13
29991	OBP
29991	hOBPIIa
29992	FDF03
29993	SDPI
29994	WALp4
29997	GLTSCR2
29997	PICT-1
29997	PICT1
29998	GLTSCR1
29998	SMARCK1
30000	FLJ12155
30000	KPNB2B
30001	ERO1-alpha
30001	ERO1L
30001	Ero1alpha
30008	FBLN4
30008	UPH1
30009	T-bet
30009	TBLYM
30011	CIN85
30012	HOX11L2
30012	RNX
30014	CT11.1
30014	NAP-X
30014	SPAN-Xa
30014	SPAN-Xb
30014	SPANX
30061	FPN
30061	FPN1
30061	HFE4
30061	IREG1
30061	MTP1
30061	SLC11A3
30062	RAX1
30062	RX
30813	PPCD
30813	PPCD1
30815	SIAT7F
30815	ST6GALNACVI
30816	ERVWE1
30816	HERV-7q
30816	HERV-W
30816	HERV-W-ENV
30816	HERVW
30816	envW
30817	CD312
30817	EMR2
30818	CSEN
30818	DREAM
30818	KCHIP3
30819	KCHIP2
30820	KCHIP1
30827	CGBP
30827	HsT2645
30827	PCCX1
30827	PHF18
30827	ZCGPC1
30827	hCGBP
30832	KID3
30833	DNT-1
30833	DNT1
30833	PN-I
30833	UMPH2
30833	cdN
30834	A12.2
30834	HTEX-6
30834	RPA12
30834	ZNRD1
30834	hZR14
30834	tctex-6
30835	CDSIGN
30835	CLEC4L
30835	DC-SIGN
30835	DC-SIGN1
30835	hDC-SIGN
30836	ERBP
30836	HSU15552
30836	TdIF2
30837	NAP4
30837	NCKAP4
30844	PAST4
30845	PAST3
30846	PAST2
30848	CAMEL
30848	CT6.2a
30848	CT6.2b
30848	ESO2
30848	LAGE-1
30848	LAGE-1a
30848	LAGE-1b
30848	LAGE1
30848	MGC138724
30848	MGC3803
30849	VPS15
30850	HUMPPA
30851	TIP-1
30968	HSPC108
30968	SLP-2
43847	KLK-L6
43849	KLK-L5
49854	KIAA1227
49854	ZNF295
49855	ZNF291
49855	Zfp291
49856	WDR8
49860	C1orf10
49860	Sep-53
50484	p53R2
50485	HHARP
50487	GIII-SPLA2
50488	B55
50488	MAP4K6
50488	MINK
50488	YSK2
50488	ZC3
50489	CLEC4K
50489	Langerin
50506	LNOX2
50506	P138(TOX)
50506	P138-TOX
50506	THOX2
50507	KOX
50507	KOX-1
50508	GP91-3
50512	EG
50512	PODLX2
50512	endoglycan
50514	CTS9
50514	DEC1
50515	C4ST
50515	C4ST1
50515	C4St-1
50515	HSA269537
50516	PLCB3NP
50604	IL10D
50604	ZCYTO10
50612	CXCL1P
50612	GRO1P
50612	GROP
50612	MGSAP
50612	SCYB1P
50613	TUP-1
50614	GALNAC-T9
50615	CD360
50616	IL-22
50616	IL-D110
50616	IL-TIF
50616	ILTIF
50616	MGC79382
50616	MGC79384
50616	TIFIL-23
50616	TIFa
50616	zcyto18
50617	ATP6N1B
50617	ATP6N2
50617	RDRTA2
50617	RTA1C
50617	RTADR
50617	a4
50618	KIAA1256
50618	PRO2015
50618	SH3D1B
50618	SH3P18
50618	SWA
50618	SWAP
50619	SLAT
50619	SWAP70L
50624	ERG-1
50624	UO-44
50626	CHRP
50626	CYHR1
50626	KIAA0496
50626	MGC13010
50628	DKFZP434B131
50628	DKFZP434D174
50628	HC56
50628	HCAP1
50628	HHRF-1
50628	p97
50631	NSEP1P
50631	PSDBPB1
50632	CALCYON
50632	DRD1IP
50632	NSG3
50636	IPCA-5
50636	NGEP
50636	PCANAP5
50636	PCANAP5L
50636	TMEM16G
50639	COLEC2
50640	IPLA2-2
50640	IPLA2G
50640	iPLA2gamma
50649	ASEF
50649	ASEF1
50649	KIAA1112
50649	STM6
50650	DKFZP434F2429
50650	GEF3
50650	STA3
50650	XPLN
50651	DNB5
50652	NCRNA00019
50652	PCAT3
50652	PRUNE2-AS1
50674	Atoh5
50674	Math4B
50674	bHLHa7
50674	ngn3
50700	PRRDH
50700	SDR28C2
50717	FLJ35857
50717	H326
50717	WDR42A
50801	K2p4.1
50801	TRAAK
50802	IGK@
50804	FLJ11213
50804	HsT18564
50804	KIAA1341
50804	MEF-2
50807	CENTB4
50807	DDEF1
50807	KIAA1249
50807	ZG14P
50808	AK3L1
50808	AKL3L1
50809	HP1-BP74
50810	HRP-3
50810	Hdgfrp3
50813	CSN7A
50814	H105e3
50814	SDR31E1
50814	XAP104
50831	T2R3
50832	T2R4
50833	T2R16
50834	T2R1
50834	TRB7
50835	T2R9
50835	TRB6
50836	T2R8
50836	TRB5
50837	T2R7
50837	TRB4
50838	T2R13
50838	TRB3
50839	T2R10
50839	TRB2
50840	T2R14
50840	TRB1
50846	HHG-3
50846	MGC35145
50848	CD321
50848	JAM-1
50848	JAM-A
50848	JAM1
50848	JAMA
50848	JCAM
50848	PAM-1
50852	HSPC062
50852	TCRIM
50852	TRIM
50854	C6orf48
50854	D6S57
50854	G8
50855	PAR-6
50855	PAR-6A
50855	PAR6alpha
50855	TAX40
50855	TIP-40
50856	CD367
50856	CLECSF6
50856	DCIR
50856	DDB27
50856	hDCIR
50858	LINC00033
50858	NCRNA00033
50858	TTY1
50859	testican-3
50861	SCLIP
50862	ZFP26
50863	CEPU-1
50863	HNT
50863	IGLON2
50863	NTRI
50865	HEBP
50937	CDO
50937	CDON1
50937	Ihog
50937	ORCAM
50939	IPM200
50939	RP56
50939	SPACRCAN
50943	AIID
50943	DIETER
50943	IPEX
50943	JM2
50943	PIDX
50943	SCURFIN
50943	XPID
50944	SPANK-1
50944	SSTRIP
50944	synamon
50945	CLPA
50945	CPX
50964	DAND6
50964	VBCH
50999	CGI-100
50999	p24g2
50999	p24gamma2
51000	C6orf196
51000	CGI-19
51000	PAPST2
51000	dJ453H5.1
51001	CGI-12
51001	FLJ10939
51001	MTERFD1
51002	CGI-121
51002	CGI121
51003	CGI-125
51003	Soh1
51004	CGI-10
51005	CGI-14
51006	C20orf5
51006	CGI-15
51006	OVCOV1
51006	SLC35C2
51006	bA394O2.1
51008	ASC1p50
51008	CGI-18
51008	Em:AC022392.3
51009	CGI-101
51009	F-LAN-1
51009	F-LANa
51009	FLANa
51009	derlin-2
51010	CGI-102
51010	RRP40
51010	Rrp40p
51010	hRrp-40
51010	hRrp40p
51010	p10
51011	CGI-105
51012	C20orf45
51012	SLMO2
51012	dJ543J19.5
51013	CGI-108
51013	CSL4
51013	Csl4p
51013	SKI4
51013	Ski4p
51013	hCsl4p
51013	p13
51014	CGI-109
51014	FLJ90481
51014	p24g3
51014	p24gamma3
51015	CGI-111
51016	C14orf122
51016	CGI-112
51016	FAM158A
51018	CGI-115
51018	KIAA0507
51019	CCDC53
51019	CGI-116
51020	C6orf74
51020	CGI-130
51020	dJ167O5.2
51021	CGI-132
51021	bS16m
51022	GRX2
51022	bA101E13.1
51023	CGI-134
51023	FLJ11146
51023	FLJ22967
51023	MRPS18-1
51023	bS18m
51024	CGI-135
51024	H_NH0132A01.6
51024	TTC11
51025	Magmas
51025	TIMM16
51025	Tim16
51027	CGI-143
51028	C13orf9
51028	CGI-145
51028	Eap45
51029	C1orf121
51029	CGI-146
51029	DESI-2
51029	FAM152A
51029	FLJ21998
51029	PNAS-4
51029	PPPDE1
51030	CGI-148
51030	FAM18B
51030	FAM18B1
51031	C17orf25
51031	CGI-150
51031	HC71
51032	ELA2B
51032	RP11-265F14.2
51035	2B28
51035	LOC51035
51035	SAKS1
51042	ZT86
51043	ThPOK
51043	ZBTB15
51043	ZFP67
51043	ZNF857B
51043	c-Krox
51043	hcKrox
51043	vGAF
51046	SIAT8C
51050	P25TI
51052	PRH
51053	Gem
51054	FLJ14156
51054	PLEKHA9
51056	LAPEP
51056	PEPS
51057	BBS15
51057	C2orf86
51057	CPLANE5
51057	fritz
51057	hFrtz
51058	Zfp691
51059	C8ORFK32
51060	AGR1
51060	ERP18
51060	ERP19
51060	PDIA16
51060	TLP19
51060	hAG-1
51061	EFP1
51062	AD-FSP
51062	SPG3
51062	SPG3A
51063	FAM26B
51066	C3orf32
51066	fls485
51066	ssu-2
51067	CGI-04
51067	FLJ13995
51067	mt-TyrRS
51068	CGI-07
51069	CGI-22
51069	MRP-L14
51069	RPML14
51069	uL2m
51070	CGI-25
51071	CGI-26
51071	DEOC
51072	C2orf4
51072	CGI-27
51072	MEMO
51073	CGI-28
51073	uL4m
51074	APIP2
51074	CGI-29
51074	Mmrp19
51075	PDIA12
51075	TXNDC14
51076	CGI-32
51077	Bka
51077	C14orf111
51077	CGI-35
51077	UTP24
51078	CGI-36
51078	Nb(III)
51079	B16.6
51079	CDA016
51079	CGI-39
51079	GRIM-19
51079	GRIM19
51081	MRP-S
51081	RP-S7
51081	RPMS7
51081	uS7m
51082	AC19
51082	MGC9850
51082	RPA16
51082	RPA9
51082	RPAC2
51082	RPO1-3
51083	GAL-GMAP
51083	GALN
51083	GLNN
51083	GMAP
51084	MGC149525
51084	MGC149526
51084	lambda-CRY
51085	CHREBP
51085	MONDOB
51085	WBSCR14
51085	WS-bHLH
51085	bHLHd14
51086	CARK
51087	CSDA3
51087	Contrin
51087	MSY2
51090	PMLP
51090	TM4SF11
51091	SLA-p35
51091	SLA/LP
51091	SecS
51092	CGI-40
51093	C1orf66
51093	CGI-41
51093	RRNAD1
51094	ACDCR1
51094	PAQR1
51095	CCA1
51095	CGI-47
51095	MtCCA
51096	CGI-48
51096	WDR50
51097	CGI-49
51097	NET11
51098	C20orf9
51098	CGI-53
51098	NGD2
51098	NGD5
51098	dJ1028D15.1
51099	CGI-58
51099	NCIE2
51100	Bif-1
51100	CGI-61
51100	KIAA0491
51100	PPP1R70
51101	C8orf70
51101	CGI-62
51101	FAM164A
51102	CGI-63
51102	ETR1
51102	FASN2B
51102	NRBF1
51103	CGI-65
51103	CIA30
51104	C9orf77
51104	CGI-67
51104	FAM108B1
51105	CGI-72
51105	FLJ13649
51105	FLJ21615
51105	MGC64923
51105	TDRD20B
51106	CGI-75
51106	mtTFB
51107	APH-1A
51107	CGI-78
51108	DREV1
51109	ARSDR1
51109	MDT1
51109	SDR7C1
51110	CGI-83
51111	CGI-85
51111	SUV420H1
51112	CGI-87
51112	TTC-15
51112	TTC15
51114	CGI-89
51114	CXorf11
51114	DHHC9
51114	ZDHHC10
51114	ZNF379
51114	ZNF380
51115	CGI-90
51115	FAM82B
51115	FLJ20665
51115	RMD1
51116	CGI-91
51116	uS2m
51117	CGI-92
51118	CGI-94
51118	UTP11L
51119	CGI-97
51119	FLJ10917
51119	SDO1
51119	SWDS
51121	RPL26P1
51122	HSPC042
51123	HSPC038
51125	GCP16
51125	GOLGA3AP1
51125	GOLGA7A
51125	HSPC041
51126	NAT3
51126	NAT5
51126	dJ1002M8.1
51127	RBCC
51127	RNF16
51127	terf
51128	SARA2
51129	ARP4
51129	FIAF
51129	HFARP
51129	NL2
51129	PGAR
51129	pp1158
51130	ASB-3
51131	BCAP
51131	NY-REN-34
51132	MGC15161
51132	NY-REN-43
51132	RNF12
51133	NY-REN-45
51134	CCDC41
51134	NPHP18
51134	NY-REN-58
51135	NY-REN-64
51136	PTD016
51138	CSN4
51138	SGN4
51142	C7orf17
51142	MIX17B
51142	MNRR1
51143	DNCLI1
51144	KAR
51144	SDR12C1
51146	alpha4GnT
51147	my036
51147	p29ING4
51148	CEECAM1
51148	GLT25D3
51149	C5orf45
51149	DKFZp686L2452
51149	LOC51149
51149	MGC65027
51149	MGC78537
51150	Cab45
51151	MATP
51151	OCA4
51152	NCRNA00328
51152	NCRNA00328-1
51152	NCRNA00328A
51154	C1orf33
51154	MRT4
51154	dJ657E11.4
51155	ARM2
51155	HN1
51155	HN1A
51156	PZI
51156	ZPI
51160	CIIA
51161	G20
51162	ZNEU1
51164	Dyn4
51166	KAT2
51166	KATII
51166	KYAT2
51167	NCB5OR
51167	b5+b5R
51167	dJ676J13.1
51168	DFNB3
51168	MYO15
51170	17-BETA-HSD11
51170	17-BETA-HSDXI
51170	DHRS8
51170	PAN1B
51170	RetSDR2
51170	SDR16C2
51171	DHRS10
51171	SDR47C1
51171	retSDR3
51172	APAA
51172	UCE
51174	FLJ12709
51174	TUBD
51175	FLJ22589
51175	TUBE
51175	dJ142L7.2
51176	TCF10
51176	TCF1ALPHA
51176	TCF7L3
51177	CKIP-1
51177	OC120
51179	GIG16
51179	HAOX2
51181	HCR2
51181	KIDCR
51181	P34H
51181	SDR20C1
51182	HSP70-4
51182	HSP70L1
51184	ATPBD1C
51184	MGC14560
51185	MRT2
51185	MRT2A
51186	DKFZp313K1940
51186	WBP5
51186	WEX6
51187	C15orf15
51187	HRP-L30-iso
51187	RPL24L
51188	KIAA-iso
51191	CEB1
51192	C32
51192	CKLF1
51192	CKLF3
51192	CKLF4
51192	HSPC224
51192	UCK-1
51193	ANC-2H01
51193	ZASC1
51194	RanBP11
51195	Link-GEFII
51196	KIAA1516
51196	NPHS3
51198	C9orf53
51198	CDKN2A-DT
51198	bA149I2.3
51201	DHHC2
51201	ZNF372
51202	DKFZp564O176
51202	FLJ30012
51202	HQ0256
51202	RRP3
51203	ANKT
51203	BM037
51203	FLJ13421
51203	PRO0310p1
51203	Q0310
51203	SAPL
51204	CCDC44
51205	ACPL1
51205	LPAP
51206	GPVI
51207	DUSP13
51207	SKRP4
51207	TMDP
51208	SFTPJ
51209	RAB9L
51213	CT-8
51213	CT28
51213	HOM-TES-85
51214	IGF2-AS1
51214	IGF2AS
51214	PEG8
51218	C14orf87
51218	GRX5
51218	PR01238
51224	HsT832
51224	TCEB3B
51224	TCEB3L
51225	NESH
51225	SSH3BP3
51226	MGC23008
51227	DCRC
51227	DSCR5
51227	DSRC
51230	C20orf104
51230	TDRD20A
51230	dJ1121G12.1
51232	S52
51233	C22orf43
51234	FLJ90746
51234	MGC24415
51234	PIG17
51234	TMEM85
51236	Brp16
51236	C8orf30A
51236	C8orf30B
51236	FAM203A
51236	FAM203B
51236	FLJ40907
51236	LOC51236
51237	HSPC190
51237	MEDA-7
51237	MGC29506
51237	pERp1
51239	MGC41816
51241	C14orf112
51241	HSPC203
51244	C3orf19
51244	FLJ33839
51244	ctr1
51246	SCOTIN
51246	hShisa5
51247	PAIP2A
51248	PDZK11
51249	C1orf154
51249	FLJ21029
51250	C6orf203
51250	HSPC230
51250	PRED31
51251	NT5C3
51251	P5\'N-1
51251	PSN1
51251	UMPH
51251	UMPH1
51251	cN-III
51251	hUMP1
51252	LOC51252
51253	MRP-L2
51253	RPML2
51253	mL37
51255	HSPC238
51256	FLJ32666
51256	TBC7
51256	dJ257A7.3
51257	HSPC240
51257	MARCH-II
51257	MARCH2
51257	RNF172
51258	CDA09
51258	HSPC241
51258	MRP64
51258	bMRP64
51258	mL51
51259	CORS2
51259	HSPC244
51259	JBTS2
51259	MGC13379
51259	MKS2
51260	CXorf26
51260	MGC874
51263	MRP-L28
51263	RPML28
51263	uL30m
51264	bL27m
51265	NKIAMRE
51266	CLEC-2
51266	CLEC2
51267	CLEC-1
51267	CLEC1
51267	MGC34328
51268	LPIPOX
51270	CT30
51270	E2F-like
51270	HCA661
51271	UBAP
51272	GOLIM3
51272	GS15
51274	BKLF
51275	C12orf47
51275	FLJ39616
51275	MAAS
51275	lncRNA-cCSC1
51276	HSPC059
51277	RBJ
51277	RabJS
51279	C1RL1
51279	C1r-LP
51280	C9orf155
51280	FLJ23608
51280	GOLPH2
51280	GP73
51280	bA379P1.3
51281	FLJ20499
51281	ZMYND13
51282	RAZ1
51282	SDP1
51283	RNF47
51285	RIS
51286	BM88
51286	FLJ90066
51287	CHCHD8
51287	CMC3
51287	E2IG2
51289	GPCR135
51289	RLN3R1
51289	RXFPR3
51289	SALPR
51290	Erv41
51291	ARHGAP46
51292	hGMPR-II
51293	8D6
51293	8D6A
51293	TCII-R
51293	TCN2R
51293	TCblR
51293	sCD320
51295	SITPEC
51296	PHT2
51296	hPTR3
51297	LUNX
51297	PLUNC
51297	SPLUNC1
51297	bA49G10.5
51298	CT56
51298	THEG
51298	THEG1
51299	NRN
51300	C3orf1
51300	FLJ22597
51301	C2GNT3
51301	LINC01336
51303	FKBP19
51304	DHHC3
51304	GODZ
51304	ZNF373
51305	K2p9.1
51305	TASK-3
51305	TASK3
51306	ARHGAP49
51306	C5orf5
51306	FAM13B1
51306	KHCHP
51306	N61
51307	C5orf6
51308	C5orf19
51308	SGC32445
51308	SPG72
51308	Yip2d
51309	ALEX1
51309	GASP7
51310	BOCT
51310	BOIT
51310	NGALR
51311	CD288
51311	hTLR8
51312	HT015
51312	MFRN
51312	MFRN1
51312	MSCP
51313	C4orf18
51313	DKFZp434L142
51313	ENED
51313	FAM198B
51313	FLJ38155
51314	CILD6
51314	DNAI8
51314	NM23-H8
51314	SPTRX2
51314	TXNDC3
51315	FLJ22333
51316	C15
51316	onzin
51317	BHC80
51317	BM-006
51317	KIAA1696
51318	bL35m
51319	BM-011
51319	MGC12197
51319	SFRS21
51319	SRrp53
51320	FLJ38871
51320	RKHD2
51320	RNF194
51322	BM-016
51322	FLJ31290
51322	MGC10753
51322	PRO1741
51322	Wwp4
51324	ABHD21
51324	ACP33
51324	BM-019
51324	GL010
51324	MAST
51326	ARL17P1
51327	EDRF
51327	ERAF
51329	SFRS20
51329	SR-25
51329	SRp25
51329	SRrp37
51330	CD266
51330	FN14
51330	TweakR
51332	BSPECV
51332	HUBSPECV
51332	HUSPECV
51333	DSC43
51334	DSC54
51335	DSC92
51337	C8orf55
51337	DSCD75
51338	CD20L1
51338	MS4A4
51339	DAPPER
51339	DAPPER1
51339	FRODO
51339	HDPR1
51339	THYEX3
51340	Clf1
51340	SYF3
51341	DKFZp547O146
51341	FBI-1
51341	LRF
51341	ZBTB7
51341	ZNF857A
51341	pokemon
51343	CDC20C
51343	FZR
51343	FZR2
51343	HCDH
51343	HCDH1
51343	KIAA1242
51347	JIK
51347	MAP3K18
51348	CLEC5C
51348	NKp80
51350	HUMCYT2A
51350	KRT2B
51350	KRT2P
51351	H-plk
51351	HPF9
51352	WIT-1
51352	WIT1
51352	WT1-AS1
51352	WT1AS
51359	HERV-HD1
51360	KFSD
51360	S2P
51362	EHB3
51362	FLJ10564
51362	PRP17
51362	PRPF17
51363	BRAG
51363	GALNAC4S-6ST
51363	KIAA0598
51364	BLU
51364	CILD22
51364	DNAAF7
51365	ps-PLA1
51366	DD5
51366	EDD
51366	EDD1
51366	HYD
51366	KIAA0896
51368	FLJ13935
51368	ZSIG11
51371	C13orf12
51371	HSPC014
51371	UMP1
51372	CCDC72
51372	HSPC016
51373	HSPC011
51373	MRP-S17
51373	RPMS17
51373	uS17m
51374	APR3
51374	C2orf28
51374	HSPC013
51377	CGI-70
51377	INO80R
51377	UCH37
51379	CREME9
51379	CYTOR4
51380	CSD
51380	PCAP
51382	ATP6M
51382	VATD
51382	VMA8
51385	SZF1
51386	EIF3EIP
51386	EIF3S11
51386	EIF3S6IP
51386	HSPC021
51386	HSPC025
51388	CGI-37
51388	FLJ10296
51388	HSPC031
51388	KD93
51389	PTD013
51390	AIG-1
51390	FLJ10485
51390	dJ95L4.1
51393	VRL
51393	VRL-1
51393	VRL1
51397	PTD002
51398	C19orf56
51398	PAT10
51398	PTD008
51399	PTD009
51399	SBDN
51399	TRS23
51400	ABDH19
51400	PME-1
51406	C6orf90
51406	NOP27
51406	PQBP3
51406	RARG-1
51406	dJ223E5.2
51409	MTQ1
51411	BRAP-1
51412	ACTL6
51412	BAF53B
51412	SMARCN2
51421	LCCP
51422	AAKG
51422	AAKG2
51422	CMH6
51422	H91620p
51422	WPWS
51426	DINB1
51426	DINP
51427	ZFD25
51427	ZNF588
51427	smap-7
51428	ABS
51428	MGC8828
51429	SH3PX1
51429	SH3PXD3A
51430	C1orf9
51430	CH1
51430	OPT
51430	SLP1
51433	APC5
51434	APC7
51435	CSR
51435	CSR1
51435	MSLR1
51435	MSRL1
51438	CT10
51438	HCA587
51438	MAGE-C2
51439	AHCP
51440	DKFZp761G122
51440	HLP4
51441	CAHL
51441	HGRG8
51441	NY-REN-2
51442	TDU
51442	TONDU
51444	STRIN
51447	IHPK2
51449	KIAA0908
51449	PCL1
51450	PMX2
51451	CGI-68
51451	PPMT1
51454	CED-6
51454	CED6
51454	GULP
51455	REV1L
51458	C15orf6
51458	PDRC2
51458	RHGK
51458	SLC42A3
51460	DKFZp434L243
51460	RU1
51460	SFMBT
51463	GPR89
51463	GPR89C
51463	LINC02804
51463	SH120
51465	CGI-76
51465	HSPC153
51465	NCUBE1
51465	UBC6
51466	RNB6
51471	CML2
51471	Hcml2
51471	NAT8BP
51473	DCDC2A
51473	DFNB66
51473	KIAA1154
51473	NPHP19
51474	EPLIN
51475	DFNB93
51477	INOS
51477	IPS
51477	Ino1
51478	PRAP
51478	SDR37C1
51479	ANKHZN
51479	BTBD23
51479	KIAA1255
51479	RANK-5
51479	ZFYVE14
51480	VCX-2R
51481	VCX-8R
51481	VCX-A
51481	VCX3
51490	C9orf114
51490	CENP-32
51490	HSPC109
51491	HSPC111
51491	HSPC185
51491	LOC51491
51493	C22orf28
51493	FAAP
51493	HSPC117
51495	B-ind1
51495	HSPC121
51495	PTPLAD1
51496	FLJ10523
51496	HSPC129
51497	HSPC130
51497	NELF-C
51497	NELF-D
51497	TH1
51497	TH1L
51499	HSPC132
51499	MDM35
51499	P53CSV
51499	WF-1
51501	C11orf73
51501	HSPC138
51501	HSPC179
51501	OPI10
51503	AD002
51503	Cwf15
51503	HSPC148
51504	HSPC152
51504	HSPC170
51504	TRM112
51504	TRMT11-2
51504	hTrm112
51506	HSPC155
51507	C20orf43
51507	CDAO5
51507	HSPC164
51507	RTFDC1
51510	C9orf83
51510	CGI-34
51510	HSPC177
51510	SNF7DC2
51510	Spike
51510	Vps60
51512	B99
51512	GTSE-1
51512	Lnc_bc060912
51513	TEL-2
51514	CDT2
51514	DCAF2
51514	L2DTL
51517	AF3P21
51517	DIP1
51517	SPIN90
51517	WASLBP
51517	WISH
51520	FLJ10595
51520	FLJ21788
51520	HSPC192
51520	LARS
51520	LEUS
51520	RNTLS
51522	C6orf53
51522	HSPC194
51522	NET26
51522	bA421M1.6
51523	HSPC195
51523	RINF
51523	WID
51524	HSPC196
51524	JBTS16
51526	C20orf111
51526	HSPC207
51526	Osr1
51526	Perit1
51526	dJ1183I21.1
51527	C14orf129
51528	C14orf100
51528	CDA06
51528	HSPC213
51528	HSPC327
51528	JAMP
51529	APC11
51529	Apc11p
51529	HSPC214
51529	MGC882
51530	NIPA
51531	C9orf156
51531	HSPC219
51533	HSPC226
51533	NYD-SP6
51534	C6orf55
51534	HSPC228
51534	My012
51537	HSPC242
51537	MTP18
51538	HSPC251
51538	PS1D
51538	pNO40
51542	HCC8
51542	PPP1R164
51545	FLJ22550
51545	HSPC189
51550	MGC849
51552	RAB-14
51554	CCR11
51554	CCRL1
51554	CCX-CKR
51554	PPR1
51554	VSHK1
51555	PEX5R
51555	PXR2
51555	TRIP8b
51557	GLULD1
51559	FLJ11266
51559	TU12B1-TY
51561	IL-23
51561	IL-23A
51561	IL23P19
51561	P19
51561	SGRF
51564	DKFZP586J0917
51564	HDAC7A
51566	ALEX3
51566	GASP6
51567	TTRAP
51569	C13orf20
51569	bA131P10.1
51571	BM-009
51571	CYRI
51571	CYRI-B
51571	FAM49B
51573	MIR16
51574	DKFZP564K112
51574	HDCMA18P
51574	PIP7S
51575	C20orf6
51575	bA526K24.1
51582	OAZI
51582	OAZIN
51582	ODC1L
51585	KIAA0824
51586	Arc105
51586	CAG7A
51586	PCQAP
51586	TIG-1
51586	TNRC7
51588	FLJ12419
51588	PIASY
51588	Piasg
51588	ZMIZ6
51592	FLJ11429
51592	KIAA1113
51592	PTC7
51592	RFG7
51592	TF1G
51592	TIF1G
51592	TIF1GAMMA
51592	TIFGAMMA
51593	ARS2
51593	Asr2
51593	serrate
51596	ACHAP
51596	C6orf82
51599	ILDR3
51599	LISCH7
51601	MGC12290
51601	MGC13378
51602	HSPC120
51602	NOP5
51603	CGI-01
51603	DFNM1
51603	EEF1AKNMT
51603	FEAT
51603	KIAA0859
51604	PIG-T
51605	CGI-09
51605	GCD10
51605	Gcd10p
51605	MGC5029
51606	CGI-11
51606	SFDalpha
51606	SFDbeta
51606	VMA13
51608	C7orf20
51608	CEE
51608	CGI-20
51608	H_NH1244M04.5
51608	TRC35
51611	CGI-30
51614	C20orf47
51614	CGI-54
51614	Erv46
51614	NY-BR-84
51614	PRO0989
51614	SDBCAG84
51616	DN-7
51616	DN7
51616	TAF9L
51616	TAFII31L
51616	TFIID-31
51617	CALY3
51617	HMP19
51619	HBUCE1
51621	BTEB3
51621	FKLF-2
51621	NSLP1
51621	RFLAT-1
51622	C7orf28A
51622	CCZ1A
51622	CGI-43
51626	CGI-60
51626	D2LIC
51626	DKFZP564A033
51626	LIC3
51629	CGI-69
51629	FLJ22407
51631	CGI-59
51631	CGI-74
51631	FLJ10657
51631	H_NH0792N18.3
51631	LUC7B2
51631	hLuc7B2
51633	CGI-77
51633	DUBA5
51634	CGI-79
51634	Snu17
51635	SDR34C1
51635	retDSR4
51637	C14orf166
51637	CGI-99
51637	CLE
51637	CLE7
51637	LCRP369
51637	RLLM1
51637	hCLE1
51639	CGI-110
51639	Ht006
51639	SAP14a
51639	SF3B14a
51642	CGI-118
51642	mL48
51643	CGI-119
51643	GAAP
51643	LFG4
51643	S1R
51643	ZPRO
51645	CYPL1
51646	CGI-127
51647	CGI-128
51647	CIA2B
51647	FAM96B
51647	MIP18
51649	CGI-138
51649	HSPC329
51649	MRP-S23
51649	mS23
51650	CGI-139
51650	mS33
51651	BIT1
51651	CFAP37
51651	CGI-147
51652	CGI-149
51652	NEDF
51652	VPS24
51654	C20orf34
51654	C42
51654	CGI-05
51654	HSPC167
51655	DEXRAS1
51657	DUSP24
51657	MK-STYX
51659	PSF2
51659	Pfs2
51660	BRP44L
51660	CGI-129
51660	SLC54A1
51660	dJ68L15.3
51661	FKBP23
51663	SPG71
51663	ZFR1
51665	ASB-1
51666	ASB-4
51667	BS4
51667	NUB1L
51667	NYREN18
51668	C1orf41
51668	CFAP232
51668	FAP232
51668	HSPB11
51668	HSPCO34
51668	PP25
51669	MGC8721
51669	TMEM66
51673	CGI-38
51673	p25gamma
51676	ASB-2
51678	MPP6
51678	VAM-1
51678	p55T
51684	PRO1280
51684	SUFUH
51684	SUFUXL
51690	YNL147W
51691	YJR022W
51692	CPSF-73
51692	CPSF73
51692	YSH1
51693	HSPC176
51696	HDCL
51696	dJ225E12.1
51696	hHDC
51699	DC15
51699	PEP11
51702	PDI3
51703	ACS2
51703	ACS5
51703	FACL5
51704	RAIG-2
51705	MUC14
51706	NQO3A2
51706	humb5R2
51710	KOX7
51710	ZNF504
51710	ZNF55
51710	ZNF58
51714	SELT
51716	CES1A3
51716	CES4
51716	CESR
51716	PCE-3
51719	CGI-66
51719	MO25
51720	RAP80
51725	Fbx40
51725	KIAA1195
51726	EDJ
51726	ERdj3
51726	HEDJ
51727	CMPK
51727	UMP-CMPK
51728	RPC11
51729	BUG13
51729	NPWBP
51729	PPP1R165
51729	SIPP1
51733	BUP1
51734	SELENOR
51734	SELENOX
51734	SEPX1
51734	SelR
51734	SelX
51734	SepR
51735	PDZ-GEF2
51735	PDZGEF2
51735	RA-GEF-2
51738	MTLRP
51738	ghrelin
51738	obestatin
51741	FOR
51741	SDR41C1
51741	WOX1
51742	BCAA
51742	BRCAA1
51742	RBP1L1
51742	SAP180
51744	2B4
51744	NAIL
51744	NKR2B4
51744	Nmrk
51744	SLAMF4
51747	CRA
51747	CREAP-1
51747	CROP
51747	FLJ11063
51747	LUC7A
51747	OA48-18
51747	hLuc7A
51750	C20orf41
51750	DKFZP434C013
51750	KIAA1088
51750	NHL
51750	RTEL
51750	bK3184A7.3
51751	CLST11240
51751	CLST11240-15
51752	A-LAP
51752	ARTS-1
51752	ERAAP1
51752	KIAA0525
51752	PILS-AP
51754	C9orf127
51754	FP588
51754	LINC00950
51754	NAG-5
51754	NGX6
51754	NGX6a
51755	CRK7
51755	CRKR
51755	CRKRS
51755	KIAA0904
51759	CSU2
51759	HCA59
51759	HSPC220
51760	Syt-17
51761	ATPIB
51763	SKIP
51764	G(gamma)13
51764	h2-35
51765	MST4
51773	HBXAP
51773	RSF-1
51773	XAP8
51773	p325
51776	MLK7
51776	MLTK
51776	MLTKalpha
51776	MLTKbeta
51776	MRK
51776	ZAK
51778	C4orf5
51778	FATZ-2
51780	C5orf7
51780	JMJD1B
51780	KIAA1082
51780	NET22
51802	ACCN5
51802	HINAC
51802	INAC
51804	AREC3
51805	bA9819.1
51806	CLSP
51807	TUBAL2
51808	FLJ13193
51808	RNUXA
51809	GALNAC-T7
51816	ADGF
51816	CECR1
51816	IDGFL
53335	BCL11A-L
53335	BCL11A-S
53335	BCL11A-XL
53335	CTIP1
53335	EVI9
53335	HBFQTL5
53335	SMARCM1
53335	ZNF856
53336	CT77
53338	CAPZA1P
53340	CT22
53342	FLJ30846
53342	IL-17D
53342	IL-27
53343	MGC3037
53345	Lpr4
53347	STS-2
53347	TULA
53349	DFCP1
53349	KIAA1589
53349	PPP1R172
53349	TAFF1
53349	ZNFN2A1
53353	LRP-DIT
53353	LRPDIT
53354	MGC24596
53354	PANK
53354	PANK1a
53354	PANK1b
53358	N-Shc
53358	NSHC
53358	SHCC
53373	FLJ20612
53373	KIAA1169
53373	TPC1
53383	C17orf23
53383	CCDC90AP1
53400	C17orf6
53405	DFNB102
53407	Ufe1
53409	ATP5KP3
53409	ATP5LP3
53410	ATP5KP2
53410	ATP5LP2
53411	ATP5KP1
53411	ATP5LP1
53411	ATPE5KP1
53616	MDC2
53630	BCDO
53630	BCDO1
53630	BCMO
53630	BCMO1
53630	FLJ10730
53637	EDG8
53637	Edg-8
53820	DSCR6
53827	OIT2
53828	CHIF
53829	FKSG77
53829	GPR86
53829	GPR94
53829	P2Y13
53831	EX33
53832	IL-20R1
53832	ZCYTOR7
53833	DIRS1
53833	FNDC6
53833	IL-20R2
53833	MGC34923
53834	FGFR5
53836	GPR95
53838	DM4E3
53840	RNF21
53841	FLJ20219
53841	MU-PCDH
53841	MUCDHL
53841	MUPCDH
53844	CIT1
53844	COPG2AS
53844	NCRNA00170
53904	DFNB30
53905	LNOX1
53905	NOXEF1
53905	THOX1
53916	FLJ78649
53916	MGC52123
53919	OATP-F
53919	OATP1C1
53919	SLC21A14
53938	CyPJ
53940	CT38
53942	NB-2
53942	hNB-2
53944	CK1gamma1
53947	A14GALT
53947	Gb3S
53947	P(k)
53947	P1
53981	CPSF100
53981	KIAA1367
54012	ZNF299
54012	ZNF299P1
54014	C21orf107
54014	DCAF19
54014	FLJ11315
54014	N143
54014	WDR9
54015	VDAC2P
54016	TUBAP
54019	SLC6A6P
54020	SPX1
54021	SFRS9P1
54022	RPS5L
54024	RPS26P
54025	RPS20P
54027	RPL31P
54031	FAM80B2
54031	FAM80C
54031	RIMKLB2
54031	RIMKLP
54034	RAD23BLP
54035	PSMD15
54035	PSMD4P
54038	POLR2CP
54039	FLJ44028
54039	PCBP3-OT1
54039	PCBP3OT
54041	ORLP2
54043	MYL6P
54044	OTTHUMG00000078062
54045	IMMTP
54047	HSPD1-22P
54047	HSPDP7
54048	HMG14P
54048	HMGN1L2
54049	H2AFZP
54049	H2AFZP1
54050	GAPDP14
54051	FDPSP
54052	EIF4A1P
54053	EIF3FP
54053	EIF3S5P
54054	EEF1A1P
54055	C21orf15
54055	CYP4F-se4[6:7:8]
54055	CYP4F3LP
54059	C21orf57
54064	C21orf52
54064	NCRNA00160
54065	C21orf51
54065	FAM165B
54065	SMIM11A
54067	C21orf49
54067	C21orf62-AS1
54069	B28
54069	C21orf45
54069	C21orf46
54069	FASP1
54069	hMis18alpha
54072	C21orf42
54072	NCRNA00158
54075	C21orf39
54075	CHODL-AS1
54075	NCRNA00157
54082	C21orf90
54082	TSPEAR-AS2
54084	C21orf29
54084	DFNB98
54084	MGC11251
54084	TSP-EAR
54088	C21orf23
54088	NCRNA00113
54088	SLERCC
54089	C21orf22
54089	NCRNA00112
54090	C21orf21
54090	NCRNA00111
54093	C21orf18
54093	C21orf27
54097	2-21
54097	C21orf11
54097	C21orf76
54097	D21M16SJHU19e
54097	ORF9
54097	PANDER
54097	PRED44
54098	C1QBPP
54099	BTRC2P
54099	FBXW1BP
54099	FBXW1BP1
54101	ANKK2
54101	ANKRD3
54101	DIK
54101	PKK
54101	RIP4
54102	CLIC1L
54103	LOC54103
54103	PION
54106	CD289
54107	CHARAC17
54107	CHRAC17
54107	CHRAC2
54107	Ybl1
54108	CHRAC15
54108	YCL1
54143	C21orf74
54143	NCRNA00308
54143	PRED16
54145	H2BFS
54145	H2BS1
54147	C21orf8
54148	C21orf92
54148	FLJ20451
54148	L39mt
54148	MGC104174
54148	MGC3400
54148	MRP-L5
54148	MSTP003
54148	PRED22
54148	PRED66
54148	RPML5
54148	mL39
54149	BTG3-7:1
54149	C21orf14
54149	C21orf38
54149	CSSG1
54149	EURL
54149	YG81
54165	DCUN1L1
54165	SCCRO
54165	SCRO
54165	Tes3
54205	CYC
54206	GENE-33
54206	MIG-6
54206	RALT
54207	K2p10.1
54207	PPP1R97
54207	TREK-2
54207	TREK2
54209	TREM-2
54209	Trem2a
54209	Trem2b
54209	Trem2c
54210	CD354
54210	TREM-1
54212	G1SYN
54212	SYN4
54221	G2SYN
54221	SYN5
54328	SREB3
54329	SREB2
54332	CMT2K
54332	CMT4
54332	CMT4A
54344	MGC125904
54344	MGC125905
54344	MGC34275
54346	dJ366N23.1
54346	dJ366N23.2
54360	C4orf4
54361	WNT-4
54363	GOX
54363	GOX1
54386	RAP1
54407	ATA2
54407	KIAA1382
54407	SNAT2
54413	ASPGX1
54413	AUTSX1
54413	HNL3
54413	KIAA1480
54414	CSE-C
54414	LSE
54414	MGC87009
54414	YSG2
54429	T2R5
54431	ERdj5
54431	PDIA19
54432	DJ167A19.1
54432	FinGER1
54432	YIPFbeta3A
54432	Yip5a
54433	NOLA1
54434	KIAA1298
54434	SSH1L
54435	HCG4P10
54435	HCGIV-10
54435	HCGIV.9
54436	FLJ20356
54437	FLJ10372
54437	KIAA1445
54437	SEMAG
54437	SemG
54438	ADG-90
54438	C6orf114
54438	FLJ20330
54439	ARRS1
54439	KIAA1311
54439	Psc1
54439	ZC3H20
54440	753P9
54440	CXorf9
54440	HACS2
54440	SH3D6C
54440	SLY
54441	DKFZP434A0131
54441	STAG3L1P
54442	FLJ20040
54443	ANILLIN
54443	Scraps
54443	scra
54454	KIAA1240
54455	Fbx42
54455	KIAA1332
54456	CHAMP
54456	DJ402G11.8
54456	DKFZp434B0717
54457	CT40
54457	TAF2Q
54458	DKFZP564J157
54458	FLJ23818
54460	bS21m
54461	DKFZP434B205
54461	Fbw5
54461	MGC20962
54462	FAM190B
54462	KIAA1128
54463	FAM134B
54463	FLJ20152
54463	JK1
54464	SEP1
54465	ETAA16
54466	DXF34
54466	SPIN2
54466	TDRD25
54467	DKFZP434A0225
54467	KIAA1386
54468	FLJ20323
54468	MIO
54468	Sea4
54468	Yulink
54469	AWP1
54469	ZA20D3
54469	ZFAND5B
54470	FLJ20811
54470	GASP10
54471	D3A
54471	FLJ20232
54471	L0R8F8
54471	MiD51
54471	SMCR7L
54472	IL-1RAcPIP
54474	CK20
54474	K20
54474	MGC35423
54475	FLJ10458
54475	NLE
54475	Rsa4
54476	TRIAD3
54476	UBCE7IP1
54476	ZIN
54477	FLJ10667
54477	KIAA1686
54477	PEPP2
54478	CATS
54478	FAM64A
54478	FLJ10156
54478	FLJ10491
54478	RCS1
54480	CSGlcA-T
54480	ChSy-3
54480	KIAA1402
54482	CCDC76
54482	FLJ10287
54482	FLJ11219
54482	hTrmt13
54487	C22orf12
54487	DGCRK6
54487	Gy1
54487	pasha
54491	FAM105A
54491	FLJ11127
54491	NET20
54492	DKFZP761M1511
54492	Neur2
54492	RNF67B
54494	FLJ20010
54495	FLJ20793
54495	KIAA1830
54495	PDIA13
54495	TXNDC10
54496	FLJ10640
54496	KIAA1933
54497	DKFZp686P15184
54497	KIAA1414
54497	p200
54497	p200a
54498	C20orf16
54498	FLJ20746
54498	MGC1010
54498	PAOh1
54498	dJ779E11.1
54499	HP10122
54499	TMCC4
54502	FLJ20273
54502	NET18
54503	FLJ10852
54503	FLJ10941
54503	HIP14L
54505	DDX29
54507	DKFZP434K1772
54507	TSRC1
54508	EPB41L4A-AS2
54508	FLJ11235
54509	ARHF
54509	FLJ20247
54509	RIF
54510	KIAA1562
54510	PCDH68L
54511	DKFZP434G1411
54511	bA418P12.1
54511	er-cHL
54512	FLJ20591
54512	RRP41
54512	RRP41A
54512	Rrp41p
54512	SKI6
54512	Ski6p
54512	hRrp41p
54512	p12A
54514	VASA
54516	HMRF1L
54516	mtRF1a
54517	FLJ20485
54518	INAG1
54518	RIAM
54520	FLJ10996
54521	DKFZp686L20145
54521	RAB11BP
54521	RPH11
54521	SYM-4
54522	DKFZP434N1511
54529	FLJ20752
54529	NBLA00058
54529	NS3TP1
54531	KIAA1193
54532	KIAA1350
54534	FLJ20493
54534	MRP-L50
54534	mL50
54535	C6orf18
54535	HCR
54536	DKFZp761I2124
54536	EXOC6A
54536	FLJ1125
54536	MGC33397
54536	SEC15L
54536	SEC15L1
54536	Sec15
54537	FAM35A
54537	FAM35A1
54537	MGC5560
54537	RINN2
54537	bA163M19.1
54538	ECSM4
54538	FLJ20798
54538	MRB
54539	ESSS
54539	NP17.3
54539	Np15
54540	FLJ10404
54540	IRIZIO
54540	KIAA1931
54541	Dig2
54541	FLJ20500
54541	REDD-1
54541	REDD1
54541	RTP801
54542	FLJ20301
54542	FLJ20713
54542	MNAB
54542	RNF164
54543	Tom7
54544	C1orf42
54544	NICE-1
54545	3-PAP
54545	3PAP
54545	FLJ20476
54545	KIAA1682
54545	PIP3AP
54546	FLJ20225
54549	FLJ10832
54549	KIAA1514
54550	EFCBP2
54551	NDNL1
54551	nM15
54552	FLJ10613
54552	GNL3B
54553	DKFZP434I0714
54553	LINC02486
54554	FLJ11287
54555	Dbp8
54555	FLJ10432
54556	Eaf4
54556	FLJ20089
54556	MEAF4
54556	p47ING3
54557	FLJ39002
54557	Sgt2
54558	FLJ10007
54558	SRF-1
54558	SRF1
54566	EHM2
54566	LULU2
54573	UGT1L
54574	UGT1K
54575	UGT1J
54576	UGT1H
54577	UGT1G
54578	HLUGP
54578	UGT1F
54579	UGT1E
54580	UGT1BP
54581	SCAND2
54583	C1orf12
54583	HIFPH2
54583	PHD2
54583	SM-20
54583	ZMYND6
54584	GY2
54584	WDR14
54585	BBS17
54586	AFAF
54586	C9orf11
54586	SPACA8
54586	equatorin
54587	DKFZp586E2023
54596	ECAT11
54596	FLJ10884
54600	HLUGP4
54600	LUGP4
54600	UGT1AI
54602	KIAA1165
54602	N4wbp5a
54606	NOH61
54617	INO80A
54617	INOC1
54617	KIAA1259
54617	hINO80
54619	FLJ10895
54619	bA690P14.1
54620	DKFZp434K0410
54620	Fbl19
54620	JHDM1C
54622	ARFRP2
54622	FLJ20051
54623	F23149_1
54623	FLJ11123
54623	PD2
54625	ARTD8
54625	BAL2
54625	KIAA1268
54625	pART8
54626	bHLHb40
54627	KIAA1383
54627	MTR120
54629	FAM63B
54629	KIAA1164
54657	HUG-BR2
54657	UGT1D
54658	GNT1
54658	UGT1
54659	UGT1C
54660	PCDH-psi2
54660	PCDHB18
54661	PCDH-psi1
54661	PCDHB17
54662	FLJ10743
54663	FLJ10439
54663	Nsa1
54664	FLJ11273
54664	MGC33727
54665	FLJ11220
54665	KDM9
54665	ROSBIN
54674	FIGLER5
54674	FLJ11129
54674	NLRR3
54675	C20orf155
54675	CLS1
54675	dJ967N21.6
54680	C1orf181
54680	FLJ20729
54680	NY-BR-75
54681	EGLN4
54681	FLJ20262
54681	HIFPH4
54681	P4H-TM
54681	PH-4
54681	PH4
54681	PHD4
54682	FLJ10298
54682	LOH12CR3
54700	DKFZp566E104
54700	TIF-IA
54704	PDH
54704	PDP
54704	PPM2A
54704	PPM2C
54707	ATPBD1B
54707	FLJ10349
54708	FLJ20445
54708	MARCH-V
54708	MARCH5
54708	MITOL
54708	RNF153
54714	ACHM1
54714	ACHM3
54714	RMCH
54715	A2BP1
54715	FOX-1
54715	HRNBP1
54716	IMINO
54716	XT3
54716	Xtrp3
54718	BTN2A3
54718	BTN 2.30
54726	DUBA6
54726	HSHIN1
54726	KIAA1046
54729	HSPX153
54732	HSGP25L2G
54732	p24a2
54732	p24alpha2
54733	FLJ13018
54734	RAB39
54737	HSMPP8
54737	mpp8
54738	Pet-1
54739	BIRC4BP
54739	HSXIAPAF1
54739	XIAPAF1
54741	FLJ90360
54741	OB-RGRP
54741	OBRGRP
54741	VPS55
54742	CT97
54742	FLJ35226
54742	HSJ001348
54749	EPDR
54749	MERP-1
54749	MERP1
54749	UCC1
54751	CAL
54751	FBLP-1
54751	migfilin
54752	DKFZp434H2215
54753	DKFZp434J1015
54754	DKFZp434I1117
54754	FAM22F
54756	FLJ35755
54756	IL-17RD
54756	IL17RLM
54756	SEF
54757	DKFZp434F2322
54758	DKFZp434G0522
54760	DKFZp434B217
54760	MGC34749
54760	SPC5
54762	DKFZp434C0328
54763	CT91
54763	ODF6
54763	ROPN1A
54763	ropporin
54764	TRABID
54765	DIPB
54765	MC7
54766	APRO3
54766	PC3B
54768	CILD5
54768	DKFZp434D0513
54768	KIAA1864
54768	PPP1R31
54769	DKFZp761C07121
54769	Di-Ras2
54776	DKFZP434D0412
54776	LENG3
54776	MBS85
54776	p84
54777	C10orf123
54777	C10orf124
54777	C10orf92
54777	C10orf93
54777	DKFZp434A1721
54777	FLJ25954
54777	TTC40
54777	bA288G11.4
54777	bA288G11.5
54777	bB137A17.2
54777	bB137A17.3
54778	Arkadia
54778	DKFZP761D081
54778	FLJ38008
54780	C10orf86
54780	FLJ20003
54780	NSE4A
54780	bA500G22.3
54784	FLJ20013
54785	C17orf59
54785	FLJ20014
54788	DJ10
54788	FLJ20027
54790	FLJ20032
54790	KIAA1546
54793	BTBD27
54793	FLJ20038
54795	FLJ20041
54796	BSN2
54796	FLJ20043
54796	bn2
54797	FLJ20045
54797	SRB5
54797	p28b
54798	CDH27
54798	CDHJ
54798	CDHR7
54798	FLJ20047
54798	PCDH23
54798	PCDHJ
54799	FLJ20055
54799	SA49P01
54800	DRE1
54800	FLJ20059
54800	KRIP6
54801	FAM29A
54801	FLJ20060
54801	KIAA1574
54801	dgt6
54802	FLJ20061
54802	IPT
54805	ACDP2
54805	SLC70A2
54806	FLJ20069
54806	JBTS3
54806	ORF1
54807	FLJ20070
54808	FLJ20071
54808	SMC
54809	C7orf5
54809	FLJ20073
54809	KIAA2004
54810	FLJ20075
54810	SEMCAP-2
54811	FLJ20079
54812	FLJ20080
54812	FLJ23793
54812	MGC33965
54812	Nbla10388
54813	BTBD5
54813	FLJ20081
54814	FLJ20084
54815	p66alpha
54816	FLJ20086
54816	SUHW4
54816	ZNF634
54819	FLJ20094
54820	FLJ20101
54820	NDE
54820	nudE
54821	FLJ20105
54821	PICH
54821	RAD26L
54822	CHAK1
54822	LTRPC7
54822	TRP-PLIK
54823	C1orf26
54823	FLJ20121
54823	HsSwt1
54825	FLJ20124
54825	FLJ20383
54825	PC-LKC
54825	PCDH24
54825	PCLKC
54826	FLJ20125
54826	GIN-1
54826	TGIN1
54826	ZH2C2
54827	C11orf33
54827	FAM55D
54827	FLJ20127
54828	FLJ20128
54828	PHAF2
54829	FLJ20129
54829	PLAP-1
54829	SLRR1C
54830	FLJ20130
54831	FLJ20132
54831	VMD2L1
54832	BLTP5C
54832	FLJ10381
54832	FLJ20136
54832	KIAA1421
54832	PARK23
54834	FLJ20142
54834	MACROD3
54834	dJ776P7.1
54836	FLJ20150
54838	C10orf26
54838	FLJ20154
54838	OPAL1
54839	CSTPP2
54839	FLJ20156
54839	PGs4
54840	AOA
54840	AOA1
54840	AXA1
54840	EAOH
54840	EOAHA
54840	FLJ20157
54841	FLJ20159
54842	FLJ20160
54842	SLC73A1
54843	CHR11SYT
54843	FLJ20163
54843	FLJ21219
54843	KIAA1597
54843	MGC102768
54843	PPP1R151
54843	SGA72M
54843	SLP2
54843	exophilin-4
54845	FLJ20171
54845	RBM35A
54847	FLJ20174
54847	SID-1
54848	FLJ20184
54849	FLJ20186
54850	FLJ20188
54850	Fbl12
54851	FGIF
54851	FLJ20189
54851	GBIF
54852	FLJ20190
54852	MPRG
54853	FLJ20195
54853	FLJ21702
54854	FLJ20200
54855	FAM46C
54855	FLJ20202
54856	FLJ20203
54856	GON-4
54856	GON4
54856	YARP
54857	FLJ20207
54857	GDE3
54857	OBDPF
54858	PGP-I
54858	PGPI
54858	Pcp
54859	C3orf75
54859	FLJ20211
54859	TMEM103
54860	FLJ20217
54860	Ms4a10
54861	FLJ20224
54861	HSNFRK
54861	KIAA0096
54862	Aki-1
54862	FLJ20241
54862	Freud-1
54862	Lgd2
54862	MRT3
54862	TAPE
54863	C9orf167
54863	FLJ20245
54865	DKFZP434F1735
54865	FLJ20249
54865	GPATC4
54866	FLJ20251
54866	GBPI-1
54866	MGC119014
54866	MGC119016
54867	FLJ20254
54868	FLJ00021
54868	FLJ20255
54868	TMEM104
54869	FLJ20258
54869	MGC23164
54869	MGC4642
54870	AB-DIP
54870	FLJ20259
54870	VERBRAS
54872	FLJ20265
54872	GPI7
54872	LAS21
54873	C1orf11
54873	FLJ20271
54873	PALML
54874	C1orf39
54874	FLJ20275
54874	TOCA1
54875	C9orf101
54875	C9orf39
54875	FLJ20276
54875	OTTHUMG00000019597
54875	bA340N12.1
54876	C4orf30
54876	FLJ20280
54877	C18orf49
54877	FLJ20222
54877	FLJ20281
54877	KIAA1744
54878	DP8
54878	DPRP1
54878	FLJ14920
54878	FLJ20283
54878	MGC26191
54878	MSTP141
54879	FAM4B
54879	FLJ20284
54879	ST7R
54879	STLR
54880	FLJ20285
54880	KIAA1575
54881	FLJ20287
54881	Ipi1
54881	bA208F1.2
54882	FLJ10042
54882	FLJ11979
54882	FLJ14127
54882	FLJ20288
54882	KIAA1085
54882	MASK
54882	MASK1
54883	CCDC49
54883	FLJ20291
54884	FLJ20296
54885	FLJ20298
54885	GRAMD8B
54885	RP11-321G1.1
54886	FLJ20300
54886	LPPR1
54886	MGC26189
54886	PRG-3
54887	C6orf107
54887	FLJ20302
54887	UHRF1BP1
54887	dJ349A12.1
54888	FLJ20303
54888	MRT5
54888	Misu
54888	SAKI
54888	TRM4
54890	FLJ20308
54890	OFOXD1
54891	FLJ20309
54892	CAP-G2
54892	FLJ20311
54892	LUZP5
54892	hCAP-G2
54893	FLJ20313
54894	DKFZp781H0392
54894	FLJ20315
54894	RNF124
54894	URCC
54896	FLJ20320
54896	LAAT-1
54896	LAAT1
54896	PQLC2
54897	FLJ20321
54897	SRG
54897	ZNF693
54897	castor
54897	cst
54898	Ssc2
54899	FLJ20335
54899	Slob
54900	FLJ20340
54900	LAX
54901	FLJ20342
54902	FLJ20343
54902	MGC19520
54903	BBS13
54903	FLJ20345
54903	MKS
54903	POC12
54904	FLJ20353
54904	KMT3F
54904	WHISTLE
54904	WHSC1L1
54905	FLJ20359
54905	MGC34287
54906	C10orf18
54906	FAM208B
54906	FLJ20360
54906	KIAA2006
54906	bA318E3.2
54908	CCDC99
54908	FLJ20364
54908	hSpindly
54910	SEMAI
54910	Semacl1
54910	Semaf
54913	FLJ20374
54914	FLJ20375
54914	KIAA1797
54915	C20orf21
54915	FLJ20391
54916	C14orf101
54916	FLJ20392
54918	CKLFSF6
54918	FLJ20396
54919	CILD18
54919	FLJ20397
54919	FLJ25564
54919	FLJ31671
54919	FLJ39381
54919	HEATR2
54920	DUS2L
54920	FLJ20399
54920	SMM1
54921	CTF8
54921	FLJ20400
54922	FLJ20401
54922	RAIN
54923	FLJ20406
54923	LIME
54923	dJ583P15.4
54925	FLJ20417
54925	ZNF434
54926	CDC34B
54926	FLJ20419
54926	MGC10481
54926	UBC3B
54927	FLJ20420
54927	MICOS19
54927	MINOS3
54927	Mic19
54927	PPP1R22
54928	FLJ20421
54928	IMPA3
54928	IMPAD1
54928	gPAPP
54929	FLJ20422
54929	FLJ39645
54930	C14orf94
54930	FLJ20424
54931	FLJ20432
54931	MRPP1
54931	RG9MTD1
54932	FLJ20433
54932	LOC54932
54932	Nbr
54932	mut-7
54933	FLJ20435
54934	C12orf41
54934	FLJ20436
54934	NSL2
54935	DUSP25
54935	FLJ20442
54936	ADPRHL2
54936	ARH3
54936	FLJ20446
54937	FLJ20449
54937	SPATA28
54937	TEB1
54937	bHLHe81
54938	FLJ20450
54938	SARSM
54938	SYS
54938	SerRSmt
54938	mtSerRS
54939	FLJ20452
54940	Asrij
54940	FLJ20455
54940	OCIA
54940	TPA018
54941	FLJ20456
54942	C9orf6
54942	CG-8
54942	FAM206A
54942	FLJ20457
54942	Simiate
54943	C21orf55
54943	C21orf78
54946	FLJ20473
54947	AGPAT11
54947	AYTL1
54947	FLJ20481
54947	LPLAT9
54947	LysoPAFAT
54948	FLJ20484
54948	PNAS-111
54948	uL16m
54949	C11orf79
54949	FLJ20487
54949	PGL2
54949	SDH5
54951	FLJ20502
54952	FLJ20503
54952	SECP43
54952	TRSPAP1
54953	C1orf27
54953	FLJ20505
54953	odr-4
54954	CXorf17
54954	FLJ20506
54954	ORF34
54955	C1orf109
54955	FLJ20508
54956	ARTD15
54956	C15orf30
54956	FLJ20509
54956	FLJ25281
54956	pART15
54957	DLP
54957	Dim2
54957	FLJ20511
54958	FLJ20512
54959	APin
54959	FLJ20513
54960	FAM51A1
54960	FLJ20514
54961	FLJ10928
54961	FLJ20515
54962	FLJ20516
54963	FLJ20517
54963	URKL1
54964	FLJ20519
54964	MENT
54965	FLJ20522
54965	PIG-X
54967	CXorf48
54967	FLJ20527
54968	FLJ20533
54968	MC5DN2
54969	C4orf27
54969	FLJ20534
54970	FLJ13859
54970	FLJ20535
54970	TPARM
54971	BEND1
54971	DKFZp761H172
54971	FLJ10177
54971	FLJ20538
54971	SMAR1
54971	SMARBP1
54972	FLJ20539
54972	HSPA5BP1
54973	CPSF3L
54973	CPSF73L
54973	FLJ20542
54973	INT11
54973	RC-68
54974	FLJ11601
54974	FLJ20546
54974	ICF45
54974	IHG-1
54974	hTHG1
54976	C20orf27
54976	FLJ20550
54977	FLJ20551
54978	ANT2BP
54978	C2orf18
54978	FLJ20555
54978	TANGO9
54979	FLJ20556
54979	HRASLS2
54979	PLAAT-2
54980	FLJ20558
54981	C9orf95
54981	FLJ20559
54981	NRK1
54981	bA235O14.2
54982	FLJ20561
54982	HsT18960
54982	nclf
54984	FLJ20565
54984	Gno1
54984	LPTL
54984	LPTS
54984	MGC8850
54984	Pxr1
54985	FLJ20568
54985	HPIP
54986	FAM7C1
54986	FLJ20574
54986	REC01035
54987	C1orf123
54987	FLJ20580
54988	FLJ20581
54989	FLJ20582
54989	PRO1914
54991	FLJ20584
54993	FLJ20595
54993	ZFP29
54993	ZNF854
54994	C20orf11
54994	FLJ20602
54994	TWA1
54994	bA305P22.1
54995	CEM1
54995	FASN2D
54995	FLJ20604
54995	KS
54996	FLJ20605
54996	MARC2
54996	MOSC2
54997	CHP3
54997	FLJ20607
54998	AKIP
54998	FLJ20608
54998	mS38
55000	FLJ20618
55000	LINC00080
55000	NCRNA00080
55001	FLJ20619
55002	C13orf11
55002	FLJ20623
55002	TMCO3
55003	FLJ20624
55003	MAK11
55003	PIP1
55003	WDR84
55003	bA421M1.5
55003	hPIP1
55004	C11orf59
55004	FLJ20625
55004	Pdro
55004	Ragulator1
55004	p27RF-Rho
55005	C6orf96
55005	FLJ20627
55005	bA351K16.3
55006	FLJ20628
55007	C22orf8
55007	FLJ20635
55007	bK268H5.C22.4
55008	FLJ20637
55009	C19orf24
55009	FLJ20640
55010	C12orf48
55010	FLJ20641
55010	PARI
55011	DNAAF14
55011	FLJ20643
55011	MOT48
55011	NOP17
55011	Pih1
55012	C14orf10
55012	FLJ20644
55012	G4-1
55012	G5PR
55013	CCDC109B
55013	FLJ20647
55014	FLJ20651
55015	FLJ11128
55015	FLJ20666
55016	FLJ20668
55016	MARCH-I
55016	MARCH1
55016	RNF171
55017	FLJ20671
55018	C17orf73
55018	FLJ20694
55018	LINC00483
55020	FLJ20699
55022	FLJ20701
55022	NYGGF4
55023	DCAF14
55023	FLJ20705
55023	RepID
55023	ndrp
55024	BANK
55024	FLJ20706
55026	FAM70A
55026	FLJ20716
55027	FLJ20718
55028	C17orf80
55028	FLJ20721
55028	HLC-8
55028	MIG3
55028	SPEP1
55030	FLJ20725
55030	Fbx34
55032	FLJ20730
55033	FKBP22
55033	FLJ20731
55034	FLJ20733
55034	HMCS
55035	C9orf34
55035	FLJ20736
55035	Nop132
55036	CFAP172
55036	CILD15
55036	FAP172
55036	FLJ20753
55036	FLJ32021
55036	KIAA1640
55037	DKFZp666K071
55037	FLJ20758
55037	mS39
55038	FLJ20764
55038	Hepp
55039	FLJ20772
55039	TRMT12
55039	Trm12
55040	FLJ20778
55040	MGC129899
55041	EVT2
55041	FLJ20783
55048	FLJ20847
55049	C19orf60
55049	FLJ20850
55049	FLJ30108
55049	FLJ34606
55049	FLJ37391
55051	C14orf102
55051	FLJ14051
55052	FLJ10024
55052	bL20m
55054	APG16L
55054	ATG16A
55054	ATG16L
55054	FLJ10035
55054	WDR30
55055	FLJ10036
55056	FLJ10038
55057	AIM1L
55057	FLJ38020
55061	FLJ10052
55062	ATG18
55062	ATG18A
55062	FLJ10055
55062	WIPI49
55063	DKFZp434N0510
55063	FLJ10057
55063	ZCW1
55064	C9orf68
55064	FLJ10058
55065	FLJ10060
55065	GPCR42
55065	GPR172B
55065	RFVT1
55065	hRFT1
55066	PDP3
55068	CNOX
55068	FLJ10094
55068	PIG38
55068	cCNOX
55069	C7orf42
55069	FLJ10099
55069	FLJ13090
55070	FLJ10103
55071	FLJ10110
55072	FLJ10111
55072	FLJ23501
55072	HOIP
55072	Paul
55072	ZIBRA
55073	FLJ10120
55073	LRRC37A4
55074	TLDC3
55075	FLJ10128
55075	KIAA1561
55076	DERP7
55076	FLJ10134
55079	FEZL
55079	FKSG36
55079	FLJ10142
55079	TOF
55079	ZNF312
55079	Zfp312
55080	FLJ10143
55080	TAPBP-R
55080	TAPBPR
55081	ESRRBL1
55081	FLJ10147
55081	HIPPI
55081	MHS4R2
55082	FLJ10154
55083	FLJ10157
55084	FLJ10159
55086	CXorf57
55086	FLJ10178
55086	FLJ14191
55088	C10orf118
55088	CCCP-1
55088	FLJ10188
55088	FLJ35301
55088	golgin104
55089	ATA3
55089	PAAT
55089	SNAT4
55090	FLJ10193
55092	C1orf72
55092	FLJ10199
55093	C8orf32
55093	FLJ10204
55093	WDYHV1
55094	ECGP
55094	FLJ10206
55094	FLJ38686
55094	GPATC1
55095	FLJ10211
55095	MGC99832
55095	SMGB
55095	hSmaug2
55100	FLJ10233
55101	ATP5SL
55101	FLJ10241
55102	BLTP4B
55102	C14orf103
55102	FLJ10242
55103	FLJ10244
55103	FLJ25604
55105	CT110
55105	FLJ10252
55105	GPATC2
55105	PPP1R30
55105	Pfa1
55106	FLJ10260
55107	DOG1
55107	FLJ10261
55107	ORAOV2
55107	TAOS2
55107	TMEM16A
55108	FLJ10276
55108	RP4-811H24.7
55109	FLJ10283
55109	GPATC7
55109	GPATCH7
55109	HSU84971
55109	VG5Q
55110	FLJ10292
55110	MGN2
55111	FLJ10297
55112	CFAP163
55112	DIC6
55112	FAP163
55112	FLJ10300
55112	WDR60
55113	FLJ10307
55114	FLJ10308
55114	FLJ13219
55114	NADRIN
55114	RICH1
55114	WBP15
55116	FLJ10315
55117	FLJ10316
55117	NTT73
55117	SBAT1
55117	V7-3
55117	hv7-3
55118	ASPIC1
55118	CEP-68
55118	FLJ10320
55119	FLJ10330
55120	FAAP43
55120	FLJ10335
55120	PHF9
55120	Pog
55122	C6orf166
55122	FLJ10342
55122	dJ486L4.2
55124	CT80
55124	FLJ10351
55124	HILI
55124	Mili
55125	FLJ10352
55125	KIAA1569
55125	PPP1R62
55127	BAP28
55127	FLJ10359
55127	UTP10
55128	FLJ10369
55128	RNF137
55128	SS-56
55129	FLJ10375
55129	MGC47890
55129	SCAR10
55129	TMEM16K
55130	ARMC4
55130	CILD23
55130	DKFZP434P1735
55130	FLJ10376
55130	FLJ10817
55130	gudu
55131	FLJ10377
55131	NOP4
55132	DKFZp434K245
55132	DKFZp686E0316
55132	FLJ10378
55132	LARP2
55133	FLJ10379
55135	FLJ10385
55135	TCAB1
55135	WDR79
55138	FLJ10408
55139	FLJ10415
55139	Vms1
55139	ZNF744
55140	FLJ10422
55140	KAT9
55142	C15orf25
55142	CEP27
55142	FLJ10460
55142	HsT17025
55143	DasraB
55143	FLJ12042
55143	MESRGP
55144	FLJ10470
55144	LRRC5
55145	4833431A01Rik
55145	DYT6
55145	FLJ10477
55146	FLJ10479
55146	ZNF374
55147	CAPERbeta
55147	FLJ10482
55147	RNPC4
55148	C14orf130
55149	FLJ10486
55149	PAPD1
55149	SPAX4
55149	TENT6
55150	FLJ10490
55151	C9orf87
55151	D4Ertd89e
55151	FLJ10493
55151	TRIC-B
55151	bA219P18.1
55152	FLJ10496
55153	FLJ10498
55153	Sda1
55153	hSDA
55154	FLJ10504
55154	LST005
55154	misato
55156	Arcp
55156	FLJ10511
55157	FLJ10514
55157	mtAspRS
55159	FANCW
55159	FLJ10520
55159	RNF201
55160	FLJ10521
55160	KIAA1626
55161	FLJ10525
55161	Pom33
55163	PDXPO
55164	FLJ10539
55164	Shq1p
55165	C10orf3
55165	CT111
55165	FLJ10540
55166	C6orf139
55166	CENP-Q
55166	FLJ10545
55167	FLJ10546
55167	KIAA1585
55167	MSL2L1
55167	RNF184
55167	msl-2
55168	FLJ10548
55168	MRPS18-3
55168	mL66
55170	FLJ10559
55170	HRMT1L6
55171	FLJ10560
55172	C14orf104
55172	CILD10
55172	FLJ10563
55172	KTU
55172	pf13
55173	FLJ10567
55173	uS10m
55174	C8orf35
55174	FLJ10569
55174	INT10
55175	FLJ10572
55176	FLJ10578
55177	FAM82A2
55177	FAM82C
55177	FLJ10579
55177	PTPIP51
55177	RMD3
55178	FLJ10581
55178	HC90
55178	RMTL1
55178	RNMTL1
55179	FAIM1
55179	FLJ10582
55180	LINS
55180	MRT27
55180	WINS1
55181	C17orf71
55181	FLJ10587
55181	FLJ23205
55182	C1orf164
55182	FLJ10597
55183	FLJ10599
55183	FLJ12870
55184	ANKRD64
55184	C20orf12
55184	C20orf84
55184	FLJ10600
55184	FLJ30892
55184	bA189K21.8
55184	dJ568F9.2
55186	FLJ10618
55186	PNC2
55187	BLTP5D
55187	FLJ10619
55187	KIAA0453
55188	FLJ10620
55188	RIC8
55188	hSyn
55190	DIPP3b
55190	FLJ10628
55190	hDIPP3beta
55191	FLJ10631
55192	FLJ10634
55193	BAF180
55193	PB1
55193	SMARCH1
55194	C1orf78
55194	FAM176B
55194	FLJ10647
55195	C14orf105
55195	FAME
55195	FLJ10650
55196	C12orf35
55196	FLJ10652
55196	FLJ20696
55196	GET
55196	KIAA1551
55196	UTA2-1
55197	FLJ10656
55197	HsT3101
55197	P15RS
55198	DIP13B
55198	FLJ10659
55199	FAM86C
55199	FAM86C1
55199	FLJ10661
55199	FLJ27199
55200	ARHGEF46
55200	FLJ10665
55200	MYOGEF
55201	BPY2IP1
55201	C19orf5
55201	FLJ10669
55201	MAP8
55201	VCY2IP1
55203	FLJ10675
55203	KIAA1916
55204	GPP34R
55205	FLJ10697
55206	FLJ10701
55206	FLJ10833
55206	Sno
55207	ARL10C
55207	FLJ10702
55207	Gie1
55208	C13orf17
55208	FLJ10704
55208	FLJ20092
55209	FLJ10707
55209	SETD5A
55210	FLJ10709
55211	FLJ10713
55212	BBS2L1
55212	FLJ10715
55213	CLLD7
55213	CLLL7
55213	FLJ10716
55214	FLJ10718
55214	LEPREL1
55214	MLAT4
55215	FLJ10719
55215	KIAA1794
55216	C11orf57
55216	FLJ10726
55217	BBOX2
55217	FLJ10727
55217	TMLH
55217	XAP130
55218	C14orf114
55218	EXDL2
55218	FLJ10738
55219	FLJ10747
55219	TMEM57
55220	FLJ10748
55222	FLJ10751
55222	FLJ10844
55223	DEAR1
55223	FLJ10759
55224	EKI2
55224	FLJ10761
55225	FLJ10770
55225	KIAA1579
55226	FLJ10774
55226	FLJ12179
55226	KIAA1709
55226	Kre33
55226	NET43
55226	hALP
55227	FLJ10775
55227	FLJ11834
55227	LANO
55227	dJ523E19.1
55228	FLJ10781
55228	KIAA1183L
55228	PNMAL1
55229	FLJ10782
55230	FLJ10785
55231	FLJ10786
55233	C2orf6
55233	FLJ10788
55233	FLJ11595
55233	MOB1
55233	MOBK1B
55233	MOBKL1B
55233	Mats1
55233	Mob4B
55234	BWD
55234	FLJ10805
55234	SMU-1
55234	fSAP57
55236	FLJ10808
55236	UBE1L2
55237	C14orf115
55237	FLJ10811
55237	vertnin
55238	FLJ10815
55238	SNAT7
55239	FLJ10826
55239	KIAA1612
55239	TPA1
55240	STMP3
55240	TSAP6
55240	dudlin-2
55243	KIRREL
55243	NEPH1
55244	FLJ10847
55244	MATE1
55245	BFZB
55245	C20orf44
55245	CBP3
55245	FLJ10850
55245	UQCC
55246	FLJ10853
55247	FLJ10858
55247	FPG2
55247	ZGRF3
55247	hFPG2
55247	hNEI3
55248	ASOR
55248	C1orf75
55248	FLJ10874
55248	PAC
55248	PAORAC
55248	TMEM206
55249	YAP
55249	YY1AP
55250	FLJ10879
55250	STATIP1
55250	StIP
55251	C20orf36
55252	ASXH2
55252	FLJ10898
55252	KIAA1685
55253	FLJ10900
55253	MGC23001
55253	MGC60291
55253	RSAFD1
55253	TYW1A
55253	YPL207W
55254	FLJ10902
55254	SUSR2
55255	FLJ10904
55256	APL1
55256	ARD
55256	FLJ10913
55256	HMFT1638
55256	MTCBP-1
55256	SIPL
55256	mtnD
55257	C20orf20
55257	Eaf7
55257	FLJ10914
55257	MRG15BP
55258	FLJ10916
55258	SOFAT
55258	TSH2
55259	CASC1
55259	CFAP94
55259	FLJ10921
55259	LAS1
55259	PPP1R54
55260	FLJ10922
55262	C7orf43
55262	FLJ10925
55262	MAP11
55266	FLJ10936
55267	C22orf26
55267	FLJ10945
55268	FLJ10948
55269	FLJ10955
55269	PSP1
55270	FLJ10956
55270	MTH2
55272	BRMS2
55272	C15orf12
55272	FLJ10968
55272	MRPS4
55273	FLJ10970
55273	FLJ37856
55274	BAF45a
55274	FLJ10975
55274	SMARCG4
55274	XAP135
55275	FLJ10979
55275	HCCS1
55276	FLJ10983
55277	FLJ10986
55278	DKFZP564C1278
55278	FLJ10989
55278	FLJ12189
55278	FLJ13447
55278	GATA
55279	FLJ10997
55279	FLJ21142
55280	FLJ10998
55280	hDrn1
55281	FLJ11000
55282	FLJ11004
55283	FLJ11006
55283	TRP-ML3
55283	TRPML3
55284	FLJ11011
55284	UBC-16
55285	FLJ11016
55286	C4orf19
55286	FLJ11017
55287	FLJ11036
55288	ARHT1
55288	FLJ11040
55288	MIRO-1
55288	MIRO1
55289	ACOX4
55289	FLJ11042
55290	BRFU
55290	FLJ11052
55290	TFIIIB50
55291	C11orf23
55291	DKFZp781E17107
55291	DKFZp781E2374
55291	DKFZp781O2362
55291	FLJ11058
55291	FLJ43065
55291	KIAA1558
55291	MGC125711
55291	MGC125712
55291	PP6R3
55291	SAPLa
55291	SAPS3
55293	Attp
55293	UEV3
55294	AGO
55294	CDC4
55294	FBW7
55294	FBXW6
55294	FLJ11071
55294	SEL-10
55294	SEL10
55296	FLJ11082
55297	DKFZp779L1558
55297	FLJ11088
55298	FLJ11099
55299	BRIX
55299	BXDC2
55299	FLJ11100
55300	FLJ11105
55300	PI4KIIB
55300	PIK42B
55301	FLJ11106
55301	THEDC1
55303	FLJ11110
55303	HIMAP4
55303	IAN1
55303	IMAP4
55304	C20orf38
55304	FLJ11112
55304	LCB2B
55304	SPTLC2L
55304	hLCB2b
55308	DDX19L
55308	FLJ11126
55311	EZF2
55311	FLJ11137
55311	ZSCAN17
55312	FLJ11149
55312	RIFK
55313	FLJ11151
55314	FLJ11155
55314	SLC35G7
55315	ENT3
55315	FLJ11160
55315	hENT3
55316	FLJ11164
55316	HemW
55317	C20orf29
55317	FLJ11168
55319	C4orf43
55319	FLJ11184
55320	C14orf106
55320	FLJ11186
55320	KIAA1903
55320	KNL2
55320	M18BP1
55321	C20orf46
55321	FLJ11190
55322	FLJ11193
55323	FLJ11196
55323	acheron
55324	EST201864
55325	C4orf20
55325	FLJ11200
55326	FLJ11210
55326	LPAAT-e
55326	LPAAT-epsilon
55326	LPLAT5
55327	FLJ11215
55327	LIN-7-C
55327	LIN-7C
55327	MALS-3
55327	VELI3
55328	C10orf59
55328	FLJ11218
55328	renalase
55329	FLJ11222
55329	SPATA40
55330	BCAS4L
55330	CNO
55330	FLJ11230
55331	APHC
55331	FLJ11238
55331	PHCA
55332	DRAM
55332	FLJ11259
55333	Arip2
55334	FLJ11274
55334	ZIP9
55335	FLJ11275
55335	NIPSNAP3
55335	SNAP1
55336	Fbl8
55337	C19orf66
55337	FLJ11286
55337	IRAV
55337	RyDEN
55337	SFL
55339	FLJ11294
55339	NET14
55339	WDC146
55340	HIMAP3
55340	IAN4L1
55340	IAN5
55341	FLJ11301
55342	FLJ11307
55342	ILF3L
55342	SPNR
55343	FLJ11320
55343	FUCT1
55344	FLJ11323
55345	C4orf21
55345	FLJ11331
55346	FLJ11336
55347	FLJ11342
55350	HSA238982
55350	VNN3
55351	HSA250839
55351	STK32
55351	STKG6
55351	YANK2
55352	C17orf79
55352	COPR5
55352	HSA272196
55352	TTP1
55353	LC27
55355	DKFZp762E1312
55355	FAKTS
55355	URLC9
55355	hFLEG1
55356	FLIPT1
55357	Armus
55357	PARIS1
55357	TBC1D2A
55359	DKFZp761P1010
55359	NOK
55359	SuRTK106
55361	DKFZP761G1923
55361	PI4KII
55361	PIK42A
55362	C6orf110
55362	DKFZp434P0531
55362	dJ421H19.2
55363	CT155
55363	EDAG
55363	NDR
55364	RWDD5
55365	HCA112
55365	MS4B1
55366	GPR48
55367	DKFZp434D229
55367	LRDD
55367	MGC16925
55367	PIDD
55370	C20orf192
55370	PPP4R1P1
55370	bA196N14.4
55370	bA196N14.5
55374	FLJ39769
55374	PRO1580
55379	FLJ21675
55379	PRO1855
55380	EPS15L2
55380	PRO1866
55384	GTL2
55384	LINC00023
55384	NCRNA00023
55384	onco-lncRNA-83
55388	CNA43
55388	DNA43
55388	PRO2249
55421	C17orf85
55421	ELG
55421	HSA277841
55422	ZNF361
55422	ZNF463
55423	CD172g
55423	SIRP-B2
55423	SIRPgamma
55423	bA77C3.1
55425	AD029
55425	KIAA1704
55425	LSR7
55425	bA245H20.2
55432	DKFZp451J1719
55432	DUBA8
55432	OTUD2
55435	2C18
55435	C4orf16
55435	PRO0971
55435	gamma-BAR
55437	ALS2CR2
55437	CALS-21
55437	ILPIP
55437	ILPIPA
55437	PAPK
55449	AS1DHRS4
55449	C14orf167
55449	PRO1488
55451	C14orf107
55451	NCRNA00216
55451	PRO1617
55454	GALNACT-2
55454	GALNACT2
55454	MGC40204
55454	PRO0082
55466	PRO1472
55471	C2orf56
55471	MidA
55471	PRO1853
55472	C8orf39
55472	PRO1905
55486	PRO2207
55486	PSARL
55486	PSARL1
55486	RHBDS1
55500	EKI
55500	EKI1
55501	C4S-2
55501	C4ST2
55502	bHLHb41
55503	CaT1
55503	ECAC2
55504	TAJ
55504	TAJ-alpha
55504	TRADE
55504	TROY
55505	MGC70651
55505	NOLA3
55505	NOP10P
55506	H2AFY2
55508	BLOV1
55509	JDP1
55509	JUNDM1
55509	SNFT
55510	CT13
55510	DKFZp434H2114
55510	HAGE
55511	CT14
55511	SAGE
55512	NSMASE2
55515	ACCN4
55515	BNAC4
55520	D29
55521	HAPRIN
55521	RBCC728
55521	RNF98
55526	CMT2Q
55526	DKFZP762M115
55526	E1a
55526	KIAA1630
55526	MGC3090
55526	OADC-E1
55526	OADH-E1
55529	DKFZp762O076
55529	TMEM55A
55530	DKFZp761H039
55530	SLC22B4
55531	DKFZp547C176
55532	DKFZp547M236
55532	ZNT10
55532	ZnT-10
55534	CAGH3
55534	GDN
55534	KIAA1816
55534	MAM2
55534	TNRC3
55536	JPO2
55536	R1
55536	RAM2
55539	BWRT
55539	HSA404617
55540	CRL4
55540	EVI27
55540	IL17BR
55540	IL17RH1
55544	HSRNASEB
55544	RNPC1
55544	SEB4D
55544	dJ800J21.2
55544	seb4B
55545	HPX5
55545	HSHPX5
55545	MSX2P
55552	HSZFP36
55554	ACO
55554	HSRNASPH
55554	prostinogen
55556	FUCD
55556	HSRTSBETA
55556	TYMSAS
55556	rTS
55558	6.3
55558	PLXN4
55558	Plxn3
55558	SEX
55558	XAP-6
55559	UCHL5IP
55559	UIP1
55561	DMPK2
55561	HSMDPKIN
55561	MRCKgamma
55561	kappa-200
55567	DKFZp434N074
55567	DLP3
55567	Dnahc3b
55567	Hsadhc3
55568	GalNAc-T10
55571	C2orf29
55571	C40
55572	H17
55573	H41
55576	DKFZP434E0321
55576	FEEL-2
55576	FELL
55576	HARE
55576	SCARH1
55576	STAB-2
55577	GNK
55578	C13orf19
55578	FAM48A
55578	P38IP
55578	SPT20
55578	bA421P11.4
55582	DKFZp434D0917
55584	NACHRA9
55585	NICE-5
55585	PRO3094
55585	UBE2Q
55586	ALDRL6
55588	DKFZp434H247
55588	IXL
55588	MED2
55589	BIKe
55589	DKFZp434K0614
55591	DKFZP761C241
55592	DKFZp434M0331
55592	GOLGA2B
55592	GOLGA2L1
55593	DKFZp761A052
55593	DUBA
55596	DKFZp434E2220
55599	FLJ20008
55599	KIAA1839
55599	RBM40
55599	SNRNP65
55600	FLJ20022
55600	HL-1
55600	ITLN
55600	LFR
55600	hIntL
55601	FLJ20035
55602	FLJ20036
55603	C6orf37
55603	FAM46A
55603	FLJ20037
55604	CARMIL
55604	FLJ20048
55604	LRRC16
55604	LRRC16A
55604	dJ501N12.1
55605	FEOM1
55605	FLJ20052
55607	FLJ20068
55607	KIAA1222
55607	Neurabin-I
55608	FLJ20093
55609	FLJ20095
55609	SUHW3
55609	ZNF633
55609	ZPET
55610	CCDC132
55610	DKFZp313I2429
55610	FLJ20097
55610	KIAA1861
55610	VPS54L
55611	FLJ20113
55611	FLJ40710
55612	C20orf42
55612	FLJ20116
55612	KIND1
55612	UNC112A
55612	URP1
55613	FLJ20126
55614	C20orf23
55614	FLJ20135
55614	SNX23
55614	dJ971B4.1
55615	FLJ20185k
55615	PP610
55615	PROTOR1
55615	Protor-1.
55616	CENTB6
55616	DDEFL1
55616	FLJ20199
55616	UPLC1
55617	C20orf13
55617	FLJ20212
55617	dJ585I14.2
55619	KIAA0694
55619	ZIZ3
55620	BKS
55620	STAP-2
55621	FLJ20244
55622	FLJ20272
55623	FLJ20274
55623	Tan1
55624	FLJ20277
55624	LGMD2O
55624	MEB
55624	MGAT1.2
55625	DHHC7
55625	FLJ10792
55625	FLJ20279
55625	SERZ-B
55625	SERZ1
55625	ZNF370
55626	DCAF3
55626	FLJ20294
55626	KIAA1736
55626	WDR94
55627	FLJ20297
55627	FLJ20756
55627	KIAA1418
55627	NET13
55627	NSMASE3
55627	nSMase-3
55628	FLJ13839
55628	FLJ20307
55628	KIAA1703
55630	AEZ
55630	AWMS2
55630	ZIP-4
55630	ZIP4
55631	FLJ20331
55632	FLJ20333
55632	KIAA1333
55632	PHF7B
55633	C6orf197
55633	FLJ20337
55633	dJ744I24.2
55634	FLJ20344
55634	KRBOX4
55634	ZNF673
55635	DEP.8
55635	DEPDC1A
55635	FLJ20354
55635	SDP35
55636	CRG
55636	FLJ20357
55636	FLJ20361
55636	KIAA1416
55638	FLJ20366
55638	GOLSYN
55638	KIAA1472
55638	OCSYN
55638	SNPHL
55640	C14orf58
55640	CCT
55640	FLJ20371
55640	MFSD7C
55640	SLC49A2
55644	GCPL1
55644	KAE1
55644	OSGEP1
55644	PRSMG1
55644	TCS3
55646	ZC2HC2
55646	ZLYAR
55647	FLJ20429
55650	FLJ20477
55650	GPI-MT-II
55650	PIG-V
55651	FLJ20479
55651	NOLA2
55652	FLJ20489
55652	HRG1
55652	hHRG-1
55653	CNOL
55653	FLJ20495
55654	FLJ20507
55654	FLJ22257
55655	CLR19.9
55655	FLJ20510
55655	NALP2
55655	PAN1
55655	PYPAF2
55656	C8orf52
55656	FLJ20530
55656	INT8
55656	MGC131633
55657	AREBP
55657	FLJ20531
55657	Zfp692
55658	FLJ20552
55659	FLJ20557
55660	FBP-11
55660	FBP11
55660	FLAF1
55660	FLJ20585
55660	FNBP3
55660	HIP10
55660	HYPA
55660	NY-REN-6
55660	Prp40
55661	DRS1
55661	dJ686N3.1
55662	DKFZp762F1811
55662	FIH1
55662	FLJ20615
55662	FLJ22027
55663	FLJ20626
55663	ZKSCAN20
55663	ZSCAN52
55664	CDC37B
55664	FLJ20639
55664	HARC
55665	DKFZp666G166
55665	DKFZp686O0457
55665	FLJ20654
55665	KIAA1507
55665	URG4
55666	FLJ20657
55666	KIAA1499
55666	NPL4
55667	C9orf55
55667	C9orf55B
55667	FLJ20686
55667	RAB10GEF
55667	bA513M16.3
55668	C14orf118
55668	FLJ10033
55668	FLJ20689
55669	FLJ20693
55670	FLJ20695
55671	FLFL1
55671	FLJ20707
55671	KIAA2010
55671	MSTP033
55671	PP4R3
55671	SMEK1
55671	smk-1
55671	smk1
55672	FLJ20719
55672	KIAA1693
55676	FLJ31101
55676	ZNT6
55677	DKFZp761G0123
55677	FLJ10006
55677	FLJ14655
55677	FLJ32319
55679	PINCH-2
55679	PINCH2
55680	FLJ10063
55680	KIAA1537
55680	RABIP4R
55680	ZFYVE13
55681	CVAK104
55681	KIAA1360
55683	FLJ10081
55683	KIAA1310
55683	NSL3
55683	Rcd1
55684	C9orf86
55684	FLJ10101
55684	FLJ13045
55684	Parf
55684	RBEL1
55684	bA216L13.9
55684	pp8875
55686	DSU
55686	FLJ10116
55686	WDT2
55687	FLJ10140
55687	MTO2
55687	MTU1
55687	TRMT
55689	FLJ10201
55689	FLJ12841
55689	FLJ13308
55689	KIAA1197
55690	FLJ10209
55690	KIAA1175
55691	FLJ10210
55691	FRMD4
55691	KIAA1294
55691	bA295P9.4
55692	LUC7B1
55692	Luc7
55692	hLuc7B1
55693	FLJ10251
55693	JMJD2D
55695	FLJ10267
55695	NOL1R
55695	NSUN5A
55695	WBSCR20
55695	WBSCR20A
55695	Ynl022cL
55695	p120(NOL1)
55696	Cwc2
55696	FLJ10290
55696	ZC3H16
55696	fSAP47
55697	ArPIKfyve
55697	FLJ10305
55697	TAX1BP2
55698	FLJ10324
55698	KIAA1849
55698	RASIP2
55699	FLJ10326
55700	FLJ10350
55700	FLJ39022
55700	PARCC1
55700	RPRC1
55701	FLJ10357
55701	solo
55702	CCDC94
55702	FLJ10374
55703	C128
55703	FLJ10388
55703	RPC2
55704	FLJ10392
55704	GIV
55704	GRDN
55704	HkRP1
55704	KIAA1212
55705	FLJ10402
55705	Imp9
55706	FLJ10407
55706	NET3
55706	TMEM48
55707	FLJ10420
55709	BKLHD4
55709	FLJ10450
55709	HSPC252
55711	FLJ10462
55711	MLSTD1
55711	SDR10E2
55713	bA179N14.1
55714	KIAA1455
55714	TEN3
55714	Ten-M3
55715	FLJ10488
55716	FLJ10494
55716	KIAA1174
55717	BRWD2
55717	DR11
55717	FLJ10506
55717	HH14
55717	KIAA1351
55717	SRI1
55717	WDR15
55718	C37
55718	FLJ10509
55718	RPC5
55718	SIN
55719	C10orf6
55719	FAM178A
55719	FLJ10512
55719	FLJ25012
55719	hNSE6
55720	FLJ10534
55721	FLJ10547
55722	FLJ10565
55722	KIAA1519
55723	FLJ10604
55726	ASUN
55726	C12orf11
55726	FLJ10637
55726	Mat89Bb
55726	NET48
55726	SPATA30
55727	FLJ10648
55727	FUP1
55728	B3BP
55729	ATF7IP1
55729	FLJ10688
55729	MCAF
55729	MCAF1
55729	p621
55731	C17orf63
55731	FLJ10700
55732	Apolo1
55732	C1orf112
55732	FLIP
55732	FLJ10706
55732	MEICA1
55733	FLJ10724
55733	GUP2
55733	MART-2
55733	MART2
55733	Skn
55733	rasp
55733	sit
55733	ski
55734	FLJ10734
55734	FLJ12628
55734	ZNF338
55734	dJ548G19.1
55734	dJ831D17.1
55735	FLJ10737
55737	FLJ10752
55737	MEM3
55737	PARK17
55738	ARF1GAP
55738	FLJ10767
55738	bA261N11.3
55739	CARKD
55739	FLJ10769
55739	LP3298
55740	FLJ10773
55740	MENA
55740	NDPP1
55741	C20orf31
55741	C20orf49
55741	FLJ10783
55741	bA4204.1
55742	FLJ10793
55742	FLJ12254
55742	MXRA2
55743	FLJ10796
55743	RNF196
55744	C7orf44
55744	FLJ10803
55744	MITRAC15
55745	C14orf108
55745	FLJ10813
55745	MUDENG
55745	MuD
55745	mu5
55746	FLJ10814
55748	CN2
55748	CPGL
55748	FLJ10830
55748	HsT2298
55748	PEPA
55749	CARP-1
55749	CARP1
55749	FLJ10590
55749	uc.285+
55750	FLJ10842
55750	MULK
55751	FLJ10846
55751	SLC51C3
55751	TMEM34
55752	FLJ10849
55752	SEPT11
55752	Septin-11
55753	FLJ10851
55754	C6orf67
55754	CDC50A
55754	FLJ10856
55755	C48
55755	CEP215
55755	FLJ10867
55755	MCPH3
55756	CPSF2L
55756	FLJ10871
55756	RC-74
55757	FLJ10873
55757	FLJ11485
55757	HUGT2
55757	MGC117360
55757	MGC150689
55757	MGC87276
55757	UGCGL2
55758	FLJ10876
55759	FLJ10881
55759	YTM1
55760	DDX32
55760	DHLP1
55760	FLJ10694
55760	FLJ10889
55761	FLJ10890
55762	FLJ10891
55763	BM-102
55763	FLJ10893
55763	SEC3
55763	SEC3L1
55763	Sec3p
55764	CFAP80
55764	FAP80
55764	SPG
55764	WDR10
55764	WDR10p
55764	WDR140
55765	C1orf106
55765	FLJ10901
55766	FLJ10903
55766	H2AFJ
55766	MGC921
55768	FLJ11005
55768	PNG-1
55768	PNG1
55769	FLJ11015
55769	ZNF816B
55770	FLJ11026
55770	SEC5L1
55770	Sec5
55771	FLJ11029
55773	FLJ11046
55775	FLJ11090
55775	SCAN1
55776	C6orf64
55776	FLJ11101
55777	FLJ11113
55777	KIAA1461
55778	C14orf131
55779	FLJ11142
55779	WDR52
55780	C6orf70
55780	FLJ11152
55780	dJ266L20.3
55781	FLJ11159
55783	AFT
55783	FLJ11171
55783	FTSJD1
55783	MTr2
55784	FLJ11175
55784	FLJ33303
55785	FLJ11183
55785	ZFYVE24
55787	CXorf15
55787	FIAT
55787	FLJ11209
55787	LSR5
55787	MGC126621
55787	MGC126625
55787	TXLNGX
55788	C6orf209
55788	FLJ11240
55788	bA810I22.1
55788	cblF
55789	XTP1
55790	CSGalNAcT-1
55790	ChGn
55790	FLJ11264
55791	C1orf103
55791	FLJ11269
55793	FAM63A
55793	FLJ11280
55793	MINDY-1
55794	FLJ11282
55794	MDDX28
55795	FLJ11305
55796	CHCR
55796	FLJ11316
55796	MBLX39
55796	MBXL
55798	FLJ11350
55798	METL
55798	METTL2
55799	HSA272268
55799	alpha2delta-3
55800	HSA243396
55800	SCNB3
55801	AK155
55801	IL-26
55802	HSA275986
55802	SMAD4IP1
55802	SMIF
55803	CENTA2
55805	DKFZp761O0113
55806	ALUNC
55806	AU
55808	SIAT7A
55808	ST6GalNAcI
55809	BCAR2
55809	HSA277276
55809	RAPA
55809	TReP-132
55809	dJ139D8.5
55810	FHX
55811	HCA2
55811	RP1-313L4.2
55811	SAC
55811	SACI
55811	Sacy
55812	HSD3
55812	LCA3
55813	C17orf40
55813	HCA66
55814	HSA238520
55814	KIAA1241
55814	KIAA1689
55814	TAF3B1
55814	TFC5
55814	TFIIIB150
55814	TFNR
55815	TXI1
55816	C20orf180
55816	dJ805C22.1
55818	JHMD2A
55818	JMJD1
55818	JMJD1A
55818	KIAA0742
55818	TSGA
55819	G1RZFP
55819	GOLIATH
55819	GP
55821	ALC
55823	PEP5
55823	RNF108
55824	PAG
55825	HSA250303
55825	SDR29C1
55825	TERP
55827	IQWD1
55827	PC326
55829	AD-015
55829	MGC2553
55829	SBBI8
55829	SELS
55829	SEPS1
55829	VIMP
55830	AD-017
55830	FLJ14611
55831	TMEM111
55832	DKFZp434M1414
55832	KIAA0829
55832	TIP120
55832	TIP120A
55833	FLJ22435
55833	KIAA1491
55833	bA176F3.5
55835	BM032
55835	CENPJ
55835	MCPH6
55835	SASS4
55835	Sas-4
55837	BM036
55837	C14orf11
55837	FLJ20578
55839	BM039
55839	C16orf60
55839	FLJ13607
55839	FLJ22660
55840	BM040
55840	TRAITS
55841	BM042
55841	KIAA1280
55843	BM046
55844	B55D
55844	B55delta
55844	MDS026
55845	C3orf10
55845	HSPC300
55845	MDS027
55846	FGGAP1
55846	KICS3
55846	MDS028
55847	C10orf70
55847	MDS029
55847	ZCD1
55847	mitoNEET
55848	AD025
55848	C9orf46
55848	FLJ14688
55848	MDS030
55848	Plg-RKT
55850	D12
55850	MDS032
55850	SLT1
55851	PEN2
55852	HT008
55852	KIAA1738
55852	TMEM96
55853	C10orf110
55853	Em:AC022536.4
55853	HT009
55853	IDI2-AS
55854	LEREPO4
55855	FAM45B
55855	FAM45BP
55855	HT011
55856	HT012
55856	THEM2
55857	C20orf19
55857	HT013
55857	NCRNA00153
55857	PLK1S1
55858	GDT1
55858	SLC64A1
55858	TMPT27
55858	TPARL
55860	ACTR11
55860	Arp10
55860	Arp11
55860	HARP11
55861	C20orf35
55861	HSMNP1
55862	dJ351K20.2
55863	HT007
55869	HDACL1
55869	KDAC8
55869	MRXS6
55869	WTS
55870	ASH1L1
55870	KMT2H
55870	huASH1
55871	CBWD1
55872	CT84
55872	FLJ14385
55872	Nori-3
55872	SPK
55872	TOPK
55876	GSDML
55876	PRO2521
55884	MGC10210
55884	SBA2
55885	RBTNL2
55885	Rhom-3
55888	FLJ12738
55888	ZNF167
55888	ZNF448
55888	ZNF64
55888	ZSCAN39
55890	RAIG-3
55891	LEP503
55892	SBBIZ1
55892	ZBTB31
55892	ZNF902
55893	DKFZp434K1210
55893	HDBP2
55893	PRF-1
55897	MGC10676
55897	bHLHc5
55898	GC-UNC45
55900	ZNF135L
55900	ZNF140L
55900	ZNF327
55901	TMTSP
55902	ACAS2
55902	ACSA
55902	AceCS
55902	dJ1161H23.1
55904	HDCMC04P
55904	MLL5
55904	SETD5B
55905	PSORS12
55905	ZNF313
55906	HCA127
55906	KIAA1166
55906	MCS
55906	MRXS4
55906	WWS
55908	C19orf80
55908	RIFL
55908	TD26
55911	APOB100R
55911	APOB48R
55914	ERBB2IP
55915	GPR69B
55915	TASP
55916	P15-2
55917	DKFZp547A023
55920	TD-60
55922	ITBA4
55922	NRF
55924	C1orf183
55924	FAM212B
55924	FLJ31105
55929	DNMAP1
55929	DNMTAP1
55929	FLJ11543
55929	KIAA1425
55929	MEAF2
55929	SWC4
55930	MGC74969
55937	Apo-M
55937	G3a
55937	NG20
55954	SNRNP20
55954	ZC3H19
55957	F25965
55957	ZK418.4
55957	lin-37
55958	FLJ13568
55958	KIAA1354
55959	HSULF-2
55959	KIAA1247
55959	SULF-2
55964	SEP3
55964	SEPT3
55966	MOT8
55966	SHREW-1
55966	SHREW1
55967	B17.2
55967	DAP13
55968	UBX1
55968	UBXD10
55968	UBXN2C
55968	dJ776F14.1
55969	C20orf24
55969	OPTI
55969	PNAS-11
55969	RCAF1
55969	RIP5
55971	IRTKS
55972	MCFP
55973	BAP29
55973	DKFZp686M2086
55974	HsSWEET1
55974	RAG1AP1
55974	RP11-540D14.5
55974	RZPDo834D038D
55974	SCP
55974	SWEET1
55974	slv
55975	RP42
55975	SBBI26
55997	CRYPTIC
55997	HTX2
56001	CT39
56001	TAPL-2
56005	C19orf10
56005	IL27w
56005	R33729_1
56005	SF20
56006	C19orf61
56006	FLJ12886
56034	SCDGF
56034	fallotein
56052	CDG1K
56052	HMAT1
56052	HMT-1
56052	Mat-1
56061	FLJ38870
56061	FLJ42145
56061	UBPH
56062	DKELCHL
56062	KHL4
56062	KIAA1687
56063	C1orf91
56063	FLJ90779
56063	RP4-622L5
56063	dJ622L5.7
56097	PCDH-GAMMA-C5
56098	PCDH-GAMMA-C4
56099	ME6
56099	PCDH-GAMMA-B7
56100	PCDH-GAMMA-B6
56101	PCDH-GAMMA-B5
56102	PCDH-GAMMA-B3
56103	PCDH-GAMMA-B2
56104	PCDH-GAMMA-B1
56105	PCDH-GAMMA-A11
56106	PCDH-GAMMA-A10
56107	PCDH-GAMMA-A9
56108	PCDH-GAMMA-A7
56109	PCDH-GAMMA-A6
56110	CDH-GAMMA-A5
56110	PCDH-GAMMA-A5
56111	PCDH-GAMMA-A4
56112	PCDH-GAMMA-A3
56113	PCDH-GAMMA-A2
56114	PCDH-GAMMA-A1
56115	PCDH4
56116	PCDH3
56117	CNRS1
56118	PCDHGC
56119	PCDHAC
56120	PCDH-PSI3
56121	PCDH-BETA15
56122	PCDH-BETA14
56123	PCDH-BETA13
56124	PCDH-BETA12
56125	PCDH-BETA11
56127	PCDH-BETA9
56127	PCDH3H
56128	PCDH-BETA8
56128	PCDH3I
56129	PCDH-BETA7
56130	PCDH-BETA6
56131	PCDH-BETA4
56132	PCDH-BETA3
56133	PCDH-BETA2
56134	PCDH-ALPHA-C2
56136	CNR5
56136	CNRN5
56136	CNRS5
56136	CRNR5
56136	PCDH-ALPHA13
56137	PCDH-ALPHA12
56138	CNR7
56138	CNRN7
56138	CNRS7
56138	CRNR7
56138	PCDH-ALPHA11
56139	CNR8
56139	CNRN8
56139	CNRS8
56139	CRNR8
56139	PCDH-ALPHA10
56141	CNR4
56141	CNRS4
56141	CRNR4
56142	CNRS2
56142	CRNR2
56142	PCDH-ALPHA6
56143	CNR6
56143	CNRN6
56143	CNRS6
56143	CRNR6
56143	PCDH-ALPHA5
56144	CNRN1
56144	CRNR1
56144	PCDH-ALPHA4
56145	PCDH-ALPHA3
56154	CT42
56155	CT113
56155	SgK307
56156	TGC3B
56156	TSGA5
56159	MZIP4
56159	Spo22
56159	TGC1
56159	TSGA3
56159	ZIP4H
56160	HCA4
56160	MAGEG1
56160	MAGEL3
56160	NDNL2
56160	NSE3
56163	FLJ11045
56163	Mmip-2
56163	SPATA23
56163	TDRD4
56164	SgK396
56164	TDRD8
56165	CT41.1
56169	MLZE
56171	KIAA0944
56172	CCAL2
56172	CMDJ
56172	CPPDD
56172	HANK
56172	SLC62A1
56180	dJ473B4
56181	FAM54B
56204	FAM214A
56204	FLJ10980
56204	KIAA1370
56241	BK65A6.2
56241	FLJ22778
56241	W5C5
56242	BMZF-1
56242	FLJ90391
56242	ZNF411
56243	DKFZP761L0424
56243	ETL4
56243	SKT
56244	BTL-II
56244	BTN7
56244	HSBLMHC1
56245	C21orf120
56245	C21orf62
56245	CU062
56245	PRED81
56246	B27
56246	C21orf61
56246	FALP
56246	MRAP1
56252	C14orf170
56252	PPP1R169
56252	ZAP
56253	CD355
56254	BRE1
56254	BRE1A
56254	FLJ11189
56254	FLJ20382
56254	KAIA2779
56254	hBRE1
56255	DJ971N18.2
56255	KIAA1162
56255	PDIA14
56255	TXNDC13
56256	DJ667H12.2
56257	BCDIN3
56257	FLJ20257
56259	C20orf33
56259	FLJ21108
56259	NAP
56259	NYD-SP19
56259	P14L
56260	FLJ11267
56261	GDE5
56261	GDPD6
56261	KIAA1434
56262	FLJ10337
56262	KIAA1437
56262	LRRC8
56262	SWELL1
56265	CPX-1
56265	CPX1
56265	CPXM
56267	CCBL2
56267	KAT3
56267	KATIII
56267	RP11-82K18.3
56269	CINEMA
56269	IRGC1
56269	Iigp5
56270	WDR45L
56270	WIPI3
56271	BEXL1
56271	FLJ10097
56286	DAD-R
56286	DAD1L
56287	AMP18
56287	BRICD1
56288	Baz
56288	Bazooka
56288	PARD3A
56288	PPP1R118
56300	IL-1F9
56300	IL-1H1
56300	IL-1RP2
56300	IL1E
56300	IL1F9
56300	IL1H1
56301	asc-1
56302	CaT2
56302	ECAC1
56311	TSA806
56339	M6A
56339	MT-A70
56339	Spo8
56341	HRMT1L4
56342	BXDC3
56342	SSF
56342	SSF1
56342	SSF2
56344	CaBP3
56413	BLT2
56413	BLTR2
56413	JULF2
56474	GATD5B
56475	FLJ90327
56475	REPRIMO
56476	ABCB10P
56476	ABCB10P2
56476	MABC2
56477	CCK1
56477	MEC
56477	SCYA28
56478	2610509L04Rik
56478	4E-T
56478	Clast4
56478	FLJ21601
56479	Kv7.5
56547	MGC126590
56547	MGC126592
56547	endometase
56548	C6ST-2
56548	C6ST2
56603	P450RAI-2
56604	TUBB4Q
56605	ERO1-L(beta)
56605	ERO1LB
56605	Ero1beta
56606	GLUTX
56606	Glut9
56606	URATv1
56616	DFNA64
56616	DIABLO-S
56616	FLJ10537
56616	FLJ25049
56616	SMAC
56623	CORS1
56623	JBTS1
56623	PPI5PIV
56623	pharbin
56647	BCCIPalpha
56647	TOK-1
56649	MT-SP2
56650	C3orf4
56650	Z38
56651	C18orf2
56652	C10orf2
56652	FLJ21832
56652	IOSCA
56652	PEO
56652	PEO1
56652	TWINKLE
56652	TWINL
56654	CAB-
56654	CAB1
56654	DKFZp586J0523
56658	RNF23
56659	K2p13.1
56659	THIK-1
56659	THIK1
56660	K2p12.1
56660	THIK-2
56660	THIK2
56662	HVG3
56662	VAULTRC3
56662	VR3
56662	hvg-3
56663	HVG2
56663	VAULTRC2
56663	VR2
56663	hvg-2
56664	HVG1
56664	VAULTRC1
56664	hvg-1
56664	vRNA
56666	PX2
56666	hPANX2
56667	DRCC1
56670	GPR91
56672	BCA3
56672	C11orf17
56674	C11orf15
56675	C11orf14
56676	HASH3
56676	Sgn1
56676	bHLHa42
56677	FABP3-ps
56677	FABP3P
56681	SARA1
56681	Sara
56683	C21orf48
56683	C21orf59
56683	CILD26
56683	DNAAF16
56683	FBB18
56683	FLJ20467
56683	Kur
56704	JP-1
56704	JP1
56729	ADSF
56729	FIZZ3
56729	RETN1
56731	GEF
56731	HDBP1
56731	Si-1-2
56731	Si-1-2-19
56829	ARTD13
56829	FLB6421
56829	FLJ13288
56829	MGC48898
56829	PARP13
56829	ZC3H2
56829	ZC3HDC2
56833	BLAME
56833	CD353
56833	SBBI42
56834	GPR137A
56834	TM7SF1L1
56849	MGC23947
56849	WEX5
56850	DKFZp434P0630
56850	GRASP-1
56850	GRASP1
56850	KIAA1167
56850	MPMGp800B12492Q3
56851	C15orf24
56852	RNF73
56853	BRUNOL4
56882	SCIP1
56882	SPEC1
56884	DKFZp566D234
56884	KIAA1263
56886	HUGT1
56886	UGCGL1
56888	DEBT91
56888	DKFZP434L1021
56888	PCMF
56888	ZZZ1
56889	SMBP
56891	CLC2
56891	PPL13
56892	C8orf4
56892	TC-1
56892	TC1
56892	hTC-1
56893	A1U
56893	C1orf6
56893	CIP75
56893	UBIN
56894	LPAAT-gamma
56894	LPAAT3
56894	LPLAT3
56895	LPAAT-delta
56895	LPAAT4
56895	LPLAT4
56895	dJ473J16.2
56896	CRAM
56896	CRMP-5
56896	CRMP5
56896	CV2
56896	Ulip6
56897	CFAP93
56897	FAP93
56897	FLJ22526
56897	WHIP
56897	bA420G6.2
56898	DHRS6
56898	FLJ13261
56898	PRO20933
56898	SDR15C1
56898	UCPA-OR
56898	UNQ6308
56899	AIDA-1
56899	ANKS2
56899	EB-1
56899	cajalin-2
56900	AD-020
56900	C1orf119
56900	FLJ90710
56901	FLJ26118
56901	MISTRH
56901	NDUFA4L2
56901	NUOMS
56902	KHRBP1
56902	RRP20
56903	PAPT
56904	KIAA1848
56905	DKFZP434H132
56905	FLJ46337
56907	KIAA1135
56907	spir-1
56910	GTT1
56911	C21orf7
56911	TAK1L
56911	TAKL
56911	TAKL-1
56911	TAKL-2
56911	TAKL-4
56912	C11orf60
56912	CFAP32
56912	FAP32
56912	FLJ21827
56913	C1GALT
56913	T-synthase
56914	FDP
56914	MIAL
56914	MIAL1
56915	MGC12901
56915	RRP41B
56915	RRP46
56915	Rrp46p
56915	hRrp46p
56915	p12B
56916	DKFZp762K2015
56916	KIAA1122
56917	DKFZp547H236
56917	MRG2
56918	C2orf83
56918	DKFZp547H025
56919	DDX33
56919	DKFZp762F2011
56919	FLJ21972
56920	FLJ00014
56920	sem2
56922	MCCA
56922	MCCCα
56923	NMU2R
56926	NET59
56926	NICALIN
56927	LUSTR2
56928	KIAA1532
56928	PSL1
56929	EUROIMAGE686608
56929	EUROIMAGE783647
56929	KIAA1785
56931	DUS3
56931	FLJ13896
56934	CA-RPX
56934	CARPX
56934	HUCEP-15
56935	C11orf75
56935	FN5
56936	C14orf162
56936	PLPL
56937	TMEPAI
56938	ARNTL2
56938	CLIF
56938	MOP9
56938	PASD9
56938	bHLHe6
56940	JKAP
56940	JSP1
56940	MKPX
56940	VHX
56941	C3orf37
56941	DC12
56941	SRAPD1
56942	C16orf61
56942	DC13
56942	MGC45036
56943	DC6
56943	FLJ20480
56943	Sus1
56944	HNOEL-iso
56944	OLF44
56945	C3orf5
56945	GIBT
56945	GK002
56945	MRP-S22
56945	mS22
56946	C11orf30
56947	C2orf33
56947	GL004
56948	C14orf124
56948	HCDI
56949	HCRN
56949	NTC90
56949	SYF1
56950	HSKM-B
56950	KMT3C
56950	ZMYND14
56951	HTGN29
56951	KCT2
56952	HHGP
56953	dNT-2
56953	dNT2
56953	mdN
56957	CEZANNE
56957	ZA20D1
56963	RGM
56964	C1d-87
56964	CFAP297
56964	FAP297
56965	ARTD17
56965	pART17
56967	C14orf88
56969	DKFZp547I014
56970	DKFZp761G2113
56971	CEAL1
56975	DKFZp547D065
56975	DMP4
56975	G-CK
56975	IMAGE:4942737
56977	DKFZp762K222
56978	KMT8D
56979	KMT8B
56979	MSBP3
56979	Meisetz
56979	PFM6
56979	ZNF899
56980	KIAA1231
56980	MGC131802
56980	PFM7
56981	PFM8
56983	9630046K23Rik
56983	C3orf9
56983	KDELCL1
56983	KTELC1
56983	MDS010
56983	MDSRP
56983	MGC32995
56983	Rumi
56983	hCLP46
56984	CLAST3
56984	HCCA3
56984	HsT1707
56984	MDS003
56984	MGC15092
56984	PAC2
56984	TNFSF5IP1
56985	C17orf48
56985	MDS006
56986	MDS009
56986	MGC111207
56987	HBP2
56987	HSPC339
56987	MDS001
56990	FLJ21967
56990	SPEC2
56992	HKLP2
56992	KNSL7
56992	NY-BR-62
56993	TOM22
56995	KIAA1397
56995	TUSP
56996	CIP1
56997	ADCK3
56997	CABC1
56997	COQ8
56997	SCAR9
56998	ICAT
56998	MGC15093
56999	KIAA1312
57000	C9orf31
57000	MOST2
57001	ACN9
57001	DC11
57001	LYRM10
57001	Sdh7
57002	C7orf36
57002	CIAB2
57002	GK003
57002	YAE1D1
57003	GK001
57007	CMKOR1
57007	CXCR7
57007	GPR159
57007	RDC1
57008	RLFP
57010	CSNB2B
57016	AKR1B11
57016	AKR1B12
57016	ALDRLn
57016	ARL-1
57016	HSI
57017	C16orf49
57017	DKFZP434K046
57018	ania-6a
57019	CIAE2
57020	C16orf62
57020	MGC16824
57026	CIN
57026	FLJ32703
57026	dJ37E16.5
57030	BNPI
57030	VGLUT1
57035	C1orf63
57035	DJ465N24.2.1
57037	DKFZP564O043
57037	ZMYND20
57038	DALRD2
57038	MGC14993
57038	MGC23778
57038	PRO1992
57038	RARSL
57038	dJ382I10.6
57050	CRLZ1
57050	DKFZp761F222
57050	FLJ23256
57050	SAS10
57055	MGC126442
57055	pDP1678
57060	LIP4
57060	MCG10
57061	NCRNA00020
57082	AF15Q14
57082	CASC5
57082	CT29
57082	D40
57082	KIAA1570
57082	MCPH4
57082	PPP1R55
57082	Spc7
57082	hKNL-1
57082	hSpc105
57084	DNPI
57084	VGLUT2
57085	ATRAP
57089	FLJ30978
57089	LALP1
57091	C20orf32
57091	HEFL
57091	HEPL
57093	RNF18
57093	TRIM49A
57094	CPAH
57095	C1orf128
57095	HT014
57095	TXNL1CL
57096	CORD13
57096	LCA6
57096	RGI1
57096	RPGRIP
57097	ARTD11
57097	C12orf6
57099	PDCD12
57101	C12orf3
57101	TMEM16B
57102	C12orf4
57102	Fy-3
57103	C12orf5
57104	ATGL
57104	FP17548
57104	TTS-2.2
57104	desnutrin
57104	iPLA2zeta
57105	CYSLT2R
57105	CysLT(2)
57106	KLP1
57107	C6orf210
57107	COQ1B
57107	bA59I9.3
57108	SET07p
57108	SETD8P1
57109	XPMC2H
57109	hPMC2
57110	A-C1
57110	H-REV107
57110	HRASLS
57110	HRASLS1
57110	PLA/AT1
57110	PLAAT-1
57111	CATX-8
57115	PGLYRPIbeta
57115	PGRP-Ibeta
57115	PGRPIB
57115	SBBI67
57116	SBZF3
57117	INT12
57117	PHF22
57117	SBBI22
57118	CKLiK
57119	CT71
57119	EPPIN1
57119	EPPIN2
57119	EPPIN3
57119	SPINLW1
57119	WAP7
57119	WFDC7
57119	dJ461P17.2
57120	FIG
57120	GOPC1
57120	PIST
57120	dJ94G16.2
57121	GPR92
57121	GPR93
57121	KPG_010
57121	LPA5
57122	NUP84
57124	CD164L1
57124	TEM1
57125	TEM3
57125	TEM7
57126	HNA2A
57126	NB1
57126	PRV1
57127	SLC42A2
57128	C6orf149
57128	CGI-203
57128	ISD11
57129	CGI-204
57129	NCM1
57129	uL29m
57130	ATP13A
57130	CGI-152
57130	FLJ31858
57130	KIAA1825
57132	CHMP1.5
57132	Vps46B
57134	HMIC
57136	BSCv
57136	C20orf3
57139	FLJ32585
57142	ASY
57142	KIAA0886
57142	NOGO
57142	NOGOA
57142	NOGOB
57142	NOGOC
57142	NSP-CL
57143	FLJ39600
57144	KIAA1264
57144	PAK7
57146	TMEM159
57146	promethin
57147	PACE-1
57147	PACE1
57148	DKFZp781M2411
57148	KIAA1219
57148	RalGAPbeta
57149	A211C6.1
57150	C6orf162
57150	DKFZP586E1923
57150	dJ102H19.2
57151	LYC1
57151	PRO1485
57151	TKAL754
57152	ANUP
57152	ARS
57152	ArsB
57152	LY6-MT
57152	LY6LS
57152	MDM
57153	CTL2
57154	KIAA1625
57156	C14orf171
57156	CSC1
57156	DKFZp434P0111
57156	hsCSC1
57157	DKFZp434D166
57158	JP-2
57158	JP2
57159	MURF
57159	MURF-3
57159	RNF30
57160	TBX23
57165	CX46.6
57165	CX47
57165	GJA12
57165	SPG44
57167	ZNF797
57167	dJ1112F19.1
57168	FLJ39838
57169	FLJ11277
57169	KIAA1404
57171	LSFR2
57172	CLICKIII
57172	dJ272L16.1
57175	coronin-2
57176	DKFZP434L1435
57176	G7a
57176	KIAA1885
57176	VARS2L
57176	VARSL
57178	FLJ13541
57178	KIAA1224
57178	MIZ
57178	RAI17
57178	RP11-519K18.1
57178	Zimp10
57178	hZIMP10
57179	FLJ21022
57179	p33MONOX
57179	p60MONOX
57180	ARP11
57180	ARP3beta
57181	DKFZp564L2123
57181	FLJ90515
57181	KIAA1265
57181	ZIP10
57182	KIAA1223
57184	C15orf17
57184	FLJ00005
57185	DJ462O23.2
57185	NPAL3
57185	SLC57A5
57186	AS250
57186	C20orf74
57186	KIAA1272
57186	RapGAPalpha2
57186	dJ1049G11.4
57187	CXorf3
57187	MRX12
57187	MRX35
57187	THO2
57187	dJ506G2.1
57188	KIAA1233
57188	punctin-2
57189	KIAA1147
57189	LCHN
57190	MDRS1
57190	RSMD1
57190	RSS
57190	SELN
57190	SEPN1
57191	V1RL1
57191	VNR19I1
57191	ZVNH1
57191	ZVNR1
57192	ML4
57192	MLIV
57192	MST080
57192	MSTP080
57192	TRPM-L1
57192	TRPML1
57194	ATP10C
57194	ATPVA
57194	ATPVC
57194	KIAA0566
57198	ATPID
57198	KIAA1137
57205	ATPVD
57205	KIAA1487
57209	bA162G10.3
57210	KIAA1126
57211	FLJ14937
57211	GPR126
57212	KIAA0495
57212	PDAM
57212	TP73-AS1
57213	C13orf1
57213	CLLD6
57214	CEMIP1
57214	HYBID
57214	IR2155535
57214	KIAA1199
57214	TMEM2L
57215	CTG-B43a
57215	CTG-B45d
57215	HRIHFB2206
57215	RONIN
57216	KIAA1215
57216	LTAP
57216	MGC119403
57216	MGC119404
57216	STB1
57216	STBM
57216	STBM1
57217	KIAA1140
57217	TTC7
57221	BIG3
57221	C6orf92
57221	KIAA1244
57221	PPP1R33
57221	dJ171N11.1
57222	ERGIC-32
57222	ERGIC32
57222	KIAA1181
57222	NET24
57223	FLFL2
57223	FLJ31474
57223	KIAA1387
57223	PSY2
57223	SMEK2
57224	C6orf63
57224	KIAA1357
57224	bA43P8.1
57226	DJ122O8.2
57228	MGC149453
57228	MGC149454
57228	hSMAGP
57231	RGS-PX2
57232	BC037316
57232	FLJ20573
57232	MGC138344
57232	dJ54B20.2
57234	KIAA0493
57282	NBCn2
57282	NCBE
57291	AGU2
57291	KIAA0114
57291	SNHG13
57291	lncRNA-ANCR
57292	CD158F
57292	KIR2DL5
57292	KIR2DL5.1
57325	ATAC2
57325	CRP2BP
57325	CSRP2BP
57325	PRO1194
57325	dJ717M23.1
57332	HPC3
57332	RC1
57333	RLP49
57335	KIAA1874
57335	ZNF286
57336	ZKSCAN13
57336	ZSCAN45
57338	CAGL237
57338	HDL2
57338	JP-3
57338	JP3
57338	TNRC22
57369	CX36
57379	AID
57379	ARP2
57379	CDA2
57379	HIGM2
57380	MRS2L
57381	ARHJ
57381	FLJ14445
57381	RASL7B
57381	TCL
57393	NX17
57393	TMEM27
57402	BCMP84
57404	CYP-M
57405	AD024
57405	MGC22228
57405	SPBC25
57407	FLJ25918
57407	HSCARG
57407	SDR48A1
57408	HT017
57409	AD023
57409	MGC45027
57409	MIFD
57409	SLIP1
57410	GKLP
57410	HT019
57410	MGC78454
57410	NKTL
57410	NTKL
57410	P105
57410	TAPK
57410	TEIF
57412	CYT19
57414	NPD007
57414	RHBDL7
57415	C3orf14
57415	HT021
57418	Ipi3
57447	KIAA1248
57447	SYLD
57448	BRUCE
57449	ARHGEF45
57449	GEF720
57449	KIAA0720
57449	Syx
57449	Tech
57451	KIAA1127
57451	ODZ2
57451	TEN2
57451	Ten-M2
57452	GALNTL1
57452	GalNAc-T16
57452	KIAA1130
57453	KIAA1132
57455	EloA-BP1
57455	KIAA1138
57455	TCEB3BP1
57458	KIAA1145
57459	P66beta
57460	ARHCL1
57460	FLJ13253
57460	KIAA1157
57460	NERPP-2C
57461	KIAA1160
57461	fSAP33
57462	KIAA1161
57462	NET37
57463	AMIGO
57463	KIAA1163
57464	FAM40B
57464	FAR11B
57464	KIAA1170
57465	DFNA65
57465	DFNB86
57465	KIAA1171
57465	TLDC6
57466	DKFZp434E098
57466	KIAA1172
57466	SFRS15
57466	SRA4
57467	C3orf3
57467	GUP1
57467	KIAA1173
57467	MBOAT3
57467	MSTP002
57467	OACT3
57468	KCC2
57468	KIAA1176
57468	hKCC2
57469	KIAA1183
57469	PNMAL2
57470	KIAA1185
57470	RP1-286D6.3
57471	ERMIN
57471	JN
57471	KIAA1189
57472	Ccr4a
57472	KIAA1194
57473	GM632
57473	MGC149845
57473	MGC149846
57474	KIAA1198
57475	KIAA1200
57476	KIAA1201
57476	LINC01059
57477	KIAA1202
57477	SHAP
57477	Shrm4
57478	KIAA1203
57479	KIAA1205
57480	ARHGEF41
57480	KIAA1209
57482	CRAD
57482	KIAA1211
57484	KIAA1214
57486	AGTBP
57486	KIAA1226
57488	CHR2SYT
57488	FAM62B
57488	KIAA1228
57489	KIAA1229
57491	AHH
57491	AHHR
57491	KIAA1234
57491	bHLHe77
57492	6A3-5
57492	BAF250b
57492	DAN15
57492	ELD/OSA1
57492	KIAA1235
57492	SMARCF2
57492	p250R
57493	HEG
57493	KIAA1237
57494	FAM80B
57494	KIAA1238
57494	NAAGS
57494	NAAGS-I
57495	KIAA1239
57496	FLJ31823
57496	MKL2
57496	MRTF-B
57497	FIGLER2
57497	KIAA1246
57497	SALM1
57498	ARMS
57501	FAP92
57501	FLJ43738
57501	KIAA1257
57502	HLNX
57502	KIAA1260
57502	NLGN
57502	NLGN4
57504	KIAA1266
57505	AARSL
57505	KIAA1270
57505	bA444E17.1
57506	Cardif
57506	IPS-1
57506	KIAA1271
57506	VISA
57507	DKFZp434M098
57507	KIAA1281
57507	NY-REN-36
57508	KIAA1287
57509	ATBP
57509	ATIP1
57509	ATIP3
57509	DKFZp586D1519
57509	FLJ14295
57509	ICIS
57509	KIAA1288
57509	MP44
57509	MTSG1
57510	KIAA1291
57511	COD2
57511	KIAA1134
57512	KIAA1136
57513	ANKS5B
57513	FLJ21609
57513	KIAA1139
57514	CDGAP
57515	KIAA1253
57515	TDE1L
57515	TDE2
57515	TMS-2
57519	KIAA1300
57519	KIF16A
57520	KIAA1301
57520	NEDL2
57521	KIAA1303
57521	KOG1
57521	Mip1
57521	raptor
57522	ARHGAP13
57522	KIAA1304
57523	CGIN1
57523	FLJ11811
57523	KIAA1305
57524	ANKS5A
57524	KIAA1306
57526	EFMR
57526	EIEE9
57526	KIAA1313
57528	KIAA1317
57529	KIAA1318
57529	Mar9
57529	Mart9
57529	RGAG1
57529	SIRH10
57530	KIAA1319
57531	KIAA1320
57532	182-FIP
57532	82-FIP
57532	FIP-82
57532	KIAA1321
57532	MGC117262
57532	NUFP2
57533	KIAA1322
57534	DIP-1
57534	KIAA1323
57534	MIB
57534	ZZANK2
57534	ZZZ6
57535	EIG121
57535	KIAA1324
57535	maba1
57537	KIAA1329
57538	KIAA1330
57538	Midori
57539	CFAP118
57539	FAP118
57539	IFT121
57539	IFTA1
57539	KIAA1336
57539	MGC33196
57540	KIAA1337
57540	PTCHD2
57541	KIAA1339
57541	P51
57541	P71
57541	ZER6
57542	Ctb9
57542	KIAA1340
57542	KLHDC5
57544	KIAA1344
57545	JBTS9
57545	KIAA1345
57545	MKS6
57546	KIAA1348
57546	PPM2B
57546	PPM2C2
57547	KIAA1349
57549	IGSF9A
57549	KIAA1355
57549	Nrt1
57551	FLJ14314
57551	KIAA1361
57551	MAP3K16
57551	MARKK
57551	PSK2
57551	TAO1
57551	hKFC-B
57551	hTAOK1
57552	AADACL1
57552	KIAA1363
57552	NCEH
57553	KIAA0819
57554	KIAA1365
57554	densin-180
57555	KIAA1366
57556	HT018
57556	KIAA1368
57556	SEMA
57556	SEMA6A1
57556	SEMAQ
57558	KIAA1372
57559	ALMalpha
57559	AMSH-FP
57559	AMSH-LP
57559	FLJ31524
57559	KIAA1373
57559	bA399O19.2
57560	CFAP167
57560	FAP167
57560	KIAA1374
57560	WDR56
57561	KIAA1376
57561	TLIMP
57562	KIAA1377
57563	KIAA1378
57565	KIAA1384
57567	KIAA1388
57567	Zfp319
57568	KIAA1389
57568	SPAR2
57569	KIAA1391
57570	KIAA1393
57570	TRM5
57571	ATPGD1
57571	KIAA1394
57572	KIAA1395
57572	ZIR1
57573	KIAA1396
57573	Z1971
57573	Zfp78
57574	KIAA1399
57574	MARCH-IV
57574	MARCH4
57574	RNF174
57575	KIAA1400
57575	OL-PCDH
57576	KIAA1405
57576	KIF17B
57576	KIF3X
57576	KLP-2
57576	OSM-3
57577	KIAA1407
57578	KIAA1409
57579	FLJ20176
57579	KIAA1411
57580	KIAA1415
57580	P-REX1
57582	KCa4.1
57582	KIAA1422
57582	SLACK
57582	Slo2.2
57583	GPR178
57583	KIAA1423
57584	KIAA1424
57585	CRAMP1L
57586	KIAA1427
57587	DKFZp434F1728
57587	KIAA1430
57587	hmw
57589	KIAA1432
57589	bA207C16.1
57590	FENS-1
57590	KIAA1435
57590	WDF1
57590	ZFYVE17
57591	BSAC
57591	KIAA1438
57591	MKL
57591	MKL1
57591	MRTF-A
57592	KIAA1441
57593	COE4
57593	KIAA1442
57593	O/E-4
57593	RP5-860F19.3
57594	KIAA1443
57595	FLJ34125
57595	KIAA1444
57595	LNX5
57595	LU1
57595	PDZK4
57595	PDZRN4L
57596	KIAA1446
57597	BAHD2
57597	KIAA1447
57599	Bun62
57599	KIAA1449
57599	P80
57599	SPG60
57600	FNIPL
57600	KIAA1450
57600	MAPO1
57602	FLJ12851
57602	KIAA1453
57604	C8orf79
57604	FLJ36980
57604	KIAA1456
57604	TRM9L
57604	hTRM9L
57605	NIR3
57605	RDGB2
57605	RDGBA2
57606	FLJ21611
57606	KIAA1458
57608	KIAA1462
57609	FLJ34278
57609	KIAA1463
57610	KIAA1464
57611	KIAA1465
57612	KIAA1466
57613	KIAA1467
57614	FLJ33841
57614	HsT3308
57614	HsT885
57614	KIAA1468
57615	KIAA1473
57615	ZNF115
57616	KIAA1474
57616	TSH3
57616	ZNF537
57617	KIAA1475
57617	PEP3
57619	APXL3
57619	KIAA1481
57619	SHRM
57619	ShrmL
57621	KIAA1483
57621	ZNF437
57621	bA351K16.2
57622	KIAA1484
57622	SALM2
57623	KIAA1485
57623	ZFAT1
57623	ZNF406
57624	KIAA1486
57626	FLJ30047
57626	KIAA1490
57628	DPL2
57628	DPPY
57628	DPRP3
57630	KIAA1494
57630	POSH
57630	RNF142
57630	SH3MD2
57631	KIAA1495
57633	FIGLER3
57634	CAGH32
57634	DKFZP434I225
57634	KIAA1498
57634	KIAA1818
57634	P400
57634	TNRC12
57636	KIAA1501
57639	KIAA1505
57639	MBO2
57642	KIAA1510
57643	KIAA1511
57644	KIAA1512
57644	MHC14
57644	dJ756N5.1
57644	lncMYH7b
57645	BASS2
57645	KIAA15131
57645	KRBOX2
57645	LST003
57646	KIAA1515
57647	DDX37
57647	Dhr1
57647	KIAA1517
57647	MGC2695
57647	MGC4322
57648	KIAA1522
57649	KIAA1523
57649	PF1
57650	KIAA1524
57654	KIAA1530
57655	FLJ90346
57655	KIAA1533
57657	KIAA1535
57658	Cocoa
57658	KIAA1536
57658	calphoglin
57659	KAISO-L1
57659	KIAA1538
57659	ZNF903
57661	KIAA1542
57661	PPP1R125
57661	RNF221
57662	KIAA1543
57662	Nezha
57662	PPP1R80
57664	PEPP1
57665	SDR7C4
57666	KIAA1545
57669	BE37
57669	FLJ12957
57669	KIAA1548
57669	LULU
57669	LULU1
57669	YMO1
57669	YRT
57673	KIAA1553
57674	ALO17
57674	C17orf27
57674	KIAA1554
57674	KIAA1618
57674	MYMY2
57674	NET57
57677	KIAA1559
57677	ZNF531
57678	GPAT1
57678	KIAA1560
57678	MGC26846
57679	ALS2CR6
57680	DUPLIN
57680	HELSNF1
57680	KIAA1564
57683	FLJ45338
57683	KIAA1571
57684	ZNF481
57685	KIAA1573
57685	VWCD1
57687	KIAA1576
57688	KIAA1577
57689	KIAA1580
57689	NGL-1
57690	FLJ20015
57690	KIAA1582
57692	DAMAGE
57692	KIAA1587
57695	KIAA1594
57696	KIAA1595
57697	FAAP250
57697	KIAA1596
57698	KIAA1598
57698	shootin-1
57698	shootin1
57699	COPN5
57699	CPN5
57699	KIAA1599
57700	FAM160B1
57700	KIAA1600
57700	bA106M7.3
57701	KIAA1602
57703	EIF4GL
57703	KIAA1604
57703	NCM
57703	fSAPb
57704	AD035
57704	DKFZp762K054
57704	KIAA1605
57704	SPG46
57705	C10orf64
57705	Em:AC060234.3
57705	FLJ45748
57705	KIAA1607
57706	FAM31A
57706	FLJ21129
57706	KIAA1608
57707	KIAA1609
57707	TLDC1
57707	mEAK-7
57708	KIAA1610
57708	MI-ER1
57708	hMI-ER1
57709	KIAA1613
57709	PPP1R142
57711	KIAA1615
57713	KIAA1617
57715	FLJ20590
57715	KIAA1619
57716	KIAA1620
57717	KIAA1621
57717	PCDH-BETA16
57717	PCDH3X
57717	PCDHB8a
57718	CFAP14
57718	KIAA1622
57718	PP4R4
57719	KIAA1623
57719	TMEM16H
57720	FLJ20998
57720	KIAA1624
57720	LUSTR1
57720	RP11-88G17
57721	KIAA1627
57722	LOC57722
57722	NOPE
57724	KIAA1632
57724	hEPG5
57727	bA465L10.6
57728	CFAP66
57728	DYF-2
57728	FAP66
57728	FLJ23127
57728	IFT144
57728	KIAA1638
57728	NPHP13
57728	ORF26
57728	Oseg6
57728	Pwdmp
57730	FLJ21281
57730	KIAA1641
57731	KIAA1642
57731	SPTBN3
57732	KIAA1643
57732	lst-2
57733	CBGL1
57733	KLrP
57758	Cegb1
57758	Cegf1
57758	FLJ16792
57761	C20orf97
57761	SINK
57761	dJ1103G7.3
57786	ZNF769
57787	FLJ90097
57787	KIAA1860
57787	MARKL1
57787	Nbla00650
57787	PAR-1D
57794	DKFZp434E2216
57794	F23858
57794	SF4
57795	DBCCR1L2
57795	FAM5B
57798	FLJ22489
57798	ODAG
57798	RG083M05.2
57799	RARL
57799	RASL8C
57801	bHLHb42
57804	POLDS
57805	DBC-1
57805	KIAA1967
57805	NET35
57817	HEPC
57817	HFE2B
57817	LEAP-1
57817	LEAP1
57818	IGRP
57819	C6orf28
57819	G7b
57819	YBL026W
57820	C14orf18
57820	HEI10
57821	C1orf114
57821	FLJ25846
57822	SOM
57822	TFCP2L4
57823	19A
57823	CD319
57823	CRACC
57823	CS1
57824	HB-1
57824	HB-1Y
57826	DKFZp313B211
57827	D6S53E
57827	G4
57828	C19orf15
57828	DKFZp434A1022
57828	FLJ46353
57829	ZP1B
57829	ZPB
57829	ZPB2
57830	KRTAP5.8
57830	UHSKerB
57835	NBC4
57862	APA-1
57862	APA1
57863	BIgR
57863	FLJ10698
57863	IGSF4B
57863	NECL1
57863	Necl-1
57863	SynCAM3
57863	TSLL1
57864	Ly110
57864	TSCOT
58155	PTBLP
58155	brPTB
58155	nPTB
58158	ATH-3
58158	Atoh3
58158	MATH-3
58158	bHLHa4
58160	NF-E4
58163	RBPSUHP4
58164	K2
58164	RBPSUHP3
58189	PS20
58190	NLIIF
58191	CXCLG16
58191	SR-PSOX
58191	SRPSOX
58472	CGI-44
58472	SQR
58472	SQRDL
58473	KPL1
58473	PHRET1
58475	CD20L4
58475	CFFM4
58476	C20orf110
58476	DKFZp434B2411
58476	DKFZp434O0827
58476	DOR
58476	FLJ21759
58476	FLJ23500
58476	PINH
58476	dJ1181N3.1
58477	APMCF1
58477	SR-beta
58478	mtnC
58480	ARHU
58480	CDC42L1
58480	DJ646B12.2
58480	FLJ10616
58480	WRCH-1
58480	WRCH1
58480	fJ646B12.2
58480	hG28K
58483	C9orf27
58483	EST-YD1
58484	CARD12
58484	CLAN1
58484	CLANA
58484	CLANB
58484	CLANC
58484	CLAND
58484	CLR2.1
58484	ipaf
58485	BET5
58485	MUM2
58486	Buster1
58487	ZF
58488	STARD2
58489	FAM108C1
58490	C20orf77
58490	CREPT
58490	DKFZp434P0735
58490	FLJ44520
58490	K-H
58490	Kub5-Hera
58490	NET60
58490	dJ1057B20.2
58491	Cos26
58491	EZFIT
58492	pT1
58493	C9orf80
58493	HSPC043
58493	MISE
58493	SOSS-C
58493	hSSBIP1
58494	C21orf43
58494	CD322
58494	JAM-2
58494	JAM-B
58494	JAMB
58494	VE-JAM
58495	CHED
58495	CHED1
58495	HOVO2
58495	ZNF339
58495	bA504H3.3
58496	C6orf19
58496	G5b
58497	DRES-17
58497	H-PRUNE
58497	HTCD37
58497	PRUNE
58498	MYL2A
58498	MYLC2A
58499	DKFZP762N2316
58499	KIAA1803
58499	Zfp462
58500	MGC9718
58500	ZFP647
58500	ZNF647
58503	BPLP
58503	PRL1
58503	PROL1
58504	RhoGAP2
58505	DC2
58506	FLJ00034
58506	SR-A1
58508	HALR
58508	KIAA1506
58508	MLL3
58509	C19orf29
58509	NY-REN-24
58509	fSAPc
58510	HSPOX1
58511	DLAD
58512	SAPAP3
58513	eps15R
58515	SELK
58516	C12orf14
58516	FAM60A
58516	TERA
58517	NET52
58517	RNPC7
58517	S164
58517	Snu71
58517	fSAP94
58524	DMRTA3
58525	ZNF803
58526	FLJ10386
58526	G12-like
58526	MIG12
58526	STRAIT11499
58526	THRSPL
58527	C6orf115
58527	Costars
58527	HSPC280
58527	PRO2013
58528	DKFZP761H171
58528	bA11D8.2.1
58529	CS-2
58529	FATZ
58529	MYOZ
58530	C6orf23
58530	G6D
58530	LY6-D
58530	MEGT1
58530	NG25
58538	DLG6
58985	CRF2-9
58985	IL22R
58986	M83
58986	TMEM6
58986	TMEM8
58986	TMEM8A
59067	Za11
59082	ICEBERG
59082	UNQ5804
59082	pseudo-ICE
59269	FLJ16752
59269	KBP-1
59269	KBP1
59269	KIAA1555
59269	KRC
59269	SHN3
59269	Schnurri-3
59269	ZAS3
59269	ZNF40C
59271	B19
59271	C21orf63
59271	C21orf64
59271	FAM176C
59271	PRED34
59272	ACEH
59274	MESDC1
59274	MGC99595
59307	IL-1R8
59307	TIR8
59335	PFM9
59336	PFM10
59338	TAPP1
59339	TAPP2
59340	AXOR35
59340	GPCR105
59340	GPRv53
59340	H4R
59340	HH4R
59341	CMT2C
59341	OTRPC4
59341	TRP12
59341	VR-OAC
59341	VRL-2
59341	VROAC
59342	RISC
59343	AXAM2
59343	DKFZp762A2316
59343	KIAA1331
59343	SMT3IP2
59344	E-LOX
59344	eLOX3
59347	FKSG2
59348	ZBRK1
59348	ZFQR
59349	C3IP1
59350	LGR7
59350	RXFPR1
59351	UC28
59351	UROC28
59352	FLJ14471
59353	FLJ14084
59353	NACHO
59353	TMEM35
59353	TUF-1
60312	AFAP
60312	AFAP-110
60313	SP192
60314	C12orf10
60314	Gamm1
60314	MYG
60343	2-19
60343	DXS560S
60343	XAP-7
60358	ERVK5
60358	HERV-K(II)
60359	ERVK4
60359	HERV-K(I)
60370	PP5395
60370	VIP32
60370	VIT32
60385	PPP1R161
60385	TSSKS
60386	DNC
60386	MCPHA
60386	MUP1
60386	TPC
60401	EDA-A2R
60401	EDAA2R
60401	TNFRSF27
60401	XEDAR
60412	KIAA1699
60412	MGC27170
60412	SEC8
60412	SEC8L1
60412	Sec8p
60437	VR20
60439	TTY2
60439	lINC00109
60467	NCRNA00187
60468	BTBD25
60481	HELO1
60481	SCA38
60481	dJ483K16.1
60482	CHT1
60482	ChT
60482	hCHT
60484	BRAL1
60485	WW45
60485	WWP4
60485	salvador
60487	C6orf75
60487	MDS024
60487	TRM11
60487	TRMT11-1
60487	dJ187J11.2
60488	MDS023
60488	mS35
60489	CEM15
60489	FLJ12740
60489	MDS019
60489	bK150C2.7
60489	dJ494G10.1
60490	FLJ14585
60490	MDS018
60491	ALS2CR1
60491	CALS-7
60491	MDS015
60492	MDS011
60492	MDS025
60493	FLJ13149
60494	FLJ16339
60494	FLJ23514
60495	HPA2
60495	HPR2
60495	UFS
60496	AASD-PPT
60496	ACPS
60496	CGI-80
60496	LYS5
60506	CLRP
60506	CSNB1
60506	CSNB1A
60506	CSNB4
60509	CCP5
60509	FLJ21839
60526	C2orf43
60526	FLJ21820
60528	FLJ10530
60528	HPC2
60529	FPP
60529	KIAA1788
60529	PFM
60529	PFM2
60558	FLJ13220
60559	FLJ22649
60559	PRO3567
60559	SPC22/23
60559	YLR066W
60560	FLJ21613
60560	FLJ22643
60560	MAK10
60560	bA379P1.1
60561	FLJ11785
60561	RINT-1
60592	HRIHFB2072
60592	SCOCO
60592	UNC-69
60598	K2p15.1
60598	KCNK11
60598	KCNK14
60598	KIAA0237
60598	KT3.3
60598	TASK-5
60598	TASK5
60598	dJ781B1.1
60625	C20orf15
60625	DDX35
60625	FLJ22759
60625	KAIA0875
60626	synembryn
60626	synembryn-A
60672	FLJ12438
60672	IIp45
60673	C12orf44
60673	FLJ11773
60674	NCRNA00030
60674	SNHG2
60675	BV8
60675	KAL4
60675	MIT1
60675	PK2
60676	PAPP-A2
60676	PAPPE
60676	PLAC3
60677	BRUNOL6
60678	EFSEC
60678	SELB
60680	BRUNOL5
60681	FKBP65
60681	FLJ20683
60681	FLJ22041
60681	FLJ23833
60681	hFKBP65
60682	FLJ13159
60682	SMAP-1
60684	C4orf41
60684	FLJ12716
60684	foigr
60684	gry
60685	FLJ13222
60685	TEX27
60686	FLJ12154
60686	RTFC
63027	C6orf85
63027	FLJ22174
63035	BCoR-L1
63035	CXorf10
63035	FLJ11362
63036	ELA2A
63826	ILV1
63826	ISO1
63827	BEHAB
63827	CSPG7
63827	MGC13038
63874	FLJ12816
63875	MRP-L26
63875	RPML26
63875	bL17m
63877	C10orf84
63877	FLJ13188
63877	bA319I23.1
63891	FLJ12565
63891	KPC1
63892	ARMC13
63892	FLJ21877
63892	GITA
63892	KIAA1767
63892	Trm732
63893	E2-230K
63894	C14orf133
63894	SPE-39
63894	SPE39
63894	VIPAR
63894	VPS16B
63894	hSPE-39
63895	C18orf30
63895	C18orf58
63895	FAM38B
63895	FAM38B2
63895	FLJ23144
63895	FLJ23403
63895	FLJ34907
63895	HsT748
63895	HsT771
63897	FLJ22087
63898	FLJ20967
63898	PPP1R38
63898	SH2A
63899	FLJ22609
63901	FLJ22794
63901	KIAA1895
63905	dJ1141E15.2
63906	FLJ12455
63906	GPATC3
63908	SNAP-BETA
63908	SNAPB
63910	C20orf59
63910	FLJ23412
63910	VNUT
63914	C6orf164
63914	dJ102H19.4
63915	MUTED
63915	dJ303A1.3
63916	ELMO-2
63916	FLJ11656
63916	KIAA1834
63917	GalNAc-T11
63920	Buster3
63920	C5orf54
63920	ZBED8
63922	C16orf41
63922	C321D2.4
63922	CHL12
63922	Ctf18
63923	TNW
63924	CIDE-3
63924	FLJ20871
63924	Fsp27
63925	NIF-1
63925	bA465L10.2
63926	ANKRD5
63926	FLJ21669
63926	dJ839B4.6
63929	APP3
63929	ICP55
63929	NPHPL1
63931	HSMRPS14
63931	uS14m
63932	CXorf56
63932	FLJ22965
63933	C6orf79
63933	CCDC90A
63933	FLJ20958
63934	FLJ14011
63935	C20orf67
63935	CAPAM
63935	PPP1R121
63935	bA465L10.1
63939	C20orf177
63939	dJ551D2.5
63940	AGS4
63940	C6orf9
63940	G18
63940	G18.1a
63940	G18.1b
63940	G18.2
63940	NG1
63941	APBA2BP
63941	EFCBP3
63941	SYTIP2
63941	XB51
63941	dJ63M2.4
63941	dJ63M2.5
63943	DIR1
63943	NG7
63943	WISp39
63970	p53AIP1
63971	RBKIN
63971	bA500C11.2
63973	Atoh4
63973	Math4A
63973	NGN2
63973	bHLHa8
63973	ngn-2
63974	Atoh2
63974	Math-2
63974	NEX1M
63974	Nex1
63974	bHLHa2
63976	KIAA1675
63976	KMT8F
63976	MEL1
63976	MGC166915
63976	PFM13
63977	C21orf83
63977	ZNF298
63982	C11orf25
63982	DYT23
63982	GENX-3947
63982	TMEM16C
64002	LINC00071
64002	NCRNA00071
64002	PCAT9
64005	HA-2
64006	ERVK6
64006	HERV-K(C7)
64006	HERV-K(HML-2.HOM)
64006	HERV-K108
64006	envK2
64061	CDA1
64061	CTCL
64061	DENTT
64061	HRIHFB2216
64061	SE20-4
64061	TSPX
64062	ARRS2
64062	C13orf10
64062	FLJ20957
64062	PPP1R132
64062	PRO1777
64062	SE70-2
64062	ZC3H17
64063	BSSP-4
64063	SP001LA
64063	hBSSP-4
64064	FKSG25
64064	FLJ00030
64064	SCOT-T
64065	KCP1
64065	KRTCAP1
64065	PIGPC1
64065	THW
64065	dJ496H19.1
64067	MOP6
64067	PASD6
64067	bHLHe12
64072	CDHR23
64072	DFNB12
64072	USH1D
64073	H2RSP
64073	IMUP
64073	IMUP-1
64073	IMUP-2
64077	HDHD2B
64078	CNT3
64080	DKFZp686G13268
64080	RBSK
64081	FLJ14767
64081	MAWBP
64081	MAWDBP
64083	GOPP1
64083	GPP34
64083	MIDAS
64083	Vps74
64084	CDHR13
64084	CS2
64084	CSTN2
64084	FLJ39113
64087	MCCB
64087	MCCCβ
64090	GP3ST
64092	HACS1
64092	NASH1
64092	SASH2
64092	SH3D6B
64092	SLy2
64097	NBL4
64100	E12
64100	EDDM12
64100	HE12
64101	NAG14
64101	NGL-2
64102	BRICD4
64102	ChM1L
64102	TEM
64102	myodulin
64102	tendin
64105	CENP-K
64105	FKSG14
64105	SOLT
64106	GPR147
64106	NPFF1R1
64106	OT7T022
64108	IFRG28
64108	Z3CXXC4
64109	CRL2
64109	TSLPR
64111	C7orf9
64111	RFRP
64112	PNMA4
64114	LFG3
64114	PP1201
64114	RECS1
64115	B7H5
64115	C10orf54
64115	Dies1
64115	GI24
64115	PD-1H
64115	SISP1
64115	VISTA
64116	BIGM103
64116	ZIP-8
64116	ZIP8
64118	DUS1
64118	PP3111
64121	FLJ13311
64121	GTR2
64123	ELTD1
64123	ETL
64127	BLAU
64127	CARD15
64127	CD
64127	CLR16.3
64127	IBD1
64127	NLRC2
64127	PSORAS1
64129	LCN7
64129	LIECG3
64129	P3ECSL
64129	TINAGRP
64130	LIN-7B
64130	MALS-2
64130	VELI2
64131	PXYLT1
64131	XT-I
64132	PXYLT2
64132	XT-II
64135	Hlcd
64135	IDDM19
64135	MDA-5
64135	MDA5
64137	WHITE2
64145	ZFYVE20
64147	MGC104186
64149	NJMU-R1
64149	SRI2
64150	C14orf134
64150	DIO3-AS1
64150	NCRNA00041
64151	CAP-G
64151	FLJ12450
64151	YCG1
64151	hCAP-G
64167	L-RAP
64167	LRAP
64168	EFCBP1
64172	OSGEPL
64172	Qri7
64175	GROS1
64175	LEPRE1
64175	LEPRECAN
64175	MGC117314
64184	FAM12B
64184	HE3-BETA
64207	C14orf4
64207	KIAA1865
64208	MGC22671
64208	POP3
64208	bA355M14.1
64210	CIAO4
64210	MET18
64210	MMS19L
64210	hMMS19
64215	DNAJL1
64215	ERdj1
64215	MTJ1
64216	FLJ22661
64216	FLJ23182
64216	Hkp1
64218	CORD10
64218	FLJ12287
64218	SEMAB
64218	SemB
64219	FLJ11830
64219	PRAJA1
64219	RNF70
64220	FLJ12541
64220	SLC69A1
64221	FLJ21044
64221	HGPPS
64221	RBIG1
64222	ADIR
64222	ADIR2
64222	FLJ22345
64223	GBL
64223	GbetaL
64223	Lst8
64223	Pop3
64224	FLJ22313
64225	ARL6IP2
64225	atlastin2
64231	CD20L3
64231	MS4A6
64232	CD20L2
64240	STSL
64241	GBD4
64282	PAPD5
64282	TRF4-2
64282	TUT3
64283	RGNEF
64283	RIP2
64283	p190RhoGEF
64285	C16orf8
64285	Dist1
64285	EGFR-RS
64285	FLJ2235
64285	iRhom1
64288	ZNF310P
64288	ZNF323
64318	AD24
64318	C10orf117
64318	FAD24
64318	FLJ12820
64319	FBS
64319	FBS1
64319	FLJ11618
64320	AO7
64320	FLJ13906
64324	ARA267
64324	FLJ22263
64324	KMT3B
64324	STO
64326	CFAP78
64326	FAP78
64326	FLJ10416
64326	RFWD2
64326	RNF200
64327	ACHP
64327	C7orf2
64327	FLJ11665
64327	ZRS
64328	FLJ13046
64328	KIAA1721
64332	FLJ34463
64332	INAP
64332	MAIL
64333	10C
64333	MGC1295
64342	FLJ14249
64342	HS1-BP3
64343	AZ2
64343	FLJ21939
64344	IPAS
64344	MOP7
64344	PASD7
64344	bHLHe17
64359	FLJ12614
64359	NRX
64374	BAP
64374	MSS
64375	Eos
64375	ZNFN1A4
64376	FLJ22973
64376	Pegasus
64376	ZNFN1A5
64377	GALNAC4ST-1
64386	MMPL1
64386	MT6-MMP
64388	CKTSF1B2
64388	DAND3
64388	FLJ21195
64388	Prdc
64393	FLJ12296
64393	MGC10613
64393	PAG608
64393	WIG-1
64393	WIG1
64395	BTBD13
64395	FLJ13057
64395	GCL1
64395	SPATA29
64396	GMCL1L
64396	GMCL1P1
64397	SH3BP3
64397	ZFP106
64398	FLJ12615
64398	MPP5
64399	FLJ20992
64399	HIP
64400	FLJ13258
64400	FTS
64403	CDH11L
64405	C20orf25
64405	dJ998H6.1
64409	GALNTL3
64409	GalNAc-T17
64409	GalNAc-T19
64409	GalNAc-T5L
64409	WBSCR17
64409	ppGalNAc-T17
64410	ENC-2
64410	ENC2
64410	FLJ12587
64411	CENTD3
64411	DRAG1
64411	FLJ21065
64412	ZBTB23
64412	ZNF336
64412	dJ322G13.2
64417	C5orf28
64417	FLJ21657
64418	DKFZp564C012
64418	FLJ13576
64419	C3orf29
64419	FLJ22405
64419	FLJ90311
64419	hEDTP
64419	hJumpy
64420	DKFZP761E1824
64421	A-SCID
64421	ARTEMIS
64421	FLJ11360
64421	SCIDA
64421	SNM1C
64422	APG3L
64422	DKFZp564M1178
64422	FLJ22125
64422	MGC15201
64422	PC3-96
64423	C14orf151
64423	C14orf173
64423	MGC13251
64425	FLJ13390
64425	FLJ13970
64425	PAF53
64425	PRAF1
64425	RPA49
64426	FLJ00052
64426	SAP45
64426	SDS3
64427	FLJ12788
64428	FLJ21988
64428	HPRN
64428	IOP1
64428	NAR1
64428	NARFL
64428	PRN
64429	FLJ21952
64429	ZNF376
64430	C14orf135
64430	PCNXL4
64431	ARP6
64431	FLJ13433
64432	DKFZp313H0817
64432	FLJ00023
64432	MRP-S25
64432	RPMS25
64432	mS25
64433	C7orf4
64433	NCRNA00244
64434	C7orf3
64434	PPP1R113
64434	SGD1
64446	CILD9
64446	DIC2
64478	KIAA1890
64478	PPP1R24
64493	C16orf10
64493	NCRNA00235
64506	CPEB
64506	FLJ13203
64518	FLJ32828
64577	ALDH12
64581	CD369
64581	CLECSF12
64581	DECTIN-1
64581	SCARE2
64581	hDectin-1
64582	HUMNPIIY20
64582	PAFR
64591	TSPYQ1
64593	RBMY3P
64593	RBMY4P
64593	SPATA14
64595	DKFZP434I143
64595	NCRNA00138
64596	PSMA6-LIKE
64596	PSMA6P
64596	PSMA6Y
64598	CDS3
64598	NET30
64599	GYF1
64599	PERQ1
64641	COE2
64641	FLJ11500
64645	DKFZP564L0864
64645	HIAT1
64645	MFSD14A
64648	CT11.4
64648	SPANXE
64651	AXUD1
64651	DKFZp566F164
64651	FAM130B
64651	TAIP-3
64651	URAX1
64663	CT11.3
64663	CTp11
64682	APC1
64682	MCPR
64682	TSG24
64689	FLJ23443
64689	GOLPH5
64689	GRASP65
64689	P65
64693	CT21.1
64693	CT21.2
64693	CTAGE
64693	cTAGE-1
64693	cTAGE-2
64699	DFNB10
64699	DFNB8
64708	CSN7B
64710	NUCKS
64714	PDA2
64714	PDIP
64714	PDIR
64717	TRG4
64717	TRNAG4
64717	tRNA-Gly-CCC-2-2
64718	C16orf28
64718	FLJ23360
64718	ZC3H5L
64718	ZC3HDC5L
64730	TJP1P
64735	C16orf32
64735	NCRNA00254
64744	SMAP1L
64745	FLJ20859
64745	METT11D1
64746	GCP60
64746	GOCAP1
64746	GOLPH1
64746	PAP7
64747	FLJ14153
64747	Minerva
64747	SLC72A1
64747	UG0581B09
64748	LPPR2
64748	PRG-4
64753	DKFZP434G156
64753	KIAA1793
64753	NAG6
64754	KMT3E
64754	ZMYND1
64754	ZNFN3A1
64755	C16orf58
64755	FLJ13868
64756	ATP11
64756	Atp11p
64756	FLJ22351
64757	FLJ22390
64757	MARC1
64757	MOSC1
64759	FLJ13732
64759	H_NH0549I23.2
64759	TEM6
64759	TENS1
64760	FAM160B2
64760	FLJ21801
64760	RAI16
64761	ARTD12
64761	FLJ22693
64761	PARP-12
64761	ZC3H1
64761	ZC3HDC1
64762	C18orf11
64762	FAM59A
64762	FLJ21610
64762	GAREM
64763	FLJ22059
64764	BBF2H7
64764	TCAG_1951439
64766	FLJ12903
64766	S100PBPR
64768	C9orf12
64768	FLJ13163
64768	INSP5K2
64768	IP5K
64768	IPK1
64769	C1orf149
64769	CENP-28
64769	Eaf6
64769	FLJ11730
64769	NY-SAR-91
64770	DKFZp434L1050
64770	FLJ12892
64771	C6orf106
64771	FLJ22195
64771	dJ391O22.4
64772	FLJ21865
64773	C20orf81
64773	FAM113A
64773	FLJ22376
64773	bA12M19.1
64776	C11orf1
64776	FLJ23499
64777	FLJ22318
64777	GID2B
64778	DKFZp762K137
64778	FAD104
64778	FLJ23399
64778	PRO4979
64778	YVTM2421
64779	FLJ12998
64780	DKFZp434B1517
64780	FLJ11937
64780	FLJ21739
64780	MICAL
64780	NICAL
64781	DKFZp434E0211
64781	FLJ21430
64781	FLJ23239
64781	KIAA1646
64781	LK4
64781	dA59H18.2
64781	dA59H18.3
64781	hCERK
64782	FLJ12484
64782	FLJ12562
64782	ISG20L1
64783	OTT
64783	OTT1
64784	FLJ21868
64785	FLJ13912
64785	PSF3
64786	DKFZp761D0223
64786	FLJ12085
64787	FLJ21935
64787	FLJ22171
64787	MGC3088
64788	C16orf26
64788	FLJ12681
64788	FLJ22302
64788	JFP11
64788	TMEM112
64788	TMEM112A
64789	C1orf176
64789	DEM1
64789	FLJ21144
64792	CFAP9
64792	DKFZp761N0823
64792	FAP9
64792	FLJ13225
64792	FLJ14117
64792	RABL5
64793	CCDC21
64793	DKFZP434L0117
64794	FLJ13633
64794	FLJ14578
64794	FLJ23349
64794	PPP1R25
64795	FLJ13910
64795	GID2
64795	GID2A
64795	RMD5
64795	p44CTLH
64798	DEP.6
64798	DEPDC6
64798	FLJ12428
64799	FLJ12476
64800	DJBP
64800	FLJ23588
64800	HSCBCIP1
64800	KIAA1672
64800	dJ185D5.1
64802	LCA9
64802	NMNAT
64802	PNAT1
64805	HORK3
64805	P2Y12
64805	SP1999
64806	IL-17E
64806	IL-25
64806	IL17E
64834	Ssc1
64837	FLJ12387
64838	FLJ22362
64838	FRCP1
64839	DKFZP434C1715
64839	FBXO13
64839	Fbl17
64839	Fbx13
64840	DHOF
64840	MG61
64840	PPN
64840	por
64841	FLJ10607
64841	Gpnat1
64843	FLJ10160
64844	AXOT
64844	MARCH-VII
64844	MARCH7
64844	RNF177
64847	FLJ21347
64847	SSP411
64847	Tisp78
64848	DKFZp564A186
64848	FLJ10053
64848	FLJ2194
64849	NADC3
64849	SDCT2
64850	AGXT2L1
64852	FLJ21850
64852	FLJ22267
64852	FLJ22347
64852	PAPD2
64852	RBM21
64852	TENT1
64852	TUTase
64853	C1orf80
64853	FLJ12806
64854	FLJ12552
64855	C9orf88
64855	DKFZP434H0820
64855	FAM129B
64855	FLJ13518
64855	FLJ22151
64855	FLJ22298
64855	MINERVA
64855	bA356B19.6
64856	FLJ22215
64856	VWA-1
64856	WARP
64857	ARHGEF42
64857	FLJ00018
64858	APOLLO
64858	FLJ12810
64858	FLJ13998
64858	SNM1B
64859	DKFZp667M1322
64859	FLJ13624
64859	FLJ22833
64859	MGC111163
64859	NABP1-OT1
64859	OBFC2A
64859	SOSS-B2
64859	SSB2
64859	hSSB2
64860	FLJ12969
64860	GASP5
64863	FLJ23017
64863	HsT661
64864	FLJ12994
64864	RFXDC2
64866	CD318
64866	SIMA135
64881	FLJ22218
64881	PCDH13
64895	FLJ12972
64897	Custos
64897	FLJ12448
64900	LIPN3L
64900	SMP2
64902	AGT2
64919	CTIP-2
64919	CTIP2
64919	SMARCM2
64919	ZNF856B
64919	hRIT1-alpha
64921	C7orf12
64921	Cas1
64921	FLJ21213
64921	FLJ21879
64922	FLJ21302
64924	FLJ12496
64924	FLJ12756
64924	MGC5499
64924	ZNT5
64924	ZNTL1
64924	ZTL1
64924	ZnT-5
64925	FLJ12800
64926	FLJ21438
64927	FLJ12572
64927	HCC-8
64928	MRP-L32
64928	RPML32
64928	uL14m
64940	FLJ13195
64940	STAG3L4P
64943	FLJ12442
64949	C20orf193
64949	MRP-S13
64949	MRP-S26
64949	RPMS13
64949	dJ534B8.3
64949	mS26
64951	HSPC335
64951	MRP-S24
64960	FLJ11564
64960	uS15m
64963	FLJ22512
64963	FLJ23406
64963	HCC-2
64963	uS11m
64965	MRP-S9
64965	RPMS9
64965	S9mt
64965	uS9m
64968	C21orf101
64968	MRP-S6
64968	RPMS6
64968	bS6m
64969	MRP-S5
64969	S5mt
64969	uS5m
64975	BMRP
64975	MRP-L27
64975	PIG3
64975	RPML27
64975	mL41
64976	MRP-L22
64976	NLVCF
64976	mL40
64978	HSPC262
64978	MGC4810
64978	MRP-L3
64978	mL38
64979	L36mt
64979	MRP-L36
64979	PRPL36
64979	RPMJ
64979	bL36m
64981	L34mt
64981	MGC24974
64981	MGC2633
64981	bL34m
64983	HSPC283
64983	L32mt
64983	bL32m
64983	bMRP-59b
65003	uL11m
65005	bL9m
65008	BM022
65008	uL1m
65009	KIAA1180
65009	SMAP-8
65010	DKFZp586E1422
65012	SLC26A10
65018	BRPK
65018	PARK6
65055	C2orf23
65055	FLJ13110
65055	SPG31
65055	Yip2a
65056	DKFZp761C169
65057	Pip1
65057	Ptop
65057	Tint1
65057	Tpp1
65059	ALS2CR18
65059	ALS2CR9
65059	KIAA1681
65061	ALS2CR7
65061	PFTAIRE2
65061	PFTK2
65062	ALS2CR4
65062	JBTS14
65065	ALS2CR16
65065	ALS2CR17
65065	MGC164581
65072	ALS2CR10
65078	NOGOR
65080	FLJ12701
65080	FLJ13990
65080	mL44
65083	FLJ21959
65083	MGC14896
65083	MGC14921
65083	MGC20838
65083	Nrap
65083	UTP22
65083	bA311H10.1
65084	FLJ22104
65084	PMP52
65094	FLJ12517
65095	FLJ12949
65108	F52
65108	MLP
65108	MacMARCKS
65109	HUPF3B
65109	MRX62
65109	MRX82
65109	RENT3B
65109	UPF3BP1
65109	UPF3BP2
65109	UPF3BP3
65109	UPF3X
65110	HUPF3A
65110	RENT3A
65110	UPF3
65117	FLJ11021
65122	FLJ43580
65123	C1orf60
65123	FLJ21919
65123	SOSS-A
65124	ANKRD57
65124	C2orf26
65124	FLJ21870
65125	HSAN2
65125	HSN2
65125	PPP1R167
65125	PRKWNK1
65217	CDHR15
65217	DFNB23
65217	USH1F
65220	FLJ13052
65220	NADK1
65243	FLJ34293
65243	ZKSCAN23B
65243	ZNF643
65243	ZSCAN54B
65244	FLJ13117
65244	SCR59
65244	SPATA10
65249	FLJ12221
65250	C5orf42
65250	FLJ13231
65250	Hug
65250	JBTS17
65251	FLJ12644
65258	Cdc1
65258	PGAP5
65260	C1orf163
65260	FLJ12439
65260	RESA1
65260	SELRC1
65263	FLJ13852
65263	PYCRL
65264	FLJ13855
65265	FLJ20989
65266	PRKWNK4
65267	PRKWNK3
65268	KIAA1760
65268	NY-CO-43
65268	PRKWNK2
65268	SDCCAG43
65944	OR2B8P
65944	hs6M1-29P
65977	FAPP1
65979	FLJ13171
65979	PPP1R124
65980	FLJ13441
65980	SMARCI2
65981	C1QDC1
65981	EEG1
65981	FLJ11391
65981	FLJ22569
65981	RNG140
65981	caprin-2
65982	FLJ12895
65982	ZNF447
65983	FLJ21313
65983	GRAMD3
65983	NS3TP2
65985	ACSF1
65985	FLJ12389
65985	SUR-5
65986	FLJ12752
65986	RINZF
65987	MGC2376
65988	MGC2474
65989	EGFL9
65989	MGC2487
65990	C16orf24
65990	FAM173A
65990	MGC2494
65991	DC44
65991	HCBP6
65992	C20orf116
65992	UFBP1
65992	dJ1187M17.3
65993	MGC2616
65993	MRP-S12
65993	mS34
65996	CENPBD1P1
65998	C11orf95
65998	MGC3032
65999	FLJ31392
65999	HSPC295
65999	MGC3036
66000	CT124
66000	MGC3040
66005	FLJ42707
66005	MGC3234
66005	SI-CLP
66008	ALS2CR3
66008	CALS-C
66008	GRIF-1
66008	KIAA0549
66008	MILT2
66008	OIP98
66035	GLUT11
66036	C8orf9
66036	DKFZp434K171
66036	LIP-STYX
66037	BOULE
78986	MGC1136
78986	NEAP
78987	AVSD2
78987	CIRRIN
78988	MRP63
78988	mL63
78989	CL-11
78989	CL-K1
78989	MGC3279
78990	C14orf137
78990	FLJ21916
78990	MGC3102
78991	MGC3265
78992	FinGER2
78992	MGC3262
78992	YIPFbeta3B
78992	Yip5C
78994	MGC3121
78995	C17orf53
78995	MCM8IP
78995	MGC3130
78996	C7orf49
78996	CYREN-1
78996	CYREN-2
78996	FLJ22450
78996	FLJ27285
78996	MGC5242
78996	MRI
78996	MRI-2
78998	C8orf51
78998	MGC3113
78999	FIGLER6
78999	MGC3103
78999	SALM3.
79000	AIBp
79000	C1orf135
79000	MGC2603
79001	VKCFD2
79002	C19orf43
79002	MGC2803
79002	TERCIR
79002	fSAP18
79003	KNTC2AP
79003	MGC2488
79003	MTW1
79003	hMIS12
79004	C10orf66
79004	MGC2491
79005	MGC3180
79006	C16orf23
79006	MGC2601
79007	FLJ12582
79007	MGC3101
79008	GIYD2
79008	MGC5178
79009	GU2
79009	GUB
79009	MGC3199
79009	RH-II/GuB
79012	MGC8407
79012	VACAMKL
79016	C19orf58
79016	MGC2594
79016	PCIA1
79017	C7orf24
79017	CRF21
79017	GCTG
79017	Ggc
79017	MGC3077
79018	C17orf39
79018	VID24
79019	C22orf18
79019	CENP-M
79019	MGC861
79019	Pane1
79020	MGC2821
79022	MGC5576
79023	FLJ22618
79023	MGC5585
79024	C13orf44
79024	MGC5590
79025	C20orf195
79025	MGC5356
79026	AHNAK1
79026	MGC5395
79027	VIK
79027	VIK-1
79029	FLJ12286
79029	MGC5347
79029	SPATA5L1
79031	VIAF1
79033	FLJ22943
79033	PINT1
79033	PRNPIP
79034	C7orf26
79034	MGC2718
79035	MGC2731
79035	OBFC2B
79035	SOSS-B1
79035	SSB1
79035	hSSB1
79036	BORCS4
79036	C19orf50
79036	FLJ25480
79036	KXDL
79036	MGC2749
79037	C7orf15
79037	CD112R
79037	MGC2463
79038	MGC2550
79038	ZF21
79039	APR-5
79039	DP97
79039	MGC2835
79041	MGC3169
79041	TRIC-A
79042	LENG5
79042	SEN34
79042	SEN34L
79047	MGC25497
79048	SBP2
79050	MGC3162
79050	NET49
79050	Noc4
79050	UTP19
79053	MGC2840
79055	PSMA2L
79056	TMG4
79057	TMG3
79058	ASPL
79058	ASPS
79058	TUG
79058	UBXD9
79058	UBXN9
79064	MGC3196
79064	Mrx15
79065	APG9L1
79065	FLJ22169
79066	METT10D
79066	MGC3329
79068	ALKBH9
79068	IFEX9
79068	KIAA1752
79068	MGC5149
79070	EP58
79070	KDELC1
79070	MGC5302
79071	FLJ23378
79071	LCE
79071	MGC5487
79072	FLJ23274
79072	MGC5297
79073	MGC5508
79073	Mg23
79073	SND3
79073	hSND3
79074	MGC5509
79074	asw
79075	DCC1
79075	MGC5528
79075	hDCC1
79077	CDA03
79077	MGC5627
79077	RS21C6
79077	XTP3TPA
79078	MGC955
79080	Cgr1
79080	MGC2574
79080	cyclon
79081	C11orf48
79081	MGC2477
79083	SLAC2-A
79083	Slac-2a
79083	exophilin-3
79083	l(1)-3Rk
79083	l1Rk3
79083	ln
79084	MEP50
79085	FLJ30339
79085	MGC2615
79086	C19orf42
79086	MGC2747
79087	CDG1G
79087	ECM39
79088	MGC2663
79089	MGC3123
79090	HSPC289
79090	MGC2650
79090	TRS33
79091	C16orf68
79091	FLJ12433
79091	MGC2654
79092	BIMP2
79092	CARMA2
79092	PSORS2
79094	MGC4504
79095	C9orf16
79095	EST00098
79095	FLJ12823
79095	Hero9
79095	MGC4639
79096	C11orf49
79096	FLJ22210
79096	MGC4707
79097	RNF101
79098	FLJ36507
79098	MGC2742
79098	MGC4309
79098	SARG
79100	MGC4473
79101	JOSD3
79101	MGC5306
79101	TAF(I)41
79102	MGC2642
79104	AL132709.8
79104	Bsr
79104	Irm
79104	LINC00024
79104	NCRNA00024
79104	Rian
79104	SNHG23
79104	SNHG24
79104	lnc-MGC
79109	MGC2745
79109	MIP1
79109	SIN1
79132	D11LGP2
79132	LGP2
79133	C20orf7
79133	dJ842G6.1
79134	FAM11B
79134	FLJ20979
79135	FAM121B
79135	MGC4825
79135	MIC26
79135	MICOS26
79135	Mic23
79135	My025
79136	C6orf22
79136	G6e
79137	C2orf17
79137	FAM134A
79137	MAG-2
79137	MGC3035
79139	DER-1
79139	DER1
79139	FLJ13784
79139	MGC3067
79139	PRO2577
79139	derlin-1
79140	LTAP2B
79140	MGC1203
79140	RP4-622L5.5
79142	FLJ16355
79142	MGC2941
79143	BB1
79143	LENG4
79143	LPIAT1
79143	LPLAT
79143	LPLAT11
79143	hMBOA-7
79144	C20orf149
79144	dJ697K14.9
79144	exdpf
79145	COX23
79145	MGC2217
79147	FKTR
79147	LGMD2I
79147	MDC1C
79148	EPILYSIN
79148	MM28
79148	MMP-25
79148	MMP-28
79149	MGC4161
79149	ZNF495
79149	ZSCAN5
79152	FAXDC1
79152	FLJ25287
79152	SPG35
79153	MGC4171
79154	MGC4172
79154	SDR24C1
79155	ABIN-2
79155	ABIN2
79155	FLIP1
79155	KLIP
79155	MGC4289
79156	APPD
79156	MGC4090
79156	PHAFIN1
79156	ZFYVE15
79157	FLJ20226
79157	FLJ22196
79158	GNPTA
79158	KIAA1208
79158	MGC4170
79159	MGC3731
79159	Nop25
79159	RRP17
79160	MGC4294
79161	C7orf23
79161	MGC4175
79161	MM-TRAG
79166	CD85m
79166	ILT10
79167	CD85l
79167	ILT9
79167	LILRA6P
79168	CD85b
79168	ILT8
79168	LILRB6
79169	MGC4174
79169	MMTAG2
79170	ATAD4
79170	MGC11242
79171	MGC10433
79172	CENP-O
79172	MGC11266
79173	C19orf57
79173	MEIOK21
79173	MGC11271
79174	MGC11256
79175	MGC10715
79176	FBXO37
79176	Fbl15
79176	MGC11279
79177	MGC2508
79178	THTPASE
79180	MGC4342
79183	C20orf121
79183	dJ179M20.3
79184	BRCC36
79184	C6.1A
79184	CXorf53
79187	MGC3213
79187	MIR1
79188	ARVD5
79188	DKFZp586G1919
79188	LUMA
79188	MGC3222
79190	IRX-3
79190	IRX7
79191	IRX-1
79192	IRX-5
79228	MGC2655
79228	WDR58
79228	fSAP35
79230	MGC4054
79231	BA393J16.4
79231	ZNF33AP1
79232	ZNF37C
79258	MMEL2
79258	NEPII
79258	NL1
79258	SEP
79269	FLJ23201
79269	MGC10765
79269	WDR32
79274	OR52L2
79282	OR7E131P
79289	OR5H8P
79296	OR52E1P
79300	OR51P2P
79301	OR9L2P
79306	OR4K10P
79313	OR2AD1
79313	hs6M1-8P
79324	OR51G3P
79331	OR2AF2P
79334	C14orf15
79334	OR11H2P
79334	OR11H8P
79345	OR51B1P
79346	OR4C5P
79346	OR4C5Q
79363	C1orf89
79363	MGC10731
79363	RSG1
79364	FLJ13861
79364	MGC11349
79365	BHLHB3
79365	DEC2
79365	SHARP-1
79365	SHARP1
79366	NSBP1
79368	CD307b
79368	FCRH2
79368	IRTA4
79368	SPAP1
79369	B3GN-T4
79369	beta3Gn-T4
79370	BCL-G
79370	BCLG
79400	NOX5A
79400	NOX5B
79411	MGC10771
79412	KRM2
79412	MGC10791
79413	MGC10796
79414	FIGLER1
79414	MGC2656
79414	SALM4
79415	C17orf62
79415	Eros
79415	FLJ90469
79415	MGC4368
79441	C4orf15
79441	IT1
79441	MGC4701
79441	dgt3
79443	FLJ13335
79443	ZFYVE7
79444	KIAP
79444	ML-IAP
79444	RNF50
79444	mliap
79446	C14orf67
79446	MGC4645
79447	C16orf53
79447	MGC4606
79447	PA1
79465	RAET1N
79469	BCMSUNL
79470	OR51J1P
79470	OR51J2
79482	OR5AL1P
79490	OR10G6P
79490	OR10G6Q
79529	OR52J4P
79537	OR7E123P
79537	OST705
79538	OR13I2P
79541	OR2A10
79549	OR6J1P
79549	OR6J2
79550	OR4C17
79550	OR4C17P
79550	OR4C47P
79567	FAM65A
79567	FLJ13725
79568	C2orf47
79568	DKFZp666A212
79568	FLJ22555
79570	FAM77C
79570	FLJ12650
79571	FLJ22035
79571	GCC1P
79571	GCC88
79571	MGC20706
79572	AFURS1
79573	FLJ22584
79574	FLJ21522
79574	MGC16817
79575	FLJ11743
79575	MGC14280
79575	MGC2512
79576	FLJ22626
79577	C1orf28
79577	FIHP
79577	HRPT1
79577	HRPT2
79577	parafibromin
79581	D15Ertd747e
79581	FLJ11856
79581	GPCR41
79581	GPR172A
79581	HuPAR-1
79581	RFT3
79581	RFVT2
79581	hRFT3
79582	DKFZp666P1710
79582	FLJ22724
79582	PF20
79582	WDR29
79583	ALYE870
79583	FLJ22167
79583	JBTS20
79583	MKS11
79583	PRO1886
79585	FLJ22021
79586	CHPF1
79586	CHSY2
79586	CSS2
79587	FLJ12118
79589	FLJ23516
79589	GRAIL
79590	MRP-L18
79590	uL24m
79591	C10orf76
79591	DGARM
79591	FLJ13114
79594	C1orf166
79594	FLJ12875
79594	GIDE
79594	MAPL
79594	MULAN
79594	RNF218
79595	FLJ12761
79596	C13orf7
79596	FLJ13449
79596	RNF219
79598	FLJ23047
79598	LRRIQ2
79600	FLJ21127
79600	JBTS13
79600	TECT1
79602	ACDCR2
79602	PAQR2
79603	FLJ12089
79603	LASS4
79603	Trh1
79605	DKFZp761A0620
79605	FLJ11413
79607	FLJ21103
79608	AYST720
79608	FLJ11608
79608	PRO1385
79609	C14orf138
79609	METTL21D
79609	VCP-KMT
79611	FLJ21963
79612	FLJ22054
79612	MGC40612
79612	NARG1L
79612	PRO2435
79613	FLJ12688
79613	KIAA1746
79613	TMCO7
79616	FLJ14166
79618	FLJ21616
79618	HNF1LA
79618	HOT1
79618	PBHNF
79621	AGS2
79621	DLEU8
79621	FLJ11712
79622	C16orf33
79622	U11/U12-25K
79623	FLJ12691
79623	GalNac-T10
79623	GalNac-T14
79624	ARMT1
79624	C6orf211
79624	FLJ12910
79625	C4orf31
79625	FLJ23191
79626	FLJ23467
79627	dJ331H24.1
79628	CMT4C
79628	KIAA1985
79629	FLJ22709
79630	FLJ23221
79631	EFTUD1
79631	FAM42A
79631	FLJ13119
79631	HsT19294
79631	RIA1
79632	C6orf60
79632	FLJ13942
79633	CDHF14
79633	CDHR11
79633	FAT-J
79634	FLJ23142
79635	FLJ13646
79635	FLJ43364
79637	FLJ22160
79639	FLJ22353
79639	NET4
79640	C22orf46
79640	CTA-216E10.6
79640	FLJ23584
79641	FLJ22386
79641	RAV2
79641	ROGD1
79642	FLJ23548
79643	FLJ11749
79643	VPS20
79644	FLJ13352
79644	SRD5A2L
79644	SRD5A2L1
79645	EFCAB1
79645	FLJ11767
79645	ODAD5
79646	FLJ12899
79647	C1orf108
79647	FLJ12666
79648	BRIT1
79648	FLJ12847
79649	FLJ12649
79650	C16orf57
79650	FLJ13154
79650	HVSL1
79650	Mpn1
79651	FLJ22341
79651	RHBDL5
79651	RHBDL6
79651	TOC
79651	TOCG
79651	iRhom2
79652	C16orf30
79652	CLP24
79652	FLJ20898
79654	FLJ21156
79656	C1orf165
79656	FLJ11588
79657	FLJ21908
79657	Tah1
79657	hSpagh
79657	spag
79658	FLJ20896
79658	FLJ41791
79658	GRAF2
79659	DHC1b
79659	DHC2
79659	DNCH2
79659	DYH1B
79659	hdhc11
79660	FLJ14005
79660	PPP1R4
79661	FLJ22402
79661	FPG1
79661	NEI1
79661	hFPG1
79663	FLJ22623
79663	PASS1
79664	BRCC1
79664	FLJ11896
79664	NARG2
79665	ARG147
79665	DDX40
79665	FLJ22060
79666	FLJ13187
79666	PHAFIN2
79666	ZFYVE18
79667	FLJ13197
79668	ARTD16
79668	FLJ21308
79668	pART16
79669	FLJ23186
79669	TTMP
79670	FLJ13409
79670	KIAA1711
79670	PAPD6
79670	TENT3B
79670	ZCCHC6
79671	CLR11.3
79671	NOD9
79672	FLJ12171
79672	FN3KL
79673	FLJ12586
79674	FLJ12604
79674	KIAA1692
79675	FLJ21901
79676	FLJ13491
79676	FLJ37501
79677	FLJ22116
79677	SMC6L1
79679	B7-H4
79679	B7H4
79679	B7S1
79679	B7x
79679	FLJ22418
79680	C22orf29
79680	FLJ21125
79682	CENP-50
79682	CENP-U
79682	MLF1IP
79682	PBIP1
79683	FLJ20984
79683	NEW1CP
79684	C11orf61
79684	FLJ23342
79685	FLJ11526
79685	NS4ATP2
79689	FLJ23153
79689	STAMP2
79689	SchLAH
79689	TIARP
79689	TNFAIP9
79690	FLJ12116
79691	FLJ12960
79691	QTRTD1
79692	HCG12
79692	ZNF322A
79692	ZNF388
79692	ZNF489
79692	bA457M11.2
79692	bA457M11.3
79693	FLJ23476
79693	IRIP
79693	SUA5
79694	FLJ12838
79694	mandaselin
79695	GalNAc-T12
79696	C14orf140
79696	FAM164C
79697	C14orf169
79697	FLJ21802
79697	JMJD9
79697	MAPJD
79697	NO66
79698	FLJ13842
79699	FLJ13456
79699	ZYG11
79701	C17orf101
79701	FLJ22222
79703	C11orf80
79703	FLJ22531
79703	TOPOVIBL
79705	FLJ23119
79705	KIAA1790
79705	RIPK6
79705	ROCO1
79706	C114
79706	FLJ13902
79706	KRBOX3
79707	FLJ23323
79707	Grc3
79707	NET6
79709	FLJ22329
79709	GLT25D1
79710	FLJ11565
79710	ZCW4
79710	ZCWCC2
79711	FLJ23338
79711	Imp4
79712	FLJ11753
79712	GTDC1
79712	Hmat-Xa
79713	FLJ22573
79713	TMEM149
79714	FLJ12436
79714	MITOK
79716	FLJ11583
79716	bA261P9.2
79717	FLJ11838
79718	C21
79718	DC42
79718	FLJ12894
79718	IRA1
79718	TBLR1
79719	FLJ11506
79719	p34
79720	FLJ12750
79722	FLJ11795
79723	FLJ23414
79723	KMT1B
79724	FLJ23436
79725	FLJ34093
79726	FLJ12270
79727	CSDD1
79727	FLJ12457
79727	LIN-28
79727	LIN28
79727	ZCCHC1
79728	FANCN
79728	FLJ21816
79729	C1orf113
79729	FLJ22938
79730	FLJ14001
79731	DFNB94
79731	FLJ23441
79731	SLM5
79733	FLJ23311
79734	FLJ12242
79735	FLJ12168
79736	C17orf42
79736	FLJ22729
79738	C12orf58
79738	FLJ23560
79739	FLJ23033
79740	FLJ23049
79741	BIOT2
79741	C10orf68
79741	FLJ13031
79741	FLJ32762
79742	CXorf36
79742	DIA1R
79742	FLJ14103
79744	ZAPHIR
79744	ZNF419A
79745	FLJ21069
79745	RSNL2
79746	FLJ20909
79747	C6orf103
79747	CAPN16
79747	FLJ23121
79747	dJ408K24.1
79748	ERGIC-53L
79748	ERGL
79750	FLJ22419
79750	ZNF659
79751	EIEE3
79751	FLJ13044
79751	GC-1
79751	NET44
79752	FLJ14007
79753	PML1
79754	FLJ13134
79754	MGC19879
79755	FLJ13841
79755	Zfp750
79758	FLJ13639
79758	SDR40C1
79759	FLJ13479
79760	FLJ13956
79762	FLJ14146
79762	RDD1
79763	FLJ23469
79767	ELMO-3
79767	FLJ13824
79768	C15orf29
79768	FLJ22557
79770	2310047H23Rik
79770	C5orf14
79770	FLJ22625
79770	TMX5
79772	FLJ22344
79774	FLJ22474
79774	TBC1D6
79776	FLJ20980
79776	ZFH4
79777	FLJ13322
79778	FLJ23471
79778	JRAB
79778	MGC46023
79778	MICAL-L2
79780	FLJ23518
79781	FLJ22527
79781	IQCA
79782	FLJ23259
79783	C7orf10
79783	DERP13
79783	FLJ11808
79783	ORF19
79784	DFNA4
79784	FLJ13881
79784	KIAA2034
79784	MHC16
79784	MYH17
79785	FLJ22655
79786	C16orf44
79786	FLJ12543
79788	FLJ14345
79788	ZFP160L
79789	FLJ12383
79789	KIAA0500
79789	KIAA1188
79791	FBX14
79791	FBXO14
79791	Fbx31
79791	MGC15419
79792	DF5L
79792	FLJ12150
79792	GSDMDC1
79794	C12orf49
79794	FLJ21415
79794	LUR1
79794	POST1
79794	SPRING
79796	DIBD1
79797	FLJ12827
79797	PRDM17
79798	FLJ13063
79799	FLJ21934
79800	ALS2CR8
79800	FLJ21579
79800	NYD-SP24
79801	FLJ22009
79802	FLJ13840
79802	KIAA1822L
79803	BLOC2S3
79803	FLJ22501
79804	DEIN
79804	FLJ11539
79804	NBLA00301
79805	FLJ12505
79807	FLJ13273
79809	CFAP60
79809	FAP60
79809	FLA17
79809	FLJ11457
79809	IFT139
79809	IFT139B
79809	JBTS11
79809	NPHP12
79809	THM1
79810	FLJ12598
79811	FLJ13213
79811	Met
79812	EndoGlyx-1
79812	FLJ13465
79813	EHMT1-IT1
79813	Eu-HMTase1
79813	FLJ12879
79813	FLJ40292
79813	KIAA1876
79813	KMT1D
79813	bA188C12.1
79814	FLJ23384
79815	FLJ13955
79815	NPAL2
79815	SLC57A4
79816	FLJ14009
79816	GRG6
79817	C9orf35
79817	FLJ13204
79817	MOB1D
79817	MOBKL2B
79818	FLJ21603
79819	DIC4
79819	FLJ23129
79819	WDR78
79820	C14orf161
79820	FLJ14298
79822	FLJ10312
79822	KIAA1314
79823	C2orf34
79823	CLNMT
79825	C3orf73
79825	CCDC48
79825	FLJ12057
79827	ACAM
79827	ASAM
79827	FLJ22415
79828	FLJ13984
79829	FLJ13848
79829	NAT11
79830	FLJ23151
79830	MYM
79831	FLJ13798
79831	JMJD5
79832	FLJ21924
79833	FLJ23459
79834	KIAA2002
79834	sgk269
79836	FLJ22612
79836	RNF127
79837	FLJ22055
79837	PIP5K2C
79838	FLJ13593
79839	ACY1L
79839	C18orf14
79839	FLJ23594
79839	HsT1731
79840	Cernunnos
79840	FLJ12610
79840	XLF
79841	CCP2
79841	FLJ23598
79842	FLJ23392
79843	FLJ22746
79844	FLJ13153
79844	ZNF399
79845	FLJ12526
79846	C7orf63
79846	FAP69
79846	FLJ21062
79847	C10orf77
79847	FLJ22529
79847	MFSD13A
79847	TMEM180
79847	bA18I14.8
79848	CSPP
79848	CSPP-L
79848	FLJ22490
79848	JBTS21
79849	FLJ22756
79849	IKEPP
79849	NaPi-Cap2
79849	PDZD3
79849	PDZK2
79850	CT120
79850	FAM57A
79850	FLJ22282
79852	ABHD9
79852	FLJ22408
79853	FLJ22800
79853	TCCE518
79854	FLJ22639
79854	NCRNA00115
79856	FLJ13952
79858	FLJ23495
79861	FLJ21665
79862	FLJ12606
79863	C18orf22
79863	FLJ21172
79863	HsT169
79864	C11orf63
79864	FLJ23554
79865	C6orf76
79865	FLJ13693
79865	TLT2
79865	dJ238O23.1
79866	C13orf34
79866	FLJ22624
79867	C12orf38
79867	FLJ12975
79867	JBTS24
79867	MKS8
79867	TECT2
79868	CDG1S
79868	CXorf45
79868	FLJ23018
79868	GLT28D1
79868	MDS031
79868	TDRD13
79868	YGL047W
79869	CFIM59
79869	FLJ12529
79871	C1orf82
79871	FLJ13150
79871	Rtr1
79872	FLJ23109
79872	HAKAI
79872	RNF188
79873	FLJ22494
79873	MTH3
79874	FLJ23282
79874	FRA
79875	ADAMTSL6
79875	FLJ13710
79875	FVSY9334
79875	PRO34005
79876	FLJ23251
79876	UBE1DC1
79877	FLJ22955
79879	FLJ22349
79882	FLJ11806
79882	NY-REN-37
79882	UKp68
79883	FLJ23447
79883	SLRR5B
79884	FLJ21159
79886	C9orf82
79886	CAAP
79886	FLJ13657
79887	FLJ22662
79888	AYTL2
79888	FLJ12443
79888	LPLAT8
79890	FLJ22439
79891	FLJ23506
79892	C10orf119
79892	FLJ13081
79892	MCM-BP
79893	DIF-3
79893	DIF3
79893	FLJ21230
79893	FLJ22561
79893	LZK1
79893	ZFP403
79893	ZNF403
79894	FLJ22301
79895	ATPIM
79895	KIAA1939
79896	FLJ22002
79896	TSH1
79897	C6orf135
79897	Em:AB014085.3
79897	FLJ22638
79898	FLJ13590
79899	FLJ14213
79899	PROTOR-2
79901	CYB561A2
79901	DCYTB
79901	FLJ23462
79901	FRRS3
79902	FLJ12549
79902	NUP75
79903	FLJ14154
79903	HAT4
79903	NAT15
79903	NatF
79903	hNaa60
79905	FLJ21240
79906	FLJ13941
79908	BTN9.2
79908	FLJ21458
79912	DKFZp762G094
79912	FLJ22028
79913	Arp5
79913	FLJ12785
79913	INO80M
79915	C17orf41
79915	ELG1
79915	FLJ12735
79915	FRAG1
79917	FLJ21687
79917	JM10
79917	PDZX
79918	FLJ21148
79919	C2orf54
79919	FLJ22671
79921	FLJ21174
79921	WEX7
79922	FLJ22578
79923	FLJ12581
79923	FLJ40451
79924	AM2
79924	FLJ21135
79925	CT122
79925	FLJ23577
79925	KPL2
79927	FLJ14050
79927	GRRP1
79929	FLJ12748
79929	SL21
79930	FLJ22570
79931	ABIN-3
79931	FLJ21162
79931	LIND
79932	AAVR
79932	KIAA1837
79933	FLJ12921
79934	ADCK4
79934	FLJ12229
79935	CNTD2
79935	FLJ13265
79937	CASPR3
79937	CNTNAP3A
79937	FLJ14195
79937	KIAA1714
79939	FLJ14251
79940	C6orf155
79940	FLJ13189
79940	P53RRA
79940	PEXF
79940	dJ288M22.3
79943	FLJ14129
79944	C14orf160
79944	FLJ12618
79946	FLJ14280
79947	DS
79947	FLJ13102
79947	HDS
79947	RP59
79947	hCIT
79948	FLJ11535
79948	LPPR3
79948	PRG-2
79949	C10orf81
79949	FLJ23537
79949	bA211N11.2
79953	C20orf39
79953	DSPC2
79953	FLJ14220
79953	IFITMD5
79953	TMEM90B
79954	FLJ14075
79954	PQBP5
79955	DFNB57
79955	FLJ23209
79955	PDZK7
79955	bA108L7.8
79956	FLJ23309
79956	FXNA
79956	KIAA1815
79957	FLJ22672
79957	PRdelta
79958	FAM31C
79958	FLJ22757
79959	C18orf9
79959	FLJ12542
79959	HsT1705
79960	JADE-1
79960	PHF17
79961	FLJ22457
79961	RP5-1180E21.2
79962	FLJ13236
79962	wus
79963	ABCA11
79963	EST1133530
79963	FLJ14297
79966	ACOD4
79966	FADS4
79966	FLJ21032
79966	HSCD5
79966	SCD4
79968	Cmr1
79968	FLJ12973
79969	C6orf134
79969	Em:AB023049.7
79969	FLJ13158
79969	MEC17
79970	FLJ12700
79970	ZNF767
79971	C1orf139
79971	EVI
79971	FLJ23091
79971	GPR177
79971	mig-14
79973	FLJ14356
79974	C7orf58
79974	FLJ21986
79977	BOM
79977	DFNA28
79977	FLJ13782
79977	TFCP2L3
79979	CXorf34
79979	FLJ12687
79980	C20orf172
79980	KNL3
79980	MIS13
79980	dJ469A13.2
79980	hKNL-3
79981	DKFZp434O0117
79981	FLJ00181
79981	FLJ22615
79981	FLJ40260
79981	bA164L23.1
79982	FLJ14281
79983	FLJ22792
79986	FLJ12985
79986	ZNF702
79987	C9orf13
79987	FLJ13529
79987	POLYDOM
79987	bA427L11.3
79989	DYF13
79989	FLJ12571
79989	TTC26
79989	dyf-13
79990	FLJ21019
79991	FLJ22559
79991	OBFC1
79991	bA541N10.2
79992	C6orf59
79992	FLJ23112
79992	NCRNA00241
79993	FLJ23563
79998	FLJ12056
79998	FLJ36160
79999	LOC79999
80000	C18orf6
80000	FLJ13687
80000	KIAA1772
80003	FLJ11383
80003	KIAA0435
80003	PCNXL2
80004	FLJ21918
80004	RBM35B
80005	FLJ21034
80006	C5orf44
80006	FLJ13611
80006	MGC48585
80007	Em:AC073585.5
80007	FLJ13490
80008	FLJ23235
80010	BLAP75
80010	C9orf76
80010	FLJ12888
80011	C16orf94
80011	FAM192A
80011	NIP30
80011	PIP30
80012	EDR3
80012	FLJ12729
80012	FLJ12967
80012	HPH3
80013	C10orf97
80013	DERP5
80013	FAM188A
80013	FLJ13397
80013	my042
80014	BOMB
80014	FLJ22029
80017	C14orf159
80017	FLJ39975
80018	C12orf30
80018	FLJ13089
80019	FLJ11807
80020	ERFAD
80020	FLJ23322
80021	FLJ23375
80022	MYO15BP
80023	C20orf98
80023	dJ1103G7.6
80024	FLJ22233
80024	NCKX6
80024	NCLX
80024	SLC24A6
80025	C20orf48
80025	FLJ11729
80025	NBIA1
80025	PKAN
80028	FLJ11467
80028	Fbl18
80031	FLJ11598
80031	KIAA1479
80032	FLJ11637
80034	FAM130A2
80034	FLJ32093
80034	PPP1R73
80034	TAIP-2
80035	C15orf28
80035	FLJ11722
80035	HsT18971
80035	NCRNA00321
80036	GON-2
80036	KIAA1616
80036	LTRPC3
80039	FLJ11800
80045	FLJ12132
80052	FLJ12331
80054	ADINR
80054	CEBPA-AS1
80055	Bst1
80055	FLJ12377
80055	SPG67
80059	FLJ12568
80060	FLJ12595
80060	GNL3LP
80063	FLJ12668
80063	MCAF2
80067	C2orf37
80067	FLJ13096
80069	C6orf208
80069	CRALA
80069	FLJ13162
80069	dJ182D15.1
80070	GON-1
80071	FLJ13215
80072	C15orf34
80072	FLJ13315
80078	onco-lncRNA-27
80086	FLJ13940
80086	TUBA4
80094	FLJ14107
80095	FLJ14260
80095	KIAA1852
80095	ZNF328
80097	FAM128B
80097	FLJ14346
80097	MOZART2B
80099	C7orf69
80099	FLJ21075
80108	FLJ21628
80108	ZNF751
80110	FLJ21941
80111	FLJ22173
80115	FLJ22582
80115	pinkbar
80117	ARF7
80117	FLJ22595
80119	C15orf20
80119	FLJ22692
80122	FLJ23074
80122	RCK
80122	YSK4
80124	DUBA3
80124	FLJ23132
80124	KIAA1850
80124	VCIP135
80125	CC2D3
80125	CT61
80125	FLJ32855
80127	C14orf45
80127	CCDC176
80127	FBB10
80128	FLJ23229
80128	TRIFIC
80129	C6orf97
80129	FLJ23305
80129	bA282P11.1
80131	FLJ23420
80133	ARMC11
80133	C1orf129
80133	FLJ23550
80135	BXDC5
80139	FLJ14299
80139	NLZ1
80139	ZEPPO1
80139	ZNF503L
80139	Zpo1
80142	C9orf15
80142	FLJ14038
80143	FLJ21168
80143	SIKE
80144	FLJ14927
80144	FLJ22031
80144	KIAA1500
80145	FLJ23445
80145	NIF3L1BP1
80145	fSAP24
80146	FLJ23591
80146	SDR6E1
80148	FLJ22378
80148	PQLC1
80149	FLJ23231
80149	MCPIP1
80149	Regnase-1
80150	ALP
80150	ALP1
80150	FLJ22316
80152	C16orf56
80152	CENP-T
80152	FLJ13111
80153	FLJ21128
80153	LSM16
80153	YJDC
80153	YJEFN2
80153	hYjeF_N2-15q23
80154	AgSK1
80154	FLJ22795
80155	FLJ13340
80155	NARG1
80155	NATH
80155	TBDN100
80157	CWH43-C
80157	FLJ21511
80157	PGAP2IP
80161	ASMTL-AS
80161	ASMTLAS
80161	CXYorf2
80161	FLJ13330
80161	NCRNA00105
80162	ATHL1
80162	FLJ22635
80167	C4orf29
80167	FLJ21106
80168	DGAT2L5
80168	FLJ22644
80169	AAF132
80169	C17orf68
80169	FLJ22170
80173	CCDC2
80173	CMG-1
80173	CMG1
80173	FLJ22621
80174	ASKL1
80174	DRF1
80174	FLJ13087
80174	ZDBF1B
80174	chifb
80176	SSB-1
80177	FLJ21269
80177	MTLC
80178	C16orf59
80178	FLJ13909
80179	FLJ22865
80179	MYOHD1
80183	C13orf18
80183	FLJ21562
80183	KIAA0226L
80184	3H11Ag
80184	BBS14
80184	CT87
80184	FLJ13615
80184	JBTS5
80184	KIAA0373
80184	MKS4
80184	NPHP6
80184	POC3
80184	SLSN6
80184	rd16
80185	C8orf41
80185	FLJ23263
80194	FLJ21749
80195	C10orf57
80195	FLJ13263
80195	bA369J21.6
80196	FLJ21786
80196	RIFF
80198	FLJ44872
80198	SLX3
80199	CPLANE3
80199	FLJ22688
80199	Fy
80201	FLJ22761
80201	FLJ37767
80204	FBX11
80204	UBR6
80205	BC022889
80205	FLJ12178
80205	KIAA0308
80206	FHOS2
80206	FLJ22297
80206	FLJ22717
80206	KIAA1695
80207	FLJ22187
80207	MGA3
80208	ALS5
80208	FLJ21439
80208	KIAA1840
80209	C13orf23
80209	FLJ12661
80209	bA50D16.2
80210	ARM
80210	FLJ12584
80210	KIAA1868
80210	KU-MEL-1
80212	FLJ22471
80213	BLP2
80213	FLJ22604
80215	C21orf96
80215	FLJ20856
80216	FLJ22670
80216	KIAA1527
80216	Lak
80217	C10orf79
80217	FLJ22944
80217	FLJ36006
80217	WDR96
80217	bA373N18.2
80218	FLJ13194
80218	MAK3
80218	NAT13
80218	San
80219	FLJ13448
80221	ACSMW
80221	FLJ20920
80222	FLJ12528
80222	TARSL1
80223	FLJ22524
80223	FLJ22622
80223	Rab11-FIP1
80224	C14orf127
80224	FLJ12660
80224	IND1
80224	huInd1
80227	FLJ11848
80227	Rpn14
80227	WDR71
80228	C7orf19
80228	CBCIP2
80228	FLJ12474
80228	FLJ14733
80228	H_NH0514P08.8
80228	TMEM142B
80230	FLJ22251
80230	RABIP4
80230	ZFYVE12
80231	CXorf21
80231	FLJ11577
80232	FLJ21016
80232	GID7
80233	C17orf70
80233	FLJ22175
80235	FLJ12768
80235	GPI-MT-IV
80235	MGC52163
80235	PIG-Z
80235	SMP3
80235	hSMP3
80237	FLJ22637
80243	DEP.2
80243	DEPDC2
80243	FLJ12987
80243	P-REX2
80243	PPP1R129
80254	FLJ13386
80255	FLJ22004
80256	FAM214B
80256	FLJ11560
80256	KIAA1539
80256	bA182N22.6
80258	FLJ22843
80258	MRX74
80262	C16orf6
80262	C16orf70
80262	FLJ12076
80262	LIN10
80262	MYTHO
80262	lin-10
80263	FLJ13181
80263	RNF99
80264	FLJ13659
80267	C1orf22
80270	C(27)-3BETA-HSD
80270	SDR11E3
80271	IP3-3KC
80271	IP3KC
80273	FLJ25609
80273	GrpE
80273	hMGE
80279	FLJ13660
80279	HSF-27
80279	IC53
80279	LZAP
80279	MST016
80279	OK/SW-cl.114
80298	FLJ14062
80298	MTERFD3
80301	DKFZp761K2312
80301	PLEKHQ1
80301	PP1628
80301	pp9099
80303	FLJ13612
80304	C2orf44
80304	FLJ21945
80304	MMAP
80305	PP2447
80306	DKFZP434N185
80306	EG1
80306	magicin
80307	C20orf124
80307	bA563A22B.1
80307	dJ309K20.1
80308	FAD1
80308	PP591
80310	IEGF
80310	MSTP036
80310	SCDGF-B
80311	KIAA1677
80312	CXXC6
80312	KIAA1676
80312	LCX
80312	bA119F7.1
80313	KIAA1674
80314	Epl1
80315	KIAA1673
80316	I-4
80316	PPP1R2P9
80317	ZF47
80317	ZNF306
80317	ZNF309
80317	ZSCAN35
80317	Zfp47
80318	FKSG21
80318	GKAP42
80319	IDAX
80320	Epfn
80321	BITE
80321	FLJ13036
80323	SE57-1
80324	MLASA1
80325	BPOZ
80325	BPOZ-2
80325	BTBD21
80325	Btb3
80325	EF1ABP
80327	MAPRE1P
80328	RAET1H
80329	RAET1I
80331	CLN4
80331	DNAJC5A
80331	FLJ00118
80331	FLJ13070
80332	C20orf153
80332	DKFZp434K0521
80332	dJ964F7.1
80333	CALP
80333	KCHIP4
80333	MGC44947
80335	MST107
80335	MSTP107
80335	PRO2730
80335	PRO34047
80335	SWD2
80335	TMEM113
80335	WDR82A
80336	C20orf119
80336	PABPC1L1
80336	dJ1069P2.3
80336	ePAB
80339	ADPN
80339	C22orf20
80339	FLJ22012
80339	adiponutrin
80339	dJ796I17.1
80339	iPLA2epsilon
80341	BPIL1
80341	C20orf184
80341	LPLUNC2
80341	dJ726C3.2
80342	T3JAM
80343	C20orf50
80343	DKFZp434C1826
80344	GL014
80344	PRO2389
80344	WDR23
80345	FLJ22191
80345	ZNF392
80345	ZNF435
80345	dJ265C24.3
80346	C8orf20
80346	FLJ22246
80346	FLJ22277
80346	PP432
80346	Yip2c
80347	DPCK
80349	REC14
80349	SKI8
80349	WDR61
80350	APOAL
80350	APOARGC
80351	ARTD6
80351	PARP-5b
80351	PARP-5c
80351	PARP5B
80351	PARP5C
80351	TANK2
80351	TNKL
80351	pART6
80352	FAP216
80352	HZFw1
80352	LIRF
80380	B7-DC
80380	B7DC
80380	Btdc
80380	CD273
80380	PD-L2
80380	PDL2
80380	bA574F11.2
80381	B7-H3
80381	B7H3
80381	B7RP-2
80700	UBXD1
80700	UBXDC2
80701	AKR1D1P
80701	SRD5BP1
80704	THTR2
80704	hTHTR2
80704	thTr-2
80705	CEP4L
80705	CT79
80709	KIAA1968
80712	ESX1L
80712	ESXR1
80723	DKFZp564K2464
80723	MGC3295
80723	TMEM22
80724	MGC5601
80725	KIAA1684
80725	SNIP
80725	p140Cap
80726	KIAA1683
80727	KIAA1691
80728	CrGAP
80728	KIAA1688
80728	Vilse
80731	KIAA1679
80736	C6orf29
80736	CTL4
80736	DFNA72
80736	FLJ14491
80736	NG22
80736	TPPT
80737	C6orf27
80737	G7c
80737	NG37
80739	C6orf25
80739	G6b
80739	G6b-B
80739	NG31
80740	C6orf24
80740	G6c
80740	NG24
80741	C6orf20
80741	G5c
80741	NG33
80742	CAT56
80742	Em:AB014077.1
80742	Em:AB023052.2
80745	C2orf8
80745	MGC2454
80746	MGC2776
80746	SEN2
80746	SEN2L
80755	AlaXp
80755	MGC2744
80757	MGC4659
80757	TMEM121A
80757	hhole
80757	hole
80758	MGC10772
80759	C6orf147
80759	C6orf148
80759	Em:AC019205.8
80759	MGC10818
80759	NDG1
80759	bA257K9.4
80760	MGC10848
80762	MGC10924
80762	N4WBP5
80763	C12orf39
80763	MGC10946
80763	NPQ
80763	spexin
80764	MGC10963
80765	MGC10327
80772	GLTPD1
80772	MGC10334
80774	MGC10986
80775	MGC10993
80776	MGC4093
80776	MKS10
80776	MKSR-2
80777	CYB5-M
80778	KOX32
80781	KNO
80781	KNO1
80789	INT5
80789	KIAA1698
80816	KIAA1713
80817	KIAA1712
80818	KIAA1710
80818	Zfp46
80820	KIAA1706
80821	KIAA1705
80821	PA-PLA1
80821	PAPLA1
80821	SPG28
80821	iPLA1alpha
80821	iPLA1α
80823	BHLHB9
80823	GASP3
80823	KIAA1701
80823	p60TRP
80824	KIAA1700
80824	MKP-7
80824	MKP7
80829	PZF
80829	ZNF757
80830	APOL-VI
80830	APOLVI
80831	APOLV
80832	APOLIV
80833	APOLIII
80833	CG12-1
80834	GPR71
80834	T1R2
80835	GPR70
80835	T1R1
80835	TR1
80851	KIAA1720
80852	KIAA1719
80853	JHDM1D
80853	KIAA1718
80854	KIAA1717
80854	KMT7
80854	SET7
80854	SET7/9
80854	Set9
80856	KIAA1715
80856	LNP
80856	Ul
80862	C6orf12
80862	Em:AB023056.3
80862	HCG8
80862	HCGVIII
80862	HCGVIII-1
80862	HTEX4
80862	NCRNA00171
80862	ZNRD1-AS
80862	ZNRD1-AS1
80862	ZNRD1AS
80862	ZNRD1ASP
80863	C6orf31
80863	DSPD1
80863	IFITMD7
80863	NG5
80863	SynDIG4
80864	C6orf8
80864	NG3
80868	Em:AB023056.16
80868	HCG4P6
80868	HCGIV-06
80868	HCGIV-6
80868	HCGIV.5
80868	bCX67J3.3
80868	bPG309N1.1
80868	bQB90C11.3
80895	DKFZP434J2031
80895	FLJ10181
80895	PPM1O
80896	C1orf13
80896	DHDPS1
80896	NPL1
80975	MGC141886
80975	MGC148044
81025	CX58
81025	CX59
81027	dJ543J19.4
81030	C20orf183
81030	DAI
81030	DLM-1
81030	DLM1
81030	dJ718J7.3
81031	GLUT-10
81031	GLUT10
81033	HERG2
81033	Kv11.2
81033	erg2
81034	MFTC
81035	CL-P1
81035	SCARA4
81035	SRCL
81037	CRR9
81037	FLJ14400
81047	OST740
81050	HSA1
81061	OR22-1
81075	OR5BH2P
81078	OR21-2
81079	OR21-1
81099	OR4F11P
81099	OR4F18
81099	OR4F19
81115	OR7E40P
81115	OST215
81127	OR4K15Q
81153	OR5BG1P
81155	OST714
81160	OR9G6
81169	OR8J2P
81176	hg500
81185	OST730
81193	OR5G3P
81193	OR5G6P
81202	OR5BQ2P
81228	OR5AK3
81230	OR5AK5P
81240	OR52Y2P
81248	OR52P1P
81285	PSGR
81295	OR51A11P
81295	OR51A13
81300	OR4P3P
81304	OST724
81315	OR4A8P
81327	OR4A16Q
81341	OR10W1P
81353	OST704
81354	OR7E71P
81354	OR7E72P
81354	OR7E73P
81354	OR7E74P
81354	OR7E75P
81354	OR912-108
81354	OR912-109
81354	OR912-110
81354	OR912-46
81354	hg523
81354	hg674
81358	OST733
81363	OST726
81377	OR13C7P
81377	OST706
81382	OR9P2P
81390	OR4F10
81392	OR2AE2
81406	OR2W7P
81421	OR5M15P
81428	OST719
81431	OR5AC1P
81439	OR9H1P
81458	OR2T7P
81458	OST723
81466	OR2L11
81466	OR2L5P
81472	OR2C4
81472	OR2C5P
81472	OST742
81479	OR11I2P
81486	OR10AE2P
81488	GRINL1A
81488	Gdown
81488	Gdown1
81490	PSS2
81491	PSP24(beta)
81491	PSP24B
81492	RSHL1
81492	RSP4
81492	RSP6
81492	RSPH4B
81493	SYNC1
81493	SYNCOILIN
81494	CFHL5
81494	FHR-5
81494	FHR5
81501	DC-STAMP
81501	FIND
81501	TM7SF4
81502	H13
81502	HM13-IT1
81502	IMP1
81502	IMPAS
81502	PSENL3
81502	PSL3
81502	SPP
81502	SPPL1
81502	dJ324O17.1
81532	HCCA2
81533	CDA08
81533	LNKN-1
81533	TIP
81539	ATA1
81539	SNAT1
81542	PDIA11
81542	TMX
81542	TXNDC
81542	TXNDC1
81543	C21orf102
81543	C21orf30
81543	DKFZP434C128
81543	LRRC3DN
81544	GDE2
81544	PP1665
81545	FLJ13962
81545	Fbx38
81545	MOKA
81545	SP329
81550	FLJ21007
81551	RB3
81552	DKFZp564K0822
81552	ECop
81552	FLJ20532
81552	WBP1L2
81553	CYRI-A
81553	DKFZP566A1524
81553	FAM49A
81553	FLJ11080
81554	WBSCR16
81555	FinGER5
81555	SMAP-5
81555	YIPFalpha1A
81555	Yip1a
81556	C15orf44
81556	DKFZP564O1664
81556	VWA9
81559	BIA1
81559	RNF92
81562	DKFZp564L2423
81562	VIPL
81563	PIG13
81565	MITAP1
81565	NDE1L1
81565	NDE2
81565	NUDEL
81566	C12ORF2
81566	C12orf22
81566	FAM130A1
81566	PPP1R72
81566	TAIP-12
81567	ERp46
81567	EndoPDI
81567	FLJ21353
81567	FLJ90810
81567	Hcc-2
81567	MGC3178
81567	PDIA15
81569	CT57
81570	ANKCLP
81570	FLJ13152
81570	SKD3
81571	C9orf45
81571	FLJ22161
81571	GL012
81571	NCRNA00287
81572	C20orf126
81572	dJ310O13.3
81573	DKFZP566D1346
81573	dJ677H15.3
81575	DKFZP434F0318
81575	FLJ25138
81576	CCDC130
81576	MGC10471
81577	FLJ23802
81577	MGC11335
81579	PLA2G12
81602	NYD-SP15
81603	GERP
81603	RNF27
81605	C9orf74
81605	MGC2668
81607	LNIR
81607	PVRL4
81607	nectin-4
81608	DKFZp586K0717
81608	FIP1
81608	hFip1
81609	KIAA0488
81609	MGC20471
81609	MY014
81610	C20orf129
81610	CHICA
81610	dJ616B8.3
81611	LANP-L
81611	LANPL
81611	MGC5350
81614	SLC57A2
81615	DKFZP566N034
81615	SLC30A11
81615	SV31
81616	BGR
81616	DKFZp434K1635
81616	PRTD-NY3
81617	FLJ12577
81617	MLAA-34
81617	MO2L
81617	bA103J18.3
81618	BRICD2C
81618	E25
81618	ITM3
81618	hRPC.1050_D_4
81619	DC-TM4F2
81619	MGC11352
81619	TM4SF14
81620	RIS2
81621	FKSG28
81621	FKSG40
81622	UNC-93B
81622	UNC93
81623	C20orf8
81623	DEFB-26
81623	bA530N10.1
81624	AUNA1
81624	DRF3
81624	FLJ34705
81624	NSDAN
81626	C1orf14
81627	C1orf25
81628	THG-1
81628	TILZ2
81629	SPOGA3
81629	STK22C
81631	ATG8F
81669	CCNM
81669	CCNS
81669	HLA-ISO
81669	PCEE
81669	SB138
81669	ania-6b
81671	EPG3
81671	TANGO5
81671	TMEM49
81688	DKFZP564G182
81688	FLJ12619
81688	XTP12
81689	HBLD2
81689	ISA1
81689	MGC4276
81689	hIscA
81689	hIscA1
81691	NEF-sp
81693	amnionless
81694	hs6M1-30P
81695	hs6M1-31P
81696	hs6M1-21
81697	OR2B2Q
81697	OR2B9
81697	OR6-1
81697	hs6M1-10
81698	C15orf5
81704	FLJ00026
81704	FLJ00152
81704	FLJ00346
81704	ZIR8
81706	CPI17-like
81706	KEPI
81706	NY-BR-81
81786	GNIP
81786	RNF90
81788	FLJ90349
81788	SNARK
81789	DKFZp761E2110
81790	ADSA
81790	DKFZP564A022
81790	SNAX1
81793	CD290
81794	ADAM-TS10
81796	OATP-J
81796	OATP5A1
81796	OATPRP4
81796	SLC21A15
81797	hs6M1-27
81831	FLJ10430
81831	NEOT2
81832	BCTL1
81832	BTCL1
81833	SAMP32
81839	STB2
81844	RNF109
81846	CMT4B2
81846	DENND7B
81846	KIAA1766
81846	MTMR13
81847	DKFZp434O1427
81847	dJ351K20.1
81847	dactylidin
81849	MGC3184
81849	SIAT7E
81849	ST6GalNAcV
81850	KAP1.3
81851	HB2A
81851	KAP1.1
81851	KAP1.1A
81851	KAP1.1B
81853	MGC1223
81854	MGC3771
81855	SFX3
81855	SLC56A3
81856	MGC5384
81857	ACID1
81857	ARC92
81857	DKFZp434K0512
81857	TCBAP0758
81858	DKFZP434N1923
81858	SIPL1
81870	KAP9.5
81870	KAP9.9
81870	KRTAP9-5
81871	KAP4.15
81871	KAP4.6
81871	KRTAP4-15
81872	KAP2.1A
81873	ARC16-2
81873	MGC3038
81875	FLJ12671
81887	FLJ12525
81887	Las1
81888	HT036
81889	C16orf36
81889	DKFZP566J2046
81890	TGT
81892	C14orf156
81892	DC50
81893	LAT1-3TM
81893	MLAS
81894	MRS3/4
81894	MRS4L
81926	C19orf27
81926	FAM108A1
81926	MGC5244
81928	C20orf150
81928	dJ908M14.2
81928	ik3-2
81929	SEC13L
81929	SEH1A
81929	SEH1B
81929	Seh1
81930	DKFZP434G2226
81930	PPP1R99
81931	FLJ12488
81931	HPF34
81931	TF34
81931	ZNF505
81932	C9orf158
81932	MGC12904
81993	COX17P
83259	PCDH22
83259	PCDHY
83394	ACKR6
83394	CORD5
83394	NIR1
83394	RDGBA3
83401	CIG-30
83416	BXMAS1
83416	CD307e
83416	FCRH5
83416	IRTA2
83417	CD307d
83417	FCRH4
83417	IGFP2
83417	IRTA1
83440	ADP-GK
83440	DKFZp434B195
83443	MGC3133
83443	SF3b10
83443	Ysf3
83444	HMGA1L4
83444	HMGIYL4
83444	IES2
83444	PAP-1BP
83444	PAPA-1
83444	ZNHIT4
83444	hIes2
83445	MGC3146
83446	DKFZP434K1172
83446	FLJ25853
83447	ANT4
83447	DKFZP434N1235
83448	DKFZP434G1415
83450	CFAP134
83450	DKFZP586M1120
83450	LRRC48
83451	PP1226
83451	WBSCR21
83452	DKFZP434G099
83460	MGC2963
83460	RAB5IFL
83460	TMEM93
83461	GRCC8
83461	TOME-1
83463	MAD3
83463	bHLHc13
83464	APH-1B
83464	DKFZp564D0372
83464	PSFL
83468	FLJ31494
83473	DKFZP667C165
83473	MGC33211
83475	HLRC1
83475	MGC4293
83478	DKFZP564B1162
83478	FLJ33877
83478	FilGAP
83479	DKFZP564B1023
83479	ZNHIT5
83480	DEG1
83480	FKSG32
83481	EPIPL1
83482	DKFZp547F072
83482	ZNF898
83483	FELS
83483	PV-1
83483	PV1
83483	gp68
83528	CYP51P1
83530	CYP51P2
83538	DKFZP434H0115
83538	TTC25
83539	GALNAC-4-ST2
83539	GALNAC4ST-2
83540	CDCA1
83540	CT106
83540	NUF2R
83541	C20orf55
83541	bA371L19.3
83543	C9orf58
83543	FLJ12783
83543	IBA2
83544	1700010H15RiK
83544	C14orf168
83544	CILD16
83544	MGC12435
83546	FLJ36353
83547	FLJ31193
83548	SEC34
83549	FLJ12255
83549	URK1
83551	GPR102
83551	TA5
83551	TAR5
83551	TRAR5
83552	FLJ30570
83552	NNO2
83552	rd6
83590	C7orf21
83590	SB144
83591	DKFZP564I0422
83592	AKR1CL2
83592	AKRDC1
83592	HTSP1
83592	MGC10612
83592	htAKR
83593	Maxp1
83593	NORE1
83593	RAPL
83594	DKFZP761I172
83597	LTM1
83597	TMEM7
83597	Z3CXXC3
83598	LUZP3
83598	LUZP3P
83598	LUZPP1
83598	NONHSAT089447.2
83604	BCMP1
83604	DKFZP761J17121
83604	DKFZp564E153
83604	TM4SF10
83604	VAB-9
83605	C7orf22
83605	MGC4607
83606	C22orf13
83606	LLN4
83606	MGC1842
83607	MGC4268
83608	C18orf21
83608	HsT3108
83608	PNAS-124
83608	PNAS-131
83636	DKFZP762D096
83636	MGC10922
83636	MPAN
83636	NBIA4
83636	SPG43
83637	DKFZp761I2123
83637	KIAA1886
83637	NET27
83637	ZIMP7
83637	hZIMP7
83638	BLES03
83638	P5326
83639	CT131
83639	MGC4766
83639	SGRG
83639	SPATA44
83639	TES101RP
83640	C15orf18
83640	FAM103A1
83640	HsT19360
83640	MGC2560
83640	RAMMET
83641	C10orf45
83641	FLJ45505
83641	HITS
83641	MGC11034
83642	SELO
83643	DKFZp761F241
83647	C8orf8
83648	C8orf13
83648	DIORA-1
83650	AMAC
83650	AMAC1L2
83655	C8orf14
83655	NCRNA00208
83656	C8orf12
83657	DNCL2B
83657	DNLC2B
83657	ROBLD2
83658	DNCL2A
83658	DNLC2A
83658	ROBLD1
83660	KIAA0320
83661	CD20L5
83661	MS4A8B
83666	ARTD9
83666	BAL
83666	BAL1
83667	DKFZp761M0212
83667	HI95
83667	SEST2
83690	Cocoacrisp
83690	DKFZp762F133
83690	LCRISP1
83692	CD99B
83692	MIC2L1
83693	SDR12C3
83694	MGC11287
83694	RSKL2
83695	C12orf32
83695	HKMT1188
83695	MGC13204
83695	RHINO
83696	IKBKBBP
83696	KIAA1882
83696	MRT13
83696	NIBP
83696	TRS120
83697	AE4
83698	CABP8
83700	JAM-3
83700	JAM-C
83700	JAMC
83706	KIND3
83706	MGC10966
83706	MIG2B
83706	UNC112C
83706	URP2
83707	MGC11134
83714	DKFZP761G1913
83715	DFNB36
83716	DKFZP434B044
83716	LCRISP2
83716	LGL1
83719	MGC10500
83723	DKFZP434I2117
83723	FAM57B
83729	MGC4638
83729	activin
83732	AD034
83732	FLJ30006
83732	RRP10
83732	bA288G3.1
83734	APG10L
83734	DKFZP586I0418
83734	FLJ13954
83737	AIP4
83740	H2AFB
83740	H2AFB3
83741	AP-2delta
83741	TFAP2BL1
83742	FLJ22343
83742	FLJ23440
83742	GB14
83742	MGC4415
83742	MRVLDC1
83742	bA548K23.8
83743	GRWD
83743	RRB1
83743	WDR28
83744	BA526D8.4
83744	FLJ33884
83746	DKFZP761I141
83746	H-l(3)mbt-l
83746	dJ756G23.3
83752	LONP
83752	LONPL
83752	MGC4840
83755	KAP4.12
83756	T1R3
83757	CYP2G2
83757	CYP2GP2
83758	CRBP-III
83758	CRBP3
83758	CRBPIII
83759	MGC10871
83759	RBM30
83759	RBM4L
83759	ZCCHC15
83759	ZCCHC21B
83759	ZCRB3B
83786	FKSG44
83786	FLJ90369
83786	iTAP
83787	MGC3195
83787	SVH
83795	K2p16.1
83795	TALK-1
83795	TALK1
83849	CHR10SYT
83850	CHR3SYT
83850	FAM62C
83851	CHR14SYT
83851	Strep14
83851	yt14r
83852	C13orf4
83852	CLLD8
83852	CLLL8
83852	KMT1F
83853	FLJ25776
83853	LINC01513
83853	RP11-1C1.7
83853	RSPH11
83853	TCONS_00009352
83854	AGF
83854	ARP5
83855	BTEB4
83855	DRRF
83855	NSLP2
83856	CCDC10
83856	CSDUFD1
83856	FSD1CL
83856	FSD1NL
83857	ARG99
83857	FLJ31400
83857	FLJ41625
83857	OLF
83858	KIAA1273
83858	TOB3
83860	TAF140
83860	TAFII140
83861	RSHL2
83861	RSP3
83861	dJ111C20.1
83862	NET29
83862	TACAN
83862	TMPIT
83863	LINC00126
83863	TTY5
83864	NCRNA00131
83864	TTTY9
83864	TTY9
83866	NCRNA00134
83866	TTY11
83867	NCRNA00135
83868	NCRNA00136
83868	TTY13
83869	CYorf14
83869	NCRNA00137
83869	NCRNA00185
83869	PRO2834
83869	TTY14
83871	NARR
83871	RAH
83872	ARMD1
83872	FBLN6
83872	FIBL-6
83872	FIBL6
83873	BALGR
83874	AC004997.C22.2
83874	EPI64
83874	TBC1D10
83875	B-DIOX-II
83875	BCDO2
83875	FLJ34464
83876	B29
83876	C18orf3
83876	FLJ30140
83877	BLP1
83878	AIEBP
83878	FLJ38709
83878	MCC2
83879	FLJ14736
83879	JPO1
83880	IFP38
83881	MILD1
83881	MIXL
83882	OCSP
83884	ORNT2
83886	CAPH2
83886	MPN
83887	C6orf104
83887	NYD-TSPG
83887	dJ366N23.3
83888	KSP37
83889	NYD-SP11
83890	FLJ35906
83890	NYD-SP16
83891	LRP2BP-AS1
83892	BTBD28
83892	MSTP028
83893	NYD-SP12
83894	NYD-SP14
83895	KAP1.5
83896	KAP3.1
83897	KAP3.2
83899	KAP9.2
83900	KAP9.3
83901	KAP9.8
83902	KAP17.1
83903	GSG2
83930	MENTHO
83930	MGC3251
83931	MGC4796
83931	SHIK
83931	SgK495
83932	C1orf124
83932	DKFZP547N043
83932	DVC1
83932	Spartan
83933	DKFZP761B039
83937	AD037
83937	MGC44914
83938	C10orf11
83938	CDA017
83938	OCA7
83939	EIF-2A
83940	CDA11
83942	FKSG81
83942	SPOGA4
83942	STK22D
83942	TSSK1
83943	IMMP2L-IT1
83943	IMP2
83953	CD351
83953	FCA/MR
83953	FKSG87
83953	Fcalpha/muR
83955	FKSG17
83955	NACAP1
83956	FKSG42
83956	RACGAP1P
83957	FKSG43
83959	BTR1
83959	CDPD1
83959	CHED2
83959	FECD4
83959	NaBC1
83959	dJ794I6.2
83982	FAM14A
83982	TLH29
83983	CT72
83983	FLJ24002
83983	SSTK
83985	HSpin1
83985	PP2030
83985	SLC63A1
83985	SPINL
83985	nrs
83986	C16orf9
83986	DKFZP761D0211
83986	FLJ32603
83986	ITFG3
83987	3M3
83987	DKFZp564K0322
83987	PPP1R20
83987	p90
83989	C5orf21
83989	DKFZP564D172
83989	FAM172A
83989	Toupee
83990	FANCJ
83990	OF
83992	C7orf8
83992	CORTBP2
83992	KIAA1758
83992	Orf4
83998	GISP
83998	REG-IV
83998	RELP
83999	KREMEN
83999	KRM1
84000	MSPL
84000	MSPS
84000	TMPRSS11
84002	B3GN-T5
84002	beta3Gn-T5
84033	ARHGEF30
84033	KIAA1556
84033	KIAA1639
84033	UNC89
84034	FLJ33200
84034	FOAP-10
84054	PCDH-PSI5
84055	PSI6
84056	MGC2599
84057	GAJ
84058	FLJ12953
84059	DKFZp761P0710
84059	FEB4
84059	GPR98
84059	KIAA0686
84059	MASS1
84059	USH2C
84059	VLGR1
84060	C7orf64
84060	DKFZp564O0523
84060	HSPC304
84061	DKFZp564K142
84061	MRX95
84061	OST3B
84061	SLC58A1
84062	BLOC1S8
84062	DBND
84062	Dysbindin
84062	HPS7
84062	My031
84063	DKFZp564A1164
84063	FILTRIN
84063	MGC15718
84063	NEPH3
84063	NLG1
84064	DKFZP564D1378
84065	C1orf160
84065	DKFZP564D0478
84066	C1orf49
84066	DKFZP564J047
84066	TSC24
84067	C11orf56
84067	DKFZP566M1046
84067	FAM160A2
84067	FHIP
84067	FLJ22665
84067	KIAA1759
84068	C4orf13
84068	DKFZp313H0531
84068	DKFZp566M114
84068	DKFZp779O2438
84068	MGC25043
84069	DKFZP434H2010
84070	C12orf25
84070	DKFZP434J0113
84071	DKFZp434P0714
84071	bA787I22.1
84072	CT46
84072	DKFZP434A1315
84073	AMAP-1
84073	DKFZp434N1415
84074	DKFZP434P0316
84075	C14orf155
84075	DKFZP434F1017
84076	DKFZP434L1717
84076	FLJ32975
84077	DKFZP434N1817
84078	DKFZP434E2318
84079	DKFZp434L0718
84079	FLJ00040
84079	VARP
84080	C16orf48
84080	DKFZP434A1319
84080	FBB11
84081	CCDC55
84081	DKFZP434K1421
84081	NSrp70
84083	AH2
84083	DKFZP434B1727
84084	WTH3
84085	Fbx30
84085	MGC21674
84086	IGLC/OR22-2
84087	IGLV(IV)/OR22-2
84088	IGLV(IV)/OR22-1
84089	IGLV(VII)-41-1
84090	IGLV(VI)-25-1
84091	IGLV(VI)-22-1
84096	IGLC/OR22-1
84097	IGLV(IV)-66-1
84100	BBS3
84100	RP55
84101	FLJ14528
84102	DKFZP434K0427
84103	DKFZP434G072
84105	DCOH2
84105	DCOHM
84106	PML-RAR
84108	MBLR
84108	RNF134
84109	GPR103
84124	FLJ12298
84124	ZKSCAN14
84124	ZSCAN46
84125	FLJ12303
84125	KIAA1801
84126	FLJ12343
84126	MGC20625
84126	MGC21482
84126	MGC26740
84128	FLJ12519
84128	NET16
84128	UTP17
84129	FLJ12592
84131	C9orf81
84131	FLJ12643
84132	FLJ12697
84133	BK747E2.3
84133	FLJ22057
84133	KIAA1133
84133	RNF203
84134	FLJ12770
84134	TOMM40B
84135	FLJ12787
84135	FLJ23637
84135	NET21
84138	FLJ13291
84138	Iwr1
84140	FLJ13305
84140	RP28
84141	FAM176A
84141	FLJ13391
84141	TMEM166
84142	ABRA1
84142	ABRAXAS
84142	CCDC98
84142	FAM175A
84142	FLJ13614
84144	FLJ13815
84146	BM-005
84146	KIAA1221
84146	MGC60165
84146	MGC70410
84148	FLJ14040
84148	MOF
84148	MYST1
84148	ZC2HC8
84148	hMOF
84152	DARPP-32
84152	FLJ20940
84153	AYP1
84154	BXDC1
84154	FLJ21087
84154	bA397G5.4
84159	FLJ21150
84159	MRF2
84162	FLJ21404
84162	FSA
84162	KIAA1109
84162	KIAA1371
84162	Tweek
84163	FLJ37938
84163	GTF2IRD2A
84164	ASC1p100
84164	DKFZp586O0223
84164	FLJ21588
84166	CLR16.1
84166	FLJ21709
84166	NOD27
84167	FLJ21742
84168	FLJ10601
84168	FLJ21776
84168	TEM8
84171	FLJ21889
84171	LOXC
84172	FLJ10816
84172	FLJ21921
84172	RPA135
84172	Rpo1-2
84173	DFNB88
84173	FLJ21977
84173	RBED1
84173	RBM29
84174	C20orf156
84174	FLJ21992
84174	SLAP-2
84176	MHC20
84176	MYH16P
84176	MYH5
84179	FLJ22269
84179	LP2561
84179	MFSD7
84181	FLJ22369
84181	KIAA1335
84181	RIGB
84181	dJ620E11.1
84182	C7orf67
84182	FAM188B
84182	FLJ22374
84186	AIR1
84186	FLJ22611
84187	FLJ22679
84187	RP13-360B22.2
84188	FLJ22728
84188	MLSTD2
84188	SDR10E1
84189	FLJ22774
84190	C12orf26
84190	FLJ22789
84191	CIA2A
84191	FAM96A
84191	FLJ22875
84193	C14orf154
84193	FLJ23027
84196	FLJ11328
84196	FLJ20103
84196	FLJ23054
84196	FLJ23277
84196	MGC14879
84197	FLJ23356
84197	SgK196
84203	SPTRX1
84206	DKFZp434J0617
84206	RKHD3
84206	RNF195
84210	ANKRD20A
84210	DKFZp434A171
84215	DKFZp434I1930
84216	DKFZp434K2435
84217	DKFZp434N2435
84219	C16orf21
84219	DKFZp434F054
84219	JFP7
84220	BS-63
84220	DKFZp686I1842
84220	RGP5
84221	C21orf56
84222	DKFZp434N035
84222	TMEM191AP
84223	CFAP122
84223	DKFZp434B227
84223	IQCG
84225	DKFZp434N127
84226	C2orf16
84226	DKFZp434G118
84229	C16orf50
84229	CCDC135
84229	CFAP50
84229	DKFZp434I099
84229	FAP50
84230	AD158
84231	DKFZp586I021
84231	MGC7807
84231	RFWD1
84231	RNF119
84232	DKFZp586G1123
84233	DKFZp586C1924
84233	OPA7
84236	DKFZp547E052
84239	DKFZp761I1011
84239	FLJ37958
84240	DKFZp761J139
84240	PPP1R41
84243	DKFZp667O2416
84245	MGC3207
84245	MRDI
84245	Ypr118w
84245	mtnA
84246	L6
84246	MGC5309
84246	NUT2
84246	TRG20
84247	DKFZp761O17121
84247	LDOC1L
84247	Mar6
84247	Mart6
84247	SIRH3
84247	dJ1033E15.2
84248	DKFZp761B1514
84248	UIF
84249	DKFZp761B0514
84249	EFA6C
84250	ANKRD32
84250	BRCTD1
84250	BRCTx
84250	DKFZp564C0469
84250	DKFZp761C121
84250	hNSE5
84251	DKFZp761D221
84253	DKFZp761J1523
84253	bA356B19.1
84254	CAMKKA
84254	DKFZp761M0423
84254	MGC34095
84255	DKFZp761N0624
84255	SPX3
84256	DKFZp761A132
84259	FLJ32431
84259	MGC2714
84260	MGC10854
84260	TpMs
84261	Fbw9
84261	MEC-15
84261	MGC10870
84262	C7orf48
84262	MGC10911
84262	PAC3
84263	C9orf99
84263	SDR13C1
84264	MGC2605
84265	MGC3200
84265	flj32422
84266	MGC10974
84266	SPATA11
84267	C9orf64
84267	MGC10999
84268	MGC4189
84268	hRIP
84269	C2orf9
84269	MGC11104
84269	MIC14
84269	MIX14
84270	BinCARD
84270	C9orf89
84270	MGC11115
84270	bA370F5.1
84271	KIAA1649
84271	PDIP3
84271	PDIP46
84271	SKAR
84272	FinGER4
84272	MGC11061
84272	YIPFalpha2
84273	C4orf14
84273	MGC3232
84273	MTG3
84273	hAtNOS1
84273	hNOA1
84274	MGC4767
84275	BMSC-MCP
84275	MGC4399
84275	PNC1
84276	MGC12936
84277	WBSCR18
84278	HIATL2
84278	MFSD14C
84278	MFSD14CP
84278	MGC12945
84279	C2orf7
84279	MGC13004
84279	PAP21
84279	hPAP21
84280	GMRP-1
84280	GMRP1
84280	MGC13007
84281	C2orf88
84281	MGC13057
84281	smAKAP
84282	MGC13061
84283	FLJ16057
84283	FLJ32254
84283	MATT
84283	MGC13102
84284	C1orf57
84284	HCR-NTPase
84284	MGC13186
84284	THEP1
84285	MGC11102
84285	haponin
84286	MGC4618
84288	CFAP200
84288	EFCAB2
84288	MGC12458
84289	FLJ23842
84289	p28ING5
84290	MGC12536
84290	MGC14804
84292	MORG1
84293	Adrx
84293	C10orf58
84293	FAM213A
84293	MGC4248
84293	PAMM
84294	C8orf53
84294	MGC14595
84295	BFLS
84295	BORJ
84295	CENP-31
84295	KIAA1823
84295	MGC14797
84296	MGC14799
84296	SLD5
84298	C12orf31
84298	MGC14817
84298	hLLP
84299	C17orf37
84299	C35
84299	MGC14832
84299	ORB3
84299	Rdx12
84299	XTP4
84300	C6orf125
84300	Cbp6
84300	M19
84300	MGC14833
84300	MNF1
84300	bA6B20.2
84301	MGC14844
84302	C9orf125
84302	MGC12992
84302	TMEM246
84303	CHCM1
84303	MGC13016
84303	MICOS25
84303	Mic25
84303	PPP1R23
84304	MGC13045
84305	PYM
84305	WIBG
84306	MGC13096
84307	MGC13250
84307	ZNF47
84307	ZSCAN15
84309	SDOS
84309	TIRR
84310	C7orf50
84310	MGC11257
84310	YCR016W
84311	MGC11321
84311	Mba1
84311	mL45
84312	FLJ39177
84312	MGC11296
84313	DERP9
84313	EAP20
84313	MGC10540
84314	JBTS29
84314	MGC10744
84314	MKS13
84315	MGC13272
84315	SAND1
84316	LSMD1
84316	MGC14151
84316	PFAAP2
84317	CCDC115
84317	FLJ30131
84317	MGC12981
84317	ccp1
84318	MGC13183
84319	C3orf26
84319	MGC4308
84320	MGC2404
84321	MGC5469
84321	TEX1
84322	C18orf12
84322	HEIL1
84322	HsT2508
84324	CIP29
84324	Hcc-1
84324	THO1
84326	C16orf13
84326	MGC13114
84327	MGC15435
84328	MGC15436
84329	Hv1
84329	MGC15619
84329	VSOP
84330	MGC15716
84330	Zfp414
84331	C16orf14
84331	FAM195A
84331	MGC15416
84332	MGC16186
84332	bA36D19.6
84333	MGC16202
84333	RNF159
84334	APOP-1
84334	APOPT1
84334	C14orf153
84334	MGC2562
84335	Lobe
84335	MGC2865
84335	PRAS40
84336	FLJ23987
84336	MGC4251
84337	MGC4549
84340	EF-G2mt
84340	EFG2
84340	FLJ21661
84342	DOR1
84342	FLJ22315
84343	BLOC2S1
84343	SUTAL
84364	FLJ14576
84364	IRZ
84364	ZNF289
84364	Zfp289
84365	MKI67IP
84365	Nopp34
84365	hNIFK
84366	C17orf92
84366	PRAC
84417	C2orf40
84417	augurin
84418	C5orf32
84418	ORF1-FL49
84419	C15orf48
84419	MIR147BHG
84419	MISTRAV
84419	MOCCI
84419	NMES1
84432	EG-VEGF
84432	EGVEGF
84432	PK1
84433	BIMP3
84433	CARMA1
84435	GPR123
84435	KIAA1828
84436	KIAA1827
84437	KIAA1826
84439	KIAA1822
84440	FLJ00131
84440	KIAA1821
84440	MGC11316
84440	RAB11-FIP4
84441	KIAA1819
84441	MAM3
84443	KIAA1817
84443	RP5-1070B1.1
84444	DOT1
84444	KIAA1814
84444	KMT4
84445	KIAA1813
84445	LAPSER1
84446	KIAA1811
84446	SAD-B
84447	DER3
84447	HRD1
84448	KIAA1808
84449	KIAA1806
84450	KIAA1805
84451	KIAA1804
84451	MLK4
84455	KIAA1799
84455	RP4-534K7.1
84456	KIAA1798
84457	Em:AC025038.1
84457	KIAA1796
84458	C10orf12
84458	DKFZP564P1916
84458	FLJ13022
84458	FLJ38026
84458	KIAA1795
84458	MLR2
84460	KIAA1789
84461	KIAA1787
84464	BTBD12
84464	FANCP
84464	KIAA1784
84464	KIAA1987
84465	DKFZp434L121
84465	KIAA1781
84466	KIAA1780
84466	SR-F3
84467	KIAA1776
84498	CCPG
84498	KIAA1838
84498	PGCC1
84498	SAN1
84501	KIAA1832
84501	spir-2
84502	JP4
84502	JPHL1
84502	KIAA1831
84503	KIAA1829
84504	GTX
84504	NKX6.1
84504	NKX6B
84513	DPPL1
84513	HTPAP
84513	PPAPDC1B
84514	LGP1
84515	C20orf154
84515	MGC119522
84515	MGC119523
84515	MGC12866
84515	MGC4816
84515	REC
84515	dJ967N21.5
84516	MGC3248
84517	ARPM1
84518	PLAC8L2
84519	CT23
84519	OY-TES-1
84519	SP32
84520	C14orf142
84522	FLJ14602
84522	GL009
84524	Fliz1
84524	ZC3HDC8
84525	HOP
84525	LAGY
84525	NECC1
84525	OB1
84525	SMAP31
84527	MGC13105
84528	CT107
84528	PEPP-2
84528	THG1
84529	C15orf41
84529	FLJ22851
84529	HH114
84529	MGC11326
84530	KIAA1853
84530	nSR100
84532	ACAS2L
84532	AceCS2L
84532	MGC33843
84532	dJ568C11.3
84536	C21orf67
84536	C21orf69
84539	GPR145
84539	MCH2
84539	MCH2R
84539	SLT
84541	KIAA1842
84541	TA-KRP
84542	KIAA1841
84545	bMRP36a
84545	mL43
84546	RNU35B
84546	U35B
84547	HUCEP-4
84547	SCAND4
84547	dJ874C20.4
84548	CXorf13
84548	FAM11A
84548	FRAXF
84549	MAK16L
84549	RBM13
84552	PAR-6G
84552	PAR6gamma
84553	C6orf168
84553	MGC2817
84553	dJ273F20
84557	ATG8E
84557	LC3
84557	LC3A
84557	MAP1ALC3
84557	MAP1BLC3
84559	GOLGA2LY1
84559	GOLGA2P2
84560	MTIV
84561	CCC9
84569	LYC2
84569	MGC33408
84572	C16orf27
84572	CAB56184
84572	GNPTAG
84572	c316G12.3
84612	PAR-6B
84614	MGC2629
84614	ZNF908
84616	KAP4.13
84616	KAP4.4
84616	KRTAP4-13
84617	HsT1601
84617	MGC4083
84618	CN-I
84618	CN-IA
84618	CN1
84618	CN1A
84618	MGC119199
84618	MGC119201
84619	FLJ14972
84619	GPATC6
84619	GPATCH6
84619	KIAA1847
84619	MGC44880
84619	ZC3H9
84619	ZC3HDC9
84619	ZIP
84619	dJ583P15.3
84620	KIAA1877
84620	SIAT2
84620	St6GalII
84622	KIAA1871
84623	KIAA1867
84623	KIRRE
84623	NEPH2
84624	FNDC2
84624	KIAA1866
84624	bA243O10.1
84624	dJ322A24.1
84626	KIAA1862
84626	KRBA1
84627	KIAA1858
84627	Zfp469
84628	KIAA1857
84628	Lmnt2
84628	NetrinG2
84629	CAGL79
84629	KIAA1856
84629	TNRC18A
84630	KIAA1855
84631	CXorf1
84631	KIAA1854
84631	SLITL1
84631	TMEM257
84632	Em:AC005383.4
84632	FLJ14564
84632	KIAA1914
84632	XB130
84634	AXOR12
84634	GPR54
84634	HOT7T175
84636	FKSG79
84636	LPS3
84639	FKSG75
84639	IL-1F10
84639	IL-1HY2
84639	IL1-theta
84639	MGC11983
84639	MGC119832
84639	MGC119833
84640	HP43.8KD
84640	KIAA1891
84641	FLJ14753
84641	HIATL1
84641	MFSD14B
84645	EVG1
84645	FLJ32787
84645	LOC84645
84647	PLA2G13
84648	LEP16
84648	SPRL6A
84648	SPRL6B
84650	EBRP
84651	ECG2
84651	ECRG2
84654	FLJ25709
84654	NYD-TSP1
84654	PPP1R148
84656	BM045
84656	HIBDL
84656	N-PAC
84656	NP60
84657	C3orf42
84657	GHRL-AS2
84657	GHRLOS2
84657	NAG73
84658	EMR3
84660	CT109
84660	ERAP75
84660	FLJ40344
84660	TSP-NY
84661	Cps25
84661	HDPY-30
84661	Saf19
84662	NPHP7
84664	CSPG4LYP2
84664	CSPG4P2
84665	MYOP
84666	FIZZ2
84666	HXCP2
84666	RELMb
84667	bHLHb37
84668	DRCTNNB1A
84668	FAM126A
84668	HCC
84668	hyccin
84669	NY-REN-60
84671	ZNF1111
84672	LINC00127
84672	TTTY6A
84672	TTY6
84673	LINC00130
84673	NCRNA00130
84673	TTY8
84674	CINCIN1
84675	MURF-2
84675	RNF29
84676	IRF
84676	MURF-1
84676	RNF28
84676	SMRZ
84677	C21orf65
84677	CT25.1a
84677	CT25.1b
84677	MMA-1a
84677	MMA-1b
84677	MTAG2
84678	CXXC2
84678	FBXL10
84678	Fbl10
84678	JHDM1B
84678	PCCX2
84679	NHE-7
84679	NHE7
84680	ACS
84680	PHACS
84684	IA-6
84684	Mlt1
84687	PPP1R9
84687	SPINO
84687	Spn
84688	C9orf24
84688	CBE1
84688	MGC32921
84688	MGC33614
84688	NYD-SP22
84688	SMRP1
84688	bA573M23.4
84689	DKFZp434H092
84689	FLJ32856
84689	MS4A16
84689	NYD-SP21
84690	NYD-SP20
84691	FAM137A
84691	FAM71F1
84691	GARI-L1
84691	NYD-SP18
84692	FLJ25362
84692	NYD-SP17
84692	SP17
84693	GLOD2
84693	MCE
84693	MMCE
84694	CX62
84696	FLJ36128
84696	LABH1
84699	CREB-H
84699	CREBH
84700	BK125H2.1
84701	COX4-2
84701	COX4B
84701	COX4L2
84701	COXIV-2
84701	dJ857M17.2
84705	FLJ14700
84705	GTPBG3
84705	MSS1
84705	MTGP1
84705	THDF1
84706	ALT2
84707	DJ79P11.1
84708	LNX
84708	PDZRN2
84709	C4orf49
84709	CESP-1
84709	HUMMR
84709	OSAP
84717	HRP2
84717	Hdgfrp2
84719	C1orf217
84719	MGC5457
84719	NCRNA00260
84720	DKFZp434M222
84720	FLJ00135
84720	PIG-O
84722	DDA3
84725	FAPP2
84725	MGC3358
84726	BAT2L
84726	BAT2L1
84726	KIAA0515
84726	LQFBS-1
84726	MGC10526
84727	GRCC9
84727	SSB-2
84733	CDCA6
84733	M33
84733	MGC10561
84734	C1orf90
84734	DIORA-2
84734	MGC10820
84735	CPGL2
84735	HsT2308
84735	MGC10825
84740	AFAP1-AS
84740	AFAP1AS
84740	MGC10981
84747	MGC5139
84747	POC7B
84749	FLJ40511
84749	MGC10702
84750	FUT10
84752	MGC4655
84759	MGC10882
84759	NSPC1
84759	RNF68
84765	MGC4400
84766	EFCAB4B
84766	MGC4266
84766	RAB46
84767	SPRYD5
84767	TRIM51A
84769	FKSG24
84769	MGC12972
84775	FLJ14802
84775	MGC13071
84777	MGC11082
84779	ARD1B
84779	ARD2
84779	hARD2
84787	MGC2705
84787	SUV420H2
84790	MGC10851
84790	MGC14580
84790	TUBA6
84790	bcm948
84791	ASAP
84791	C1orf97
84791	MGC14801
84792	ACPIN1
84792	C7orf70
84792	MGC12966
84792	SIPAR
84793	MGC12982
84795	C10orf33
84795	FLJ23849
84798	BC006151
84798	C19orf48
84798	MGC13170
84803	AGPAT10
84803	AGPAT9
84803	HMFN0839
84803	LPAAT-theta
84803	MAG1
84803	MGC11324
84804	MFSD9
84804	MGC11332
84807	IkBNS
84807	IkappaBNS
84807	TA-NFKBH
84808	C1orf170
84808	MGC13275
84808	RP11-54O7.8
84809	CROCCL1
84809	MGC12760
84811	Cwc26
84811	MGC13125
84811	fSAP71
84814	C9orf67
84814	FLJ14662
84814	MGC12921
84814	NET39
84814	PPAPDC3
84816	NIMP
84817	MGC14353
84817	TRP14
84817	TXNL5
84818	IL17-RL
84820	MGC13098
84823	LMN2
84824	FCRL
84824	FCRLM1
84824	FCRLX
84824	FCRLb
84824	FCRLc1
84824	FCRLc2
84824	FCRLd
84824	FCRLe
84824	FREB
84824	MGC4595
84826	MGC5391
84830	AIG1L
84830	C6orf105
84830	dJ413H6.1
84832	ANKRD26L1
84832	ANKRD36BL1
84832	MGC12538
84833	AGP
84833	ATP5MD
84833	DAPIT
84833	MGC14697
84833	USMG5
84833	bA792D24.4
84836	CIB
84836	MGC15429
84837	C14orf128
84837	MGC15504
84838	MGC15548
84838	ZKSCAN17
84838	ZSCAN49
84839	ARMD6
84839	CORD11
84839	MGC15631
84839	RAXL1
84842	4-HPPD-L
84842	GLOXD1
84842	MGC15668
84844	INI
84844	MGC1346
84844	Rds3
84844	SAP14b
84844	SF3B7
84844	SF3b14b
84844	bK223H9.2
84848	H19X
84848	MGC16121
84850	C9orf70
84850	MGC16153
84851	RNF102
84852	ATP1A1OS
84852	C1orf203
84852	MGC16179
84858	FLJ45745
84858	MGC2555
84858	Nlz2
84859	MGC4126
84861	FLJ14360
84861	KELCHL
84864	FLJ14393
84864	JMJD10
84864	MINA
84864	MINA53
84864	NO52
84864	mdig
84865	FLJ14397
84866	FLJ14399
84867	PTPSTEP
84867	STEP
84867	STEP61
84868	CD366
84868	FLJ14428
84868	TIM3
84868	TIMD3
84868	Tim-3
84869	FLJ14431
84869	SDR45C1
84870	FLJ14440
84870	THSD2
84871	CCP6
84871	FLJ14442
84872	FLJ14451
84872	ZC3HDC10
84873	FLJ14454
84873	GPR128
84874	FLJ14457
84875	ARTD10
84875	FLJ14464
84876	CRACM1
84876	FLJ14466
84876	TMEM142A
84878	FLJ14486
84878	ZNF499
84879	FLJ14490
84879	MFSD2
84879	SLC59A1
84881	FLJ14494
84883	AMID
84883	FLJ14497
84883	FSP1
84885	FLJ14524
84885	ZNF400
84886	DKFZp667D152
84886	FLJ14525
84886	FLJ16283
84886	FLJ38847
84886	MGC10710
84888	PSL2
84889	ATRC3
84889	CAT-3
84889	FLJ14541
84890	C10orf22
84890	FLJ14547
84891	ZNF206
84892	AGO61
84892	C3orf39
84892	FLJ14566
84892	GTDC2
84893	FBXO18
84893	FLJ14590
84893	Fbx18
84894	FLJ14594
84894	LERN1
84894	LRRN6A
84895	C9orf54
84895	FAM73B
84895	FLJ00199
84895	FLJ14596
84896	FLJ14600
84896	Msp1
84897	FLJ14621
84897	NIAM
84897	TB-5
84898	FLJ14623
84898	PLXDC2-OT
84898	TEM7R
84899	FLJ14624
84899	FLJ22153
84900	FLJ14627
84900	TMEM118
84901	ESC2
84901	FLJ14639
84901	NIP45
84901	RAD60
84902	CCDC123
84902	FLJ14640
84904	C9orf100
84904	FLJ14642
84905	dJ553F4.3
84908	FLJ14668
84909	AP-O
84909	APO
84909	C90RF3
84909	C9orf3
84909	FLJ14675
84910	FLJ14681
84911	FLJ14686
84911	KS1
84912	FLJ14697
84912	YEA4
84913	FLJ14708
84913	HATH6
84913	bHLHa21
84914	FLJ14710
84914	FLJ20813
84914	UBF-fl
84914	ZF6
84915	C12orf34
84915	FLJ14721
84916	CIRH1A
84916	CIRHIN
84916	FLJ14728
84916	KIAA1988
84916	NAIC
84916	TEX292
84918	MANSC3
84918	bA350J20.3
84919	FLJ14744
84920	ALG10A
84920	DIE2
84920	FLJ14751
84922	FLJ14768
84922	ZNF798
84923	FAM104A
84923	FLJ14775
84924	FLJ14779
84924	MGC12515
84925	DIRC2
84925	FLJ14784
84925	RCC4
84926	FLJ14800
84928	FLJ14803
84928	NET31
84929	FLJ14810
84930	FLJ14813
84930	Gwl
84931	FLJ14816
84932	FLJ14824
84933	FLJ14825
84934	C12orf52
84934	FLJ14827
84934	RITA
84935	AWMS3
84935	C13orf33
84935	FLJ14834
84935	MEDA-4
84936	ANCHR
84936	FLJ14840
84936	MPFYVE
84937	DKFZp434E229
84937	FLJ14846
84937	nin283
84938	APG4C
84938	AUTL1
84938	AUTL3
84938	FLJ14867
84939	EXPAND1
84939	MUM-1
84940	ClipinE
84940	FLJ14871
84941	FLJ14886
84941	HSH2
84942	FLJ14888
84942	HSPC264
84944	CT128
84944	FLJ14904
84944	SPATA35
84945	BEM46L1
84945	C13orf6
84945	FLJ14906
84945	bA153I24.2
84946	C6orf93
84946	FLJ14909
84946	dJ468K18.4
84947	FLJ14917
84948	FLJ14926
84950	FLJ14936
84950	Prp38
84951	CTEN
84952	FLJ14957
84952	JACOP
84952	KIAA1749
84952	PCING
84954	FLJ14981
84955	CML66
84955	FLJ14991
84957	FLJ14993
84957	TNFRSF19L
84958	FLJ14996
84958	JFC1
84958	exophilin-7
84959	KIAA1959
84959	STS-1
84959	TULA-2
84959	TULA2
84960	KIAA1984
84960	MGC15438
84960	bA216L13.7
84961	Fbl2
84961	Fbl20
84961	MGC15482
84962	JUB
84962	MGC15563
84964	MGC15677
84966	MGC15730
84966	RP11-121A23.1
84967	MGC15749
84968	MGC15827
84968	PNMA6C
84969	C20orf100
84969	GCX-1
84969	dJ1108D11.2
84970	MGC15882
84971	APG4-D
84971	APG4D
84971	AUTL4
84973	MGC16037
84973	NCRNA00061
84975	HsMOT2
84975	MFSD5
84975	MGC11308
84976	DISPA
84976	DKFZP434I0428
84976	MGC13130
84976	MGC16796
84978	MGC14161
84981	C17orf91
84981	DKFZp686O06159
84981	MGC14376
84984	C3orf34
84984	MGC14126
84985	BJ-TSA-9
84985	MGC14128
84986	FLJ00194
84986	MGC14258
84987	C12orf62
84987	MGC14288
84988	MGC14333
84988	MYPT3
84991	MGC14439
84991	SPF45
84992	MGC14156
84992	PIG-Y
84993	BMSC-UbP
84993	MGC14421
84996	C21orf119
84996	MGC14136
84996	PRED84
85002	MGC16279
85003	MGC2848
85004	MGC15754
85007	AGXT2L2
85007	MGC15875
85012	MGC15737
85012	WEX8
85013	MGC13159
85014	MGC14141
85015	MGC14793
85016	C11orf70
85016	DNAAF17
85016	FBB5
85016	MGC13040
85019	C18orf45
85019	FLJ44259
85019	MGC11386
85019	TMEM241
85025	C7orf35
85025	DC32
85026	C9orf37
85027	C5orf62
85027	MSTP150
85027	NID67
85028	ASLNC04080
85028	C1orf79
85028	LINC00100
85028	PNAS-123
85235	H2A/S
85235	H2AFALii
85235	HIST1H2AH
85235	dJ86C11.1
85236	H2BFAiii
85236	H2BFT
85236	HIST1H2BK
85280	KAP9.4
85285	KAP4.1
85285	KAP4.10
85285	KRTAP4-10
85289	KAP4.5
85290	KAP4.3
85291	KAP4.2
85293	KAP3.3
85294	KAP2.4
85300	BNIP-H
85301	FLJ11895
85301	KIAA1870
85301	MGC11337
85302	FBF-1
85302	FLJ00103
85302	KIAA1863
85303	H2A/T
85303	H2AFTP
85303	HIST1H2APS2
85303	dJ139G21.2
85314	ERVE1
85314	HERV-E1
85314	HERVE1
85314	TCONS_00025599
85315	C6orf33
85315	LMPB1
85315	MPRB
85317	CT2.4
85317	MLL3P
85318	CT2.3
85319	CT2.2
85340	HBA
85340	KRT124P
85340	KRTHBP1
85343	KAP2A
85343	KRTAP2P1
85344	KRT123P
85344	KRTHBP2
85344	psihHbB
85345	KAP3A
85345	KRTAP3P1
85347	KAP9A
85347	KRTAP9P1
85348	HBC
85348	KRT122P
85348	KRTHBP3
85349	KRT121P
85349	KRTHBP4
85349	psihHbD
85352	KIAA1644
85354	KAP4A
85354	KRTAP4-16P
85354	KRTAP4P1
85358	KIAA1650
85358	PSAP2
85358	SPANK-2
85358	prosap2
85359	FLJ10666
85360	7h3
85360	FLJ13511
85363	RNF88
85363	TRIM5alpha
85364	C20orf99
85364	dJ1103G7.7
85365	CDG1I
85365	CDGIi
85365	FLJ14511
85365	NET38
85365	hALPG2
85366	KMLC
85366	MLCK2
85366	skMLCK
85369	FAM40A
85369	FAR11A
85369	FLJ14743
85369	KIAA1761
85376	KIAA1666
85376	RIMBP3.1
85376	RIMBP3A
85377	KIAA1668
85377	MICAL-L1
85377	MIRAB13
85378	DJ402G11.6
85378	GCP6
85378	KIAA1669
85388	RNU14B
85388	U14B
85395	C21orf70
85395	FAM207A
85395	PRED56
85397	MGC119067
85397	MGC119068
85397	MGC119069
85406	DRIP78
85406	FLJ32792
85406	HDJ3
85406	LIP6
85409	Naked2
85413	CT2
85413	FLIPT2
85413	OAT6
85413	OKB1
85414	IPCA-2
85414	IPCA-6
85414	IPCA-8
85414	PCANAP2
85414	PCANAP6
85414	PCANAP8
85414	prostein
85417	CYCB3
85437	MADP-1
85437	MADP1
85437	RBM36
85437	SNRNP31
85437	ZCCHC19
85438	C4orf35
85438	CLPH
85438	FLJ32897
85438	NYD-SP26
85439	STN2
85439	STNB2
85440	KIAA1771
85440	ZIR2
85441	KIAA1769
85441	PDIP1
85441	PRIC285
85442	C10orf23
85442	FLJ25027
85442	KIAA1768
85442	RASGEF2
85442	Very-KIND
85442	bB439H18.3
85442	v-KIND
85443	DCAMKL3
85443	DCDC3C
85443	KIAA1765
85444	CLERC
85444	KIAA1764
85444	VFL1
85445	CASPR4
85445	KIAA1763
85446	KIAA1056
85446	KIAA1762
85446	ZFH-5
85446	ZNF409
85449	RP5-1054A22.3
85449	quo
85450	D1A
85450	DANGER
85450	KIAA1754
85450	bA127L20.2
85451	KIAA1753
85451	ZC3H5
85451	ZC3HDC5
85452	C1orf222
85452	FLJ45476
85452	KIAA1751
85453	KIAA1750
85455	C15orf36
85455	DISPB
85455	HsT16908
85455	KIAA1742
85455	LINC00594
85456	CNOT12
85456	FLJ45975
85456	KIAA1741
85456	TAB182
85457	KIAA1737
85458	Dixin
85458	KIAA1735
85459	KIAA1731
85460	KIAA1729
85461	KIAA1728
85461	ROLSB
85462	INF1
85462	KIAA1727
85463	KIAA1726
85463	MCPIP3
85464	KIAA1725
85465	EPT1
85465	KIAA1724
85465	SELI
85465	SEPI
85476	EFGM
85476	EGF1
85476	GFM
85476	mtEF-G1
85477	KIAA1905
85478	CCDC65
85478	CFAP250
85478	CILD27
85478	FAP250
85478	FLJ35732
85478	NYD-SP28
85479	CSP-beta
85479	MGC26226
85486	bA189K21.7
85495	H1RNA
85495	RPPH1-1
85508	ZNF898B
85509	MBD3L
85824	RPL12L3
85824	dJ999L4.1
85865	DKFZP686A10121
85865	FLJ38242
85865	OBGH2
86614	HSF2L
86614	HSFY
86781	RPS2L1
86781	dJ688G8.1
87171	ARPC3B
87171	dJ470L14.3
87178	DFNB70
87178	OLD35
87178	PNPase
87178	old-35
87769	A2LD1
88455	ANKRD13
88455	NY-REN-25
88745	C6orf153
88745	dJ20C7.4
89122	RNF87
89758	C6orf7
89761	NUFIP1P
89765	CILD24
89765	FLJ32753
89765	RSP44
89765	RSPH10A
89765	TSGA2
89781	BLOC3S2
89781	KIAA1667
89782	Gp63
89782	Msp
89790	MGC126774
89790	PRO940
89790	SIGLEC-10
89790	SLG2
89795	KIAA0938
89795	POMFIL1
89796	DKFZp781D0314
89796	FLJ12560
89796	FLJ14203
89796	KIAA1151
89796	MGC14961
89796	POMFIL3
89796	steerin-1
89797	FLJ10633
89797	FLJ11030
89797	FLJ23707
89797	HELAD1
89797	KIAA1419
89797	POMFIL2
89797	RAINB1
89801	Hb2E
89822	K2p17.1
89822	TALK-2
89822	TALK2
89822	TASK-4
89822	TASK4
89832	CHRNA7-DR1
89832	D-10
89837	FAM7A3
89838	D-X
89838	FAM7A1
89839	B\'-T
89839	FAM7B1
89845	EST182763
89845	MRP7
89845	SIMRP7
89846	FLJ00004
89846	ZFYVE5
89848	FLJ00007
89849	ATG16B
89849	FLJ00012
89849	WDR80
89853	C9orf28
89853	FAM125B
89853	FLJ00001
89857	FLJ00029
89858	S2V
89858	SLG
89858	Siglec-12
89858	Siglec-L1
89858	Siglec-XII
89866	LZTR2
89866	PGPR-p117
89866	RGPR
89866	Sec16S
89869	Czeta
89869	NYD-SP27
89869	PLCzeta
89870	RNF93
89870	ZNF178
89870	ZNFB7
89876	AAT-1
89876	AAT1
89876	AAT1alpha
89876	C3orf15
89876	CaM-IP2
89876	MAATS1
89876	SPATA26
89882	D55
89882	NYD-SP25
89882	TPD55
89883	OR6W1
89883	sdolf
89884	Gsh4
89885	CT43
89885	FATE
89886	CD2F-10
89886	CD84-H1
89886	SF2001
89887	ZEC
89887	Zfp628
89890	DKFZp547E1912
89891	CFAP133
89891	DIC5
89891	FAP133
89891	MGC20486
89891	WDR34
89891	bA216B9.3
89894	FLJ90167
89927	C16orf45
89927	FLJ32618
89932	MGC50452
89941	ARHT2
89941	C16orf39
89941	MIRO-2
89941	MIRO2
89953	KNSL8
89953	bA387M24.3
89958	C9orf140
89958	p42.3
89970	KIAA1972
89978	ATPBD4
89978	MGC14798
90007	Stx
90011	FLJ00060
90011	LENG12
90019	DKFZp434K0322
90024	FLJ
90024	FLJ20021
90024	SRSP
90025	C6orf157
90025	DKFZp434A1520
90025	H10BH
90025	UBE2CBP
90025	YJR141W
90050	C14orf152
90060	JM11
90070	LACRITIN
90075	DKFZp686N19164
90075	FLJ20562
90075	KOX28
90102	FLJ21791
90102	LL5b
90102	LL5beta
90113	DKFZp761K032
90113	LOC90113
90120	C9orf69
90120	bA83N9.1
90121	DT1P1A10
90121	RP1-112K5.2
90121	WGG1
90133	KRT8L2
90134	HERG3
90134	Kv11.3
90134	erg3
90135	BDPL
90139	TSPAN
90141	C14orf143
90161	HS6ST-2
90167	FLJ43346
90167	NYS
90167	NYS1
90187	C20orf130
90187	EMILIN5
90187	dJ620E11.4
90196	C20orf169
90196	dJ453C12.4
90199	C20orf170
90199	WAP8
90199	dJ461P17.1
90203	C20orf161
90203	SNX-L
90203	dJ337O18.4
90204	C20orf162
90204	dJ337O18.5
90226	SRP
90226	UCN-II
90226	UCNI
90226	URP
90231	MGC33867
90231	RP5-1077B9.1
90233	DKFZp686H1038
90249	KIAA1976
90249	UNC5H1
90268	FAM105B
90268	FLJ34884
90271	C10orf75
90271	FLJ12974
90271	HI-LNC80
90271	LINC00263
90271	NCRNA00263
90271	bA34D15.5
90273	FLJ13540
90273	R29124_1
90288	C3orf25
90293	BKLHD2
90293	FLJ10262
90293	KIAA1309
90313	DSCP1
90317	MGC45556
90324	FLJ40267
90324	MGC20255
90332	FLJ36147
90332	XTP7
90338	FLJ00032
90338	HKr18
90338	HZF5
90338	KIAA1611
90338	KR18
90342	DKFZp434I0121
90352	MAGOHP
90352	MAGOHP1
90353	ATPBD3
90353	MGC17332
90353	NCS6
90355	C5orf30
90355	FLJ25291
90362	C8orf72
90362	MGC39325
90379	C19orf72
90379	MGC99481
90381	C15orf42
90381	FLJ41618
90381	MGC45866
90381	SLD3
90381	Treslin
90390	THRAP6
90390	TRAP25
90411	LMAN1IP
90411	SDNSF
90416	C15orf57
90416	MGC20481
90417	C15orf23
90417	FLJ14502
90417	SKAP
90417	TRAF4AF1
90417	kinastrin
90423	ATP6E1
90423	ATP6EL2
90423	ATP6V1EL2
90423	MGC9341
90423	VMA4
90427	FLJ00065
90441	MGC17552
90441	MGC2485
90441	ZPR9
90459	3\'HEXO
90459	THEX1
90480	CKBBP2
90480	CKbetaBP2
90480	CRIF1
90480	MGC4667
90480	MGC4758
90480	PLINP-1
90480	PRG6
90480	Plinp1
90480	mL64
90485	BC37295_3
90488	C12orf23
90488	MGC17943
90499	DKFZp434H0923
90506	MGC16309
90522	FinGER8
90523	C6orf142
90523	CIP
90523	MGC18257
90527	FLJ32334
90527	NUMBIP
90527	mol
90529	C1orf201
90529	FLJ33340
90529	MAPO2
90550	C10orf42
90550	CCDC109A
90550	FLJ46135
90557	FLJ40345
90576	HIT-40
90576	MGC71805
90576	ZNF842
90580	C19orf52
90580	TIM29
90586	UPAT
90592	DKFZp434I1610
90594	DKFZp571K0837
90624	C5orf31
90624	FLJ20796
90624	MZM1L
90625	C21orf105
90625	HERV-Fb1
90625	NDUFV3-AS1
90625	SUPYN
90627	ARHGAP37
90627	DLC2
90627	GT650
90627	LINC00464
90632	C6orf176
90632	LNC473
90632	bA142J11.1
90634	CG018
90637	AIRAP
90639	MGC104475
90649	KRBO2
90649	MGC2396
90668	BC008134
90668	C14orf121
90668	LRRC16B
90668	crml-1
90673	FLJ00089
90678	CMT2P
90678	FLJ31641
90678	RIFLE
90678	TAL
90693	FLJ23031
90701	SEC11L3
90701	SPC21
90701	SPCS4C
90736	CXorf44
90736	FAM104B
90736	FLJ20434
90737	CT16.1
90737	CT16.2
90737	PAGE-5
90768	TENM3-AS2
90799	CCDC45
90799	DKFZp667E1824
90806	Ccr4d
90806	FLJ12793
90806	KIAA0759L
90809	C14orf9
90809	MGC26684
90809	TMEM55B
90826	FLJ46629
90826	PRMT10
90827	KR19
90835	C16orf93
90835	CCDC189
90835	MGC104706
90843	MGC45400
90843	WEX3
90850	FLJ00086
90850	HEL2
90853	FLJ25348
90853	PPP1R146
90859	NT5C3P1
90859	UMPH1P
90861	C16orf34
90861	FLJ13092
90861	HN1L
90861	KIAA1426
90861	L11
90864	C16orf31
90864	SSB-3
90865	C9orf26
90865	DKFZp586H0523
90865	DVS27
90865	IL1F11
90865	NF-HEV
90871	C9orf123
90871	MGC4730
90871	TMEM261
90874	MGC45731
90933	MGC1127
90933	RINCK
90952	W117m
90956	MGC20727
90957	DDX57
90993	OASIS
91010	DKFZp762B245
91010	MGC45819
91010	WBP3
91012	FLJ25304
91012	LASS5
91012	MGC45411
91012	Trh4
91050	DKFZp761B107
91056	AP-5
91056	DKFZp761E198
91056	PP1030
91057	NY-REN-41
91057	RAMA3
91074	NY-BR-1
91107	GOA
91107	RNF100
91120	BC39498_3
91133	FLJ35936
91133	HsT1031
91147	JBTS6
91147	MGC26979
91147	MKS3
91147	NPHP11
91151	Sancho
91156	DKFZp434B1231
91156	EEF1A2BP1
91179	HUMZD58C02
91179	SREC-II
91179	SREC2
91219	FAM108A6
91219	FAM108A6P
91227	GGTL4
91252	FLJ25785
91252	LZT-Hs9
91252	ZIP-13
91252	ZIP13
91272	FAM44B
91283	C9orf30
91283	MGC17337
91289	TMEM112B
91289	TMEM153
91298	C12orf29
91298	DKFZp434N2030
91300	C19orf22
91300	MGC16353
91304	ASBABP1
91304	C19orf6
91304	MBRL
91304	MGC4022
91319	C22orf14
91319	FLJ43842
91319	IZP6
91319	MGC71803
91319	derlin-3
91351	FLJ31033
91353	16.1
91353	IGLL3
91355	DKFZp434O0213
91368	C2AIL
91368	MGC13017
91369	MGC15396
91370	LOC91370
91370	TP53LC08
91380	HBII-436
91392	FLJ12515
91392	FLJ14855
91404	DKFZp434O0515
91404	Solo
91405	PLEKHA3P
91408	MGC23908
91409	DKFZp434E2321
91419	KUB3
91419	XRCC6BP1
91433	MGC14386
91442	C19orf40
91442	FLJ46828
91442	MGC32020
91445	FLJ38628
91452	DKFZp434A2417
91452	KIAA1996
91461	SgK493
91461	Vlk
91464	RAXLX
91522	DKFZp434K0621
91523	FAM113B
91523	MGC16044
91526	PP6-ARS-B
91543	Viperin
91543	cig5
91543	vig1
91544	SOC
91544	SOCI
91544	UBXD5
91574	C12orf65
91574	COXPD7
91574	FLJ38663
91574	SPG55
91574	mtRF-R
91582	AROS
91582	FLJ21770
91582	MGC52010
91584	DKFZp434G0625PRO34003
91584	FAYV2820
91584	KIAA1550
91584	PLXNA4A
91584	PLXNA4B
91603	CCDC16
91603	MGC20398
91603	OMCG1
91607	FLJ34922
91608	VTS58635
91612	C14orf52
91612	FLJ33064
91612	My015
91624	NELIN
91624	nexilin
91646	ECAT8
91646	FLJ13072
91647	ATP12
91647	Atp12p
91647	LP3663
91647	MGC29736
91653	Boi
91653	CDON2
91662	CLR19.3
91662	Monarch1
91662	NALP12
91662	PAN6
91662	PYPAF7
91662	RNO2
91683	SRG1
91687	C1orf155
91687	FLJ31044
91687	dJ383J4.3
91689	C22orf32
91689	DDDD
91689	EMRE
91689	dJ186O1.1
91694	FLJ23749
91694	RNF191
91695	RRP7B
91695	dJ222E13.2
91703	ACY-3
91703	ASPA2
91703	HCBP1
91703	MGC9740
91734	IPPI2
91746	KIAA1966
91746	YT521
91746	YT521-B
91748	C14orf117
91748	C14orf43
91748	ELMSAN1
91748	LSR68
91749	KIAA1919
91749	MFSD4B
91749	MGC33953
91750	C14orf46
91752	C2orf10
91754	DKFZp434D0935
91754	MGC16714
91754	NERCC
91754	NERCC1
91754	Nek8
91768	FLJ35924
91768	HsT2563
91775	FAM55C
91775	MGC15606
91782	MGC29816
91801	MGC10235
91801	TRM9
91801	TRMT9A
91807	caMLCK
91828	C14orf73
91833	Bun107
91833	DMR
91833	FLJ33659
91833	MGC33177
91851	CHL
91851	MGC1
91851	NRLN1
91860	MGC4809
91860	NY-BR-20
91862	MRVLDC3
91869	CDG1N
91869	SLC76A1
91875	Strap
91893	LOC91893
91893	hCG_2033039
91894	FLJ25219
91894	MGC14839
91937	TIM4
91942	B17.2L
91942	MMTN
91942	NDUFA12L
91942	mimitin
91947	FLJ36045
91948	LINC02254
91966	CXorf40
91966	CXorf40A
91977	CS-3
91977	CS3
91977	FATZ-3
91977	FRP3
91978	C19orf20
91978	GTRGEO22
91978	PGs1
92002	CycM
92002	FAM58A
92014	CG7943
92014	MCART1
92014	MGC14836
92017	FLJ12363
92017	RUNDC2A
92070	C4orf42
92070	CTBP1-AS1
92070	CTBP1-AS2
92070	DDUP
92070	MGC21675
92086	GGTLA3
92086	GGTLA4
92086	dJ831C21.1
92086	dJ831C21.2
92092	C7orf39
92092	MGC14289
92104	CFAP259
92104	FAP259
92104	FLJ13946
92104	TTC30A
92105	MGC16733
92105	MST093
92106	MGC15763
92106	RFTN1-AS1
92126	C18orf4
92126	DE-epi2
92126	FLJ11477
92126	NCAG1
92140	3D3
92140	AEG-1
92140	LYRIC
92154	ABBA
92154	ABBA-1
92154	LOC92154
92154	MTSS1L
92162	FLJ20025
92162	MGC71744
92170	GTPBP7
92181	DC-UbP
92181	MGC30022
92211	CORD15
92211	KIAA1775
92211	PCDH21
92211	RP65
92235	DUSP27
92241	CapZIP
92241	MGC21854
92241	MK2S4
92255	DKFZp434H2226
92259	DC47
92259	MRP-S36
92259	MRPS36
92283	GIOT-1
92283	MGC33911
92285	FLJ14928
92285	SZFP41
92291	FLJ23523
92292	FLJ34646
92292	MGC15397
92293	DKFZp761O2018
92293	PPP1R152
92304	HIN-1
92304	HIN1
92304	LU105
92304	PnSP-2
92304	UGRP2
92305	D4S2561E
92312	RKHD4
92312	RNF162
92335	LYK5
92335	NY-BR-96
92335	STRAD
92335	Stlk
92340	C17orf72
92340	DKFZp761M2312
92340	FLJ11724
92342	AsTP2
92342	C1orf156
92342	HPM1
92342	MGC9084
92344	FLJ11752
92344	GO
92344	NTKL-BP1
92344	SCYL1BP1
92359	MGC17303
92369	SSB-4
92370	ACPL2
92370	FLJ23751
92399	RRF
92400	MGC2734
92421	MGC22825
92421	Shax3
92421	VPS32C
92482	BBIP10
92482	BBS18
92482	NCRNA00081
92482	bA348N5.3
92483	LDH6B
92483	LDHAL6
92483	LDHL
92507	RPS4L2
92507	RPS4P2
92507	dJ189G13.2
92521	CYTSB
92521	FLJ36955
92521	HCMOGT-1
92552	MJDL
92558	BICDR-1
92558	CCDC64
92558	FLJ26450
92579	UGRP
92591	FLJ30165
92595	MGC13138
92597	MOB4A
92597	MOBKL1A
92609	TIM50
92609	TIM50L
92610	MGC20791
92610	T2BP
92610	T6BP
92610	TIFAA
92659	MAFG-DT
92667	C20orf72
92667	DDK1
92667	bA504H3.4
92675	C20orf88
92675	DUEB
92675	MGC119131
92675	MGC41905
92675	bA379J5.3
92675	bA555E18.1
92675	pqn-68
92682	dJ872K7.6
92689	Noxp20
92691	FLJ34263
92703	C1orf37
92714	MGC40555
92715	C9orf112
92715	FLJ90634
92715	RRT2
92715	WDR85
92737	UNQ26
92737	bet
92745	JM24
92745	SN2
92745	SNAT5
92747	C20orf114
92747	LPLUNC1
92747	MGC14597
92747	VEMSGP
92747	bA49G10.6
92747	dJ1187J4.1
92749	C2orf39
92749	CCDC164
92749	CILD21
92749	FLJ32660
92749	MGC16372
92799	PP203
92799	Sb1
92806	CENPBD1
92806	MGC16385
92815	H2AW
92815	HIST3H2A
92815	MGC3165
92822	CENP-Z
92822	CENPZ
92822	MGC45417
92822	ZADT
92822	ZFP276
92822	ZNF477
92840	C19orf32
92840	DP1L1
92840	FLJ25383
92840	TB1
92840	Yip2f
92856	BXDC4
92856	MGC19606
92906	HNRPLL
92912	DKFZp762C143
92922	MGC10992
92935	SPAX3
92935	mtMetRS
92949	ADAMTSR1
92949	C9orf94
92949	FLJ35283
92960	PEX11gamma
92960	PEX11γ
92979	FLJ36578
92979	MARCH9
92979	RNF179
92999	DKFZp434N0615
92999	KIAA1190
92999	ZNF651
93010	beta3GnT7
93034	AIRP
93034	CN-IB
93058	FLJ32452
93081	C13orf27
93082	LOC93082
93082	Lincr
93082	RNF132
93099	ZD52F10
93100	NAPRT1
93100	PP3856
93107	Kv6.4
93109	DKFZp686O18124
93129	MGC13024
93129	TMEM142C
93134	MGC45408
93144	RPS10L
93144	bA371L19.2
93145	NOE2
93145	OlfC
93164	HTR7P
93166	KMT8C
93166	PRISM
93183	GPI-MT-I
93183	PIG-M
93185	CD316
93185	CD81P3
93185	EWI2
93185	PGRL
93190	C1orf158
93190	MGC35194
93210	CAB2
93210	MGC9753
93210	PERLD1
93210	PP1498
93233	CCDC114
93233	CILD20
93233	FLJ32926
93273	CT50
93273	LEMP-1
93323	HICE1
93323	MGC20533
93323	NY-SAR-48
93343	FAM125A
93343	FLJ32495
93377	HTMP10
93377	TMEM10
93377	TMP10
93380	EMC5
93380	TMEM32
93408	MGC3479
93408	MYLC2PL
93408	PLRLC
93426	C10orf94
93426	CT76
93426	bA108K14.6
93436	MGC19595
93474	MGC12466
93487	C14orf32
93492	TPIP
93517	HSPC105
93550	ANUBL1
93550	FLJ40185
93556	C3orf50
93556	NCRNA00259
93587	MGC27034
93587	RG9MTD2
93587	TRM10
93589	alpha2delta-4
93594	Gm85
93594	MGC21654
93594	WDR67
93611	FBG3
93611	FBX30
93611	Fbx44
93611	Fbxo6a
93611	MGC14140
93621	PAM14
93624	MGC21874
93627	FERRY1
93627	Fy-1
93627	HSPC302
93627	MGC16169
93643	PILT
93643	TJP4
93649	MYCD
93650	ACPT
93653	ST7AS1
93653	ST7OT1
93654	ST7AS2
93654	ST7OT2
93655	NCRNA00026
93655	ST7OT3
93661	CAPPA3
93661	Gsg3
93663	MacGAP
93663	SENEX
93663	bA307O14.2
93668	HPRG1
93668	LINC00027
93668	NCRNA00027
93948	RPS23RG1
93953	ACRC
93953	NAAR1
93973	ARP8
93973	INO80N
93974	ATPI
93974	ATPIF1
93974	ATPIP
93974	MGC1167
93974	MGC8898
93978	CLECSF10
93978	dectin-2
93978	hDECTIN-2
93986	CAGH44
93986	SPCH1
93986	TNRC10
94005	PIG-S
94009	BK126B4.1
94009	HS126B42
94009	dJ222E13.1
94015	C17orf29
94017	TRNAS1
94017	TRS1
94017	tRNA-Ser-TGA-2-1
94025	CA-125
94025	CA125
94025	FLJ14303
94026	POM121-L
94027	CG-beta-a
94030	DKFZp761A179
94030	HSM
94030	LRIG4
94030	NGL-3
94031	Prsp
94031	Tasp
94032	CaM-KIIN
94033	MtF
94039	DKFZp570I0164
94039	HZF12
94056	FLJ14495
94056	PRO3113
94081	FLJ12876
94081	SLC56A1
94086	CT51
94097	BBG-TCC
94097	SLC56A5
94104	C21orf66
94104	GCFC
94104	GCFC1
94104	fSAP105
94107	HBEBP1
94107	MGC14327
94120	SLP3
94120	exophilin-6
94121	Slp4
94122	Slp5
94134	FLJ10971
94134	FLJ20737
94134	FLJ21785
94137	DCDC4B
94150	LINC00025
94150	NCRNA00025
94158	CDRT15P
94160	MRP9
94161	RNU40
94161	RNU46
94161	U40
94161	U46
94162	RNU38A
94162	U38A
94163	RNU38B
94163	U38B
94233	MOP
94233	melanopsin
94234	HFH1
94239	H2AFV
94239	H2AV
94239	MGC10170
94239	MGC10831
94239	MGC1947
94240	BRESI1
94240	MGC29634
94241	DKFZp434M1317
94241	FLJ22139
94241	P53DINP1
94241	TP53INP1A
94241	TP53INP1B
94241	Teap
94274	CPI-17
94274	PPP1INL
94299	PPP1R13AP
95681	DKFZp762H1311
95681	FLJ22445
95681	JBTS15
95681	TSGA14
96459	KIAA1961
96597	TBC1D27
96764	NCOA6IP
96764	PIMT
112398	HIFPH1
112398	PHD1
112399	HIFPH3
112399	PHD3
112401	ILP-2
112401	RNF136
112401	hILP2
112464	HSRBC
112464	MGC20400
112464	PRKCDBP
112464	cavin-3
112476	DKFZp547J199
112476	DSPB3
112476	DYT10
112476	EKD1
112476	FICCA
112476	FLJ25513
112476	ICCA
112476	IFITMD1
112476	PKC
112479	EXOD1
112479	KIAA1504
112479	MGC16943
112479	ZGRF5
112483	SSAT2
112487	C14orf126
112487	MGC9912
112495	C6orf51
112495	TFIIIC35
112495	bA397G5.3
112574	SH3PX2
112574	SH3PXD3B
112574	SNAG1
112597	C2orf59
112597	LINC00152
112597	MGC4677
112597	NCRNA00152
112609	C6orf117
112609	bA51G5.2
112611	MGC13523
112611	RWDD2
112611	dJ747H23.2
112616	CKLFSF7
112616	FLJ30992
112703	FAM71E1
112703	GARIL5
112724	SDR7C3
112744	IL-17F
112744	ML-1
112744	ML1
112752	C14orf179
112752	FLJ32173
112752	MGC16028
112755	STX1B1
112755	STX1B2
112770	C1orf85
112770	MGC31963
112770	NCU-G1
112770	lnc-UCID
112802	K6IRS1
112802	KRT6IRS
112802	KRT6IRS1
112812	FDX1L
112812	MGC19604
112817	C10orf65
112817	DHDPS2
112817	DHDPSL
112817	FLJ37472
112817	NPL2
112840	C14orf150
112840	MGC9907
112846	RMB8AP1
112849	C14orf149
112849	FLJ25436
112858	BUD32
112858	C20orf64
112858	Nori-2p
112858	dJ101A2.2
112858	prpk
112869	CCDC101
112869	FLJ32446
112869	TDRD29
112885	BHC80L
112885	FLJ34161
112885	PHF4
112936	MGC10485
112936	Pep8b
112937	FLJ90231
112939	BEND8
112939	BTBD14B
112939	BTBD30
112939	NAC-1
112939	NAC1
112942	BARTL1
112942	CCDC104
112942	MGC15407
112950	ARC32
112950	MGC17544
112950	MGC19641
112970	MGC20419
112970	SBBI81
112970	TOT4
113000	C16orf40
113000	MGC19600
113000	RLUCL
113091	TIP39
113115	DUFD1
113115	FAM54A
113146	C14orf78
113174	FLJ41463
113174	SPACIA1
113177	C19orf36
113178	FLJ33847
113179	TAD3
113189	D4ST-1
113189	D4ST1
113189	HD4ST
113201	CASC4
113201	DKFZp459F1927
113201	H63
113235	HsPCFT
113235	MGC9564
113235	PCFT
113235	hPCFT
113246	C10
113246	GRCC10
113251	PP13296
113263	FAM117C
113263	GIG18
113263	TSSN1
113277	MGC20235
113278	C20orf54
113278	RFT2
113278	RFVT3
113278	bA371L19.1
113278	hRFT2
113402	C6orf83
113402	MGC19825
113402	pRGR1
113419	MGC32043
113419	TEG-261
113444	C1orf212
113444	FLJ90372
113451	ADC
113451	KIAA1945
113451	ODC-p
113451	ODCp
113452	BCLP
113452	CAC-1
113457	H2-ALPHA
113510	Hel308
113540	CKLFH
113540	CKLFH1a
113540	CKLFSF1
113612	SPG49
113612	SPG56
113622	ARH2
113655	MFSD3
113675	SDS-RS1
113675	cSDH
113730	MGC16635
113746	CT135
113746	ODF3
113746	SHIPPO1
113746	hSHIPPO
113763	C7orf29
113763	ZBED6CL
113791	MGC17330
113791	TrIP
113802	C1orf59
113802	FLJ30525
113835	BMZF-4
113878	KIAA1528
113878	RNF58
114026	ZNF657
114034	TOE-1
114034	hCaf1z
114036	C21orf82
114036	NCRNA00310
114038	C21orf84
114038	NCRNA00313
114041	C21orf88
114042	C21orf89
114042	NCRNA00334
114044	C21orf85
114044	FLJ10508
114044	MCM3AP-AS
114044	MCM3APAS
114044	NCRNA00031
114049	MERM1
114049	MGC19709
114049	MGC2022
114049	MGC5140
114049	PP3381
114049	WBMT
114049	WBSCR22
114088	RNF91
114112	TGR
114112	TR2IT1
114112	TRXR3
114112	TXNR3
114112	TXNRD3IT1
114112	TXNRD3NB
114112	TXNRD3NT1
114131	SPC
114131	UCNIII
114134	HMIT
114184	SIGLECP1
114185	SIGLECP10
114186	SIGLECP11
114187	SIGLECP12
114188	SIGLECP13
114189	SIGLECP15
114190	SIGLECP14
114192	SIGLECP4
114194	SIGLECP5
114195	SIGLECP6
114196	SIGLECP8
114198	SIGLECP9
114294	FLJ14902
114294	MRPL56
114327	EJM
114327	EJM1
114327	FLJ10466
114327	POC9
114327	RIB72
114548	AGTAVPRL
114548	AII
114548	C1orf7
114548	CIAS1
114548	CLR1.1
114548	DFNA34
114548	FCAS
114548	FCU
114548	MWS
114548	NALP3
114548	PYPAF1
114571	FLJ23666
114571	OAT4
114571	OAT7
114571	UST3
114599	RNU15B
114599	U15B
114609	Mal
114609	wyatt
114614	BIC
114614	BIC-155
114614	LncRNA-SERB
114614	MIRHG2
114614	NCRNA00172
114614	miPEP155
114625	BTN5
114625	RD
114625	SC
114655	RNU73B
114655	U73B
114657	bK714B7.1
114757	HGB
114757	STAP
114758	CSPG4LYP1
114758	CSPG4P1
114760	LINC00121
114760	TTTY3A
114760	TTY3
114761	LINC00123
114761	TTTY4A
114761	TTY4
114769	COP
114769	COP1
114769	LLID-114769
114769	PSEUDO-ICE
114770	PGLYRPL
114770	PGRP-L
114770	PGRPL
114770	TAGL-like
114770	tagL
114770	tagL-alpha
114770	tagl-beta
114771	PGLYRPIalpha
114771	PGRP-Ialpha
114771	PGRPIA
114780	KIAA1879
114781	KIAA1880
114781	dJ322I12.1
114783	AATYK3
114783	KIAA1883
114783	LMR3
114783	PPP1R101
114783	TYKLM3
114784	KIAA1884
114785	KIAA1887
114786	KIAA1889
114787	KIAA1893
114789	KIAA1896
114789	MCSC
114789	PCSCL
114790	KIAA1898
114790	LIP1
114790	LKB1IP
114790	STK11IP1
114791	GCP5
114791	KIAA1899
114792	BKLHD5
114792	KIAA1900
114793	FHOD2
114793	KIAA1902
114794	KIAA1904
114794	LRRC62
114794	PPP1R29
114794	dJ63G5.3
114795	KIAA1786
114795	KIAA1906
114796	KIAA1908
114798	KIAA1910
114798	LRRC12
114799	EFO1
114799	KIAA1911
114800	KIAA1912
114801	KIAA1913
114801	TTMC
114803	KIAA1915
114804	KIAA1917
114805	GalNAc-T13
114805	KIAA1918
114814	GNRHR2P
114818	KBTBD9
114818	KIAA1921
114819	CROCCL2
114819	KIAA1922
114821	Buster4
114821	FAM200D
114821	FLJ31087
114821	KIAA1925
114821	ZBED9
114821	ZFP38-L
114821	ZNF305P2
114821	ZNF452
114822	KIAA1929
114822	ODF5
114822	RHPN
114823	KIAA1932
114823	MGC40108
114823	pp13842
114824	KIAA1934
114825	KIAA1935
114826	KIAA1936
114826	ZMYND21
114827	KIAA1937
114836	CD352
114836	KALI
114836	KALIb
114836	Ly108
114836	NTB-A
114836	NTBA
114836	SF2000
114876	ORP-1
114876	ORP1
114876	OSBPL1B
114879	KIAA1534
114879	OBPH1
114879	ORP5
114880	ORP6
114881	MGC71150
114881	ORP7
114882	MST120
114882	MSTP120
114882	ORP8
114882	OSBP10
114885	FLJ13012
114885	FLJ13164
114885	ORP-11
114885	ORP11
114897	CTRP1
114897	FLJ90694
114897	ZSIG37
114898	CTRP2
114899	2310005P21Rik
114899	CTRP3
114899	Corcs
114899	Cors
114899	Cors-26
114900	CTRP4
114900	ZACRP4
114902	CTRP5
114902	DKFZp586B0621
114902	LORD
114904	CTRP6
114904	ZACRP6
114905	CTRP7
114907	ATROGIN1
114907	Fbx32
114907	MAFbx
114908	KCT3
114908	PORIMIN
114915	C5orf26
114915	NCRNA00219
114915	TIGA1
114926	C8orf40
114928	FLJ37327
114928	GASP2
114932	MGC9651
114971	MOSP
114987	FLJ35921
114990	SLITL2
114991	KIAA1952
114991	NEDD10
115004	C6orf150
115004	D4
115004	MB21D1
115004	h-cGAS
115024	MGC20781
115024	NT5C3L
115024	cN-IIIB
115098	Lso2
115098	oxs1
115106	CCDC5
115106	FLJ40084
115106	HEI-C
115106	HsT1461
115110	ENST00000416860.2
115111	SUT2
115123	MARCH-III
115123	MARCH3
115123	MGC48332
115123	RNF173
115196	FLJ34817
115201	APG4A
115201	AUTL2
115207	C13orf2
115207	KIAA1778
115207	PFET1
115209	FLJ33782
115209	MPRP-1
115209	YKR087C
115209	ZMPOMA1
115265	REDD2
115265	Rtp801L
115273	MGC45806
115286	SAMC
115290	FBG4
115290	FBXO26
115290	FLJ11798
115290	FLJ25205
115290	Fbx17
115290	MGC9379
115294	FLJ10883
115330	PGR8
115350	CD307a
115350	FCRH1
115350	IFGP1
115350	IRTA5
115352	CD307c
115352	FCRH3
115352	IFGP3
115352	IRTA3
115352	MAIA
115352	SPAP2
115352	SPAP2a
115352	SPAP2b
115352	SPAP2c
115352	SPAP2d
115352	SPAP2e
115353	MGC8974
115361	Mpa2
115399	DKFZp761L1518
115399	DNAAF12
115399	FLJ00101
115399	oda8
115416	C7orf30
115416	mtRsfA
115426	MGC33463
115426	RNF107
115426	TDRD23
115426	URF2
115509	FLJ90415
115509	TIPUH1
115557	GEFT
115557	p63RhoGEF
115560	MGC21738
115560	ZNF52
115572	FAM46B
115572	MGC16491
115584	KST1
115584	SGLT6
115584	SMIT2
115650	BAFFR
115650	CD268
115653	CD158Z
115653	KIR3DL7
115653	KIR44
115653	KIRC1
115677	MGC20702
115701	HAK
115703	FLJ39019
115703	SNX26
115703	TCGAP
115708	C14orf172
115708	FLJ40452
115708	GCD14
115708	Gcd14p
115708	hTRM61
115752	DIS3L1
115752	FLJ38088
115752	KIAA1955
115752	MGC4562
115761	ARLTS1
115761	FLJ33930
115795	C3orf24
115795	MGC40179
115811	CFAP84
115817	FLJ25430
115817	MGC20204
115817	SDR19C1
115825	ZFYVE22
115861	RDCVF
115861	TXNL6
115939	C16orf42
115939	MGC24381
115948	CCDC151
115948	MGC20983
115948	ODA10
115950	Zip67
115992	MGC14381
115992	MGC2647
116028	BLAP18
116028	C16orf75
116028	MGC24665
116039	FLJ90037
116068	FLJ13542
116071	MGC20410
116071	SARI
116085	OAT4L
116085	RST
116085	UAT
116085	URAT1
116085	hURAT1
116092	C20orf167
116092	Tdif1
116092	dJ447F3.4
116113	FLJ40908
116115	KIAA1951
116115	MGC4267
116123	RP11-45J16.2
116135	LRP15
116138	PEAS
116138	dJ20C7.3
116138	hPeas
116143	FLJ31741
116143	Monad
116143	WDR92
116149	dJ800C24.1
116150	C6orf68
116150	MGC7199
116150	NgBR
116150	TANGO14
116151	C20orf108
116151	DKFZP434A1114
116151	dJ1167H4.1
116154	C20orf101
116154	PPP1R123
116159	C21orf95
116173	CKLFSF5
116173	FLJ37521
116179	TGMZ
116224	C9orf42
116224	FAM122A
116224	MGC17347
116225	MIZIP
116228	FAM36A
116228	FLJ43269
116254	C6orf72
116254	dJ12G14.2
116255	DGAT2L
116255	DGAT2L1
116285	BUCS1
116285	MACS1
116328	VEST1
116328	vest-1
116337	Px3
116349	C5orf55
116362	CRBPIV
116372	LYPDC1
116372	MGC29643
116372	PHTS
116379	CRF2-S1
116379	IL-22BP
116441	L6D
116442	MRX72
116442	WSN
116443	GluN3A
116444	GluN3B
116448	BHLHB6
116448	bHLHe21
116449	MIST
116461	C1orf19
116496	C1orf24
116496	FAM129A
116496	GIG39
116496	NIBAN
116511	MAS-L
116511	MRG
116511	dJ994E9.2
116512	mrgD
116519	APOA-V
116519	RAP3
116534	GPR167
116534	mrgE
116535	GPR140
116535	GPR168
116535	MGC21621
116535	mrgF
116540	mL53
116541	mL54
116729	DYSFIP1
116729	toonin
116730	PSANK1
116828	CG030
116832	RPL39L1
116835	C20orf60
116835	dJ1009E24.2
116840	LIP8
116840	PP1221
116841	C1orf142
116841	SNAP-47
116841	SVAP1
116842	LEAP-2
116843	C6orf192
116843	dJ55C23.6
116844	LRG
116931	KIAA1635
116931	TNRC11L
116931	TRALP
116931	TRALPUSH
116935	RPL3-Hom
116937	RNU83A
116937	U83A
116938	RNU83B
116938	U83B
116969	ARTC5
116983	CENTB5
116983	KIAA1716
116984	CENTD1
116984	PARX
116985	CENTD2
116986	CENTG1
116987	CENTG2
116987	GGAP1
116987	KIAA1099
116988	CENTG3
117143	HFI1
117143	STAF42
117143	TADA1L
117143	hADA1
117144	CATSPER
117145	CTMP
117151	CTR1psi
117151	SLC31A1P
117156	LU103
117156	PNSP1
117156	UGRP1
117157	EAT2
117159	AIDD
117159	DCD-1
117159	DSEP
117159	PIF
117166	C16orf12
117166	RJD2
117166	WFDC20A
117166	WFIKKN
117177	FLJ22548
117177	RABIN3
117177	RABIN8
117178	hMsd1
117194	MRGX2
117195	MRGX3
117196	MRGX4
117245	HRASLS5
117245	HRLP5
117245	PLAAT-5
117245	iNAT
117247	MCT10
117247	TAT1
117248	GALNTL2
117248	pp-GalNAc-T15
117283	IHPK3
117283	INSP6K3
117285	C20orf63
117285	DEFB-18
117285	ESC42
117285	dJ1018D12.3
117286	KIP3
117289	ARHGAP47
117289	FLJ32631
117289	IDDM21
117531	DFNA36
117531	DFNB11
117531	DFNB7
117532	C20orf145
117532	dJ686C3.3
117579	RXN3
117579	ZINS4
117581	DERMO1
117581	Dermo-1
117581	bHLHa39
117583	ALS2CR19
117583	PAR3beta
117583	Par3L
117584	CARP-2
117584	CARP2
117584	RNF189
117584	RNF34L
117584	fring
117584	rififylin
117608	FLJ25008
117608	KID2
117854	RNF89
118421	C21orf100
118421	HORAS5
118421	NCRNA00161
118424	NCUBE2
118424	Ubc6p
118425	GDEP
118425	PCA4
118425	PCAN1
118426	LOH12CR1
118426	LOH1CR12
118427	NOE3
118429	CMG-2
118429	CMG2
118429	FLJ31074
118430	SBEM
118433	RPL23AL1
118433	bA395L14.9
118460	EAP4
118460	MTR3
118460	Mtr3p
118460	hMtr3p
118460	p11
118461	CEFIP
118461	FLJ45913
118472	MGC30006
118472	Zfp511
118487	C10orf34
118487	FLJ25854
118487	mS37
118490	FLJ39565
118490	ZMYND17
118491	FLJ25765
118491	TTC18
118611	FATS
118611	FLJ32938
118611	bA422P15.2
118663	C10orf87
118663	Em:AC061711.1
118663	FLJ25359
118670	AC073585.4
118672	C10orf89
118672	MGC35392
118738	FLJ32104
118788	FLJ35564
118812	C10orf83
118812	FLJ25925
118812	bA548K23.4
118812	rtp
118813	FLJ32919
118813	SPG33
118881	FLJ23841
118924	C10orf4
118932	MGC22805
118945	CTSL1P1
118945	CTSLL
118945	CTSLL1
118980	SLC56A2
118987	FLJ34427
118987	PDZK8
118987	bA129M16.2
119016	AGAP8
119016	CTGLF1
119016	CTGLF5
119016	Em:AC012044.1
119016	MRIP2
119032	C10orf32
119032	FLJ40752
119358	SNRPD2P
119358	bA478K7.1
119369	C10orf98
119369	MGC34007
119369	bA56M3.1
119385	KIAA1975
119392	C10orf78
119392	FLJ41960
119392	MEI5
119392	MEIR5
119392	bA373N18.1
119395	FAM26A
119395	bA225H22.7
119437	CTAGE7
119437	CTAGEP
119437	MGC33437
119437	bA500G10.2
119437	rcCTAGE5
119467	MGC32871
119467	TMEM12
119467	USH3AL1
119504	APC16
119504	C10orf104
119504	CENP-27
119504	FLJ33728
119504	bA570G20.3
119559	SLC56A4
119587	CPX2
119587	UNQ676
119710	C11orf74
119710	FLJ38678
119710	HEPIS
119710	NWC
119722	KRT18L4
119750	OR4C8P
119765	OST208
119772	OR52M1P
120065	JCG3
120066	JCG1
120071	FLJ35207
120071	GYLTL1B
120071	PP5656
120103	FLJ38932
120103	PAT4
120114	CDHF15
120114	CDHR10
120114	KIAA1989
120146	C11orf28
120146	TRIM64A
120224	BC016153
120224	FLJ40787
120376	C11orf93
120376	CASC13
120376	COLCA2
120376	OCA-T2
120379	DNAAF15
120400	FAM55A
120400	MGC34290
120406	FAM55B
120406	FLJ25224
120425	AMICA
120425	AMICA1
120425	Gm638
120526	DPH4
120526	JJJ3
120526	ZCSL3
120528	HC10
120528	HCP25
120534	ARF7EP
120534	C11orf46
120534	FLJ38968
120776	OR11-610
120776	OR2D1
120776	hg27
120787	OR52W1P
120824	TRIM51GP
120863	DEP.4
120863	FLJ33505
120892	DKFZp434H2111
120892	FLJ45829
120892	PARK8
120892	RIPK7
120892	ROCO2
120935	FLJ40089
120939	C12orf59
120939	FLJ31166
121006	LOC121006
121026	HCP30
121053	C12orf45
121053	DDSR1
121053	MGC40397
121129	OR2AP1P
121130	OR10P1P
121130	OR10P2P
121130	OR10P3P
121130	OST701
121131	PSMB3P
121214	RDHS
121214	SDR-O
121227	FLJ90440
121227	KIAA3016
121256	KIAA1944
121256	MOLT
121256	PPP1R153
121260	PHT1
121260	PTR4
121268	FLJ25797
121268	MGC34869
121273	MGC35033
121274	FLJ31295
121275	OR10AD1P
121278	FLJ37295
121278	NTPH
121328	GLYT2L
121328	GLYT3
121328	HGT2
121340	OSX
121340	osterix
121355	Cue110
121355	FAM112B
121355	FLJ32942
121391	K6IRS4
121391	KRT5C
121391	KRT6IRS4
121441	GCP-WD
121441	TUBGCP7
121457	FLJ31051
121457	IKIP
121498	LDH6C
121504	H4-16
121504	HIST4H4
121504	MGC24116
121506	C12orf46
121506	FLJ32115
121506	PDIA8
121512	CMT4H
121512	FRABP
121512	ZFYVE6
121512	frabin
121520	GOT2L4
121536	MGC17922
121549	HASH4
121549	bHLHa44
121551	ABTB2B
121551	BTBD11
121551	FLJ33957
121599	MGC40611
121599	SPI-C
121601	FLJ34221
121601	FLJ34272
121601	FLJ35277
121601	TMEM16D
121642	ABH2
121642	MGC90512
121665	DKFZP586C1324
121665	MGC126674
121665	MGC126676
121665	MGC90402
121665	PSL4
121793	C13orf16
121793	MGC35169
121793	bA474D23.1
121838	LINC00284
121838	NCRNA00284
121916	HCP35
121952	METTL21CP1
122011	MGC33182
122042	GPR106
122042	GREAT
122042	INSL3R
122042	LGR8
122042	RXFPR2
122046	C13orf26
122046	MGC40178
122060	C13orf32
122060	FLJ30046
122183	FLJ40296
122183	PRR20
122199	LGMN2P
122258	C13orf28
122402	C14orf75
122402	DKFZp434N0820
122402	FLJ36164
122402	NET54
122481	CFAP75
122481	FAP75
122481	FLJ32864
122509	FAM14B
122525	C14orf28
122525	DRIP-1
122525	DRIP1
122616	C14orf79
122618	C14orf175
122622	ADSSL1
122622	FLJ38602
122651	C14orf6
122651	RAJ1
122664	C14orf8
122664	CT152
122664	p25beta
122665	RAE2
122704	mL52
122706	beta5t
122742	OR4L2P
122769	LRR-1
122769	MGC20689
122769	PPIL5
122773	MST025
122786	C14orf31
122786	EX1
122786	MGC17921
122786	willin
122830	C14orf35
122830	FLJ35355
122830	Mak3p
122830	NAT12
122867	COX4L1
122867	COX4P1
122876	GPB5
122876	ZLUT1
122942	FRDAP
122945	C14orf148
122945	FLJ32809
122950	HCP36
122953	JUNDM2
122961	HBLD1
122961	ISA2
122970	FLJ31235
122970	PTE-Ib
122970	PTE2B
123016	BBS8
123016	RP51
123036	C14orf47
123036	C2CD1
123036	FLJ36557
123036	MTAC2D1
123036	Tac2-N
123041	NCKX4
123096	C14orf69
123096	FLJ38975
123099	C14orf66
123099	DES2
123099	FADS8
123207	MGC29937
123228	DEN1
123228	HsT17512
123228	NEDP1
123228	PRSC2
123263	FMT1
123264	OSTbeta
123264	SLC51A1BP
123283	FLJ25005
123283	TARSL2
123283	ThrRS-L
123346	HIGD2BP
123355	FLJ34269
123355	FLJ45242
123355	MGC24976
123591	C15orf27
123591	FLJ38190
123606	MGC35570
123606	SLC57A1
123606	SPG6
123624	CCP4
123624	FLJ32310
123688	AGPHD1
123688	LOC123688
123720	KIAA1971
123720	WHAMM1
123720	WHDC1
123722	RP11-127F21
123722	SPRYD1
123745	FLJ45651
123775	FLJ32702
123787	Isp2
123811	C16orf63
123811	DKFZp686N1651
123811	FLJ31153
123811	FOPNL
123811	FOR20
123811	PHSECRG2
123872	CILD13
123872	DAU1
123872	FLJ25330
123872	LRRC50
123872	ODA7
123872	swt
123876	A-923A4.1
123876	ACSM2
123876	MGC150530
123879	DKFZp686O0290
123879	FLJ41725
123879	MGC48972
123879	SCCRO3
123904	MRCC2446
123904	UNQ2446
123920	BNAS2
123920	CKLFSF3
123920	FLJ31762
123970	MGC33367
124044	C16orf76
124044	MGC26885
124045	C16orf55
124045	FLJ31606
124056	P41NOXA
124056	P41NOXB
124056	P41NOXC
124056	SH3PXD5
124056	SNX28
124093	C16orf25
124093	FLJ34512
124149	FLJ43980
124152	FLJ36575
124152	MGC35048
124220	HRPE773
124220	JCLN2
124220	PRO1567
124221	Disp
124221	MGC5228
124221	TMPRSS8
124221	TMPRSS8P
124222	FLJ30002
124245	NHN1
124274	PGR3
124359	FLJ38866
124401	FLJ32345
124401	FLJ32767
124401	KIAA1977
124402	FAM100A
124404	FLJ25410
124404	SEPT12
124411	KRBOX5
124411	ZNF720
124454	KIAA1970
124454	MSE1
124454	mtGlnRS
124460	SLIC-1
124460	SLIC1
124491	FLJ37611
124491	TMEM170
124496	ATP5F1P7
124512	C17orf95
124512	LOC124512
124535	FLJ40311
124565	MGC15523
124565	PP1744
124565	SNAT10
124583	SCAN-1
124583	SHAPY
124590	ANKS4A
124590	FLJ33924
124590	Sans
124599	CLM7
124599	TREM5
124602	FLJ37300
124602	KIF19A
124626	MGC41930
124626	ZPBPL
124637	FLJ32499
124739	FLJ30626
124751	KRBA2
124773	C17orf64
124783	AEP2
124783	C17orf46
124783	FLJ25414
124783	TEX34
124783	VAD1.2
124790	FLJ32384
124801	FLJ30656
124808	FLJ31795
124817	CNTD
124817	FLJ40137
124842	DFNB99
124857	WFDC20B
124857	WFIKKNRP
124872	Cad
124872	GALGT2
124872	Sda
124912	ALLP17
124912	CT54
124912	LYC3
124912	LYZL3
124912	SLLP1
124923	FLJ25006
124923	SgK494
124930	FLJ25555
124935	MGC34680
124936	MGC32124
124944	BAP18
124944	C17orf49
124944	MGC49942
124961	FLJ30726
124961	ZNF752
124975	FLJ90165
124976	SLC63A2
124989	C17orf57
124989	FLJ40342
124995	L10MT
124995	MGC17973
124995	MRP-L10
124995	MRP-L8
124995	MRPL8
124995	RPML8
124995	uL10m
124997	CAMRQ2
124997	FLJ33817
124997	PPP1R166
124997	SORF-2
125050	7SK
125058	FLJ20748
125058	MGC25062
125061	DKFZp686F03259
125061	KF
125111	CX31.9
125111	Cx30.2
125111	GJA11
125113	KA21
125113	KRT222P
125113	MGC45562
125115	FLJ36600
125115	KA36
125144	ACIL
125144	C17orf45
125144	C17orf76-AS1
125144	FAM211A-AS1
125144	LRRC75A-AS1
125144	MGC40157
125144	NCRNA00188
125150	SWS1
125170	D3B
125170	MGC23130
125170	MiD49
125170	SMCR7
125206	SGLT5
125228	C18orf19
125228	HsT2329
125228	MGC24180
125336	DFNB77
125336	FLJ32670
125336	LH2D1
125476	C18orf37
125476	FLJ38183
125476	IES6
125476	hIes6
125488	C18orf17
125488	FLJ33761
125488	HsT2697
125704	C18orf51
125704	FAM69C
125875	MGC33839
125893	ZNF816A
125919	DKFZp434H055
125931	UNQ9366
125950	KIAA1978
125958	OR19-B
125958	OR7D4P
125958	hg105
125962	OR19-15
125962	OR7G1P
125963	OR19-6
125965	COXVIB2
125965	CT59
125965	FLJ32865
125972	CT93
125972	FLJ25355
125972	MGC26577
125981	ASAH3
125988	C19orf70
125988	MIC12
125988	MIC13
125988	P117
125988	QIL1
126003	MGC52424
126003	TRS31
126006	GPSM4
126006	MGC41903
126017	FLJ16542
126068	FLJ38637
126069	FLJ34791
126070	FLJ37933
126074	C19orf39
126074	FLJ35119
126074	SWS1AP1
126074	ZSWIM7AP1
126119	SBBI54
126123	C19orf41
126123	MGC33947
126123	SCRL
126129	CATL1
126129	CPT1P
126129	CPTIC
126129	FLJ23809
126133	MGC10204
126204	CLR19.7
126204	NALP13
126204	NOD14
126204	PAN13
126205	CLR19.2
126205	NALP8
126205	NOD16
126205	PAN4
126206	CLR19.8
126206	MATER
126206	NALP5
126206	PAN11
126206	PYPAF8
126231	FLJ30921
126235	RPS4P21
126248	PQWD
126259	CD28H
126259	IGPR-1
126259	MGC23244
126272	EID-3
126272	FLJ38944
126282	MGC17791
126295	ZNF424
126298	FKSG27
126298	IRGQ1
126299	C19orf37
126299	MGC51082
126299	Zfp428
126306	FLJ32416
126306	JP-45
126308	MOB-LAK
126308	MOB1C
126308	MOBKL2A
126308	moblak
126321	C19orf28
126321	MGC20700
126321	PP3501
126321	SLC59B1
126326	C19orf64
126326	DFNB15
126326	DFNB72
126326	DFNB95
126328	B14.7
126353	C19orf21
126353	Caprice
126353	DKFZp686H18209
126353	MISP1
126364	FLJ38116
126364	MAPA
126370	OR19-20
126370	OR1I1P
126370	OR1I1Q
126375	FLJ38451
126382	TRA16
126393	FLJ32389
126393	Hsp20
126393	PPP1R91
126402	CCDC105
126402	FLJ40365
126410	FLJ39501
126432	FLJ45909
126433	Fbg5
126433	Fbx27
126520	PLK5P
126520	SgK384ps
126526	FLJ36888
126549	ANKRD41
126549	FLJ39369
126549	LEMD6
126567	FAM148C
126567	KIAA1957
126567	NLF3
126581	MRP63P1
126626	MGC29891
126637	S100A17
126637	THHL1
126638	FLJ39117
126661	C1orf231
126661	CCDC163P
126661	LOC126661
126668	DKFZp434M202
126695	C1orf172
126695	FLJ34633
126695	RP11-344H11.3
126731	C1orf96
126731	CSAP
126731	FLJ41471
126767	OTTHUMG00000001887
126789	FLJ90811
126792	beta3GalT6
126820	DIC3
126820	FLJ30067
126820	NYD-SP29
126820	WDR63
126823	KARCA1
126859	C1orf125
126859	FLJ32940
126868	C1orf161
126868	D5
126868	FLJ38716
126961	H3.2
126961	H3/M
126961	H3F2
126961	H3FM
126961	HIST2H3C
126961	MGC9629
126969	CTL3
126969	MGC45474
127002	FLJ00381
127002	MGC46534
127003	C1orf194
127018	Q96AV0
127059	OR2M5P
127062	OR2M3P
127062	OR2M6
127062	OST003
127066	OR5BF1
127074	OR2T4Q
127077	OR2T11Q
127124	ATP6G3
127253	C1orf171
127253	FLJ40918
127254	C1orf173
127254	DKFZp547I048
127254	RP11-653A5.1
127255	LRRC44
127255	MGC22773
127262	FAM79A
127262	FLJ21811
127262	RP11-46F15.3
127262	SVAP30
127262	TPRGL
127262	h-Mover
127281	C1orf93
127281	FAM213B
127281	MGC26818
127294	FLJ35961
127343	Atx
127343	MBX
127343	OTX3
127343	PAXB
127391	dJ39G22.2
127396	MGC27466
127428	C1orf83
127428	FLJ32112
127435	MGC24995
127435	PCAN
127435	PODOCAN
127435	SLRR5A
127481	S100A7L3
127481	s100a7d
127495	MGC14816
127495	myomasp
127534	CX30.3
127540	FLJ40388
127544	FLJ90005
127544	IBRDC3
127544	NKLAM
127550	A3GALT2P
127550	IGB3S
127550	IGBS3S
127579	FLJ32934
127602	C1orf67
127602	DKFZp781B1548
127602	Dnahc14
127602	HL-18
127602	HL18
127602	MGC27277
127608	OR2AJ1P
127608	OR2AJ1Q
127617	OR14L1P
127617	OR5AV1
127617	OR5AV1P
127665	FLJ46813
127670	EDDM9
127670	Epdd1
127670	HE9
127670	TMEM45C
127671	TEDDM1P1
127687	FLJ45459
127700	C1orf102
127703	FLJ38984
127707	FLJ38753
127731	FLJ32784
127733	FLJ25429
127733	UBXD3
127795	CREF
127795	MGC34837
127829	ARL10B
127829	FLJ45195
127829	Gie2
127845	CGI-141
127845	FLJ42654
127845	MGC62027
127845	YMR292W
127933	KIS
127933	Kist
127943	FCRLM2
127943	FCRLY
127943	FLJ31052
127943	FREB-2
128025	FLJ32978
128061	C1orf131
128061	DKFZp547B1713
128077	MGC46719
128153	CFAP305
128153	FAP305
128153	MOT17
128209	FLJ40160
128209	ZNF393
128209	Zfp393
128218	MGC17299
128229	C1orf182
128229	SSTK-IP
128240	AIBP
128240	APOA1BP
128240	MGC119143
128240	MGC119144
128240	MGC119145
128240	YJEFN1
128272	FLJ33962
128272	WGEF
128308	bL31m
128312	H2BU1
128312	HIST3H2BB
128338	MGC54289
128338	PRO180
128338	RP5-1180E21.1
128338	TMEM77
128338	WWFQ154
128344	C1orf88
128344	FLJ23853
128344	PIFO
128344	pitchfork
128346	MGC24133
128367	OR10X1P
128408	BHLHB4
128408	Beta4
128408	bA305P22.3
128414	C20orf58
128414	FAM77A
128414	bA261N11.2
128434	C20orf102
128434	dJ1118M15.2
128439	C20orf198
128439	LINC00101
128467	RPL12L2
128467	dJ661I20.1
128481	dJ1028D15.2
128486	C20orf142
128486	FIT2
128486	dJ881L22.2
128488	C20orf122
128488	WAP2
128488	dJ211D12.4
128497	C20orf165
128497	TSG23
128497	dJ337O18.8
128500	RPL13P3
128500	dJ599F21.2
128506	C20orf123
128506	dJ257E24.3
128553	C20orf17
128553	OVC10-2
128553	ZABC2
128553	ZNF218
128580	RPS4L
128580	RPS4P3
128580	RPS4XL
128580	dJ843L14.2
128602	C20orf85
128602	LLC1
128602	bA196N14.1
128609	MRPS16P
128609	bA379F14.1
128611	C20orf174
128611	dJ492J12.1
128615	C20orf83
128615	FAM38CP
128615	bA164D18.1
128637	C20orf140
128637	dJ852M4.2
128646	PTPNS1L2
128646	dJ576H24.4
128653	dJ860F19.4
128668	RPL7AL2
128668	dJ189G13.1
128674	GPR73L1
128674	GPR73b
128674	GPRg2
128674	KAL3
128674	PKR2
128674	dJ680N4.3
128676	dJ1022P6.1
128709	dJ1068F16.1
128710	C20orf94
128710	dJ1099D15.3
128718	dJ1060K6.1
128745	dJ777L9.2
128748	RPL7AL3
128748	dJ348M17.1
128756	dJ726N1.3
128760	bA189K21.4
128770	EIF4EL4
128770	dJ1049G11.3
128774	dJ746H2.1
128790	SLC25A5L
128790	dJ1065O2.2
128817	CTES1
128817	dJ322G13.4
128820	CTES7C
128821	CTES7B
128821	bA218C14.1
128822	CTES7A
128826	C20orf166
128826	MIR133A2HG
128826	dJ353C17.1
128848	DKKL2
128848	dJ854E16.1
128853	C20orf57
128853	FLJ20645
128853	VHY
128853	bA243J16.5
128853	bA243J16.6
128854	TSPYL3
128854	bA392M18.1
128859	BPIL3
128859	LPLUNC6
128861	C20orf71
128861	SPLUNC3
128861	bA49G10.4
128862	bA49G10.7
128864	bclt
128864	dJ63M2.6
128866	C20orf178
128866	SNF7-2
128866	Shax1
128866	VPS32B
128866	dJ553F4.4
128869	CDC91L1
128869	PIG-U
128869	bA346K17.2
128872	HMG4L
128872	HMGB3L1
128872	dJ18C9.3
128876	C20orf128
128876	dJ614O4.7
128879	HMG4L2
128879	HMGB3L2
128879	dJ550H1.1
128977	MGC74441
128977	Pants
128989	C22orf25
128989	DKFZp761P1121
129025	3\'OY11.1
129025	SUHW1
129025	ZNF280
129025	ZNF636
129049	KIAA1941
129049	RUTBC2
129080	EMI5
129080	EMU1
129080	hEmu1
129099	dJ90G24.5
129138	LIAR
129285	CCDC128
129285	FERRY2
129285	FLJ16566
129285	Fy-2
129285	KLRAQ1
129293	C2orf89
129293	TIKI1
129303	FLJ90024
129303	TM6P1
129303	TMEM150
129303	TTN1
129446	CMYA3
129450	C2orf60
129450	FLJ37953
129522	LOC129522
129530	LYGA1
129530	SALW1939
129531	LOC129531
129563	FAM6A
129563	FLJ36974
129563	MGC42174
129607	NDK
129607	TYKi
129607	UMP-CMPK2
129642	FLJ14415
129642	FLJ90298
129642	LPLAT13
129642	OACT2
129656	LOC129656
129684	FLJ31966
129684	caspr5
129685	FLJ32821
129685	TAF(II)43
129685	TBN
129787	DKFZp434C1714
129787	lncND
129804	FLJ37440
129804	TM14
129831	DRB1
129831	FLJ44612
129852	C2orf73
129852	FLJ40298
129868	TRIM43A
129880	DKFZp762I194
129881	C2orf77
129881	CCDC173
129881	LOC129881
130026	ALS2CR14
130026	ALS2CR15
130074	KIAA0280L
130074	MANI
130120	LPPM429
130120	PAP1B
130120	UNQ429
130132	C2orf11
130132	FLJ30574
130132	Raftlin-2
130162	C2orf63
130162	FLJ31438
130271	KIAA2028
130271	PLEKHH1L
130340	sigma1C
130355	AIM29
130355	LOC130355
130355	MGC104437
130367	FLJ39004
130399	ACVRLK7
130399	ALK7
130497	ODD
130500	CISD1B
130500	ZCD1B
130507	DKFZp434P117
130507	FLJ37422
130507	KIAA2024
130507	ZNF650
130535	6530404F10Rik
130535	FLJ31322
130535	FLJ37818
130540	ALS2CR12
130557	FLJ32203
130557	Zfp513
130560	TSARG1
130574	MGC52057
130576	CT116
130576	LYPD7
130612	MGC99813
130612	TMEM198A
130617	AIRAPL
130733	MGC33926
130733	TMEM178
130752	FLJ25341
130752	RP11-95H11
130813	C2orf50
130813	FLJ25143
130814	C2orf22
130814	MGC33602
130814	PQLC3
130827	FLJ30294
130872	AHA1
130872	AHSA2
130872	DKFZp564C236
130872	Hch1
130888	FLJ37592
130888	Fbx36
130916	MGC61716
130916	MTERFD2
130940	MGC125588
130951	C2orf65
130951	D6Mm5e
130951	SPATA37
131034	COPN4
131034	CPN4
131054	LOC131054
131076	CCDC58
131076	FLJ33273
131096	Kv12.1
131096	elk3
131118	Pam18
131118	TIMM14
131118	Tim14
131149	C1QTNF15
131149	C1QTNF16
131177	EF7
131177	OIT1
131375	LYC4
131375	MGC26768
131377	KBTBD5
131377	NEM8
131377	SRYP
131405	LIN-41
131405	LIN41
131408	C3orf40
131408	MGC21688
131450	CD200R
131450	MOX2R
131474	FLJ31709
131474	MIA40
131474	TIMM40
131540	MGC33345
131544	DKFZp667G2110
131566	ESDN
131578	LIB
131583	FLJ90022
131601	FLJ32197
131601	GPR175
131601	TMEM227
131601	TPRA40
131616	MGC29956
131669	FLJ31300
131669	HMFN0320
131831	C3orf44
131831	ERICH6A
131831	FAM194A
131831	MGC39662
131870	FLJ31265
131890	GPRK7
131909	FAM172B
131909	FAM172BP
131909	FLJ45679
131909	LOC131909
131965	MGC24132
132001	C3orf31
132001	DKFZp434E0519
132001	MGC16471
132014	FLJ23658
132112	MGC35450
132112	Z3CXXC1
132141	MGC39725
132158	HBEBP2
132158	HBEBP4
132160	FLJ32332
132160	PP2Ceta
132203	FLJ44379
132203	S100AL
132204	MGC26651
132228	C3orf45
132228	FLJ38608
132243	H1FOO
132299	MGC45416
132320	FLJ30655
132320	hCAP-1A
132321	FLJ33703
132332	NEMEP
132556	BTF3L3
132556	HUMBTFD
132612	Tenr
132625	REX1
132625	ZNF754
132660	CXCDC1
132660	DKFZp686L1814
132660	JC8.6
132660	MIP120
132660	TCX1
132671	FLJ32906
132720	C4orf32
132720	FLJ39370
132724	HATL5
132789	SB52
132851	CFAP178
132851	FAP178
132851	SPEF1B
132851	TSARG2
132884	LBN
132949	ACSF4
132949	LYS2
132949	NRPS998
132954	GCPHLP
132989	MGC26744
133015	C4orf28
133015	MGC29898
133022	MGC26568
133121	MGC33971
133150	SULT1D1
133283	EEF1AL11
133308	FLJ23984
133308	NHA2
133308	NHEDC2
133383	C5orf35
133383	MGC33648
133396	CRL
133396	CRL3
133396	GLM-R
133396	Glmr
133396	IL-31RA
133418	GP70
133418	MGC71745
133482	CT48
133482	MGC26949
133482	OATP6A1
133482	OATPY
133491	LOC133491
133522	PERC
133522	PGC1B
133522	PPARAGCIβ
133558	DKFZp781F0822
133558	FLJ40243
133558	HEATR7B2
133558	SPIF
133584	AGRINL
133584	AGRNL
133584	FLJ39155
133584	PIKA
133619	FLJ32875
133686	C5orf33
133686	FLJ30596
133686	MNADK
133686	NADKD1
133688	FLJ34658
133690	MGC26610
133746	FLJ37870
133746	WHAMM2
133923	4933409D10Rik
133923	FLJ32921
133957	FLJ25701
134111	FLJ25076
134121	C5orf49
134121	LOC134121
134145	FAM173B
134145	JS-2
134147	FLJ23617
134187	FLJ25680
134187	SPRM-1
134218	DNAJA5
134218	GS3
134218	JJJ1
134265	FLJ36748
134266	DKFZp451C205
134266	FLJ23713
134266	Mt-GrpE#2
134285	PRP2
134288	FLJ31268
134288	MGC13034
134353	FLJ38273
134359	C5orf37
134359	FLJ35779
134359	MGC120442
134359	MGC120443
134359	MGC120444
134359	hPOC5
134391	GALR4
134391	PGR7
134430	GLC1G
134430	TA-WDRP
134430	UTP21
134490	MRP63P6
134492	DKFZp686E10109
134492	NudCL2
134510	CPUB1
134510	MGC10067
134526	Cach
134526	STARD15
134526	THEAL
134548	ANKRD43
134549	APXL2
134549	KIAA1960
134553	FLJ37562
134637	DEADC1
134637	TAD2
134637	dJ20N2.1
134701	C6orf159
134701	dJ237I15.1
134728	AIP70
134728	SIMPL
134756	dJ336K20B.2
134829	C6orf212
134829	C6orf213
134829	RLBP1L2
134829	bA160A10.4
134860	TA3
134860	TAR3
134860	TRAR3
134864	TA1
134864	TAR1
134864	TRAR1
134957	LLGL3
134957	tomosyn
134957	tomosyn-1
135112	ERAP140
135112	TLDC4
135112	dJ187J11.3
135114	FLJ33126
135114	HINT4
135138	BUG21
135138	FLJ32724
135138	Glup
135138	HAK005771
135138	PARK2CRG
135138	pf12
135152	GlcAT-S
135154	C6orf57
135154	Sdh8
135228	CPAMD7
135228	DKFZp762L1111
135228	FLJ38569
135250	LETAL
135250	ULBP4
135250	bA350J20.7
135270	COPS5P
135293	ACY1L2
135293	bA63L7.3
135295	SFRS13B
135295	SFRS19
135295	SRrp35
135398	MGC46457
135656	DPCR1
135656	PBLT
135656	bCX105N19.6
135886	MGC26719
135886	WBSCR28
135892	FLJ32804
135892	TRIM50A
135927	C7orf34
135927	CTM-1
135927	SOF1
135932	FLJ90586
135935	OG2
135935	Og2x
135941	OR2A14P
135941	OR2A6
135941	OST182
135942	OR2A28P
135946	OR7-3
135948	OR7-1
136051	DKFZp762I137
136157	SSU72P8
136227	EMI6
136227	EMID2
136227	Emu2
136259	BTEB5
136263	C7orf45
136263	FLJ40316
136306	MGC46715
136306	SLC22B5
136319	GCDP
136319	MYOTROPHIN
136319	V-1
136332	CFAP246
136332	FLJ32786
136371	GLC1F
136540	TRY3
136541	TRYX3
136647	C7orf11
136647	ORF20
136647	TTDN1
136853	S4D-SRCRB
136853	SRCRB-S4D
136853	SRCRB4D
136895	C7orf31
136991	ANKL1
136991	C7orf7
136991	CT1.19
136991	GASZ
136991	Orf3
137075	CLDNL
137107	HsT23218
137133	C8orf62
137196	MGC27434
137209	FLJ38002
137362	MGC33309
137392	BARMR1
137392	FAM92A
137392	FAM92A1
137392	FLJ38979
137492	FLJ32642
137492	HCRP1
137492	PQBP2
137492	SPG53
137529	CKS1
137529	CKS1A
137682	C8orf38
137682	MGC40214
137682	lncREST
137695	DIESL
137695	FLJ32370
137735	STARS
137797	LYPDC2
137797	RGTR430
137797	UNQ430
137814	CSX2
137814	NKX4-2
137835	FLJ33069
137868	ZSG1
137872	FLJ32430
137886	p37
137902	FLJ25471
137964	AGPAT6
137964	DKFZp586M1819
137964	LPAAT-zeta
137964	TSARG7
137970	KIAA1777
137970	Unc5h4
137994	FLJ25409
137994	SLC55A2
138009	WDR21C
138046	HNRPCL3
138050	FLJ32731
138050	HGNAT
138050	TMEM76
138065	MGC4734
138151	BEND9
138151	BTBD14A
138151	BTBD31
138151	MGC23427
138162	C9orf116
138162	MGC29761
138162	RbEST47
138199	C9orf41
138199	FLJ25795
138234	ATP5HP2
138241	MGC61599
138255	C9orf135
138307	LCN5
138311	C9orf136
138311	FAM69B
138311	MGC20262
138428	C9orf115
138429	MGC46424
138429	PIPKH
138429	bA203J24.5
138639	FLJ37312
138639	PTP9Q22
138649	ANKRD19
138649	FLJ36178
138652	PRSS47
138716	C9orf23
138716	MGC29635
138716	bA296L22.5
138724	C9orf131
138724	MGC41945
138864	ATP5HP3
138883	OR1-26
138883	OR1N3
138948	BPR
138948	NCRNA00118
139061	LOC139061
139065	DKFZp547M2010
139067	CT11.8
139067	SPANX-N3
139081	CT7.2
139081	MAGE-C3
139105	CXorf20
139105	MGC33653
139135	CT63
139163	SALL1P
139170	KIAA1892L
139170	WDR40B
139212	CXorf41
139212	MGC35261
139212	NYSAR97
139212	PIH1D3
139212	TWISTER
139221	FLJ33516
139221	MUM1L1
139231	CXorf39
139285	FAM123B
139285	FLJ39827
139285	RP11-403E24.2
139285	WTX
139322	AAIR8193
139322	CXorf33
139322	FAM121A
139322	MICOS27
139322	Mic27
139322	UNQ8193
139324	CXorf43
139324	FLJ30678
139341	MGC51029
139363	LOC139363
139378	GPR112
139378	PGR17
139378	RP1-299I16
139411	FLJ30296
139411	SLC65C1
139420	FLFL3P
139420	FLJ32867
139420	PPP4R3CP
139420	SMEK3P
139422	FLJ32965
139425	WDR42B
139516	AKAP16B
139516	AKAP16BP
139538	CT18
139538	NA88A
139562	DUBA2
139562	FLJ25831
139562	HSHIN6
139596	DKFZp781E1243
139596	FUR1
139596	MGC23937
139596	RP11-311P8.3
139628	FOXN6
139628	MGC21658
139728	CaMK1b
139728	MGC45419
139735	ZNF897
139741	AIP1
139741	ARIP1
139741	Arp-T1
139741	KIAA0705
139760	GPCR2
139760	hGPCR2
139793	CT16.6
139793	GAGED1
139793	PAGE-3
139804	CXorf55
139804	FLJ40249
139818	ACG
139818	FLJ32122
139818	FLJ43653
139818	ZIZ2
139886	FLJ44984
139886	TDRD28
139952	LOC139952
139957	LOC139957
140032	RPS4Y2P
140258	KAP13.1
140290	PRED77
140432	RNF161
140432	ZNF183L1
140456	DKFZp779E2460
140461	FLJ21255
140461	MGC5540
140462	DKFZP564L0862
140462	FLJ20636
140462	MGC4954
140464	NCRNA00195
140465	MLC1SA
140467	FLJ10390
140467	ZFEND
140468	COX11P
140545	FKSG33
140545	HSD15
140545	LMBR2
140564	APOBEC3DE
140564	APOBEC3E
140576	DT1P1A7
140576	MGC17528
140576	S100F
140578	C21orf68
140578	FLJ12627
140578	MT75
140578	PRED12
140596	DEFB-4
140596	DEFB104
140597	MY0876G05
140597	WEX1
140597	my048
140603	COX6BP1
140606	SELM
140606	SEPM
140612	KIAA1431
140612	mkr5
140623	FAU1P
140625	ARPM2
140625	Arp-T2
140625	FLJ25424
140628	GATAS
140628	bB379O24.1
140678	MLLT10L
140678	bA348I14.3
140679	VGAT
140679	VIAAT
140679	bA122O1.1
140680	dJ1103G7.2
140683	C20orf70
140683	SPLUNC2
140683	bA49G10.1
140685	BTBD4
140685	BZEL
140685	FLJ13502
140685	ZNF340
140686	WAP14
140686	dJ447F3.3
140687	C20orf105
140687	dJ1153D9.2
140688	C20orf112
140688	C20orf113
140688	DKFZP566G1424
140688	dJ1184F4.2
140688	dJ1184F4.4
140689	CBLNL1
140689	dJ885A10.1
140690	BORIS
140690	CT27
140690	dJ579F20.2
140691	RNF36
140691	TRIMLESS
140691	Trif
140692	dJ901O8.2
140695	bA550O8.1
140696	bA563A22B.2
140697	bA80K6.3
140699	C20orf131
140699	C20orf132
140699	dJ621N11.3
140699	dJ621N11.4
140700	C20orf136
140701	C20orf135
140701	dJ591C20.1
140706	C20orf160
140706	dJ310O13.5
140707	BNAS1
140707	HCCRBP-3
140707	KG19
140710	C20orf117
140710	FLJ44670
140710	KIAA0889
140710	SOGA
140710	SOGA1
140710	dJ132F21.1
140711	C20orf118
140711	dJ132F21.2
140713	bA332A4.2
140714	RPS27AP
140714	bA332A4.3
140715	bA352D3.1
140716	bA456N23.1
140717	dJ1013A22.4
140718	dJ1018D12.4
140719	dJ1167H4.5
140730	C20orf190
140730	dJ781B1.3
140731	C20orf86
140731	bA196N14.3
140732	SPAG4L
140732	TSARG4
140732	dJ726C3.1
140733	C20orf133
140733	dJ631M13.5
140735	DNCL1B
140735	Dlc2
140735	MGC17810
140735	RSPH22
140738	PR1
140739	NCE2
140748	dJ1178H5.1
140749	dJ461P17.5
140750	dJ477O4.3
140751	dJ530I15.5
140752	LncRNApcsk2-2:1
140752	dJ531H16.4
140753	dJ553F4.5
140754	dJ631M13.3
140755	dJ64K7.1
140756	RPL7AL4
140756	dJ823N20.2
140757	RPL24P1
140757	dJ836N17.3
140758	dJ858M22.1
140759	dJ860F19.2
140760	dJ872K7.2
140761	dJ927M24.3
140767	VMP
140771	NCRNA00034
140775	DENND8A
140775	FLJ34716
140803	CHAK2
140803	FLJ22628
140803	HOMG
140803	HSH
140807	K6IRS2
140807	K6irs
140807	KRT6
140807	KRT6IRS2
140809	C20orf139
140809	Npn3
140809	SRX1
140809	Srx
140809	YKL086W
140809	dJ850E9.2
140823	C20orf52
140823	MTGMP
140823	bA353C18.2
140825	C20orf163
140825	FLJ30259
140825	Ozz
140825	Ozz-E3
140825	dJ337O18.6
140828	ALIEN
140828	C20orf56
140828	DEANR1
140828	FALCOR
140828	HCCDR1
140828	LCAL62
140828	NCRNA00261
140828	TCONS_00027846
140828	bA216C10.1
140828	onco-lncRNA-17
140831	C20orf164
140831	PPP1R174
140831	dJ337O18.7
140832	C20orf146
140832	WAP10
140832	dJ688G8.3
140834	C20orf62
140834	dJ1013A22.3
140836	BAF-L
140836	BAF2
140836	BAFL
140836	C20orf179
140836	dJ803K15.1
140838	C20orf147
140838	HDHD4
140838	MGC26833
140838	dJ694B14.3
140846	C20orf120
140846	NCRNA00154
140846	dJ614O4.3
140848	C20orf68
140848	NCRNA00227
140848	bA467D7.4
140850	C20orf73
140850	DEF-27
140850	bA530N10.2
140851	C20orf127
140851	MTL4
140851	dJ614O4.6
140856	C20orf79
140856	HSD22
140856	dJ1068E13.2
140857	dJ353C17.2
140862	C20orf82
140862	bA149I18.1
140863	C20orf168
140863	dJ447F3.6
140865	C20orf90
140865	bA93B14.2
140870	C20orf171
140870	WAP6
140870	dJ461P17.11
140871	C20orf189
140873	dJ477O4.4
140875	C20orf93
140875	NCRNA00028
140875	dJ1093G12.6
140876	C20orf175
140876	C20orf176
140876	FAM65C
140876	dJ530I15.2
140876	dJ530I15.3
140880	CST8L
140880	CTES2
140880	dJ322G13.6
140881	C20orf87
140881	DEFB-29
140881	bA530N10.3
140883	5\'OY11.1
140883	SUHW2
140883	ZNF279
140883	ZNF632
140885	BIT
140885	CD172a
140885	MFR
140885	MYD-1
140885	P84
140885	PTPNS1
140885	SHPS-1
140885	SHPS1
140885	SIRP
140885	SIRP-ALPHA-1
140885	SIRPalpha
140885	SIRPalpha2
140886	PABP5
140890	DKFZp564B176
140890	SFRS12
140890	SRrp508
140890	SRrp86
140893	C20orf151
140893	dJ908M14.3
140894	C20orf152
140894	CNMPD1
140894	dJ954P9.1
140895	HSPEP1
140895	bA101E14.1
140901	CLIK1
140901	STK35L1
140901	bA550O8.2
140902	dJ881L22.3
140909	MTCO2L
140909	dJ342K12.1
140913	PPIAL2
140913	PPIP10
140947	C5orf20
140947	DCNP1
142678	FLJ39787
142678	ZZANK1
142678	ZZZ5
142678	skeletrophin
142679	DUSP17
142679	SKRP1
142680	FLJ38680
142680	NPT2C
142680	NPTIIc
142680	NaPi-2c
142683	HL-2
142684	RAR2A
142684	Rar-2
142685	FLJ43370
142686	DKFZp313L0121
142689	FLJ39577
142827	C10orf129
142827	bA310E22.3
142891	FLJ25082
142891	SMSr
142910	LIPL1
142910	bA425M17.2
142913	CFLP1
142913	MGC35136
142940	PUS4
143098	FLJ32798
143162	MGC35285
143162	PDZD5C
143162	PDZK5C
143187	MVti1
143187	Vti1-rp2
143241	DPY30D1
143241	bA36D19.5
143244	EIF5AP1
143244	bA342M3.3
143279	FLJ37306
143282	C10orf13
143282	MGC39320
143341	EIF3EIPP2
143341	EIF3S6IPP2
143379	C10orf82
143379	Em:AC016825.4
143379	MGC33547
143384	C10orf46
143384	CAC1
143384	FLJ40409
143384	MGC33215
143458	LRAD3
143471	MGC26605
143471	PSMA7L
143501	NOV1
143503	GPR136
143503	GPR164
143503	OR51E1P
143503	OR52A3P
143506	SSU72P3
143570	FLJ00225
143630	MGC20470
143630	MGC26958
143678	C11orf94
143678	Frey
143684	MGC33371
143686	MGC29667
143686	SEST3
143689	FLJ36156
143689	HIWI2
143689	Miwi2
143872	AD031
143872	FLJ32810
143872	GRAF3
143872	TMEM133
143879	BKLHD3
143884	FLJ32343
143888	KDELC2
143888	MGC33424
143903	FLJ30977
143903	FLJ31092
143941	HBP21
144097	C11orf84
144097	SPIN-DOC
144100	DKFZp686M22243
144106	FAM10A5
144108	DKFZp686I068
144108	FLJ39441
144108	Spt2
144110	FLJ90119
144124	JCG6
144124	OR10A1
144124	OR11-403
144125	OR2AG3
144132	C11orf47
144132	CCDC35
144132	DHCD1
144132	DKFZp686J0796
144132	DNHD1L
144132	FLJ32752
144132	FLJ35709
144132	FLJ46184
144165	EPM1B
144165	FLJ31937
144193	MGC35366
144195	GLUT14
144195	SLC2A3P3
144203	DKFZp434C0631
144203	DKFZp686C0338
144245	KCR1
144321	MGC39497
144347	Cfm2
144347	FAM101A
144347	FLJ44614
144347	RefilinA
144348	DKFZp761B128
144348	ZFOC1
144348	ZNF176
144360	C12orf67
144360	FAM191B
144360	FLJ32894
144363	LYRM5
144383	DSPA2D
144406	CaM-IP4
144406	MGC33630
144406	WDR66
144423	FLJ31978
144453	MGC13168
144453	MGC40411
144453	VMD2L3
144486	CCDC41-AS1
144486	CEP83-AS1
144501	KB20
144535	C12orf55
144535	C12orf63
144535	FLJ31514
144535	FLJ44112
144568	CPAMD9
144568	FLJ25179
144568	p170
144577	C12orf66
144577	FLJ32549
144581	RPL14L
144581	bcm1298
144608	MGC47869
144638	FAM10A3
144638	FAM10A3P
144699	Fbl14
144699	MGC40195
144712	HMGA1L3
144712	HMGIYL3
144715	FLJ40346
144717	FAM109A
144717	FLJ32356
144717	IPIP27A
144717	SES1
144809	C13orf30
144809	FLJ40919
144811	C13orf31
144811	FAMIN
144811	FLJ38725
144817	NCRNA00330
144832	ESTRRA
144847	ESRRAP
144920	LINC00344
144920	NCRNA00343
144920	NCRNA00344
144983	LOC144983
145165	FAM10A4
145165	FAM10A4P
145173	B3GALTL
145173	B3GTL
145173	B3Glc-T
145195	C14orf144
145200	C14orf72
145200	NCRNA00239
145216	HITT
145216	LINC00637
145226	FLJ30273
145226	LCA13
145226	RP53
145226	SDR7C2
145241	ADAM21P
145249	C14orf63
145258	GSC1
145259	LAMR1P4
145264	OL-64
145264	Vaspin
145270	PRIMA
145282	CCDC193
145375	NUP50P
145376	C14orf50
145389	NAT-1
145389	SNAT6
145407	C14orf37
145407	UT2
145438	C14orf82
145447	BEM46L3
145447	C14orf29
145482	FLJ39091
145482	ZADH1
145483	C14orf44
145483	FLJ31697
145497	C14orf166B
145497	LRRC74
145501	FLJ32147
145501	TAIL1
145501	THSD3
145508	C14orf145
145508	C14orf61
145553	FN6Pase
145553	MGC5987
145567	TTC7L1
145581	C14orf146
145581	FIGLER8
145581	SALM5
145645	C15orf43
145645	MGC33951
145741	FAM148A
145741	NLF1
145748	FLJ33008
145773	MGC26690
145781	FLJ30973
145781	MYZAP-POLR2M
145788	C15orf65
145788	FLJ27352
145853	LOC145853
145858	FLJ32831
145864	EXLD1
145864	HsT19883
145873	SCDO2
145873	bHLHc6
145942	MGC35118
145942	TMCO5
145946	MGC44294
145946	SRG8
145957	HRG4
145978	FLJ31461
145978	NCRNA00052
145978	TMEM83
146050	FLJ35867
146050	ZNF690
146050	Zfp690
146057	KIAA0847
146057	SCA11
146059	CDA-I
146059	CDAI
146167	SNAT8
146177	FLJ40941
146177	FLJ46765
146183	CT108
146183	DFNB22
146198	KIAA1954
146198	NK10
146198	ZNF756
146206	LRRC16C
146206	RLTPR
146212	FLJ40162
146223	CKLFSF4
146225	CKLFSF2
146225	FLJ25732
146225	MGC39436
146227	SCA31
146279	CT149
146279	FLJ32871
146325	C16orf11
146330	C16orf22
146330	Fbl16
146330	MGC33974
146378	FIMP
146378	FLJ25404
146395	KTSR5831
146395	MGC18079
146395	PRO19651
146433	C16orf77
146433	IL-34
146433	MGC34647
146434	FLJ33071
146434	HIT-4
146439	CCDC64B
146456	MGC23911
146456	p24g5
146456	p24gamma5
146540	FLJ32130
146547	FLJ90661
146556	MGC45438
146562	C16orf71
146562	DKFZp686H2240
146562	Daap1
146562	FLJ43261
146664	FLJ25132
146664	GnT-IX
146664	GnT-VB
146705	C17orf56
146705	ENTHD2
146705	FLJ31528
146712	B3GNTL1
146713	FOX-3
146713	HRNBP3
146713	NeuN
146722	CD300f
146722	CLM1
146722	IGSF13
146722	IREM1
146723	C17orf77
146723	FLJ31882
146754	DNHD3
146754	FLJ46675
146754	KIAA1503
146760	DKFZp547J144
146760	NGRH2
146760	NgR3
146771	TCAM1
146779	FLJ25818
146802	FLJ31196
146802	MATE2
146802	MATE2-K
146845	FLJ37528
146845	WDR16
146845	WDRPUH
146849	CCDC42A
146849	FLJ32734
146850	C17orf38
146850	FLJ34500
146850	HsT41028
146850	p87PIKAP
146852	CT136
146852	OPPO1
146857	FLJ31952
146861	AMAC1
146861	FLJ40154
146861	TMEM21A
146862	CMYA4
146862	UNC45
146880	loc146880
146894	CLM9
146894	Trem4
146923	DKFZp761H0421
146956	FLJ31364
146956	MMS4L
146956	SLX2A
147007	C17orf32
147007	MGC45714
147007	TMEM199
147007	VPH2
147011	MGC39650
147015	MGC23280
147015	SDR7C5
147040	C17orf36
147040	KCASH1
147081	C17orf69
147081	CRHR1-IT1
147081	FLJ25168
147138	EVER2
147138	EVIN2
147166	TRIM70
147172	DKFZp667M2411
147172	LRRC37B2
147179	WICH
147179	WIRE
147183	KRT25A
147184	MGC21518
147184	TMEM99
147199	RYD5
147276	FLJ31338
147276	HsT3231
147339	ARKL1
147339	Ark2N
147339	C18orf25
147339	MGC12909
147339	RNF111L1
147372	FLJ30681
147372	KIAA1983
147407	MCART2
147409	CDHF13
147409	LAH
147429	C18orf16
147429	CHST9-AS1
147429	FLJ30507
147463	FLJ25053
147495	B7323
147525	C18orf18
147525	HsT959
147525	MGC17515
147525	TP53LC13
147650	LET7EH
147650	LINC00085
147650	NCRNA00085
147650	SPACA6P
147657	MGC32104
147658	FLJ25344
147658	KRBO3
147660	FLJ31384
147664	ENVV1
147664	FLJ32214
147664	HERV-V1
147685	MGC41906
147686	FLJ31551
147686	KIAA1956
147687	MGC34079
147694	FLJ32932
147699	FLJ40125
147700	KLC2L
147700	KLCt
147700	KNS2B
147711	ZNF285B
147719	MGC42718
147727	ILF3-AS1
147741	FLJ31986
147744	MDAC1
147746	FLJ32818
147807	MGC23143
147808	MGC75238
147837	FLJ34797
147841	FLJ90806
147841	SPBC24
147872	CCDC155
147872	FLJ32658
147906	DAPPER3
147906	MGC15476
147906	RRR1
147912	DMAHP
147920	UNQ645
147923	FLJ32191
147929	FLJ36991
147945	CLR19.5
147945	CT58
147945	FLJ32126
147945	NALP4
147945	PYPAF4
147945	RNH2
147947	DKFZp686B2197
147947	ZNF542
147948	FLJ30927
147949	FLJ31030
147965	FLJ44669
148014	FLJ30373
148022	MGC35334
148022	PRVTIRB
148022	TICAM-1
148022	TRIF
148046	C19orf23
148046	MGC39338
148066	RNF204
148066	Ssrzf1
148066	spzn
148103	FLJ30663
148109	FLJ25660
148109	TMEM162
148113	MGC45771
148137	C19orf55
148137	FLJ30657
148156	FLJ30932
148170	Borg3
148170	CEP5
148198	F7175
148198	ZNF739
148213	FLJ31526
148223	FLJ36666
148229	ATPIK
148231	FLJ25328
148231	LINC01855
148252	Di-Ras1
148252	GBTS1
148254	MGC26707
148266	FLJ32053
148266	ZAP1
148266	Zfp74
148268	FLJ30791
148304	FLJ25078
148304	URLC4
148327	AIbZIP
148327	ATCE1
148327	CREB4
148327	hJAL
148345	C1orf127
148345	FLJ37118
148362	C1orf58
148362	FLJ32421
148398	MGC45873
148423	FLJ44982
148423	gm117
148479	MGC43399
148523	BC017397
148523	C1orf51
148523	CHRONO
148534	FLJ31842
148534	TMEM56
148545	FLJ32833
148581	MGC35130
148641	FLJ37712
148645	C1orf211
148645	LINC00337
148645	MGC40168
148645	NCRNA00337
148709	AGPG
148709	LOC148709
148713	ESP
148713	OST-PTP
148713	PTPRV
148738	HFE2
148738	HFE2A
148738	JH
148738	RGMC
148738	haemojuvelin
148738	hemojuvelin
148741	FLJ25124
148753	C1orf76
148753	MGC16664
148753	NDSP
148756	LINC01131
148756	OVAL
148756	RMEL2
148789	MGC39558
148808	DKFZp761N1114
148808	FLJ25004
148808	FLJ34577
148808	MFSD4
148808	MFSD4A
148808	UNQ3064
148811	Cps1
148811	FLJ32569
148823	C1orf150
148823	FLJ44728
148867	ZNT7
148867	ZnTL2
148870	FLJ32825
148898	C1orf213
148898	FLJ90508
148930	FLJ32011
148930	KINO
148930	L5
148932	MOB1E
148932	MOBKL2C
148979	FLJ36155
149013	COAS1
149013	KIAA1245
149041	KIAA2025
149041	RNF198
149041	RP5-1198E17.5
149041	roquin
149076	FLJ25476
149076	lin-29
149086	LINC01225
149086	SEELA1
149095	FLJ32785
149111	CNIH-3
149111	FLJ38993
149175	FLJ31434
149233	IL-23R
149281	C1orf184
149281	HOMT1B
149281	METTL11B
149345	C1orf40
149345	TMEM58
149345	hShisa4
149371	EXO84
149371	Exo84p
149371	SEC84
149373	LOC149373
149420	CLIK1L
149420	STK35L2
149428	BNIP-S
149428	BNIP-Salpha
149428	BNIP-Sbeta
149428	BNIPL-2
149428	BNIPl-1
149428	PP753
149465	FLJ32000
149465	WDR65
149466	MGC52423
149466	TEMP
149473	MGC45441
149483	FLJ33084
149499	C1orf92
149499	FLJ32884
149563	C1orf64
149563	ERRF
149563	MGC24047
149603	RACO-1
149603	RACO1
149628	IFIX
149628	MGC23885
149643	C1orf227
149643	LOC149643
149647	FAM71A
149647	FLJ32796
149647	GARI-L4
149685	MGC39724
149685	RP5-1100H13.2
149685	SMAF1
149699	C20orf65
149699	FAM112A
149699	dJ1028D15.4
149708	WAP1
149708	dJ211D12.5
149773	APCDD1L-AS1
149775	GNAS-AS
149775	GNAS1AS
149775	GNASAS
149775	NCRNA00075
149775	NESP-AS
149775	NESPAS
149775	SANG
149830	M8
149837	LINC01729
149840	C20orf196
149840	FLJ25067
149840	RINN3
149934	C20orf191
149934	bB329D4.2
149951	C20orf92
149951	dJ1085F17.3
149954	C20orf186
149954	LPLUNC4
149954	dJ726C3.5
149986	C20orf40
149986	FAM61B
149986	FLJ25473
149986	FT005
149986	LSM13
149986	RAP55B
149986	bA11M20.3
149992	C21orf99
149992	CT85
149992	CTSP-1
149998	CT17
149998	LPDL
149998	PLA1C
149998	PRED5
149998	mPA-PLA1beta
150000	ABCC13P
150000	C21orf73
150000	PRED6
150082	C21orf13
150082	MGC33295
150084	JAM4
150094	SNF1LK
150094	msk
150135	C21orf129
150135	FLJ32835
150135	PRED76
150142	C21orf121
150142	NCRNA00318
150142	PRED87
150147	C21orf128
150147	FLJ33471
150159	NHA1
150159	NHEDC1
150160	CESK1
150165	MGC57211
150165	XTES
150197	FLJ32575
150209	AIFL
150209	FLJ30473
150244	FLJ31568
150244	ZDHHC8P
150244	ZDHHC8P1
150248	FLJ36561
150248	N27C7-3
150274	DNAJC20
150274	HSC20
150274	Jac1
150275	FLJ33814
150280	CT46.2
150280	MGC26710
150290	DUSP20
150291	C22orf27
150291	FLJ35801
150291	NCRNA00325
150350	FLJ25421
150353	HSC3
150356	SLRR4B
150365	MGC40042
150365	SPATA38
150368	DKFZp686J07229
150368	FAM109B
150368	IPIP27B
150368	SES2
150372	CNAIP
150379	GS2L
150379	dJ388M5.4
150383	C22orf40
150384	GTSE1-AS1
150465	MGC46235
150468	FLJ40629
150468	radmis
150472	CBWD2
150478	BA395L14.12
150483	MGC27019
150527	TISP43
150572	KMT3D
150572	ZMYND22
150590	MGC29762
150622	FLJ30594
150622	LINC01105
150622	LOC150622
150677	OTOSP
150678	CSNAP
150678	MYEOV2
150681	OR6B3P
150681	OR6B3Q
150684	C2orf5
150684	MGC27155
150684	MURR1
150709	FLJ25415
150726	Fbx41
150726	KIAA1940
150737	FLJ30990
150737	TTC30B
150737	fleer
150759	NCRNA00342
150763	CT123
150771	D1B
150771	KIAA1754L
150776	LOC150776
150786	RAB6CL
150786	WTH3DI
150864	ALS2CR13
150864	FLJ38771
150921	OUT
150921	bHLHa24
150946	FAM59B
150946	FLJ00375
150946	GAREML
150946	KIAA2038
150962	CCDC139
150962	FLJ32312
150967	DKFZp434H1419
150992	NCRNA00309
151009	FLJ38359
151011	FLJ11619
151011	SEPT10
151011	Septin-10
151050	C2orf67
151050	FLJ23861
151050	FLJ32349
151050	KIAA1267L
151050	MSL1v2
151056	FLJ30866
151112	MEX
151112	MGC33890
151112	ZZZ2
151126	FLJ25270
151126	ZNF533
151176	CTRP15
151176	FAM132B
151176	FLJ37034
151188	MGC33864
151194	FAM119A
151194	HCA557b
151194	HSPA-KMT
151194	LOC151194
151195	FLJ40432
151230	FLJ37812
151230	MGC22679
151230	MGC2610
151234	SULT1C1P
151234	SULT1C2P1
151242	Inhibitor-1-like
151246	FLJ25211
151246	SGOL2
151246	TRIPIN
151254	ALS2CR11
151254	C2CD6
151254	FLJ25351
151258	AVT2
151258	FLJ39822
151278	FLJ32447
151295	FLJ31168
151295	SVCT3
151295	Yspl1
151306	BG37
151306	GPCR
151306	GPCR19
151306	GPR131
151306	M-BAR
151306	MGC40597
151306	TGR5
151313	DKFZp434N062
151354	FAM84A
151354	FLJ35392
151354	NSE1
151393	FAM82A
151393	FAM82A1
151393	FLJ32954
151393	RMD2
151449	BMP12
151457	LOC151457
151473	FLJ30794
151473	MCT14
151477	C2orf52
151477	MGC43122
151484	LOC151484
151484	Lnc-ITM2C-1
151507	MSL3L2
151507	MSL3P1
151516	FLJ25084
151516	SASPase
151516	Taps
151525	FLJ36175
151525	UBOX6
151525	WDSAM1
151531	UDRPASE2
151531	UPASE2
151556	DEP.7
151556	DEPDC3
151556	FLJ31819
151556	LYCHOS
151556	PGR22
151579	BZW1L1
151613	FLJ00166
151613	KIAA1980
151636	BBAP
151636	RNF143
151645	PSMC1P
151645	bcm3415
151647	FAM19A4
151647	TAFA-4
151648	NY-BR-85
151648	SGOL1
151649	C3orf48
151649	FLJ25449
151651	CFAP21
151651	FLJ25200
151742	PP2CE
151790	FLJ33620
151827	MGC27085
151835	KIAA4217
151871	CT100
151871	PESCRG1
151887	CL2
151887	DRO1
151887	LINC01279
151887	SSG1
151887	TCONS_00006930
151887	URB
151888	BTLA1
151888	CD272
151903	MGC23918
151963	C3orf59
151963	D2A
152002	C3orf21
152002	FLJ35155
152007	C9orf19
152007	GAPR-1
152048	LOC152048
152065	MGC34728
152078	C3orf55
152078	PQLC2L
152078	SLC66A1L
152098	ZCW2
152100	C3orf68
152100	MGC61571
152110	FLJ32685
152118	C3orf79
152137	C3orf6
152137	DFNA44
152137	Ymer
152185	CCDC52
152185	SPICE
152189	CKLFSF8
152195	FLJ20525
152195	NUDT16P
152195	NUDT16P1
152206	FLJ25467
152217	HIAR
152217	KRASIM
152217	NCBP2-AS2
152225	LINC02085
152273	FLJ00274
152273	FLJ39957
152273	ZFYVE23
152274	FLJ31836
152302	CICE
152302	CIDECP
152330	BIG-2
152404	BT-IgSF
152404	CT119
152404	Igsf13
152404	MGC35227
152404	VSIG3
152405	C3orf30
152405	FLJ32859
152405	TSCPA
152503	DKFZp434D0215
152503	EVE1
152503	Eve-1
152503	Kryn
152503	SH3P19
152518	HOZFP
152519	DKFZp686A06115
152519	NIPA3
152519	NPAL1
152519	SLC57A3
152573	hShisa3
152578	LOC152578
152579	FLJ39514
152579	STXBP1L1
152586	GnT1IP
152641	C4orf38
152641	FLJ30277
152667	FAM192B
152667	rcNIP30
152687	FLJ31740
152709	ARL4P2
152756	C4orf39
152756	FLJ31659
152756	TRIM61-AS1
152789	FLJ31564
152789	Gababrbp
152789	JAMIP1
152789	MARLIN1
152815	MGC30052
152816	AI2A4
152816	C4orf26
152816	FLJ23657
152877	DNTNP
152905	RTN3PS
152926	DKFZp761G058
152926	PP2Ckappa
152926	PP2Cm
152926	hPTMP
152940	C4orf45
152940	FLJ25371
152992	C4orf23
152992	FLJ35725
152992	METTL19
152992	TRM44
153020	FLJ31695
153020	GPIG4
153090	AF9Q34
153090	DIP1/2
153090	KIAA1743
153129	FLJ90709
153129	SNAT9
153163	MGC32805
153201	PAT2
153201	TRAMD1
153201	tramdorin
153218	HESPINTOR
153218	LiESP6
153218	MGC149260
153218	SPINK5L3
153222	C5orf41
153241	CCDC100
153241	FLJ36090
153328	FLJ44862
153339	FLJ30508
153339	MGC23909
153339	TMEM167
153339	kish
153364	DKFZp686P15118
153364	MGC46734
153396	MGC33214
153443	BUD22
153443	FLJ25286
153443	Rlb1
153478	ARHGEF48
153478	KIAA1909
153527	FLJ31121
153527	Snu23
153527	hSNU23
153562	DFNB49
153562	FLJ30532
153562	MRVLDC2
153562	TRIC
153571	C5orf38
153571	CEI
153571	IRX2NB
153579	BTN8
153579	FLJ32535
153642	DKFZp313G1735
153642	TSULF
153643	FLJ25333
153657	FLJ25439
153733	MGC39633
153743	MGC87149
153743	PPP1R2P3
153745	FAM71B
153745	GARI-L3
153745	MGC26988
153768	FLJ38376
153768	MGC21644
153769	FLJ23654
153769	Hepp1
153769	POSHER
153769	PPP1R39
153769	RNF158
153830	FLJ31951
153842	DSS1P1
153842	SHFM1P
153842	SHFM1P1
153918	C6orf94
153918	FAM164B
153918	dJ468K18.5
153932	dJ274L14.2
154007	C6orf151
154007	FLJ32234
154007	dJ336K20B.1
154007	dJ512B11.2
154043	FLJ31349
154075	FLJ34032
154075	bA73O6.2
154089	MGC34034
154091	GLUT12
154141	LPEAT1
154141	LPLAT14
154141	MGC44669
154141	OACT1
154141	dJ434O11.1
154150	HRP-1
154150	Hdgfrp1
154150	PWWP1
154150	dJ309H15.1
154197	FLJ40240
154197	Trimmer
154197	dJ195P10.2
154214	C6orf172
154214	IBRDC1
154214	MGC26996
154214	dJ84N20.1
154215	FAM77B
154215	TCBA1
154288	C6orf221
154288	ECAT1
154313	C6orf165
154313	FLJ25974
154313	dJ382I10.1
154386	C6orf195
154386	FLJ31934
154386	bA145H9.2
154442	BVES-AS1
154442	C6orf112
154442	bA99L11.2
154467	C6orf129
154467	dJ153P14.2
154661	RPIB9
154661	RPIP9
154664	FLJ33876
154664	FLJ33951
154743	BMT2
154743	C7orf60
154743	DKFZp762M126
154743	FLJ31818
154754	TRY6
154790	FLJ32986
154791	C7orf55
154791	HSPC268
154796	KIAA1071
154810	JEAP
154822	STORM
154865	FLJ35834
154872	C7orf77
154881	CLN14
154881	EPM3
154881	FLJ32069
154907	C7orf66
155019	FAM10A7
155019	FAM10A7P
155038	DKFZp667I133
155038	IAN9
155038	hIAN6
155061	FLJ31413
155061	PARIS
155066	ATP6V0E2L
155066	C7orf32
155100	CCT8L1
155184	GLUT7
155185	KIAA1950
155340	OR7E139P
155340	OR7E147P
155368	WBSCR27
155370	SBDSP
155382	MGC35352
155382	WBSCR24
155400	NSUN5B
155400	WBSCR20B
155435	DKFZp434D1319
155435	DKFZp686F102
155435	MGC20460
155435	PRR8
155465	BCMP11
155465	HAG3
155465	PDIA18
155465	hAG-3
157285	DKFZp761P0423
157285	NACK
157285	PEAK2
157285	PRAGMIN
157285	SgK223
157310	CORK1
157310	MGC22776
157310	hPEBP4
157313	PPP1R81
157313	Repo-Man
157317	CYCSL1
157317	HCP15
157317	bA513I15.3
157376	C8orf78
157376	FLJ32770
157506	SDR16C4
157530	FAM10A6
157530	FAM10A6P
157556	BAALCOS
157556	C8orf56
157556	MGC39526
157570	EFO2
157570	RBS
157574	FBX16
157627	LINC00599
157627	Rncr3
157627	neuroLNC
157638	BCMP101
157638	FAM84B
157638	NSE2
157657	BBS21
157657	C8orf37
157657	CORD16
157657	FAP418
157657	FLJ30600
157657	MOT25.
157657	RP64
157657	SMALLTALK
157680	BLTP5B
157680	COH1
157695	C8orf42
157695	INM01
157695	TDRP1
157695	TDRP2
157708	SEC11L2
157708	SPCS4B
157724	AGT-1
157724	XAT2
157739	FLJ25033
157739	SDR14E1P
157753	FLJ30668
157753	NET36
157769	FLJ23790
157773	FLJ25402
157777	C8orf45
157777	FLJ25692
157807	C6orf212L
157807	CRALBPL
157807	MGC34646
157807	RLBP1L1
157848	FLJ25169
157855	KCNMC1
157855	KCa5.1
157855	Kcnma3
157855	Slo3
157869	C8orf84
157869	RPESP
157916	IL6RL1
157922	DKFZp434F195
157922	FLJ31228
157927	C9orf62
157927	MGC35463
157956	CDC20P
157956	OTTHUMG00000020142
157983	C9orf66
157983	FLJ31158
158011	IFNP12
158035	C9orf14
158035	LINC00032
158035	NCRNA00032
158038	LERN3
158038	LRRN6C
158046	C9orf121
158046	RdCVF2
158055	FLJ36779
158056	AEGP
158056	DKFZp434M1411
158056	EDTB
158067	C9orf98
158067	FLJ32704
158078	EEF1AL3
158131	HSTPCR106
158131	OR1Q2
158131	OR1Q3
158131	OR9-A
158131	OST226
158131	OST226OR9-A
158131	TPCR106
158135	C9orf148
158135	C9orf20
158135	TTLL11-IT1
158135	bA244O19.1
158158	FLJ31614
158158	RAB45
158158	TSG
158160	bA291L22.1
158172	SERPINHP1
158172	bA571F15.6
158172	pshsp47
158219	C9orf52
158219	FLJ33868
158222	LDHAL4
158228	C9orf122
158234	FLJ31455
158234	RG9MTD3
158234	bA3J10.9
158248	FLJ32780
158257	MIRLET7DHG
158293	C9orf10OS
158297	C9orf138
158297	FAM154A
158297	MGC35182
158314	C9orf44
158326	C9orf143
158326	C9orf145
158326	C9orf154
158326	DKFZp686M16108
158326	FLJ25461
158326	TILRR
158358	KIAA2026
158376	LINC00961
158376	SPAR
158381	FetA
158399	KIAA1962
158399	ZKSCAN16
158399	ZSCAN48
158401	C9orf84
158401	FLJ32779
158401	MZIP2
158401	Zip2
158405	FLJ39294
158427	C9orf97
158427	PP4189
158431	FLJ16636
158452	ASSP3
158471	A214N16.3
158471	BMCC1
158471	BNIPXL
158471	C9orf65
158471	KIAA0367
158471	bA214N16.3
158506	CT138
158506	FLJ25735
158506	HAKAIL
158506	ZNF645
158511	CSAGE
158511	CT24.1
158521	CT37
158521	FLJ25736
158521	NY-SAR-35
158572	USP27X-AS1
158584	AMDD
158584	FAAH-2
158584	FLJ31204
158584	RP11-479E16.1
158586	ZNF905
158674	LAMR1P3
158724	MGC27003
158747	MGC26706
158763	FLJ30058
158781	LOC158781
158787	FLJ32783
158798	AKAP28
158800	OTEX
158801	CXorf42
158801	FLJ36576
158809	CT3.4
158809	FLJ40242
158809	MAGE-B6
158809	MAGEB6A
158833	DGAT2L3
158835	DGAT2L4
158835	MFAT
158866	DHHC15
158866	FLJ31812
158866	MRX91
158905	XAP135P
158931	WEX2
158948	LOC158948
158983	H2BFWT
158983	TH2B-175
159007	LOC159007
159013	MGC39350
159090	DKFZp686L20116
159090	FAM122B
159090	RP11-308B5.5
159090	SPACIA2
159091	FAM122C
159091	RP3-473B4.1
159119	FLJ25453
159162	MGC26641
159163	MGC33094
159195	C10orf29
159195	FLJ37318
159195	bA137L10.3
159195	bA137L10.4
159296	CSX3
159296	NKX2.3
159296	NKX2C
159296	NKX4-3
159371	C10orf60
159371	FLJ33990
159371	POST
159371	TMEM20
159686	C10orf80
159686	CCDC147
159686	FLJ35908
159686	bA554P13.1
159963	MGC52019
159963	SMCT2
159989	CCDC67
159989	FLJ25393
160065	PATE
160140	MFI
160140	MGC33948
160287	LDH6A
160287	MGC23940
160298	MGC34805
160313	KRT19P5
160335	DKFZp762A217
160364	CD371
160364	CLL-1
160364	DCAL-2
160364	MICL
160365	CLECL1P
160365	DCAL1
160418	FLJ90492
160418	SMILE
160419	FLJ35821
160428	FLJ38508
160428	mtFDH
160492	FLJ36004
160492	IFLTD1
160492	Pas1c1
160518	MGC24039
160622	GRASP
160728	AIT
160760	TA-PP2C
160762	FLJ35843
160762	ODA5
160777	MGC39827
160851	DGKeta
160857	FLJ31846
160897	ITR
161003	Epb7.2l
161003	SRO
161142	C14orf54
161142	FAM71D
161142	GARI-L2
161145	C14orf83
161145	FLJ33387
161159	ACTN1-AS1
161159	C14orf84
161176	C14orf139
161176	C14orf49
161176	FLJ25605
161176	LINC00341
161176	NCRNA00341
161176	NET53
161176	Nesp3
161176	Nesprin-3
161198	C14orf27
161247	FIT1
161253	FLJ38964
161271	C14orf14
161271	OR4H12
161291	CDC50B
161342	C14orf30
161357	MAMDC1
161394	C14orf174
161394	FAM15A
161394	FLJ35963
161406	RPL7AP68
161424	C14orf21
161436	FAP16
161436	HuEMAP-2
161497	DFNB16
161502	C15orf26
161502	FLJ38615
161514	MGC34741
161514	MgcRabGAP
161582	CILD25
161582	DYX1C1
161582	EKN1
161582	FLJ37882
161582	pf23
161635	CSNK1A1P
161725	C15orf16
161725	CEZANNE2
161725	OTUD7
161742	FLJ33903
161742	PPP1R147
161742	SPRED-1
161753	MGC48986
161753	ODF3L1
161779	FLJ32638
161779	FLJ37497
161823	ADAL
161829	EXDL1
161829	MGC33637
161835	FLJ35989
161882	FOG
161882	FOG1
161882	ZC2HC11A
161882	ZNF89A
161931	FLJ00337
161931	TENRL
162073	D1C
162073	FLJ22994
162073	LOC162073
162073	MGC126798
162073	MGC126800
162083	TNT
162239	FLJ34243
162282	FLJ38335
162333	FLJ35757
162333	MARCH-X
162333	MARCH10
162333	RNF190
162387	FLJ35773
162387	SLC73A2
162394	MGC19764
162417	AGAS
162417	ARGA
162417	NAT7
162427	DKFZp686B1036
162427	FAM134C
162427	FLJ33806
162461	FLJ33318
162494	RHBDL4
162494	VRHO
162514	VRL3
162515	FLJ90193
162515	MCT11
162517	CT144
162517	Fbx39
162517	MGC35179
162540	IMP5
162605	KRT25D
162655	FLJ36809
162655	HsT2362
162681	LAS2
162681	MGC33382
162699	ELOA3
162699	ELOA3A
162699	ELOA3AP
162699	HsT829
162699	TCEB3C
162699	TCEB3L2
162962	FLJ16287
162963	FLJ36040
162966	DKFZp686F06123
162966	KR-ZNF1
162967	DKFZp686G16228
162967	ZFPL
162968	FLJ44773
162972	MGC41917
162979	ZNF342
162989	FLAME-3
162998	FLJ38149
162998	HTPCRH03
162998	OR19-4
163033	FLJ35453
163049	FLJ90396
163050	MGC26914
163051	FLJ38281
163059	FLJ40981
163071	MGC17986
163081	MGC45586
163087	FLJ35863
163087	Zfp383
163088	TAF2GL
163115	FLJ37549
163126	CRI2
163126	EID-2
163126	MGC20452
163131	ZNF779
163154	MGC24975
163183	C19orf46
163183	DFNB76
163183	FLJ36445
163183	Nesp4
163183	Nesprin-4
163255	DKFZp547B0714
163259	DKFZp686G0351
163259	DKFZp779P1149
163259	FLJ37099
163259	RP5-1156J9.1
163259	dJ1156J9.1
163351	DKFZp686G0786
163404	LPPR5
163404	PAP2D
163404	PRG5
163479	FLJ35838
163486	C1orf218
163486	FAM31B
163486	FLJ20054
163486	MGC27044
163589	FLJ34823
163589	TUDOR3
163590	IFRG15
163590	LULL1
163590	NET9
163688	CAGLP
163702	CRF2/12
163702	IFNLR
163702	IL-28R1
163702	IL28RA
163720	FLJ40054
163742	FLJ40434
163747	C1orf177
163747	FLJ40201
163747	LEM
163747	LEXM
163782	ANKRD38
163786	DKFZp761A078
163786	FLJ22097
163786	SAS-6
163786	SAS6
163859	C1orf55
163859	FLJ35382
163882	C1orf71
163882	FLJ32001
163882	PPP1R64
163933	FLJ44952
164045	FLJ36760
164045	FLJ39011
164045	MER3
164045	SEC63D1
164091	MPRA
164091	PGLP
164091	mSR
164127	C1orf65
164127	FLJ35728
164153	FLJ25690
164237	C20orf138
164237	WAP13
164237	dJ601O1.3
164284	FLJ90166
164312	C20orf75
164312	NLRR4
164312	dJ1056H1.1
164380	CSTT
164380	CTES6
164395	C20orf125
164395	dJ310O13.1
164592	FLJ36046
164633	MGC57793
164656	FLJ30744
164668	ARP10
164684	FLJ26145
164684	GRAMD7
164684	MGC26816
164684	PAWP
164781	DNAAF18
164781	FLJ25955
164781	ODA16
164781	WDR69
164832	FLJ45273
164832	RNF192
164837	HCP7
165055	FLJ32745
165082	GPR113
165082	PGR23
165082	hGPCR37
165100	C2orf57
165100	MGC35154
165140	GPR170
165140	TG1019
165186	Crescerin-2
165186	FAM179A
165186	FLJ43249
165186	LOC165186
165215	FLJ34104
165215	KIAA1946
165257	C1QTNF10
165257	CTRP10
165324	UBXD4
165530	CLECSF13
165530	FLJ39110
165530	KCLR
165545	FLJ23757
165631	ARTD7
165631	BAL3
165631	FLJ40597
165631	pART7
165679	ADMP
165679	C3orf57
165679	ssSPTb
165721	CT156
165721	MGC33884
165829	GABABL
165829	PGR28
165904	CMYA1
165904	DKFZp451D042
165904	Xin
165918	FLJ35794
166012	C4ST3
166336	DKFZp686D143
166348	FLJ46299
166348	KLHDC6
166378	AFG2
166378	SPAF
166378	SPATA5
166379	C4orf24
166379	FLJ35630
166379	FLJ41559
166614	DCAMKL2
166614	DCDC3
166614	DCDC3B
166614	DCK2
166614	MGC45428
166647	FLJ38547
166647	GPR125
166647	PGR21
166655	FLJ35882
166655	RNF129
166655	RNF33
166785	cblA
166793	FLJ38559
166793	ZNF509
166863	CT68
166863	MGC27016
166929	MGC26963
166929	SMS2
166968	DKFZp686L09111
166968	DKFZp781I1119
166968	FLJ35954
166979	FLJ37927
167153	FLJ38499
167153	GLD2
167153	PAPD4
167153	TUT2
167227	NUDT20
167359	MGC42105
167359	NIM1
167410	C5orf11
167410	Lft
167465	FLJ39796
167555	UNQ9217
167681	C6orf158
167681	MGC46520
167681	dJ223E3.1
167691	C6orf152
167826	Bhlhb7
167826	bHLHe20
167838	C6orf198
167838	DKFZp451A175
167838	MDP77
167838	dJ522B19.2
168002	C6orf116
168002	DAPPER2
168002	bA503C24.7
168090	MGC23884
168090	bA85G2.1
168330	TRY5
168374	HPF12
168374	TF12
168400	CAGE
168400	CT26
168417	MGC42415
168448	CDC14B2
168448	CDC14Bretro
168448	CDC14CP
168448	MGC26484
168451	DKFZp313O1132
168455	C7orf74
168455	FLJ36031
168507	PRO19563
168537	IAN7
168537	MGC27027
168544	EZI
168544	Zfp467
168620	BHLHB8
168620	MIST1
168667	CRIM3
168667	Cv2
168741	PER4
168975	FLJ35802
169026	ZNT8
169026	ZnT-8
169166	MGC39715
169200	DKFZp762C1112
169355	INDOL1
169436	C9orf96
169436	MGC43306
169436	SGK071
169522	Kv8.2
169611	FLJ00237
169693	C9orf71
169693	MGC34760
169714	DKFZp762A2013
169714	QSCN6L1
169714	SOXN
169792	MGC33662
169792	ZNF515
169841	MGC51961
169966	CT1.26
169966	CT112
169966	FAM46D
169966	MGC26999
169981	TDRD27
170062	FLJ35782
170067	FAM48B2
170082	MGC17403
170082	TCEANC1
170261	FLJ16123
170261	PNMA7A
170261	SIZN
170261	SIZN1
170302	CT121
170302	EIEE1
170302	ISSX
170302	MRX29
170302	MRX32
170302	MRX33
170302	MRX36
170302	MRX38
170302	MRX43
170302	MRX54
170302	MRX76
170302	MRX87
170302	MRXS1
170302	PRTS
170370	AC084727.4
170370	C10orf73
170371	C10orf128
170371	Em:AC084727.5
170384	FUT11
170384	MGC33202
170392	FLJ39116
170392	LZP
170393	C10orf91
170393	bA432J24.4
170394	FLJ46823
170394	PWWP2
170394	bA432J24.1
170425	CRCAL-2
170425	LNMAT2
170482	BDCA2
170482	CD303
170482	CLECSF11
170482	CLECSF7
170482	DLEC
170482	HECL
170485	dJ885L7.7
170487	C20orf134
170503	bK3216D2.3
170504	dJ894K16.1
170506	DDX36
170506	KIAA1488
170506	MLEL1
170506	RHAU
170510	EIF4EBP2P
170510	dJ862K6.3
170511	ENSAP
170511	dJ822J19.1
170513	dJ697P8.1
170514	FTLP
170514	bA465L10.3
170516	GAPDP2
170516	dJ585I14.1
170517	GCNT1P
170517	bA189K21.2
170522	GLRXP
170522	bA425M5.1
170523	GSTM3P
170523	dJ984P4.2
170524	HNRPA1P3
170524	dJ447F3.1
170526	HNRPA3P
170526	HNRPA3P2
170526	dJ977B1.2
170527	OTTHUMG00000032046
170527	bA359G22.1
170529	LAMR1P
170529	LAMR1P1
170529	dJ1193N1.1
170533	PA2G4L5
170533	bA102J14.2
170535	dJ1128N12.1
170536	PPIAL
170536	dJ269M15.1
170537	bA384D7.2
170539	bA425M5.2
170540	PPIP11
170540	bA494B22.1
170541	PSMD10P
170541	dJ914P20.4
170542	dJ539E24.2
170543	RNF11B
170543	bA280O9.1
170547	SCYE1P
170547	bA400P21.1
170548	SF3A3P
170548	dJ581P3.1
170550	dJ1041C10.2
170552	dJ1057D4.1
170554	TCTE1P
170554	dJ531H16.2
170555	TPM5P
170555	dJ1125A11.2
170556	dJ687F11.3
170559	XPO3P1
170559	dJ785G19.1
170575	HIMAP1
170575	IAN2
170575	IMAP1
170575	IMAP38
170589	A2
170589	GPA2
170589	MGC126572
170589	ZSIG51
170591	Gm625
170591	S100-zeta
170622	Acrg
170626	CT12.3a
170626	CT12.3b
170626	GAGED4
170626	PLAC6
170626	XAGE-3
170626	pp9012
170627	CT12.5
170627	GAGED5
170627	XAGE-5
170679	C6orf16
170679	SEEK1
170680	C6orf17
170680	SPR1
170685	DIPP3a
170685	hDIPP3alpha
170690	ADAMTS16s
170691	FLJ16363
170691	FLJ32769
170692	ADAMTS21
170825	Gsh2
170850	Kv6.3
170949	DEFQ1
170949	DEFT1
170954	KIAA1949
170954	phostensin
170958	KIAA1979
170959	KIAA1969
170960	KIAA1982
170961	KIAA1981
171017	CAGH1A
171017	CIZ
171017	NMP4
171017	TNRC1
171022	ABHD11-AS1
171022	LINC00035
171022	NCRNA00035
171022	WBSCR26
171023	KIAA0978
171024	MYOPODIN
171169	SAMP14
171177	ARHV
171177	Chp
171177	WRCH2
171221	DNAJB1P
171221	psiHSP40
171222	UBE2L5P
171389	CLR11.4
171389	NALP6
171389	PYPAF5
171392	TBZF
171392	TIZ
171421	EPF8
171423	GRP58P
171423	PDIA3P
171424	Sp17-2
171425	CLB
171427	CYP2F1P
171472	FUSIP1P2
171472	SFRS13AP2
171482	TEX39A
171483	TEX39B
171484	TEX39C
171523	CYP2T2P
171546	C14orf147
171546	ssSPTa
171558	PT-ALPHA
171558	PTA
171559	HMGA1L2
171559	HMGIYL2
171568	C25
171568	KIAA1665
171568	RPC8
171586	LABH3
191585	C21orf115
191585	MGC126664
191585	MGC126666
191585	PRED78
192111	BXLBv68
192111	MGC5352
192134	B3Gn-T6
192217	OXCT2P
192286	MGC2198
192286	RCF1B
192666	FLJ20261
192666	MGC138169
192666	MGC138173
192669	EIF2C3
192669	FLJ12765
192669	hAGO3
192670	EIF2C4
192670	FLJ20033
192670	KIAA1567
192670	hAGO4
192683	MGC24969
193629	C21orf109
193629	NCRNA00189
195814	EPHD-2
195814	RDH-E2
195814	RDHE2
195827	AAED1
195827	C9orf21
195828	FLJ33970
196047	EMX2-AS1
196047	NCRNA00045
196051	DPPL2
196051	PPAPDC1
196051	PPAPDC1A
196074	FLJ33979
196074	METT5D1
196120	SSU72P5
196294	FLJ25059
196294	IMMP1
196374	K5B
196383	FLJ30380
196383	FLJ32372
196383	MGC7036
196385	FLJ43808
196403	FLJ34766
196403	RNF154
196410	ALDI
196410	METTL7B
196410	MGC17301
196415	C12orf77
196441	CCDC131
196441	CSRC2
196441	KIAA0546
196441	MGC23401
196441	PSRC2
196446	C12orf15
196446	C12orf28
196446	FLJ25056
196446	bcm1377
196463	p76
196472	FAM71C
196472	MGC39520
196475	LINC00054
196475	NCRMS
196475	NCRNA00054
196477	C12orf12
196477	MGC26598
196483	EFM3
196483	FAM86A
196483	MGC19636
196483	SB153
196500	C12orf53
196500	DKFZp547D2210
196500	PANP
196513	FLJ31638
196527	DKFZp313M0720
196527	TMEM16F
196528	BAF200
196528	DKFZp686G052
196528	FLJ30619
196528	KIAA1557
196528	SMARCF3
196528	ZIPZAP
196541	C13orf39
196541	LOC196541
196740	C10orf72
196740	FLJ31737
196743	PAO
196792	AC073585.2
196792	MGC45962
196872	LINC00638
196872	MGC23270
196883	AC4
196913	C14orf183
196951	C15orf33
196951	FLJ32800
196968	C15orf51
196968	DKFZp434I1020
196968	DNM1DN14.2
196968	DNM1DN14@
196968	FLJ45937
196996	GRAMD2
197021	FLJ33279
197021	KLG
197021	KLPH
197135	Pat1a
197187	MGC23284
197196	MGC22001
197196	NCRNA00311
197196	TMEM148
197258	FLJ39408
197258	FUK
197259	FLJ34389
197320	FLJ31875
197335	C16orf15
197335	C16orf16
197335	C16orf17
197335	C16orf18
197335	C16orf19
197335	FLJ36483
197335	KIAA1924
197335	POC16
197342	FLJ00151
197342	SLX2B
197350	CASP16
197358	CLR16.2
197358	FLJ00348
197358	NOD3
197407	DKFZp762K013
197407	FLJ31751
197407	MGC43952
197407	ZNF553
198437	C20orf201
199221	DZIP2
199221	FLJ32844
199223	IFT139A
199223	STI2
199223	Thm2
199675	C19orf59
199675	MGC132456
199692	FLJ90365
199699	CER2
199699	CKTSF1B3
199699	Coco
199699	DANTE
199699	DTE
199699	FLJ38607
199699	GREM3
199704	FLJ23765
199704	Zfp27
199713	CLR19.4
199713	NALP7
199713	NOD12
199713	PAN7
199713	PYPAF3
199720	FLJ35713
199720	MGC33369
199731	IGSF4C
199731	Necl-4
199731	SynCAM4
199731	TSLL2
199745	FLJ32891
199746	MGC33901
199746	U2AF1L3
199746	U2af26
199786	BCNP1
199786	FAM129C
199786	FLJ39802
199800	AM5
199800	C19orf76
199834	LEP8
199834	SPRL4A
199857	MGC19780
199870	MGC34648
199882	LOC199882
199920	ARAP
199920	C1orf168
199920	FLJ43208
199920	RP4-758N20.2
199953	Ima1
199953	NET5
199953	RP13-15M17.2
199953	SAMP1
199974	CYP4A20
199990	C1orf86
199990	FLJ31031
200010	SGLT4
200014	Freud-2
200014	KIAA1836
200014	Lgd1
200030	NBPF24
200035	FLJ34433
200081	DKFZp451J0118
200081	IL-14
200081	IL14
200132	FLJ40873
200132	TCTEX1D1
200150	FLJ40773
200159	C1orf100
200162	CT143
200162	FLJ34497
200162	PF6
200162	RP4-776P7.2
200172	FLJ23878
200185	KCP2
200186	TORC2
200197	C1orf126
200197	FLJ23703
200205	C1orf69
200205	FLJ12734
200232	C20orf106
200232	dJ1153D9.3
200298	C22orf37
200298	FLJ40542
200315	ARP3
200315	PHRBN
200316	BK150C2.4.MRNA
200316	KA6
200350	FOXD5
200373	FAP221
200373	PCDP1
200403	DKFZp686F2227
200403	MGC26733
200420	ALMS1L
200420	ALMS1P
200424	MGC22014
200424	hCG_40738
200504	BRICD1B
200504	GDDR
200504	PRO813
200504	TFIZ1
200504	VLTI465
200504	blottin
200523	C2orf51
200523	FLJ25369
200523	TEX37
200523	TSC21
200539	DARP
200539	FLJ32449
200539	MARP3
200558	C2orf13
200558	MGC47799
200558	Xip1
200558	ZCCHH1
200575	CCL
200575	CRYG5
200575	CRYGEP1
200576	FAB1
200576	KIAA0981
200576	MGC40423
200576	PIP5K
200576	PIP5K3
200576	ZFYVE29
200576	p235
200634	KCP3
200728	FLJ34583
200734	FLJ21897
200734	FLJ31917
200734	Spred-2
200765	EEYORE
200772	CROCC2-AS1
200772	LOC200772
200810	ALG1L
200810	ALG1L1
200844	C3orf67
200844	FLJ42117
200844	FLJ42930
200845	KCASH3
200845	MGC27385
200879	LPDLR
200879	PLA1B
200879	mPA-PLA1
200879	mPA-PLA1alpha
200894	ARL2L1
200894	DKFZp761H079
200894	JBTS8
200895	DHFRL1
200895	DHFRP4
200895	FLJ16119
200931	OSTalpha
200931	SLC51A1
200933	Fbx45
200942	MGC35097
200958	FLJ14408
200958	KIAA1359
201134	CCDC46
201134	MGC33887
201140	SDR32C2
201158	FAM18B2
201158	MGC8763
201161	CENP-V
201161	PRR6
201161	p30
201163	BHD
201163	DENND8B
201163	MGC17998
201163	MGC23445
201164	Zuc
201176	CAMGAP1
201176	FLJ43547
201176	SH3D20
201176	SH3P20
201191	FLJ36890
201229	C17orf108
201229	HSD24
201232	MCT13
201243	C17orf74
201254	CENP-X
201254	FAAP10
201254	MGC14480
201254	MHF2
201255	MGC20806
201266	C17orf26
201266	ZIP11
201283	FLJ32065
201288	NOS2B
201294	Munc13-4
201299	MGC33977
201299	RAD52B
201305	MGC29671
201305	SLC63A3
201456	FBX15
201456	MGC39671
201501	ZBTB36
201501	ZNF857C
201514	FLJ39899
201516	FLJ35105
201516	ZNF494
201562	PTPLB
201595	FLJ90106
201595	SIMP
201595	STT3-B
201625	DHC3
201625	DLP12
201625	DNAH12L
201625	DNAH7L
201625	DNHD2
201625	Dnahc3
201625	FLJ40427
201625	FLJ44290
201625	HL-19
201625	hdhc3
201626	2\'-PDE
201626	3635
201626	DKFZp667B1218
201627	AFI1A
201627	FAM116A
201627	FLJ34969
201633	DKFZp667A205
201633	FLJ39873
201633	VSIG9
201633	VSTM3
201725	LOC201725
201725	RCDG1
201780	MGC29802
201799	FLJ32028
201895	C4orf34
201895	FLJ13289
201931	FLJ38482
201965	FAM28A
201965	MGC10198
201965	RWDD4A
201973	CCDC111
201973	FLJ33167
201989	GK7P
201989	GKP1
202018	FLJ90013
202020	FLJ39653
202051	CCDC161
202051	T6441
202052	MGC29463
202151	FLJ25422
202243	KENAE
202299	C5orf27
202299	FIS
202299	FLJ38821
202309	C5orf29
202309	FLJ33641
202333	C5orf10
202333	DKFZp451G223
202333	SPRYD2
202333	TRIM76
202374	MGC22688
202374	YANK1
202459	DC2L
202459	OSTCL
202500	D6S46
202500	FAP155
202500	MGC33600
202500	TCTE1
202559	KHDRBS2-OT
202559	KHDRBS2-OT1
202559	MGC26664
202559	SLM-1
202559	SLM1
202781	PAXIP1-AS1
202915	MGC9712
202915	SDMG1
202915	SLC51C1
203054	FLJ35454
203062	FLJ31164
203068	M40
203068	MGC16435
203068	OK/SW-cl.56
203068	Tubb5
203069	DKFZp564N123
203074	CT153
203074	T-SP1
203074	UNQ9391
203100	FLJ90724
203111	C8orf47
203111	FLJ39553
203197	C9orf91
203197	FLJ38045
203228	DENND9
203228	DENNL72
203228	MGC23980
203238	C9orf93
203238	Em:AL513423.1
203238	FLJ39267
203238	FLJ46740
203238	bA536D16.1
203238	bA778P13.1
203245	C9orf90
203245	DKFZp762G199
203245	bA379C10.2
203259	C9orf25
203259	FLJ39031
203259	bA573M23.5
203260	MGC31967
203286	ANKRD14
203286	FLJ36928
203286	NPHP16
203286	SAMD6
203328	MGC26847
203413	CXorf61
203413	FLJ20611
203413	FLJ22913
203413	KK-LC-1
203414	CXorf24
203429	CXorf50
203429	LINC00246A
203429	MGC34827
203429	NCRNA00246
203429	NCRNA00246A
203430	FLJ38865
203430	Mar3
203430	Mart3
203430	SIRH9
203430	ZCCHC5
203430	ZHC5
203447	DKFZp686A17109
203477	HMGA1L1
203477	HMGIYL1
203522	DDX26B
203522	FLJ41215
203523	FLJ23614
203523	ZSCAN19
203547	MEAX
203547	XMEA
203562	MGC39655
203569	CT16.4
203569	GAGEC2
203569	MGC62094
203569	PAGE-2
203611	CDY
203859	GDD1
203859	LGMD2L
203859	TMEM16E
204219	LASS3
204219	MGC27091
204474	PDIA7
204777	IGLJ-C/OR18
204777	IGLJ-COR18
204801	CLR19.6
204801	NALP11
204801	NOD17
204801	PAN10
204801	PYPAF6
204851	KIAA0630
204851	MGC26642
204851	MGC33446
204851	MGC33548
204851	Myak
204851	Nbak2
204962	CTL5
204962	MGC34032
205147	FAM123C
205147	FLJ38377
205251	LEMP
205251	LINC00116
205251	MOXI
205251	MPM
205251	NCRNA00116
205251	SMIM37
205251	TILR
205327	FLJ38973
205428	C3orf58
205428	HASF
205428	MGC33365
205564	MGC27076
205717	KIAA2018
205860	FLJ25801
205860	SPRYD6
206338	APQ
206338	AQPEP
206338	FLJ90650
206338	TAQPEP
206358	LYAAT-1
206358	TRAMD3
206426	MGC26597
207063	DHRS5X
207063	DHRS5Y
207063	DHRSXY
207063	DHRSY
207063	SDR46C1
207063	SDR7C6
207107	SFTPF
207147	TRY2P
207147	Tryx5
207148	TRY7
219285	C7orf6
219285	FLJ39885
219285	KIAA2005
219287	FAM123A
219287	FLJ25477
219293	FLJ34599
219333	USP12L1
219347	CPHX
219402	IF-3mt
219402	IF3(mt)
219409	GSH1
219409	Gsh-1
219429	OR4C11P
219431	OR4S2P
219431	OST725
219437	OST262
219445	FLJ31393
219445	OR11-12
219445	OR7F5P
219479	OR5R1
219479	OR5R1P
219487	OR11-199
219527	FLJ45686
219537	CHASM
219539	FLJ30213
219541	LCMR1
219557	C7orf62
219557	DYBLUF
219557	MGC26647
219578	FLJ32110
219595	FOLH2
219595	FOLHP
219595	PSMAL
219621	ARIEL
219621	C10orf107
219621	Em:AC022398.2
219621	MGC44593
219621	bA63A2.1
219623	Em:AC068892.1
219623	MGC35010
219654	C10orf56
219654	FLJ90798
219654	Z3CXXC8
219670	C10orf63
219670	CFAP106
219670	MGC26778
219670	enkurin
219681	CT81
219681	FLJ32827
219681	VAC8
219699	UNC5H2
219699	p53RDL1
219736	C10orf24
219736	FLJ25162
219738	C10orf35
219743	MGC34695
219743	NET41
219749	FLJ31890
219749	KOX19
219749	Zfp9
219770	CX40.1
219770	FLJ90023
219771	C10orf9
219771	CBCP1
219771	CFP1
219790	Em:AC024597.2
219790	FLJ39352
219790	PLEKHK1
219790	bA531F24.1
219793	C10orf27
219793	FLJ32820
219793	spatial
219833	C11orf45
219833	FLJ43646
219833	MGC35558
219844	FLJ32915
219855	FLJ00171
219855	SPX2
219865	OR8G5P
219865	OR8G6
219870	OR10G10P
219899	LRRC35
219899	MGC10233
219902	MGC17839
219902	TMEM136
219927	bL21m
219931	TPC2
219938	CT132
219938	FLJ25851
219938	SPAS1
219938	spergen1
219957	OR9Q2P
219959	OST034
219965	OR5B20P
219970	BXMAS2-10
219970	MGC24009
219972	MPG1
219982	OR5A1P
219982	OST181
219986	OR4D11P
219988	FLJ36874
219988	Pat1b
219990	FLJ36198
219990	OOSP2A
219990	PLAC1L
219990	TMEM122
220001	FLJ32009
220001	URG11
220001	VWC1
220002	CYBASC3
220002	LCYTB
220004	C11orf66
220004	FLJ32771
220004	IIIG9
220004	PPP1R32
220032	GDE6
220042	C11orf82
220042	FLJ25416
220042	FLJ38838
220042	noxin
220047	CT148
220047	FLJ42119
220047	KP-CoT-23
220047	MGC34732
220064	CIAB1
220064	ORAOV1
220064	TAOS1
220070	C11orf76
220074	CFAP111
220074	COMT2
220074	DFNB63
220074	LRTOMT1
220074	LRTOMT2
220081	FAM194B
220081	FLJ32682
220082	NURIT
220082	SPERT
220107	FLJ44882
220108	FLJ30707
220112	CTAGE3
220112	cTAGE-3
220134	C18orf24
220134	MGC10200
220136	CCDC11
220136	FLJ32743
220164	DOK5L
220164	HsT3226
220164	MGC20785
220202	Math5
220202	bHLHa13
220213	DUBA7
220213	OTDC1
220296	FLJ25530
220296	GLIALCAM
220323	MGC52117
220382	LOC220382
220382	MGC33846
220388	FLJ38159
220416	RP11-139H14.4
220433	RPS4P16
220441	FLJ39176
220594	TL132
220786	CDK7PS
220793	FUNDC2P
220832	FABP5L3
220832	TCAG_1781704
220869	CBWD5
220885	LAMR1P15
220885	LAMRL5
220929	bA330O11.1
220963	C10orf36
220963	FLJ43803
220963	MCT9
220965	FAM13C1
220972	CMIR
220972	MARCH-VIII
220972	MARCH8
220972	MIR
220972	RNF178
220972	c-MIR
220979	C10orf25
220979	FLJ30567
220988	HNRPA3
221002	CG4853
221002	FLJ37817
221017	C10orf37
221017	C6orf182P
221035	C10orf74
221035	Yip2b
221037	DKFZp761F0118
221037	FLJ14374
221037	KDM3C
221037	KIAA1380
221037	TRIP8
221044	C10orf49
221060	C10orf111
221060	MGC35468
221060	bA455B2.4
221061	APCN
221061	C10orf38
221061	FLJ12884
221074	FLJ30499
221074	ZIP12
221078	ARL5B-AS1
221078	FLJ23743
221078	NOPD1
221079	ARL8
221092	DKFZp762N1910
221092	HNRPUL2
221120	DEPC-1
221143	N6AMT2
221150	C13orf3
221150	MGC4832
221150	RAMA1
221154	EFHA1
221178	ARHGEF29
221178	ASEF2
221178	FLJ31208
221180	HCP33
221188	GPR114
221188	PGR27
221191	CT67
221191	FLJ25339
221191	KLKBL4
221223	CAUXIN
221223	CES4C1
221223	CES5
221223	CES7
221223	FLJ31547
221241	C18orf20
221241	HsT1235
221241	MGC39571
221241	NCRNA00305
221262	C6orf183
221262	C6orf184
221262	C6orf185
221262	CCDC162
221262	bA425D10.3
221262	bA425D10.7
221262	bA487F23.3
221264	AKD1
221264	AKD2
221264	C6orf199
221264	C6orf224
221264	FLJ25791
221264	FLJ42177
221264	MGC26954
221264	dJ70A9.1
221294	MGC24302
221294	NT5C2L1
221294	dJ486I3.1
221301	C6orf78
221301	FAM26D
221301	FLJ32239
221302	C6orf113
221302	ZUFSP
221302	dJ412I7.3
221303	C6orf189
221303	bA86F4.2
221322	BROMI
221322	C6orf170
221322	C6orf171
221322	FLJ30899
221322	FLJ34235
221322	bA57L9.1
221322	dJ310J6.1
221336	C6orf65
221336	FLJ30162
221336	bA203B9.1
221391	TMEM13
221391	dJ402H5.1
221393	FLJ38076
221393	GPR115
221393	PGR18
221395	DKFZp564O1923
221395	GPR116
221395	KIAA0758
221400	CT41.2
221400	NY-CO-45
221400	SPATA36
221400	bA446F17.4
221409	FLJ25442
221409	SRSP1
221416	C6orf223
221416	MGC45491
221421	C6orf206
221421	CILD12
221421	FLJ30845
221421	MRPS18AL1
221424	C6orf154
221424	dJ337H4.2
221438	TLT5
221438	TREML2P
221438	TREML2P1
221443	C6orf130
221443	MGC19570
221443	TARG1
221443	dJ34B21.3
221458	C6orf102
221458	DKFZp451I2418
221458	MGC33317
221458	dJ1043E3.1
221458	dJ137F1.4
221458	dJ188D3.1
221468	C6orf128
221468	dJ355M6.2
221472	ZFYVE4
221476	CD364
221476	MGC45378
221476	MSMBBP
221476	dJ90K10.5
221477	FLJ25357
221481	C6orf81
221481	FLJ25390
221491	C6orf1
221491	MGC57858
221496	LEM2
221496	NET25
221496	dJ482C21.1
221504	MGC23166
221504	ZNF919
221527	C6orf46
221527	D6S59E
221527	NG35
221545	Em:AB023049.8
221547	Em:AB014080.2
221584	ZNF187p1
221584	ZNF305P1
221584	ZNF96L1
221584	ZNF96P1
221584	ZSCAN12L1
221584	dJ313I6.7
221613	H2AFR
221613	HIST1H2AA
221613	bA317E16.2
221656	AOF1
221656	C6orf193
221656	FLJ33898
221656	FLJ34109
221656	FLJ43328
221656	LSD2
221656	bA204B7.3
221656	dJ298J15.2
221662	FLJ30829
221662	RNPC6
221662	dJ259A10.1
221687	MGC33993
221692	KIAA1733
221692	dJ257A7.2
221710	C6orf228
221711	C6orf177
221711	NO145
221711	dJ62D2.1
221717	MRPL48L1
221717	dJ290I10.4
221718	C6orf218
221718	LENOX
221718	MGC40222
221749	C6orf145
221756	MGC39372
221785	FLJ32468
221785	ZNF498
221786	C7orf38
221786	DKFZp727G131
221786	FLJ36794
221806	FLJ14712
221823	PRPS3
221823	PRPSL
221830	A43
221830	RPA43
221830	TWISTNB
221838	EEF1AL4
221883	HOXA-AS5
221883	HOXA11-AS1
221883	HOXA11AS
221883	HOXA11S
221883	LncHOXA11
221883	NCRNA00076
221895	DKFZp761K2222
221895	TIP27
221895	ZNF802
221908	C7orf47
221908	MGC22793
221914	DKFZp547M109
221914	FLJ38962
221914	cerebroglycan
221927	BAAT1
221927	C7orf27
221927	MGC22916
221935	FLJ31425
221937	IMAGE:5164497
221938	PAQR10
221955	DAGLBETA
221955	KCCR13L
221960	C7orf28B
221960	DKFZP586I1023
221960	H_NH0577018.2
221960	MGC19819
221981	KIAA0960
222005	ANTP1
222008	MGC33530
222008	VSTM2
222052	TTC4P
222068	HNLF
222068	p24a3
222068	p24alpha3
222166	C7orf41
222166	Ells1
222166	FLJ25903
222183	FLJ37078
222194	FLJ42526
222194	FLJ45813
222194	MGC71764
222223	EIG121L
222223	FLJ31340
222223	KIAA1324L
222229	CENP-33
222229	DKFZp434K1815
222229	ORCA
222234	MGC35361
222235	CFAP169
222235	DRC6
222235	Fbl13
222235	MGC21636
222236	C7orf18
222236	FMP30
222236	NAPE-PLD
222255	ATXN7L4
222255	KIAA1218
222255	MGC33190
222256	CDH28
222256	FLJ23834
222256	FLJ44366
222389	C10orf30
222389	FLJ40283
222484	MGC46315
222484	PDZRN1
222487	GPR97
222487	PGR26
222487	Pb99
222537	3-OST-5
222545	bA86F4.3
222546	MGC33442
222546	RFXDC1
222546	dJ955L16.1
222553	C6orf169
222553	dJ230I3.1
222584	C6orf143
222584	FLJ30642
222611	ADGRF2
222611	GPR111
222611	PGR20
222611	hGPCR35
222642	BZRPL1
222642	dJ34B21.2
222643	MGC34763
222643	ZUD
222658	C6orf69
222658	MGC14254
222658	dJ108K11.3
222659	STEPP
222662	DFNB67
222662	MGC33835
222662	Tmhs
222662	dJ510O8.8
222663	CEGF3
222663	FLJ34743
222696	ZNF390
222696	ZNF453
222696	dJ29K1.3.1
222698	C6orf194
222698	bA424I5.1
222699	TOB2P
222699	TOB4p
222699	p373c6.3
222701	ZNF192P2
222826	C6orf146
222826	MGC43581
222865	DKFZp761L1417
222865	FLJ42643
222894	N-TWIST
222894	NATO3
222894	bHLHa31
222950	C7orf51
222950	FLJ37538
222950	KIAA1486L
222962	ENT4
222962	FLJ34923
223075	CCDC129
223075	FLJ38344
223082	RNF202
223117	Sema-Z2
223117	coll-2
225689	ERK7
225689	ERK8
245711	Ringo3
245711	SPDY1
245711	SPY1
245812	MGC40499
245812	PRAT4B
245908	DEFB-5
245908	DEFB105
245909	DEFB-6
245909	DEFB106
245910	DEFB-7
245910	DEFB107
245912	DEFB-9
245912	DEFB109
245912	DEFB109P1
245913	DEFB-10
245913	DEFB-11
245913	DEFB111
245915	DEFB-12
245927	DEFB-13
245928	DEFB-14
245929	DEFB-15
245930	DEFB-16
245931	DEFB-17
245932	DEFB-19
245932	DEFB-20
245932	DEFB120
245934	DEFB-21
245935	DEFB-22
245935	DEFB122P
245936	DEFB-23
245937	DEFB-24
245938	DEFB-25
245939	DEFB-28
245940	DEFB-30
245940	DEFB130
245940	DEFB30
245972	ATP6D2
245972	FLJ38708
245972	VMA6
245973	ATP6C2
245973	VMA5
246100	ESO1
246100	LAGE2A
246112	TAF13P
246119	NCRNA00133
246119	lnc-KDM5D-4
246122	LINC00129
246122	TTTY21B
246122	TTTY7A
246123	ZNF381P
246123	ZNF736P3
246126	CYorf15A
246126	CYorf15B
246126	TXLNG2P
246175	Ccr4b
246175	DKFZp434K098
246176	GAR17
246181	AFAR3
246182	AFARP1
246184	ANAPC12
246184	APC12
246184	C9orf17
246210	IKBKGP
246210	deltaNEMO
246213	DFNA25
246213	VGLUT3
246269	AFG1
246269	LACE1
246283	TCRBV22S2
246283	TCRBV29S2O
246283	TRBV22/OR9-2
246285	TCRBV26S2
246285	TCRBV28S2
246285	TCRBV28S2O
246285	TRBV26/OR9-2
246286	TCRBV33S2
246286	TRBVA/OR9-2
246312	D21S2089E
246312	NCRNA00285
246329	MGC2793
246330	MGC35521
246704	C21orf93
246704	NCRNA00315
246705	C21orf94
246705	NCRNA00314
246714	bA192N10.2
246717	TCEB2P1
246720	DNCL1P1
246721	RPB11b1
246723	ATP5HP4
246744	MAPTIT
246777	SP-ESP
246778	IL-27A
246778	IL27A
246778	IL27p28
246778	IL30
246778	MGC71873
246784	LOC246784
252839	TMEM9A
252841	SRPSMCR
252884	FLJ31213
252884	ZSCAN14
252946	CYorf16
252946	FAM197Y2P
252948	NCRNA00139
252949	NCRNA00140
252949	TTTY17
252950	NCRNA00143
252951	NCRNA00145
252952	NCRNA00144
252954	NCRNA00147
252955	NCRNA00148
252956	TPM3L2
252969	FLJ31644
252969	MGC2832
252969	MGC4505
252969	NEH2
252983	MGC50337
252983	Synip
252995	FRCP2
253012	FLJ38683
253017	DKFZp313B2333
253017	DKFZp313D0829
253017	GPSN2L
253017	SRD5A2L2
253017	TERL
253018	FLJ40123
253018	bCX101P6.9
253018	bPG299F13.9
253018	bQB115I13.2
253039	PSMD5-AS1
253128	C12orf33
253128	FLJ41814
253128	MGC40170
253143	C22orf30
253143	MGC50372
253152	ABHD7
253152	EH4
253152	EPHXRP
253152	FLJ90341
253260	AVO3
253260	KIAA1999
253260	MGC39830
253260	PIA
253272	RNF134P1
253314	FLJ36951
253461	CIBZ
253461	FLJ35036
253461	PPP1R171
253461	ZNF921
253558	AGPAT8
253558	ALCAT1
253558	FLJ37965
253558	LPLAT6
253558	LYCAT
253559	IGSF4D
253559	NECL3
253559	Necl-3
253559	SynCAM-2
253559	SynCAM2
253582	C6orf191
253582	bA174C7.4
253635	CCDC75
253635	CENP-Y
253635	CENPY
253635	FLJ38348
253639	MGC50836
253650	FLJ35740
253650	KIAA2015
253665	TCEB2P2
253714	C6orf167
253714	dJ39B17.2
253724	GNNP
253725	Em:AC012044.3
253725	FAM21C
253725	KIAA0592
253738	COE3
253738	DKFZp667B0210
253769	MGC43690
253782	LASS6
253827	DFNB74
253827	DKFZp686C1178
253827	FLJ36866
253832	DHHC20
253832	FLJ25952
253868	C20orf166-AS1
253868	C20orf200
253868	CARMA
253868	FLJ30313
253868	MIR1-1HG-AS1
253868	NCRNA00335
253933	OR7E138P
253933	hg611
253943	FLJ31657
253959	DKFZp667F074
253959	GARNL1
253959	GRIPE
253959	KIAA0884
253959	RalGAPalpha1
253959	Tulip1
253962	CAS1
253970	NANCI
253970	PAHRF
253970	SFTPH
253970	SP-H
253980	FKSG86
253980	POLDIP1
254013	C12orf72
254013	DKFZp451L235
254013	METTL20
254013	MGC50559
254042	MAP1D
254042	Metap1l
254048	FLJ25778
254048	KIAA2030
254050	MGC35140
254065	BRODL
254065	FLJ38568
254065	MRX93
254100	SSSCA1-AS1
254100	ZNRD2-AS1
254102	DKFZp762C186
254102	TANGERIN
254122	FLJ30934
254122	SNX6B
254158	FLJ25444
254170	Fbx33
254173	FLJ36119
254187	FAM161C
254187	FLJ32880
254225	KIAA1991
254228	C6orf188
254228	FAM26E
254228	MGC45451
254228	dJ493F7.3
254240	BPIL2
254240	dJ149A16.7
254251	FLJ30696
254251	MLR1
254263	CNIH-2
254263	Cnil
254263	MGC50896
254268	C1orf62
254268	MGC26989
254272	FLJ40244
254295	MGC16638
254394	C6orf61
254394	FLJ20170
254394	MCMDC1
254394	MGC35304
254394	dJ329L24.3
254427	C10orf47
254427	MGC35403
254428	MgtE
254439	FACI
254439	FLJ22675
254528	C16orf73
254528	MGC35212
254531	AGPAT7
254531	AYTL3
254531	FLJ10257
254531	LPAAT-eta
254531	LPEAT2
254531	LPLAT10
254552	FLJ41567
254559	BS-DRL1
254559	LINC00925
254559	lnc-FANCI-2
254664	MAPK6PS2
254773	LYGA2
254773	LYGH
254778	C8orf46
254778	MGC33510
254786	OST709
254863	C17orf61
254863	MGC40107
254879	OR2T6P
254879	OR2T9
254879	OST703
254887	MGC42530
254910	LEP18
254910	SPRL5A
254948	RPL9P9
254950	KAP15.1
254956	C9orf113
254956	C9orf18
254956	FLJ46909
254958	GOR
254958	REXO1L1
254973	OR1L5
254973	OR9-E
255022	FAM26C
255027	FLJ39599
255027	M-LPH
255027	M-LPH1
255027	M-LPH2
255027	MPV17L1
255043	MGC30208
255057	BARP
255057	C19orf26
255057	DOS
255057	MGC40084
255061	HK-1
255061	PPT-C
255061	Pptc
255082	C10orf5
255101	CCDC108
255101	DKFZp434O0527
255101	MGC35338
255104	DKFZp686C23231
255119	C4orf22
255180	FLJ38723
255189	PLA2G4F/Z
255193	C19orf34
255193	MGC39696
255220	SPTRX-3
255220	TRX6
255220	bA427L11.2
255231	FLJ36691
255231	TRP-ML2
255231	TRPML2
255239	X-kinase
255252	FLJ36812
255275	LOC255275
255308	eIF-2-gamma2
255308	eIF2gA
255313	CT47.11
255324	ALGV3072
255324	EPG
255324	PRO9904
255330	C3orf46
255349	TMEM211
255349	bA9F11.1
255374	MGC49416
255394	MGC40368
255403	FLJ90036
255411	LINC00935
255411	TEX49
255426	FLJ35841
255488	IBRDC2
255488	P53RFP
255488	bA528A10.3
255512	TOLLIP-AS1
255520	MGC10084
255626	H2BFU
255626	HIST1H2BA
255626	STBP
255626	TSH2B
255626	bA317E16.3
255738	FH3
255738	HCHOLA3
255738	NARC-1
255743	EGFL6L
255743	POEM
255758	MGC33212
255758	TCTEX1D2
255762	C16orf65
255762	MGC50721
255783	PRR24
255798	C3orf43
255798	DKFZp313B0440
255798	FLJ41923
255809	HIDE1
255812	SDHAL1
255812	SDHALP1
255877	BAZF
255877	ZBTB28
255877	ZNF62
255919	C16orf69
255919	FLJ38101
255919	NEP1-R1
255919	TMEM188
255926	ADAM5P
255926	tMDCII
255928	FLJ34198
255928	sytXIV
256006	FLJ40191
256021	C12orf79
256051	FLJ34917
256076	COL29A1
256076	FLJ35880
256076	VWA4
256085	WRBP1
256126	CESC1
256130	MGC42090
256158	DKFZp434P0216
256158	FLJ23816
256236	NAPSBP
256281	UGPP
256297	PTF1-p48
256297	bHLHa29
256302	C17orf103
256302	Gtlf3b
256302	MGC33894
256309	CT52
256309	KM-HN-1
256309	MGC33607
256329	C11orf35
256329	MGC35138
256355	MGC27348
256356	MGC40579
256364	ELP95
256364	FLJ35827
256369	C14orf48
256369	LINC00521
256380	dJ47M23.1
256435	SIAT7C
256471	CLN7
256471	MGC33302
256471	SLC74A1
256472	MGC33486
256472	TMEM151
256536	FLJ38950
256586	MGC35274
256643	CXorf23
256646	C15orf55
256646	DKFZp434O192
256646	FAM22H
256646	NUT
256691	MGC21981
256710	MGC26856
256714	FLJ14503
256764	FLJ38736
256815	C10orf115
256815	LINC01552
256815	MGC46732
256815	bA215C7.4
256880	LOC256880
256892	OR51F1P
256933	PPL7
256933	PPNPB
256949	ANKRD47
256949	FLJ46061
256957	C17orf66
256957	FLJ32830
256979	MGC33329
256979	SUNC1
256987	C5orf12
256987	TPO1
257000	FLJ90734
257000	LINC00036
257000	NCRNA00036
257000	PLAC2
257000	TUBL
257000	onco-lncRNA-16
257019	EPB41L4O
257019	MGC20553
257044	C1orf101
257044	MGC33370
257062	MGC39581
257062	TMEM146
257068	FLJ31579
257093	PSME2P
257101	Hobit
257101	MGC33414
257106	FLJ00267
257144	GCET2
257144	HGAL
257144	MGC40441
257160	DKFZp547C195
257169	MGC17358
257177	C1orf192
257177	Flattop
257177	Fltp
257194	IGLON4
257194	KILON
257194	MGC46680
257194	Ntra
257202	GPXP3
257203	NCRNA00038
257218	FLJ90837
257218	KIAA2023
257218	bA545I5.2
257236	CCDC96
257236	FLJ90575
257240	FLJ34960
257240	RP11-450P7.3
257313	U2B
257313	UTS2D
257364	MGC32065
257364	SH3PX3
257364	SH3PXD3C
257397	MAP3K7IP3
257407	LOC257407
257415	MGC40405
257629	FLJ38819
258010	DKFZp313A2432
259173	DKFZp686I0110
259173	FLJ36525
259173	RN49018
259197	1C7
259197	CD337
259197	LY117
259197	NKp30
259215	C6orf21
259215	G6f
259215	NG32
259217	FLJ13874
259217	KIAA0417
259230	MGC17342
259230	MOB
259230	SMS1
259230	TMEM23
259232	CanIon
259232	VGCNL1
259232	bA430M15.1
259236	DFNB6
259239	WAP11
259240	WAP9
259240	dJ688G8.2
259249	MRGX1
259266	Calmbp1
259266	FLJ10517
259266	FLJ10549
259266	MCPH5
259282	BOD1L
259282	FAM44A
259282	FLJ33215
259282	KIAA1327
259286	GPR60
259287	T2R59
259289	T2R52
259290	T2R31
259290	T2R53
259290	TAS2R44
259291	GPR59
259291	ZG24P
259292	T2R54
259293	T2R30
259293	TAS2R47
259294	T2R19
259294	T2R23
259294	TAS2R23
259294	TAS2R48
259295	T2R20
259295	T2R56
259295	TAS2R49
259296	T2R51
259307	FIG1
259308	C9orf144B
259308	FAM205A
260293	MGC40051
260294	DKFZp434K058
260294	FLJ11626
260294	MGC15057
260294	NOL1R2
260294	NSUN5C
260294	WBSCR20C
260334	TUBB8P12
260340	TCF6L3
260341	MTTF1
260341	TCF6L1
260425	MAGI-3
260429	EOS
260436	C4orf7
260436	FDC-SP
261726	MGC3794
261726	TIP41
261726	TIPRL1
261726	dJ69E11.3
261729	IPCA-1
261729	PCANAP1
261729	STAMP1
261729	STMP
261734	KIAA0673
261734	POC10
261734	SLSN4
266553	MRDS1
266553	Opo
266623	ANTP3
266623	bK250D10.4
266625	dJ106I20.2
266643	FAM12CP
266643	HE3-GAMMA
266655	FLJ35348
266655	LINC00094
266655	NCRNA00094
266655	SERLOC
266655	bA374P20.3
266656	T2R12
266656	TAS2R12
266657	PS8
266657	T2R15
266657	TAS2R15
266661	T2R22
266661	TAS2R22
266665	T2R33
266666	T2R36
266667	T2R37
266667	TAS2R37
266675	VMD2L2
266683	LOC266683
266694	LOC266694
266695	DKFZp686A1627
266698	OPHN1P1
266699	FABP5L11
266723	PSMC6P
266724	HSPA9BP
266724	HSPA9P
266727	GPIM
266727	MAMDC3
266740	MGC16973
266743	Le-PAS
266743	NXF
266743	PASD10
266743	bHLHe79
266747	Rgr
266812	DRLM
266919	D21S2091E
266919	NCRNA00307
266920	AK2B
266954	CABYRP
266971	PIP5K1A-PSMD4
266971	PIP5K1L1
266971	PIP5K1P3
266971	PSMD4P2
266977	GPR110
266977	PGR19
266977	hGPCR36
267004	FLJ90201
267009	bA12M9.1
267010	RNU12-1
267010	RNU12P
267012	G72
267014	HLA-30
267015	HLA-17
267017	HLA-Z1
267020	ATP5K2
267020	ATP5L2
267020	dJ222E13.5
280636	C11orf31
280636	SELH
280637	MOV34L
280637	PSMD7L
280655	C14orf19
280657	SSX6
280657	SSXP2
280657	psiSSX2
280659	SSX8
280660	SSX9
280661	EIF1AP1
280664	WAP12
282566	C21orf71
282566	PRED21
282569	C21orf75
282569	NCRNA00228
282569	PRED43
282616	IL-28A
282616	IL28A
282617	IL-28B
282617	IL28B
282617	IL28C
282618	IL-29
282618	IL29
282679	AQPX1
282697	DIS3L2P
282697	FAM6B
282706	DAOA-AS
282706	DAOAAS
282706	G30
282754	OR4D12P
282801	OR7E150P
282808	RAR2
282808	RLGP
282809	FLJ14923
282809	TUWD12
282809	WDR51B
282966	Em:AC069546.1
282967	MAPK6PS6
282969	C10orf125
282969	FLJ26016
282969	FucM
282969	FucU
282973	C10orf14
282973	C10orf39
282973	FLJ37857
282973	KIAA4091
282973	NECC2
282973	bA140A10.5
282974	MGC23665
282974	PKE
282974	YANK3
282991	BLOS2
282991	BORCS2
282991	FLJ30135
282991	MGC10120
283008	FAM22E
283025	AC023904.2
283025	C10orf40
283078	C10orf48
283078	IRXL1
283078	MGC39616
283080	MGC45541
283080	bA492M23.1
283089	WDR11-AS1
283106	CSNK2A1P
283110	OR52Z1
283111	OR51A12
283120	ASM
283120	ASM1
283120	D11S813E
283120	GMRSP
283120	LINC00008
283120	MIR675HG
283120	NCRNA00008
283129	C11orf85
283131	LINC00084
283131	MENepsilon/beta
283131	NCRNA00084
283131	TP53LC15
283131	TncRNA
283131	VINC
283140	lnc-PTS-1
283149	B9L
283149	Bcl9-2
283149	DLNB11
283150	DLNB13
283150	FOXN5
283152	CCDC153
283152	LOC283152
283159	OR8D3
283159	OST004
283162	OR8B4P
283165	FLJ40224
283165	NCRNA00288
283165	PRR10
283171	C11orf44
283171	FLJ39058
283177	AP004608.1
283177	LOC283177
283197	C11orf64
283197	MGC39681
283197	NCRNA00301
283208	C-P4Halpha(III)
283209	BM32A
283209	FLJ32029
283212	FLJ33790
283219	KCASH2
283226	FNTAL1
283229	EFCAB4A
283229	MGC45840
283232	FLJ38216
283234	BRLZ
283234	CCDC88
283234	FLJ00354
283234	FLJ37970
283234	GIPIE
283234	HkRP3
283237	MGC29649
283238	MGC34821
283238	NET46
283254	C11orf77
283254	FLJ32675
283267	NCRNA00294
283284	FLJ37794
283284	IGFN2
283297	OR10A4P
283298	ONT2
283298	UNQ564
283303	C11orf36
283303	FLJ36102
283303	HSD-40
283310	C12orf64
283310	FLJ90579
283314	MATL2963
283316	CD163B
283316	M160
283316	SCARI2
283316	WC1
283320	HSPD1-10P
283335	RP11-983P16.4
283337	Zfp740
283345	RPL13-2
283345	RPL13L
283352	LOC283352
283352	RP11-669N7.2
283358	B4GalNac-T3
283358	FLJ16224
283358	FLJ40362
283373	FLJ34236
283373	PP6-ARS-C
283375	ZIP5
283377	DKFZp686N0877
283383	DKFZp434B1272
283383	GPR133
283383	PGR25
283403	C12orf80
283416	C12orf61
283416	FLJ25590
283417	FLJ32949
283417	SPATA34
283420	CD370
283420	DNGR-1
283420	HEEE9341
283420	UNQ9341
283422	C12orf36
283422	FLJ33810
283435	LOC283435
283440	CACNA1C-AS1
283440	CACNA1C-AS2
283446	FLJ37587
283450	C12orf51
283450	FLJ34154
283450	KIAA0614
283455	FLJ25965
283459	15E1.2
283459	FLJ37000
283460	C12orf27
283460	FLJ38690
283460	HASTER
283460	NCRNA00262
283461	C12orf40
283461	FLJ40126
283463	FLJ35746
283464	FLJ43151
283464	GLT8D3
283471	CT151
283471	MGC57341
283483	LINC00443
283483	LINC00551
283487	C13orf29
283487	LINC00346
283487	NCRNA00346
283489	C13orf8
283489	ZNF828
283507	SUGT1L1
283514	FLJ39203
283521	FLJ37307
283521	LINC00282
283521	NCRNA00282
283537	DKFZp686A1775
283537	FLJ42613
283551	C14orf182
283554	DKFZp762F0713
283554	TM7SF1L2
283556	L-UBC
283556	UBCH7N3
283556	UBE2L7
283556	UBE2L7P
283556	UBEL1
283571	FLJ36749
283576	C14orf59
283578	FAM15B
283579	C14orf178
283579	FLJ25976
283585	LOC283585
283587	LINC01146
283592	C14orf86
283596	C14orf62
283596	FLJ40557
283596	LINC00063
283596	NCRNA00063
283596	TP53LC16
283598	C14orf177
283598	FLJ25773
283600	C14orf68
283600	HDCMP
283601	C14orf70
283617	OR4K3P
283629	C14orf20
283629	STK22E
283635	C14orf24
283638	Cep170R
283638	FAM68C
283638	KIAA0284
283643	C14orf80
283651	C15orf21
283651	D-PCa-2
283651	FLJ39426
283652	JSX
283652	NCKX5
283652	OCA6
283659	FLJ25756
283659	IGDCC5
283673	FLJ33768
283673	LINC00277
283673	NCRNA00277
283673	TMEM84
283677	C15orf60
283677	CT147
283677	FLJ27520
283677	FLJ36860
283677	FLJ44083
283677	LOC283677
283685	CT105
283685	FLJ36144
283687	C15orf37
283687	FLJ33788
283698	SYNGR2P
283726	DKFZp666G057
283726	FAM154B
283742	FLJ38426
283747	TCEB1P2
283748	cPLA2delta
283755	D15F37S4
283755	LOC283755
283768	DKFZp434K052
283777	FAM169B
283777	FLJ39743
283777	KIAA0888L
283796	FLJ35785
283796	GOLGA8I
283796	GOLGA9P
283807	FLJ39626
283807	Fbl22
283820	NOMO
283847	CCDC79
283847	FLJ35894
283848	CES8
283848	FLJ37464
283849	EXOC3L
283849	FLJ35539
283849	FLJ35587
283854	LINC01373
283854	LincRNA-ENST00000515084
283854	TCONS_00024290
283856	GNAO1-AS1
283860	C16orf81
283860	FLJ36701
283860	NCRNA00304
283867	Lnc-LALC
283869	PPL8
283870	C16orf79
283870	MGC21830
283875	G029442
283875	LINC00514
283876	FLJ39639
283897	FLJ35681
283897	SAIL
283899	CCDC95
283899	FLJ90652
283902	FJ222407
283902	HTA
283932	MGC125469
283932	MGC125470
283932	MGC125472
283932	NCRNA00095
283933	MGC46336
283951	C16orf91
283951	CCSMST1
283951	URLC5
283951	gs103
283971	MGC34761
283971	MRCL3
283981	CXYorf10
283981	NCRNA00107
283981	OTTHUMT00000055574
283981	PPP2R3B-AS1
283982	C17orf54
283982	FLJ40319
283987	C17orf28
283987	HID-1
283989	SEN54
283989	SEN54L
283991	FAM100B
283991	MGC29814
283994	C17orf52
284001	FLJ00130
284001	FLJ23754
284004	FLJ23825
284004	HEXDC
284021	Allergin-1
284021	C17orf60
284021	MCA-32
284023	LINC02581
284029	C17orf44
284029	FLJ34790
284029	MGC104931
284029	NCRNA00324
284029	RNA00324
284029	TP53LC03
284034	CARDINAL
284034	FLJ34690
284040	FLJ36674
284047	CCDC144B
284047	FLJ36492
284058	CENP-36
284058	DKFZP727C091
284058	KIAA1267
284058	MSL1v1
284064	PERMIT
284067	C17orf105
284069	MGC34829
284071	C17orf104
284071	FLJ35848
284076	FLJ35808
284086	NPHP9
284098	FLJ37433
284098	Gwt1
284098	PIG-W
284099	FLJ39647
284100	LOC284100
284106	MiNT
284106	Miner2
284110	FLJ39120
284110	GSDM
284110	GSDM1
284111	INDY
284111	NACT
284111	mINDY
284114	CBAP
284114	D2B
284114	FLJ36878
284119	CGL4
284119	PTRF
284119	cavin-1
284123	FAM27L
284123	MGC35151
284131	FLJ35220
284161	FLJ37451
284161	GDE4
284167	POLRMTL
284184	C17orf89
284185	C17orf55
284185	FLJ39421
284186	FLJ38792
284217	LAMA
284233	CYP4F-se8[6:7:8]
284252	C18orf5
284254	C18orf26
284254	FLJ39106
284257	BOD1P
284257	FAM44C
284257	MGC33608
284266	CD33L3
284266	HsT1361
284273	MGC45594
284273	PTGR-3
284273	ZADH2
284274	C18orf62
284276	ASRPS
284276	LINC00683
284276	LINC01879
284293	ACC-6
284293	ACC6
284293	C18orf53
284297	FLJ35258
284297	S5D-SRCRB
284306	FLJ31100
284307	ZNF762
284309	FLJ38288
284312	FLJ33779
284312	ZNF915
284323	ZNF780
284325	C19orf54
284325	FLJ41131
284338	MGC70924
284339	FLJ90805
284340	DMC
284340	Dcip1
284340	UNQ473
284340	VCC1
284346	FLJ32567
284348	FLJ30469
284348	Haldisin
284352	LRRC68
284353	FLJ33600
284355	FLJ40321
284358	FLJ36070
284358	MASTR
284359	IZUMO
284359	MGC34799
284359	OBF
284361	C19orf63
284361	HSM1
284361	HSS1
284361	INM02
284365	LINC01869
284365	MGC45922
284366	KLK-L3
284367	SIGLECP3
284369	C19orf75
284369	FLJ40235
284369	SIGLEC23P
284369	SIGLECP7
284370	FLJ33710
284371	LOC284371
284382	MGC33407
284383	OR2Z2
284385	C19orf82
284390	ZNF440L
284391	FLJ14959
284395	LOC284395
284402	SCGB4A2
284402	SCGBL
284403	C19orf14
284403	DKFZP434J046
284403	FLJ33298
284403	MCPH2
284406	KIAA1948
284406	MGC45380
284406	ZNF545
284415	UNQ3033
284417	DRAM3
284417	TMEM224
284417	TTN2
284418	C19orf16
284418	DKFZp434G1729
284418	FAM71E2
284422	C19orf77
284422	HSPC323
284424	C19orf30
284424	Huh7
284424	LINC00306
284424	NCRNA00306
284424	PGSF1
284424	PGSF1a
284424	PGSF1b
284424	uc002mbe.2
284427	FLJ40442
284427	MGC34725
284439	MGC26694
284440	MGC39821
284443	FLJ36504
284451	C19orf19
284451	FLJ40059
284451	ODF3L2
284454	LOC284454
284454	Smyca
284459	HKR1
284467	FAM19A3
284467	TAFA-3
284485	C1orf230
284485	FLJ36032
284485	NCRNA00166
284486	FLJ37964
284498	DKFZp434E1410
284498	RP11-56N19.2
284521	OR2L14
284525	MGC43026
284525	SLC9A11
284532	OR5AT1
284546	FLJ27485
284551	SEELA2
284561	LOC284561
284565	MGC8902
284565	NBPF16
284573	C1orf157
284573	FLJ40343
284573	NCRNA00303
284577	LOC284577
284578	MFSD4A-AS1
284611	DKFZp779B126
284611	FAM102B
284611	SYM-3B
284612	Mg29
284613	FLJ39035
284613	FLJ44753
284615	ANKRD34
284618	C1orf104
284618	FLJ35976
284649	DKFZP564C196
284654	FLJ40906
284654	RSPONDIN
284656	FLJ16103
284656	FLJ33655
284677	C1orf204
284677	FLJ39187
284677	VSIG8-OT1
284680	C1orf111
284680	TEKT2BP2
284695	FLJ20403
284695	ZAN75
284695	ZIRD
284695	Zfp326
284697	APache
284697	KIAA1107
284716	FAM80A
284716	MGC47816
284716	NAAGS-II
284716	RP11-157D18.1
284723	DKFZp781A10161
284739	DKFZp434G015
284739	FLJ27267
284739	LINC00176
284739	NCRNA00176
284739	PRR17
284757	C20orf197
284757	LINC02910
284759	PTPN1L
284759	PTPNS1L3
284759	dJ776F14.2
284764	FTLL1
284764	dJ681N20.2
284800	C20orf91
284800	C20orf91A
284800	bB329D4.1
284801	RP3-410C9.1
284802	C20orf80
284802	FRG1B
284802	bA348I14.2
284805	FLJ33706
284827	KAP13.4
284835	C21orf130
284835	FLJ37173
284835	NCRNA00323
284835	PRED42
284836	C21orf125
284836	FLJ38036
284836	NCRNA00319
284836	PRED49
284865	LOC284865
284865	lnc-RTN4R-1
284889	LOC284889
284889	MIF-AS
284900	KIAA1648
284900	TTC28-AS
284900	TTC28AS
284904	TAP3
284904	dJ130H16.5
284930	Lnc-EPIC1
284942	MGC70863
284948	FLJ35993
284948	SLNK
284992	FLJ39660
284996	FLJ90504
285000	RMEL1
285016	AUGA
285016	FAM150B
285025	CAMDI
285025	FLJ39502
285051	C2orf61
285051	FLJ40172
285074	LOC285074
285093	C2orf85
285093	CXXC11
285093	FLJ33590
285093	Z3CXXC5
285095	LOC285095
285103	CCDC74B-AS1
285103	MED15P2
285116	AHCTF1P
285116	ELYS-like
285126	CSP-gamma
285126	FLJ40417
285154	C2orf58
285154	MGC34824
285172	FAM126B
285172	MGC39518
285175	C2orf21
285175	FLJ33496
285175	KIAA1843
285175	UNC-80
285180	FLJ46536
285180	ZFYVE31
285189	PLGLA1
285189	PLGP2
285190	DKFZp686P0288
285190	RGP4
285193	VHP
285194	LINC00902
285194	LOC285194
285194	LSAMP-AS3
285194	NCRNA00295
285195	FLJ35613
285195	NHE9
285203	AER61
285203	C3orf64
285203	FLJ33770
285220	FLJ35246
285231	FBXO35
285231	Fbw12
285237	MGC26717
285266	EIF1B-AS1
285266	FLJ36665
285267	FLJ90764
285268	FLJ45246
285282	MGC23920
285296	UNC93B3P
285311	C3orf56
285311	FLJ40141
285313	CMF608
285313	FLJ25972
285314	D3S3192
285314	PABPL1
285315	AC3-33
285315	FLJ31139
285329	C3orf12
285329	UBQLN4P
285331	DKFZp686C0433
285335	NHE
285335	SLC9A10
285343	C3orf23
285343	DKFZp313N0621
285343	TOAG-1
285349	FLJ36870
285352	FLJ39534
285362	FGE
285362	UNQ3037
285367	MGC29784
285368	FLJ33674
285381	DELGIP
285381	DELGIP1
285381	DESR1
285381	DPH3A
285381	KTI11
285381	MGC20197
285381	ZCSL2
285386	FAM79B
285386	FLJ41238
285386	FLJ43694
285429	WDR21B
285440	CYP4AH1
285456	FLJ37673
285456	RP11-462C24.1
285456	RPL34-AS1
285463	PCAT10
285484	LINC02495
285489	C4orf25
285489	Dok-7
285489	FLJ33718
285489	FLJ39137
285492	FLJ35424
285498	FLJ38841
285498	LOC285498
285505	FAM198B-AS1
285512	FAM13A1OS
285512	FAM13AOS
285512	NCRNA00039
285513	FLJ42625
285513	GRIN3
285521	FLJ38991
285521	OXA1L2
285525	FLJ39576
285525	FinGER9
285525	YIPFalpha1b
285525	Yip1b
285527	AF4p12
285527	DKFZp686E205
285527	KIAA0826
285527	MOR2
285533	FLJ34190
285540	SEPSECS-AS1
285550	C4orf53
285555	C4orf37
285555	MGC46496
285556	FOPV
285556	LOC285556
285577	LINC01017
285590	FLJ20831
285590	KIAA1295
285596	NY-REN-7
285598	ARL10A
285600	C5orf36
285600	DKFZp686F0372
285600	MGC34713
285601	PGR11
285605	FLJ33977
285613	C5orf16
285613	FLJ90583
285622	MGC48637
285626	Uc003xsl.1
285636	C5orf51
285636	LOC285636
285641	PAT3
285641	TRAMD2
285641	tramdorin2
285659	OR2V3
285659	OST713
285668	C5orf64
285668	FLJ37543
285668	LINC03119
285672	FLJ36754
285672	P18SRP
285672	SFRS12IP1
285676	FLJ37444
285679	C5orf60
285696	LOC285696
285704	DRAGON
285704	FLJ90406
285706	LOC285706
285708	BC008363
285735	NCRNA00326
285737	CCRL1P
285737	CCRL1P1
285737	dJ509I19.4
285740	NR027113
285740	lncIHS
285753	C6orf182
285753	MGC21731
285753	bA487F23.2
285755	MGC41939
285755	RSPH12
285755	bA425D10.6
285755	dJ919F19.1
285758	LINC01268
285758	LOC285758
285758	ROCKI
285759	FLJ34503
285761	MGC46341
285761	dJ94G16.1
285768	TCONS_00011202
285780	FLJ33708
285780	LY86-AS
285780	LY86AS
285782	CT95
285782	CTAG3
285782	bA69L16.7
285785	Em:AC019205.3
285800	MGC35308
285829	SMT3Bp
285829	SMT3H2P
285829	SUMO2P
285829	dJ271M21
285834	FLJ37114
285834	PBMUCL2
285848	FLJ38755
285848	dJ50J22.1
285852	TLT4
285855	dJ475N16.4
285877	DKFZp564N2472
285893	ARAF3P
285905	FLJ25037
285905	INTS4L1
285908	NCRNA00174
285941	C7orf71
285943	HOXA3as
285955	Ringo1
285955	SPDYE
285955	WBSCR19
285958	C7orf40
285958	FLJ38860
285958	Linc-Myo1g
285958	MYO1GUT
285961	CDC10L
285961	SEPT7L
285961	SEPT7P9
285961	bA291L22.2
285966	FAM115C
285966	FAM139A
285966	FLJ40722
285966	GATD9B
285971	MGC33584
285973	APG9L2
285973	FLJ14885
285973	NOS3AS
285973	SONE
285987	Evf-2
285987	FLJ34048
285987	NCRNA00212
286006	C7orf53
286006	FLJ39575
286046	C8orf21
286046	C8orf5
286046	C8orf7
286053	C8orf36
286053	FLJ32440
286053	MMS21
286053	ZMIZ7
286059	DR5-AS
286065	Erk3ps4
286065	MAPK6PS4
286076	BREA2
286077	FLJ46072
286097	DKFZp313A0139
286097	EFHA2
286101	ZNF252
286102	TMED10P
286102	Tmp21-II
286103	C8orf77
286114	ENST00000517573
286122	C8orf31
286122	FLJ37131
286122	LINC02904
286128	FLJ00028
286128	FLJ38705
286128	ZNF753
286133	FLJ23907
286133	MGC45780
286133	NET33
286135	FAM183CP
286144	C8orf83
286144	DKFZp779L1068
286144	LOC286144
286144	PRO0845
286151	Fbx43
286156	MAPK6PS5
286183	FAM77D
286183	FLJ39630
286183	NKAIN3-IT1
286187	LRRC67
286187	TLLR
286187	dtr
286204	FLJ16786
286204	FLJ38464
286205	C9orf126
286205	FLJ36664
286205	NET40
286207	C9orf117
286234	C9orf79
286234	FAM75E1
286234	FLJ35866
286238	LOC286238
286256	MGC48935
286257	C9orf142
286257	XLS
286262	C9orf75
286262	DFNB79
286262	FLJ90254
286310	LCN1L1
286310	bA430N14.2
286319	CCDC89B
286319	TSG-9
286333	C9orf109
286333	DKFZp686A0127
286333	LINC00256A
286333	NCRNA00256A
286336	C9orf59
286336	FLJ00024
286343	C9orf150
286343	FLJ38505
286343	LRAP35b
286343	MGC46502
286343	bA3L8.2
286380	FOXD6
286380	OTTHUMG00000019959
286410	ATPIG
286410	ATPIQ
286411	ARST
286411	ASINC
286411	CDR1-AS
286411	CDR1NAT
286411	CDR1as
286411	MDHDH
286411	ciRS-7
286423	MRRFP
286430	CLRX.1
286430	NALP2P
286430	NLRP2P
286430	NOD24
286436	H2BFM
286436	H2BM
286451	FinGER6
286451	MGC21416
286451	YIPFalpha3
286451	Yip4
286453	LOC286453
286456	LOC286456
286460	FAM3C2
286464	CHDC2
286464	CXorf22
286464	CXorf30
286464	CXorf59
286464	FLJ36601
286464	MGC34831
286464	RP13-11B7.1
286467	LINC01200
286472	Psi4Rac1
286472	RAC4
286480	UbcM2
286494	BRAF2
286494	BRAFPS2
286495	RNF105L
286495	TTC3L
286499	CT115
286499	FLJ37659
286499	RP1-32F7.2
286514	MGC33889
286527	MGC39900
286530	P2Y8
286544	ADLICANP
286544	MXRA5P
286544	MXRA5P1
286550	HCP46
286550	HCP47
286554	BCORL2
286554	FLJ39821
286676	DFNB42
286676	MGC50831
286749	SALF
286753	BEC-1
286753	DSPB1
286753	IFITMD3
286753	LOST1
286753	TUSC5
286754	LEFTY3
286826	TGS
286827	Mrf1
286827	RNF104
286827	TRIM57
286827	TSBF1
286828	CSN1S2A
286887	KRT6E
286967	CXorf52B
286967	LINC00204B
286967	NCRNA00204B
287015	FLJ40097
287015	PPP1R40
287015	T4A1
317648	C4orf10
317648	RES4-24
317649	MGC39820
317662	KIAA0974
317684	MAPK6PS3
317686	Erk3ps1
317686	MAPK6PS1
317687	BCRG1
317687	D14S1460
317687	D14S1460E
317691	VN1R22-1P
317701	V1RL2
317702	FKSG46
317702	V1RL3
317703	V1RL4
317705	V1RL5
317716	BASE
317719	FLJ32662
317726	HMGN2L2
317749	SDR25C3
317751	MEST-AS1
317751	MEST-IT1
317751	NCRNA00040
317753	PSMD12P
317754	A26B3
317754	ANKRD21
317754	CT104.1
317754	POTE
317754	POTE-21
317754	POTE21
317760	C14orf55
317761	SIX6OS1
317772	HIST2H2AB
317774	CDC10P
317774	SEPT7P1
317778	CBPINP
317778	SYF2P
317780	CKS1BP
317784	COILP
319085	C14orf85
319085	ITPK1-AS
319085	ITPK1AS
319085	NCRNA00203
319089	C14orf25
319089	NCRNA00291
319093	ARHQP
319093	RHOQP
319098	COX7A3P
319098	COX7AP1
319100	TA4
319100	TRAR4
319101	K6IRS3
319101	KRT6IRS3
319102	ARHGAP15P
319103	RNU6C
319103	mgU6-53
319115	EIF2S2P
319116	ATP6V1GP1
319117	EIF3EIPP1
319117	EIF3S6IPP
319118	EIF4BP
319119	ATP5G2P2
319119	ATP5GP2
319120	YWHAZP
319121	YWHAQP
319123	ZNF405P
319127	NARSP
319127	NARSP1
319129	LAMR1P5
319130	HMGB1L14
319130	HMGB1P
319131	HMGN1L1
319132	HMGN2L1
319132	HMGN2P
319133	HNRPCP
319134	HNRPUP
319136	ATP5G1P1
319136	ATP5GP3
319137	ATP5G1P2
319137	ATP5GP4
319138	BNIP3P
319139	RNU56B
319140	GCATP
326107	STK16P
326268	ABI1P
326268	SSH3BP1P
326272	SNRPGP
326276	SF3B4P
326295	EIF4EBP1P
326300	HSPEP2
326302	NEK2P
326303	RPL36AP3
326305	MOCS3P
326315	PTTG4P
326337	SSX10
326337	SSXP4
326337	psiSSX4
326339	SSXP5
326339	psiSSX5
326340	Z3CXXC6
326341	SSXP3
326341	psiSSX3
326342	EMR4
326342	EMR4P
326342	GPR127
326342	PGR16
326343	MTM
326586	SSXP9
326586	psiSSX9
326587	SSXP6
326587	psiSSX6
326590	SSXP7
326590	psiSSX7
326591	MORF4LP1
326593	MORF4LP3
326593	MRG11
326594	MORF4LP2
326596	MAD2L1P
326605	NCOA4P
326607	NMNATP
326614	PBPP1
326615	MED15P
326615	PCQAPP
326616	PDLIM1P
326617	PSMA3P
326625	CFAP23
326625	cblB
326628	RPA2P
327657	GCET1
327657	SERPINA11b
327658	FAM16AY
327658	HDHD1BP
327658	HDHD1P1
327659	FAM16B
327659	HDHD1CP
327659	HDHD1P2
333926	DKFZp434P1514
333926	FLJ35951
333926	MGC19531
333926	PP2Czeta
333926	PPP2CZ
333929	SMUC
333929	ZNF293
333929	Zfp293
333932	H3/n
333932	H3/o
333932	HIST2H3A
337867	FLJ30548
337867	PHGDHL1
337867	RP11-178C10.1
337872	H2BU2P
337872	HIST3H2BA
337873	H2B/t
337873	HIST2H2BC
337873	LETN
337874	H2B/o
337874	H2B/s
337874	H2BFO
337874	HIST2H2BD
337875	HIST2H2BA
337876	CHSY-2
337876	CSS3
337878	KAP7.1
337879	KAP8.1
337880	KAP11.1
337882	KAP19.1
337959	KAP13-2
337960	KAP13.3
337963	KAP23.1
337964	KAP13A
337964	KRTAP13P1
337965	KAP13B
337965	KRTAP13P2
337966	C21orf103
337966	KAP6.1
337967	KAP6.2
337968	KAP6.3
337969	KAP19.2
337970	KAP19.3
337971	KAP19.4
337972	KAP19.5
337973	KAP19.6
337974	KAP19.7
337975	KAP20.1
337976	KAP20.2
337977	KAP21.1
337978	KAP21.2
337979	KAP22.1
337980	KAP8A
337980	KRTAP8P1
337981	KAP8B
337981	KRTAP8P2
337982	KAP19A
337982	KRTAP19P1
337983	KAP19B
337983	KRTAP19P2
337984	KAP19C
337984	KRTAP19P3
337985	KAP19D
337985	KAP20.3
337985	KRTAP19P4
337986	KAP21A
337986	KRTAP21P1
338002	C14orf71
338004	C14orf97
338004	NCRNA00226
338005	C14orf98
338005	NCRNA00221
338069	NCRNA00042
338069	ST7OT4
338094	C1orf179
338094	MGC27169
338321	CLR19.1
338321	NALP9
338321	NOD6
338321	PAN12
338322	CLR11.1
338322	NALP10
338322	NOD8
338322	PAN5
338322	Pynod
338323	CLR11.2
338323	GC-LRR
338323	NALP14
338323	NOD5
338323	Nalp-iota
338323	PAN8
338324	S100A15
338324	S100A7L1
338324	S100A7f
338328	GPI-HBP1
338328	LOC338328
338339	CD368
338339	CLECSF8
338339	Dectin-3
338339	MCL
338339	Mpcl
338376	IFNE1
338382	MGC16212
338382	MGC9726
338391	HIST2H2BB
338396	T2R02
338396	T2R2
338396	TAS2R2P
338398	T2R60
338399	T2R62
338399	TAS2R62
338412	T2R64
338412	T2R64P
338414	T2R18
338414	TAS2R18
338414	TAS2R65
338414	TAS2R65P
338427	HBII-437
338428	HBII-438a
338429	HBII-438b
338433	HBII-52-1
338440	PIG5
338440	TMEM16J
338440	TP53I5
338442	GPR109A
338442	HM74A
338442	NIACR1
338442	PUMAG
338442	Puma-g
338557	GPR120
338557	GPR129
338557	O3FAR1
338557	PGR4
338567	K2p18.1
338567	TRESK
338567	TRESK-2
338567	TRESK2
338567	TRIK
338596	SIAT8F
338599	DUPD1
338637	OR52M4
338657	CCDC84
338657	DLNB14
338661	PMP22CD
338661	PPP1R154
338661	SPATA47
338674	OR11-10
338699	FLJ37874
338699	PPP1R79
338699	SARP
338707	FLJ25045
338707	NGalNAc-T1
338739	CSTF3-AS1
338755	OR2AG2P
338758	LINC00936
338761	C1QTNF11
338761	CTRP11
338773	OBIF
338785	K6L
338785	KRT6L
338799	AK096174
338799	LIMT
338811	FAM19A2
338811	TAFA-2
338821	LST3
338821	SLC21A21
338872	AQL1
338872	C1QTNF9A
338872	CTRP9
338872	MGC48915
338879	RAH1
338917	CHX10
338917	HOX10
338917	RET1
338949	FLJ27523
339005	WHAMML1
339005	WHDC1L1
339105	POL3S
339123	C16orf20
339145	FAM92B
339145	FLJ44299
339168	MGC129793
339168	UNQ9390
339175	FLJ12760
339184	MGC87631
339192	CTD-2020K17.1
339192	LOC339192
339201	C17orf65
339201	DKFZp762C2414
339221	NPP7
339221	alk-SMase
339229	C17orf90
339229	MGC104712
339230	MGC16597
339263	C17orf51
339263	FLJ12977
339263	FLJ31874
339263	FLJ33618
339287	DKFZp686P24239
339287	MSL-1
339287	hMSL1
339290	lncOCMRL1
339302	CPX-IV
339318	HHZ181
339318	MGC44316
339324	Zfp260
339324	ozrf1
339327	MGC43537
339327	ZNF49
339344	P42pop
339345	ZC2HC12B
339366	THSD6
339390	LSECTIN
339390	UNQ431
339396	NEFHL
339398	LRRN6D
339403	GPCR142
339403	GPR100
339403	RLN3R2
339403	RXFPR4
339416	CT117
339416	FLJ45235
339448	RP13-531C17.2
339453	C1orf70
339453	SCA21
339468	LINC02797
339476	C1orf99
339476	TP53LC07
339479	DBCCR1L
339479	DBCCR1L1
339479	FAM5C
339483	MTMR9L
339487	ARCH
339488	AP-2epsilon
339488	AP2E
339500	MGC42493
339501	MPN2
339512	C1orf110
339512	MGC48998
339521	FAM58B
339521	FAM58BP
339524	FLJ41676
339535	LINK-A
339535	TCONS_00000027
339541	C1orf228
339541	MGC33556
339541	NCRNA00082
339559	FLJ16030
339559	ZFP69A
339559	ZKSCAN23A
339559	ZNF642
339559	ZSCAN54A
339562	IGKV1/OR2-118
339669	C22orf33
339669	EAN57
339669	MGC35206
339669	TEX33
339674	LINC00634
339745	BTBD33
339751	MLK7-AS1
339761	FLJ16008
339766	HEATR7B1
339768	FLJ42568
339778	C2orf70
339778	FAM166C
339778	LOC339778
339779	C2orf53
339779	MGC44505
339789	C2orf46
339789	FLJ45673
339789	LINC00298
339789	LINC01814
339789	NCRNA00299
339804	LOC339804
339807	AC007365.1
339829	CFAP59
339829	CILD14
339829	DKFZp434A128
339829	FAP59
339834	CCDC36
339834	CT74
339834	FLJ25320
339834	LELA1
339845	ASSP7
339855	FLJ33207
339862	BALR-6
339883	C3orf35
339906	PRSS42
339906	TESSP2
339929	MYCLo-5
339929	MYCLo-6
339942	C3orf47
339942	FLJ34151
339942	H1FX-AS1
339965	FLJ25770
339967	ECRG1
339967	HATL1
339967	HESP
339970	GCOM2
339970	GLURR2
339970	GRINL1B
339976	FLJ36180
339976	RNF209
339983	FLJ37478
339983	Hcml3
339983	Shati
339988	LINC002481
340024	B0AT1
340061	ERIS
340061	FLJ38577
340061	MITA
340061	MPYS
340061	NET23
340061	STING
340061	TMEM173
340069	ZNFD
340073	C5orf66-AS2
340074	LINC01959
340075	FLJ16069
340075	SPG66
340096	H3.X
340096	H3.Y.2
340120	DP58
340146	FRCL1
340152	C6orf95
340152	MCPIP4
340152	dJ281H8.1
340156	SgK085
340168	Esg1
340192	IQCB1P1
340192	dJ313I6.1
340198	dJ377H14.5
340204	C6orf127
340204	dJ510O8.6
340205	TLT1
340205	dJ238O23.3
340206	TLT3
340206	TREML3
340221	TNRC18C
340252	FLJ90430
340260	Uncx4.1
340273	ABCB5alpha
340273	ABCB5beta
340273	EST422562
340274	ASSP11
340274	TCAG_1641141
340277	C7orf46
340277	DKFZp686F0810
340277	FLJ45875
340277	MGC72075
340286	FAM183B
340286	FAM183BP
340286	LOC340286
340286	THEG6
340307	CTAGE6P
340307	MGC41943
340348	MGC50844
340348	Penumbra
340351	CCP3
340351	MGC32955
340357	RP11-252C15.1
340359	C8ORFK36
340371	DKFZp434P086
340390	KIAA1875
340393	C8orfK29
340393	TMEM249
340419	MGC35555
340441	A26A1
340441	CT104.3
340441	POTE-8
340441	POTE8
340481	DHHC21
340481	DNZ1
340481	HSPC097
340485	ALKCDase2
340485	ASAH3L
340485	FLJ41587
340499	bA537H15.4
340526	KIAA2001
340526	Mar5
340526	Mart5
340526	RGAG4
340526	SIRH8
340529	RBM32A
340533	KIAA2022
340533	KIDLIA
340533	MRX98
340533	XPN
340542	NGFRAP1L1
340543	WEX4
340547	GPA34
340547	MGC44287
340554	CXorf32
340554	MCPIP2
340569	LOC340569
340571	SIAH1L
340578	WDR40C
340581	ENST00000441841
340591	CA5BL
340591	CA5BP
340591	PRO2325
340595	FLJ46608
340595	Mar4
340595	Mart4
340595	SIRH11
340595	ZCCHC16
340602	CATACOMB
340602	CXorf67
340618	FAM41AY
340654	LIPL3
340654	bA304I5.1
340706	AMACO
340706	CCSP-2
340706	FLJ16213
340706	FLJ45857
340706	NET42
340719	ZC2HC12A
340745	AC022389.4
340745	LRRC22
340749	bA141D8.1
340784	NKX5-1
340811	AKR1C8P
340811	AKR1CL1
340895	C10orf112
340895	Diet1
340895	bA265G8.2
340990	FLJ46346
340990	OTGN
340990	mlemp
341019	DCDC5
341019	FLJ46154
341032	C11orf53
341032	MGC50104
341032	OCA-T1
341112	WARSP1
341116	CD20L7
341116	MS4A9
341148	HCP27
341208	DKFZp686F22190
341208	Zp
341230	ASSP13
341276	OR10A2P
341276	OST363
341277	OVTN
341315	PABPCP5
341315	PABPL2
341346	C12orf70
341346	LOC341346
341350	OVCH
341405	C12orf7
341405	DKFZp686O1689
341405	PANKY
341416	OR6C67
341457	PPIP8
341567	H1FNT
341567	H1T2
341567	HANP1
341640	DKFZp686J0811
341799	OR6S1Q
341880	C14orf36
341883	FLJ46156
341947	COX8-3
341965	VDAC3P
342035	CLOM
342035	COLM
342035	CRG-L2
342035	UNC-122
342035	colmedin
342096	GLP
342096	GOLGA6
342132	MGC75360
342184	DKFZP686C2281
342184	FLJ45135
342184	FMN
342184	LD
342184	MGC125288
342184	MGC125289
342357	FLJ23199
342357	ZNF694
342357	ZSCAN34
342358	HC1
342358	HCP39
342371	BOAT1
342426	KRBOX5P1
342426	ZNF720P1
342510	CD300LE
342510	CLM2
342510	IREM2
342527	FLJ42461
342538	MGC71999
342538	NACAL
342574	KRT25C
342666	LRRC37F
342667	24b2
342705	PGDL1
342850	DKFZp779B1634
342892	ZNF850P
342897	FBXO50
342897	LOC342897
342897	NCCRP-1
342898	FLJ27441
342898	INSSA1
342898	SYL
342909	DKFZp781F1775
342926	MGC48625
342931	RFPL4
342931	RNF210
342933	ZNF371
342933	ZNF495B
342945	HKR2
342945	ZNF50
342977	NANOS1L
342977	ZC2HC12C
343035	C1orf36
343035	LCA12
343066	OTTHUMG00000001889
343068	PRAMEF23
343068	PRAMEF5L
343069	HNRPCL1
343099	NY-SAR-41
343169	OST731
343170	OR5AY1
343171	OR2W3P
343171	OR2W8P
343171	OST718
343172	OR2T8P
343332	CHR39A
343332	FDPSL1
343332	FPSL1
343406	OR10R2Q
343413	FLJ16056
343413	FcRH6
343413	IFGP6
343450	KCa4.2
343450	SLICK
343450	SLO2.1
343477	GRP94c
343477	TRA1P2
343477	TRAP2
343505	NBPF7
343515	ATP6EP1
343515	ATP6V1EP1
343521	TCTEX1D4
343578	C20orf95
343578	dJ1100H13.4
343637	C20orf182
343637	dJ824F16.3
343641	SCA35
343641	TGM3L
343641	TGY
343641	dJ734P14.3
343702	C20orf159
343702	dJ310O13.4
343727	CYC1LP5
343930	pMesogenin1
343990	C2orf55
343990	KIAA1211L
343990	MGC42367
344018	Figalpha
344018	bHLHc8
344148	ERIH1
344148	ERIH2
344148	NAP5
344332	FABP5L10
344371	LOC344371
344405	NCRNA00117
344405	PRDXDD1P
344405	Prdxdd1
344405	ProX
344405	ProXp-ala
344405	Ybakd1
344454	AOH2
344454	AOX2
344558	FLJ00204
344558	POSH2
344558	SH3MD4
344561	PGR6
344595	LINC00883
344657	LRRC64
344658	DKFZp686E1583
344709	CCDC75P1
344752	MGC72001
344758	IEDA
344758	PGR10
344758	R35
344760	CASRL1
344760	GPRC2B
344807	CD200R2
344807	CD200RLa
344813	GSTO3P1
344838	BLNC1
344838	FLJ41938
344875	COL6A4
344875	COL6A4P
344875	DIVA
344875	DVWA
344875	VWA6
344887	LOC344887
344887	NMRAL1P1
344892	MGC78665
344892	Z3CXXC2
344905	FLJ16025
344988	SAR1P3
345041	HSPD1-8P
345041	HSPDP5
345062	ESSPL
345079	ANKRD56
345193	CSNB1F
345193	FIGLER4
345193	FLJ44691
345222	C4orf44
345222	LOC345222
345275	SCDR9
345275	SDR16C3
345462	DKFZp686E2433
345611	IFI1
345611	IRGM1
345611	LRG-47
345611	LRG47
345630	LOC345630
345643	IDAS
345643	MCI
345643	MCIN
345651	DKFZp686D0972
345757	NS5ATP6
345757	TMEM157
345757	UNQ1912
345829	RAET1J
345895	CILD11
345895	FLJ37974
345895	RSHL3
345895	RSPH6B
345895	dJ412I7.1
345930	ARHGEF32
345930	C6orf91
345930	FBXO49
345930	LFDH
346007	C6orf178
346007	C6orf179
346007	C6orf180
346007	EGFL10
346007	EGFL11
346007	RP25
346007	SPAM
346007	bA166P24.2
346007	bA307F22.3
346007	bA74E24.1
346007	dJ1018A4.2
346007	dJ303F19.1
346085	GAPDHL18
346085	GAPDL18
346157	dJ153G14.3
346171	C6orf40
346171	ZNF698
346171	bA145L22
346171	bA145L22.2
346288	FLJ44060
346288	SEPT14
346288	Septin-14
346389	7A5
346389	SH3BP4L
346517	GPR138
346524	OR7-2
346525	OR2A12P
346547	FLJ42291
346547	TCONS_l2_00027524
346547	envF(c)2
346562	GDCA
346562	gustducin
346606	DC7
346606	DGAT2L2
346653	FAM137B
346653	FAM71F2
346653	GARI
346689	CLEC15B
346689	FLJ44186
346990	H2AFZP2
347028	AFG3L2P
347088	GPR144
347088	PGR24
347127	FAM75D5
347127	FAM75D5P
347127	FLJ43950
347148	26RFa
347148	P518
347148	prepro-26RFa
347168	hg32
347169	OR9-B
347193	RP11-284P20.2
347240	C9orf48
347240	FLJ10933
347240	FLJ43884
347240	bA571F15.4
347252	bA113O24.1
347265	KRT8L1
347265	RP11-13B9.3
347273	MURC
347273	cavin-4
347275	BAATP1
347281	TOPORSLP1
347344	HFZ20
347344	MRX45
347363	KIF4P1
347365	ITIH5L
347365	UNQ6369
347376	H3.8
347376	H3F3AP5
347402	NLRP3P
347402	NOD13
347404	FLJ42925
347411	SLC54A3
347422	LOC347422
347442	WDR42C
347454	ANKRD58
347487	RP11-35F15.2
347487	SGPX
347516	DC3
347516	FLJ25989
347541	CT3.3
347541	MAGE-B5
347549	CENPVP3
347584	TSPYP1
347587	MRP63P10
347613	ADPRTL1P
347613	PARP4P
347613	PARP4PY1
347673	bcm2636
347686	HBII-13
347687	GNG5P2
347688	bA631M21.2
347689	DKFZp761J1324
347689	NCRNA00043
347689	SOX2OT
347694	ECEL2
347730	FLJ32082
347732	CACRC
347733	DKFZp566F223
347733	MGC8685
347733	bA506K6.1
347734	UGTrel4
347735	FKSG84
347735	PRO0899
347735	TDE2L
347736	NM23-H9
347736	TXL-2
347736	TXNDC6
347745	PAR-4
347746	PAR-SN
347746	PARSN
347853	TBX13
347853	TBX7
347862	FERRY5
347862	FLJ34283
347862	Fy-5
347862	PDDC1
347902	ALI1
347902	DEGA
347918	EP400NL
347918	FLJ33915
347933	NLRP9P
347933	NOD25
348013	FAM70B
348013	MGC20579
348094	FLJ25870
348110	C15orf38
348110	MGC61550
348120	CT60
348120	LOC348120
348158	HXMA
348158	HYST1046
348174	MRCL
348180	C16orf84
348180	NCS2
348235	FAM33A
348235	FLJ12758
348254	CCDC144C
348262	FAM195B
348262	GRAN2
348262	MCRIP
348303	SELV
348327	KIAA1508
348378	FAM159A
348378	MGC52498
348487	C1orf117
348487	FLJ36766
348567	TERF1P
348645	C22orf34
348654	FLJ40869
348654	Gen
348751	FONG
348793	MGC12928
348793	MGC64882
348801	NP3
348807	CCDC37
348807	FLJ40083
348808	NCRNA00119
348825	FLJ35107
348825	TPRX3P
348932	FLJ31236
348932	Xtrp2
348938	ICHYN
348938	NIPA4
348938	SLC57A6
348980	BCNG-1
348980	BCNG1
348980	HAC-2
348995	FLJ13287
348995	bA350J20.1
349075	FLJ39963
349114	NCRNA00265
349114	NCRNA00265-1
349149	CX29
349149	CX30.2
349152	DKFZp434E092
349152	FLJ36166
349158	HCP20
349198	HCP21
349198	HS7
349334	FOXD4L2
349334	OTTHUMG00000013337
349334	OTTHUMG00000066752
349334	bA460E7.2
349391	HCP44
349565	PNAT3
349633	C11orf34
349667	NGRH1
349667	NgR2
350383	PGR2
352852	HCP45
352887	GYG2P
352896	GPR143P
352896	GPR143Y
352896	OA1P
352909	C19orf51
352909	CILD2
352909	FLJ36139
352909	FLJ40069
352909	pf22
352954	CASTOR3
352954	DKFZp686B07267
352954	GATS
352954	STAG3OS
352961	NCRNA00191
352961	bCX205D4.4
352961	bPG181B23.4
352962	HLA-75
352962	dJ377H14.4
352963	C6orf101
352963	HLA-90
352963	dJ377H14.3
352964	HLA-16
352965	Em:AB023056.13
352965	HLA-21
352966	HLA-80
352990	HCP5P10
352990	P5-10
352990	P5.9
352999	LEG1
353001	HCGIV-03
353001	HCGIV-3
353001	HCGIV.2
353002	HCGIV-04
353002	HCGIV-4
353002	HCGIV.3
353003	HCGIV-05
353003	HCGIV-5
353003	HCGIV.4
353004	HCGIV-07
353004	HCGIV-7
353004	HCGIV.C
353005	HCGIV-08
353005	HCGIV-8
353005	HCGIV.7
353013	RPL7B
353013	dJ377H14.2
353014	HCGIV-09
353014	HCGIV-9
353019	HCGIX-5
353019	dJ377H14.6
353020	HCGIV-11
353020	HCGIV.10
353091	ULBP5
353116	FLJ39378
353131	LEP1
353132	LEP2
353132	SPRL2A
353133	LEP3
353134	LEP4
353135	LEP5
353137	LEP6
353139	LEP9
353140	LEP11
353141	LEP12
353141	SPRL1A
353142	LEP13
353143	LEP14
353144	LEP15
353144	SPRL3A
353145	LEP17
353149	MGC51025
353164	T2R24
353164	T2R55
353164	TAS2R55
353164	hT2R55
353174	LGICZ
353174	LGICZ1
353174	ZAC1
353189	OATP-H
353189	OATP4C1
353189	OATPX
353189	SLC21A20
353194	lncKRT16P6
353219	RU2AS
353267	C6orf119
353267	FAM103A2P
353267	RAMMETL
353267	dJ427A4.2
353274	ZKSCAN15
353274	ZNF168
353274	ZSCAN47
353288	KRT25B
353299	RGSL2
353322	Lrp2bp
353323	KAP12.2
353323	KRTAP12.2
353329	PSIP1P
353332	KAP12.1
353332	KRTAP12.1
353333	KAP10.10
353333	KAP18.10
353333	KRTAP18-10
353345	PGR13
353355	FLJ38032
353376	TICAM-2
353376	TIRP
353376	TRAM
353500	OP-2
353500	Op2
353513	BPY1B
353514	CD85
353514	CD85f
353514	ILT11
353514	LILRB7
353514	LIR9
353515	XKRY2
359710	C20orf185
359710	LPLUNC3
359710	RYA3
359710	dJ726C3.4
359724	RN18S2P
359729	MRP63P2
359730	MRP63P3
359731	MRP63P7
359732	MRP63P8
359733	MRP63P9
359774	MRPS29P2
359787	Pgc7
359787	Stella
359791	CRSP2P
359791	CXorf4P
359791	MED14P
359793	AGKY1
359794	TUSC2P
359796	SMCYP
359802	MRPS10P3
359802	MRPS10P4
359804	DAP3P
359804	MRPS29P1
359805	pF2PCNA
359806	p1PCNA
359822	NCRNA00099
359822	UM9-5
359845	Cfm1
359845	FAM101B
359845	MGC45871
359845	RefilinB
359941	CDK4PS
359948	IRF-2BP2
359948	LRIR2
359997	ATP5JP1
360001	pseudo-IFN-alpha-m
360008	GAPDHP18
360009	CYCSP54
360009	HCP49
360018	BAT2D1P1
360018	BAT2L2P1
360021	PPP1R12BP
360021	PPP1R12BPY1
360023	DKFZp686C06120
360023	FLJ36199
360023	FRBZ1
360023	ZNF924
360024	GOLGA6L15P
360029	FAM199Y
360132	FKBP9L
360132	MGC20531
360155	HC6
360155	HCP2
360156	HCP3
360157	HCP4
360159	HCP6
360160	HCP8
360163	HCP9
360165	NDUFA4P1
360166	HCP10
360167	HCP11
360168	CYCSP13
360168	HCP12
360168	HCP13
360170	HCP14
360171	HCP16
360172	HCP17
360173	HCP18
360174	HCP19
360175	HCP22
360176	HCP23
360177	HCP24
360177	HCP31
360178	HCP26
360179	HCP28
360180	HCP29
360181	HCP32
360182	HCP34
360183	HCP37
360184	HCP38
360185	HC7
360185	HCP40
360186	CYC1LP4
360186	HCP41
360187	HCP43
360188	HCP48
360203	GLTDC1
360205	C17orf93
360205	HOXB-AS5
360205	HOXB13-AS1
360205	NCRNA00253
360226	TESSP1
360227	HIN1L
373156	GST13
373159	STK19B
373159	STK19P
373159	bPG116M5.10
373856	USP18B
373856	USP41
373861	H1-9
373861	H1.9
373861	HILS1
373863	MGC34750
373863	RBMS4
374286	CDRT1
374286	FBXW10P1
374286	SM25H2
374291	CI-20
374291	FLJ45860
374291	FLJ46880
374291	PSST
374308	FLJ44037
374308	PTR
374308	SLC65C3
374354	DKFZp779F115
374354	FLJ20147
374354	FLJ25621
374354	FLJ33312
374354	MGC45492
374355	C10orf96
374355	MGC35062
374378	GALNTL4
374378	GalNAc-T18
374378	MGC71806
374383	B7-H6
374383	DKFZp686O24166
374393	CANP
374403	Carabin
374403	EPI64C
374403	FLJ00332
374407	RSPH16A
374407	TSARG6
374454	KRT1B
374462	DFNB84
374470	FLJ25323
374500	THSD1P
374569	C14orf76
374569	LysoLP
374569	hASNase1
374650	FLJ35171
374650	FLJ40113
374650	GOLGA6L5
374650	GOLGA6L8
374654	JBTS12
374655	DKFZp547K1113
374655	FLJ00306
374655	FLJ37393
374659	MESH1
374659	MGC45386
374659	MYNRL15
374666	FAM39DP
374666	FLJ25222
374677	FAM39CP
374677	FLJ31670
374739	TEPP
374768	C17orf83
374768	FLJ40081
374786	FLJ46247
374819	FLJ34306
374860	NY-BR-1.1
374864	C18orf34
374864	FLJ44050
374868	ATPIIB
374872	C19orf35
374872	FLJ45778
374875	HSD1L
374875	SCDR10
374875	SDR26C2
374877	C19orf45
374877	FLJ35784
374877	TEX45
374879	FLJ38144
374879	hang
374882	MBC3205
374882	UNQ501
374887	FLJ44968
374887	hYjeF_N3-19p13.11
374897	HLAR698
374897	UNQ698
374899	DKFZp779O175
374900	DKFZp686B0797
374907	B3GALT7
374907	BGALT15
374907	beta3Gn-T8
374918	UNQ644
374920	C19orf68
374920	LOC374920
374928	MGC4728
374928	ZNF419B
374946	C1orf187
374946	FLJ34999
374946	Neucrin
374955	spergen-2
374955	spergen2
374969	CCDC23
374973	ATPAF1-AS1
374973	C1orf223
374973	LOC374973
374973	THEG4
374977	C1orf175
374977	FLJ46354
374977	HEATR8
374986	FAM73A
374986	FLJ35093
374987	C1orf118
374987	FLJ90637
375027	S100A7L4
375027	s100a7e
375033	FLJ00193
375033	JEDI
375033	MEGF12
375035	UNQ512
375035	dJ747L4.C1.2
375056	FLJ39207
375056	KIAA0268
375056	TANGO
375056	TANGO1
375056	UNQ6077
375057	C1orf95
375057	DKFZp761P211
375061	C1orf153
375061	MGC15887
375248	UNQ2430
375260	FAM39B
375260	MGC52000
375287	C2orf38
375287	FLJ45645
375295	TALNEC2
375298	RP26
375307	C2orf62
375307	MGC50811
375316	FLJ40411
375318	AQP12
375323	GARLH4
375337	C3orf77
375337	FLJ36157
375341	FLJ43654
375341	MAPS
375346	MGC52022
375346	TMEM110
375387	ELLP3030
375387	GARPL1
375387	LRRC33
375387	MGC50789
375387	UNQ3030
375444	FLJ32363
375449	KIAA0303
375484	C5orf25
375484	FLJ44216
375484	OOMA1
375484	PLEIAD
375513	C6orf216
375513	FLJ13549
375513	GUSBL2
375513	SMAC3L
375519	CX25
375519	bA136M9.1
375567	PSST739
375567	UNQ739
375593	TRIM50B
375601	OR7E32P
375601	OST205
375607	C7orf52
375607	FLJ39237
375611	DFNB61
375611	PRES
375611	PRESTIN
375616	CRIM2
375616	FLJ33365
375616	NET67
375686	MGC61633
375686	SPATA15
375686	SPERIOLIN
375704	C9orf165
375704	UNQ470
375748	C9orf102
375748	FLJ37706
375748	HEBO
375757	C9orf119
375757	SAE3
375757	bA395P17.9
375759	FLJ35803
375775	C9orf111
375775	FLJ31318
375775	FLJ43070
375775	FLJ44279
375775	NTE-R1
375775	NTEL1
375775	RP11-48C7.2
375790	AGRIN
375791	C9orf169
375791	MGC59937
375850	RBMY2B
375940	DMBT1P1
376132	HRLRRP
376132	LRRC10A
376497	ACSVL5
376497	FATP
376497	FATP1
376497	FLJ00336
376497	MGC71751
376693	lnc-MCEI
376940	FLJ41410
376940	FLJ45877
376940	KIAA2035
376940	ZC3HDC6
377007	FLJ43374
377047	PRSS45
377047	TESPL
377047	TESSP5
377381	dJ125M3.1
377630	DUB3
377677	CAXIII
377677	FLJ37995
377677	MGC59868
377841	NTPDase-8
377841	UNQ2492
377997	TSPYP2
378001	TSPYP3
378009	OFD1P1
378009	OFDYP1
378010	OFD1P2
378010	OFD1PY2
378010	OFDYP2
378013	TSPYP4
378108	MGC45440
378108	TRIM50C
378706	7L30.1
378706	7SL1c
378706	RNSRP2
378707	7L30.2
378707	RN7SL631P
378707	RNSRP3
378708	APITD1
378708	CENP-S
378708	FAAP16
378708	MHF1
378805	FLJ43663
378805	LOC646329
378805	LincRNA-Pint
378805	MKLN1-AS1
378805	PINT
378805	PINT87aa
378805	TISPL
378810	SNX19P
378818	RL37P
378819	RL37P2
378825	C21orf113
378825	LINC00162
378825	NCRNA00162
378825	NLC1-C
378825	PRED74
378825	lnc-NLC1-C
378828	C21orf117
378828	NCRNA00317
378828	PRED89
378832	C21orf123
378832	NCRNA00175
378832	PRED80
378881	C14orf89
378881	NCRNA00225
378884	EPM2B
378884	bA204B7.2
378925	MGC35222
378938	HCN
378938	LINC00047
378938	MALAT-1
378938	NCRNA00047
378938	NEAT2
378938	PRO1073
378938	mascRNA
379025	FLJ31306
379027	TSPYP5
379034	FLJ10489
386597	RNF144A-AS1
386608	AYP1p1
386618	bA321C24.3
386627	FLJ38109
386627	GALNT10-AS1
386653	IL-31
386654	OSTF1P
386665	AURKAPS2
386665	STK6LP
386672	KAP10.4
386672	KRTAP18-4
386672	KRTAP18.4
386674	KAP10.6
386674	KAP18.6
386674	KRTAP18-6
386674	KRTAP18.6
386675	KAP10.7
386675	KAP18.7
386675	KRTAP18-7
386676	KAP10.9
386676	KAP18.9
386676	KRTAP18-9
386677	KAP10.1
386677	KAP18.1
386677	KRTAP18-1
386678	KAP10.11
386678	KAP18.11
386678	KRTAP18-11
386678	KRTAP18.11
386679	KAP10.2
386679	KAP18.2
386679	KRTAP18-2
386680	KAP10.5
386680	KAP18.5
386680	KRTAP18-5
386681	KAP10.8
386681	KRTAP18-8
386681	KRTAP18.8
386682	KAP10.3
386682	KAP18.3
386682	KRTAP18-3
386683	KRTAP12.3
386684	KRTAP12.4
386685	KAP10.12
386685	KRTAP18-12
386685	KRTAP18.12
386687	OFD1P19
386687	OFD1P19Y
386687	OFD1P3
386687	OFD1PY19
386687	OFD1PY3
386687	OFDYP3
386688	OFD1P4
386688	OFD1PY4
386688	OFDYP4
386689	OFD1P5
386689	OFD1PY5
386689	OFDYP5
386690	OFD1P6
386690	OFD1PY6
386690	OFDYP6
386691	OFD1P7
386691	OFD1PY7
386691	OFDYP7
386692	OFD1P8
386692	OFD1PY8
386692	OFDYP8
386693	OFD1P9
386693	OFD1PY9
386693	OFDYP9
386694	OFD1P10
386694	OFD1PY10
386694	OFDYP10
386695	OFD1P11
386695	OFD1PY11
386695	OFDYP11
386696	OFD1P12
386696	OFD1PY12
386696	OFDYP12
386697	OFD1P13
386697	OFD1PY13
386697	OFDYP13
386698	OFD1P14
386698	OFD1PY14
386698	OFDYP14
386699	OFD1P15
386699	OFD1PY15
386699	OFDYP15
386726	FAM8A8P
386746	GPR169
386746	mrgG
386757	CT-2
386757	SLC6A10
386758	ZNF582-AS1
387032	FLJ32136
387032	P1P373C6
387032	ZNF307
387032	ZNF427
387032	ZSCAN36
387032	p373c6.1
387036	GUSBL1
387036	SMA3-L
387036	SMAC3L2
387036	bA239L20.1
387036	bA239L20.5
387036	bGLU-Lp
387039	HTATSF1P
387039	TAT-SF1-L
387039	dJ1033B10.6
387043	dJ271M21.3
387044	BBC1p
387044	dJ111M5.1
387046	RPL2p
387046	RPL8P
387046	dJ15D7.1
387055	C6orf38
387055	C6orf39
387055	bA373N24.1
387063	HMGA1L5
387065	HMGA1L7
387066	C6orf160
387066	LINC00044
387066	MGC16362
387066	NCRNA00044
387066	U50HG
387066	bA33E24.2
387071	C6orf87
387071	FAM136B
387071	dJ40E16.3
387074	bA55K22.4
387082	IDDM5
387082	SMT3H4
387082	dJ281H8.4
387090	bA256G5.1
387101	bA632C17A.1
387103	C6orf173
387103	CUG2
387104	C6orf174
387104	SOGA3
387104	dJ403A15.3
387107	ATP5J2P2
387107	bA249L21.4
387111	C6orf181
387111	NCRNA00222
387111	dJ354J5.2
387117	UBQLN1P
387119	C6orf204
387119	NY-BR-15
387119	bA57K17.2
387122	Em:D84394.5
387129	GPR154
387129	GPRA
387129	PGR14
387254	IMAA
387254	hLAT1-3TM
387263	bA160E12.4
387264	KRN1L
387264	KRTAP5.1
387266	KRTAP5.3
387267	KRTAP5.4
387273	KRTAP5.10
387275	KRTAP5.P1
387275	KRTAP5P1
387276	KRTAP5-12
387276	KRTAP5.P2
387276	KRTAP5P2
387316	VNR6I1P
387316	b24o18.2
387316	hs6V1-1p
387317	VNR6I2P
387317	dJ86C11.7
387317	hs6V1-2p
387319	H2AFSP
387319	HIST1H2APS1
387319	bA317E16.5
387320	VNR6I5P
387320	bA457M11.4
387320	hs6M1-5p
387321	VNR6I3P
387321	bA373D17.2
387321	hs6V1-3p
387322	VNR6I4P
387322	bA373D17.3
387322	hs6V1-4p
387323	H2AFUP
387323	HIST1H2APS3
387323	dJ34B20.8
387325	FLJ39701
387325	H1F6P
387325	HIST1H1PS1
387325	dJ34B20.16
387328	ZNF322B
387332	TBP2
387332	TRF3
387338	MGC22960
387338	SHTAP
387357	C6orf190
387357	C6orf207
387357	FLJ40584
387357	THEMIS1
387357	TSEPA
387357	bA325O24.3
387357	bA325O24.4
387486	C21orf131
387486	FLJ37539
387486	NCRNA00320
387486	PRED14
387491	GAPDP16
387503	HCGIV-01
387504	HCGIV-02
387505	HCGIX-1
387506	HCGIX-2
387507	HCGIX-3.2
387509	PGR1
387521	Kua
387521	TMEM189
387522	CROC-1B
387522	Kua-UEV
387522	TMEM189-UBE2V1
387553	DNM1DN18
387554	DNM1DN19
387559	HsT283
387590	psiTPTE22
387597	C1orf32
387601	HIMTP
387601	MGC120420
387601	UST6
387612	HsT2789
387615	HsT312
387628	KGFLP1
387640	C10orf140
387640	FLJ45187
387644	C10orf51
387644	LINC00202
387644	LINC00202-1
387644	NCRNA00202
387644	bB27G4.1
387646	LRRC37E
387680	FAM21A
387680	FAM21B
387680	FLJ10824
387680	bA56A21.1
387680	bA98I6.1
387684	ARL4B
387684	ARL4P
387684	Em:AC022390.2
387695	AP-57
387695	C10orf99
387695	CSBF
387695	FLJ21763
387695	GPR15L
387695	RLLV1833
387695	UNQ1833
387700	CRT2
387700	MCT12
387707	C10orf130
387707	C10orf131
387707	bA248J23.4
387707	bA690P14.3
387712	AC023283.3
387712	C10orf134
387715	ARMD8
387715	LOC387715
387718	C10orf122
387718	bA383C5.1
387723	LINC00959
387733	BRIL
387733	DSPA1
387733	Hrmp1
387733	fragilis4
387742	FLJ42833
387748	OR56B1P
387751	FLJ13373
387751	GVIN1
387751	GVIN1P
387751	VLIG-1
387751	VLIG1
387758	MGC24932
387775	OAT5
387775	hOAT5
387778	Ringo2
387804	C11orf90
387804	LOC387804
387815	OR8G3P
387820	LOC387820
387836	INPE5792
387836	KACL
387836	PILAR
387836	UNQ5792
387841	HANR
387849	RAB15EP
387856	C12orf68
387856	LOC387856
387867	LAMR1P12
387867	LAMRL2
387867	LAMRP2
387882	AGD3
387885	CCDC42B
387890	DSPB2
387890	IFITMD2
387893	PR-Set7
387893	SET07
387893	SET8
387893	SETD8
387895	DMDRMR
387911	CTRP9B
387914	C13orf13
387914	PRO28631
387914	TMEM46
387914	WGAR9166
387914	bA398O19.2
387914	hShisa
387923	C13orf21
387923	bA269C23.1
387934	FABP5L1
387978	C14orf23
387990	UNQ9438
388007	SERPINA13
388007	UNQ6121
388011	C14orf64
388015	HUR1
388015	Mar1
388015	PEG11
388015	SIRH2
388021	C14orf90
388021	FLJ42486
388021	TMEM179A
388077	IGHV1/OR15-1
388115	C15orf52
388115	FLJ43339
388121	FLJ41287
388125	FAM148B
388125	NLF2
388135	C15orf59
388135	LOC388135
388135	MGC131524
388165	FLJ43276
388165	UBE2QP1
388181	FAM149B2
388181	KIAA0974P
388182	FLJ42289
388182	HSD47
388199	gs64
388228	Sbk
388254	D16F37S6
388255	IGHV3/OR16-8
388275	HNRPA1L3
388276	C16orf97
388284	FLJ41802
388325	C17orf87
388325	DTFT5783
388325	FLJ32580
388325	MGC163426
388325	MGC163428
388325	UNQ5783
388327	LOC388327
388336	FLJ45455
388341	C17orf76
388341	FAM211A
388341	FLJ35696
388364	TMIGD
388364	UNQ9372
388372	AT744.2
388372	CCL4L
388372	LAG-1
388372	SCYA4L
388381	C17orf98
388381	LOC388381
388389	CCDC103
388389	CILD17
388389	FLJ13094
388389	FLJ34211
388389	PR46b
388394	MGC43894
388403	FKSG4
388407	C17orf82
388419	BTBD17A
388419	LGALS3BPL
388419	TANGO10A
388428	AATK-AS1
388468	A26B2
388468	CT104.6
388468	DKFZp686J0529
388468	POTE-18
388468	POTE18
388478	SDCCAG3L
388478	SDCCAG3P1
388503	CPLP
388507	FLJ46419
388507	ZNF788
388512	FLJ45910
388524	RPSAP58
388531	FLJ45744
388531	R9AP
388533	KDAP
388533	UNQ467
388536	FLJ20350
388536	MGC62100
388551	DFNA4B
388552	BLOS3
388552	HPS8
388553	BHMG1
388553	HMGDC
388555	UNQ483
388561	FLJ16231
388561	FLJ35333
388561	KIAA2033
388566	CZF-1
388566	FLJ26175
388567	FLJ16360
388569	FLJ45850
388581	ADIPOLIN
388581	C1QDC2
388581	CTRP12
388581	FAM132A
388581	MGC105127
388585	bHLHb38
388588	Vel
388591	C1orf188
388591	FLJ32096
388591	FLJ46380
388605	HS6ST1P
388610	C1orf225
388610	TRNP
388630	TIKI2
388646	FLJ38822
388646	GBP4L
388649	SCRE
388649	SPO16
388650	FAM69A
388650	FLJ23493
388662	NTT4
388667	C1orf137
388677	N2N
388677	NOTCH2NL
388685	FLJ39739
388685	LINC00875
388685	LINC01731
388695	MGC35223
388695	RP11-68I18.5
388695	SB145
388697	FLG3
388697	S100a18
388698	IFPS
388699	C1orf46
388699	NCRNA00302
388699	XP33
388701	C1orf189
388714	FMO6
388719	C1orf120
388719	NCRNA00272
388719	RP1-223H12.3
388730	HC3107
388730	KVLA2788
388730	MGC75217
388730	UNQ2788
388734	LOC388734
388743	nCL-2
388753	C1orf31
388759	C1orf229
388759	FLJ45717
388761	OR5AX1
388761	OR5AX1P
388762	OR2M1
388762	OST037
388789	LINC00493
388789	LOC388789
388799	C20orf107
388799	dJ1153D9.4
388815	C21orf34
388815	C21orf35
388815	DILA1
388815	FLJ38295
388815	LINC00478
388815	MONC
388820	SMIM34A
388830	C21orf111
388830	NCRNA00316
388830	PRED59
388882	LINC01658
388886	C22orf36
388886	FAM211B
388886	MGC131773
388910	NCRNA00207
388931	SLC59A2
388939	C2orf71
388939	FLJ34931
388939	RP54
388955	LOC388955
388960	COG5373
388960	FLJ43987
388960	hCG1989538
388963	LOC388963
388963	hCG40743
389000	NHEDC1P2
389015	NHE4
389023	BC032913
389072	DAPR
389072	PLEKHM1L
389073	GONDA1
389073	LOC389073
389084	ASCL830
389084	C2orf82
389084	UNQ830
389090	OR6B2P
389114	FLJ45880
389118	CDH29
389118	VLLR9392
389119	C3orf54
389119	FAM212A
389120	ACTBP13
389125	Mustang
389136	VGL-3
389144	OST702
389151	FLJ46116
389152	FLJ46210
389160	CPHL1
389161	C3orf16
389170	FLJ16641
389177	FLJ23172
389179	EEF1AL6
389180	5-HT3C2
389197	FLJ46481
389203	C4orf52
389203	MITRAC7
389203	PNX
389206	CCDC4
389206	FLJ35632
389206	FLJ43965
389207	DFNB25
389207	PPP1R88
389208	FLJ16046
389208	HATL4
389240	NACA3
389289	AXIIR
389289	C5orf39
389293	ISCA1L
389320	C5orf48
389320	FLJ27505
389320	MGC163367
389320	MGC163369
389320	TEX43
389320	Tseg7
389333	C5orf65
389336	AP-64
389336	MGC23985
389336	SSSP1
389337	FLJ41603
389362	C6orf86
389362	PAC4
389376	SFTPG
389376	SP-G
389383	C6orf126
389383	UNQ3045
389383	dJ510O8.5
389384	C6orf222
389384	DKFZp779B1540
389396	C6orf140
389396	bA28H17.2
389400	C6orf144
389400	GRAL
389400	UNQ9356
389400	bA360D14.1
389416	DHRS6P1
389416	bA758C21.1
389421	CSDD2
389421	FLJ16517
389424	PA2G4L2
389432	dJ875H10.1
389434	C6orf71
389434	DEHAL1
389434	dJ422F24.1
389465	LOC389465
389493	NUPR1L
389493	P8
389537	OR7E76
389537	OST127
389541	C7orf59
389549	ZNF312B
389558	HWKM1940
389558	UNQ1940
389599	ALS2CR2P1
389599	STLK6ps1
389611	FAM90A3P
389616	PJCG6
389630	FAM90A15P
389631	ZNF705C
389641	LOC389641
389641	PLACT1
389643	C8orf80
389643	HMFN0672
389643	SLIP-GC
389649	C8orf86
389649	FLJ43582
389652	ASNSL1
389658	AUGB
389658	FAM150A
389658	UNQ9433
389662	SEPT10P1
389674	HNRPA1P4
389676	C8orf87
389690	FLJ43860
389692	RIPE3b1
389692	hMafA
389715	C9orf144
389715	C9orf144A
389715	DKFZp434J193
389715	FAM205B
389715	FAM205BP
389730	FAM75A6
389730	OTTHUMG00000013224
389740	GPR116P1
389741	FAM88A
389741	LINC01172
389741	MGC21881
389741	TCONS_00015562
389761	FAM75D4
389761	FLJ43859
389762	FAM75D3
389762	FLJ44082
389763	FAM75D1
389763	FLJ46321
389766	bA507D14.1
389791	PTGES2-AS1
389792	bA247A12.2
389799	C9orf171
389799	FLJ46082
389812	PRO6093
389812	UNQ2541
389813	C9orf172
389813	ajm-1
389816	OTTHUMG00000020980
389816	bA350O14.10
389827	MYOMAKER
389827	TMEM226
389827	TMEM8C
389840	ASK3
389840	FLJ16518
389840	bA723P2.3
389842	LOC389842
389844	FTHL19
389849	GAPDHL10
389849	GAPDL10
389852	LYC5
389852	LYZL5
389852	PNPK6288
389852	SLLP2
389852	UNQ6288
389852	dJ54B20.3
389856	USP27
389857	CENPVP1
389857	PRR6L1
389860	CT16.5
389866	SERBP1P
389874	4930513O09RIK
389874	Cnbp2
389874	ZNF9L
389884	PA2G4P
389903	CSAG3A
389932	TAKR
389941	C1QTNF13
389941	C1ql
389941	CTRP13
389941	K100
390003	GUCY2G
390006	bA108K1.2
390010	C10orf121
390010	bB238F13.2
390028	OR4F2
390028	S191N21
390028	hs6M1-11
390030	OR55B2P
390030	OR55C1P
390031	SSU72P2
390033	SSU72P7
390038	OR51D1Q
390053	OR52A4
390073	OR56B2P
390075	OR52N5Q
390083	OR56A3P
390083	OR56A6
390084	OR56A5P
390134	OR4A4
390138	OR4A25P
390139	OR4A22P
390148	OR5W2P
390148	OR5W3P
390154	OR5T3Q
390155	OR5T1P
390168	OST050
390174	OR9G5
390183	RPS4P13
390186	OR13-34
390186	OR13-64
390186	OR13-67
390186	OR5B10
390186	OR5B11
390186	OR5B11P
390186	OR5B18P
390186	OR5B4P
390190	OST073
390191	OR5B12P
390191	OR5B16
390191	OST743
390197	OR4D10P
390197	OST711
390212	PGR5
390218	lnc-MRGPRF-6
390221	FOLR1P
390226	GC-E
390226	GUCY2E
390231	TRIM77P
390239	NDUFB11P
390243	FOLR4
390243	Folbp3
390243	JUNO
390245	JMJD2E
390245	KDM4DL
390245	KDM5E
390259	BSX1
390266	OR10D4
390266	OR10D6P
390275	OST025
390288	OR7E54P
390288	OST185
390311	PHBP18
390313	OR5BS1P
390321	OST267
390329	OR6U1P
390354	bcm182
390402	ALDRL4
390403	FAM206BP
390424	ATP5G1P5
390432	OR4Q2P
390441	OR11H7P
390443	RAK1
390443	h461
390472	OTTHUMG00000135122
390482	AKR1B1P
390501	MPPE1P
390502	ARGS
390502	PIL
390502	SERPINA2P
390530	IGHV1/OR21-1
390531	IGHV1/OR15-9
390531	IGHV1OR159
390531	VSIG7
390535	GOLGA8E
390581	ATP5HP1
390581	HsT18164
390594	NEM6
390594	hCG_1645727
390598	CORL1
390598	FUSSEL15
390598	LBXCOR1
390617	LOC390617
390637	C15orf58
390648	OR4F12
390650	OR4F14
390660	ADAMTS7P2
390664	CTRP8
390664	UNQ5829
390667	C16orf38
390688	A-761H5.2
390714	IGHV3/OR16-17
390714	LOC390714
390730	PHBP21
390748	ePABP2
390756	OR3A4
390788	CCL3L2
390788	LD78gamma
390788	SCYA3L2
390790	ARL12
390792	KA35
390816	GLY1
390836	OR4K9P
390844	ARIH2P
390858	ACYL3P
390872	OR4F20P
390872	OR4F9P
390882	OST260
390883	OST085
390885	OR19-14
390885	OR7E61
390885	OR7E98P
390885	TPCR26
390886	OR7H1
390894	OR19-18
390894	OR7A2
390894	OR7A7
390894	hg1003
390895	OLF4p
390895	OR19-3
390895	OR7A6P
390895	hg513
390924	EEF1AL5
390928	FLJ16165
390928	PAPL
390928	PAPL1
390937	LOC390937
390937	erfl1
390963	FLJ46385
390963	ZNF818
390992	bHLHb43
390996	CFLP6
390997	LOC390997
390999	OTTHUMG00000001927
391004	OTTHUMG00000007909
391013	UBXN10-AS1
391020	LOC391020
391033	LOC391033
391033	MKRNP4
391033	ZNF127L4
391037	BTN12
391037	SKINTL
391037	SKINTP
391039	CFLL2
391039	CFLP2
391044	PHBP3
391048	LOC391048
391051	UOXP
391059	SDFR2
391059	SDR2
391069	GAPDHL9
391069	GAPDL9
391077	GAPDHL1
391077	GAPDL1
391104	VHLP
391104	VLP
391112	OR6Y2
391121	OR10J4P
391121	OST717
391139	GOT2L2
391158	TFDP1P
391174	FAM96AP2
391183	RSL24D1P19
391191	OR2AK1P
391194	OR2M2Q
391194	OST423
391242	HDHD1DP
391242	HDHD1P3
391253	C20orf137
391253	dJ601O1.1
391256	OTTHUMG00000032705
391256	dJ963K23.1
391257	PIC1L
391257	UBL2
391257	UBL6
391267	C21orf81
391269	C21orf126
391279	OR21-3
391279	OR7E92P
391334	LOC391334
391356	C2orf79
391356	LOC391356
391359	LOC391359
391383	LOC391383
391448	LOC391448
391465	LOC391465
391491	GAMTP
391518	HPX42
391518	VENTX1
391524	THRAP3L
391533	LOC391533
391548	OR2DG
391548	OR3.2
391548	OR7E56P
391548	OST013
391566	LOC391566
391622	DUB4
391622	USP17L6
391622	vDUB4
391627	RS447
391627	USP17
391630	OR7E134P
391632	OR7E120
391632	OST018
391634	HSP90BB
391712	RNF35
391714	TRIM75P
391723	HCM1228
391723	HESL
391723	MEGANE
391723	Mgn
391723	bHLHb44
391744	LOC391744
391765	LOC391765
391765	p01
391769	H3.Y
391769	H3.Y.1
391777	RPS4P6
391834	LOC391834
392106	OR9A6P
392132	OR2R1
392132	OST058
392133	OR10AC1P
392138	OR2A25P
392138	OR2A27
392242	REXO1L8
392255	BMP13
392255	KFS
392255	KFS1
392255	SGM1
392265	CDK5PS
392275	MA-nSMase
392302	ASSP12
392305	GLULP
392307	C9orf128
392308	OR13E2
392308	OST741
392313	OST611
392322	ATP5A1P8
392360	CTSL3
392360	HCTSL-s
392371	KRT18L3
392390	OR1L7
392391	OR5C2P
392391	OR9-F
392391	hRPK-465_F_21
392392	hg99
392426	LOC392426
392433	MAGEB6P1
392437	FTLL2
392439	LOC392439
392442	LOC392442
392452	LOC392452
392456	LOC392456
392459	CXorf25
392459	FLJ36789
392459	NCRNA00236
392477	LOC392477
392485	LOC392485
392486	6530406P05Rik
392486	PGR15
392489	LOC392489
392508	LOC392508
392509	ARL13
392529	LOC392529
392536	LOC392536
392538	LOC392538
392539	LOC392539
392543	LOC392543
392547	CROCCP
392597	SEDLP7
392603	ZNF736P2
392617	PPP1R28
392636	FLJ16237
392636	TMEM195
392713	PMS2L12
392713	PMSL12
392843	IQCA1L
392843	IQCA1P1
392843	TCAG_9762
392872	TCAG_1783340
393046	OR2A26
393046	OR2A8
393046	OR7-138
393046	OR7-141
394214	COL11A2P
394214	cD0826Q1.1
394217	FGF7L
394254	C11H1.2-Lp
394255	RPS10p
394255	dJ34B20.13
394261	C2orf19
394263	C6orf205
394263	bCX31G15.2
394269	LBRCA1
394269	PsiBRCA1
394269	pseudo-BRCA1
399474	TTMB
399512	FLJ40217
399520	DDPP
399520	TIMM8AP
399656	FAM32B
399664	KIAA2031
399664	OK/SW-cl.4
399664	RKHD1
399664	RNF193
399664	Tino
399665	C9orf132
399665	Eeig1
399665	FAM102A
399665	SYM-3A
399665	bA203J24.7
399666	HsT2883
399668	LED
399668	LINC00086
399668	LINC0086
399668	MGC39606
399668	NCRNA00086
399669	MGC35402
399669	ZNF321
399671	MGC48595
399687	KIAA0216
399687	MysPDZ
399687	TIAF1
399693	MGC50722
399694	RaLP
399694	SHCD
399706	C10orf139
399706	FLJ40354
399706	NCRNA00200
399726	C10orf114
399726	CASC10
399726	bA418C1.3
399744	FLJ44672
399761	BMS1LP1
399761	BMS1LP5
399761	BMS1P5
399774	PRKRIRP3
399806	FLJ41350
399814	bA318C4.1
399815	LOC399815
399818	C10orf138
399818	Efm4
399818	METTL10
399823	FLJ46831
399833	FLJ44653
399857	OST716
399886	LINC02696
399888	LOC399888
399909	FLJ22427
399909	PCNXL3
399923	FLJ42102
399937	SPRYD5P
399937	SPRYD5P1
399939	TRIM49D
399939	TRIM49D1P
399939	TRIM49DP
399947	LOC399947
399947	LOH11CR1A
399947	NEURIM1
399948	C11orf92
399948	CASC12
399948	FLJ45803
399949	C11orf88
399949	FLJ46266
399959	AGD1
399959	linc-NeD125
399959	lncRNA-N2
399967	C11orf38
399967	LVLF3112
399967	PATE-M
399967	UNQ3112
399968	FLJ41047
399968	PATE-B
399972	DCPS-AS1
399972	FLJ39051
399972	ST3GAL4-AS1
399979	CHET8
399979	KIAA0254
400011	SUPT16HP
400011	bcm670
400013	TCP1L3
400043	HMS
400043	LOC400043
400043	lncEPAT
400046	FLJ41278
400058	MKRN5
400058	MKRN9
400058	MKRNP6
400058	RNF65
400058	ZNF127L3
400061	LOC400061
400064	RPS4P1
400073	FLJ40142
400087	FLJ37505
400120	C13orf36
400121	FLJ34747
400123	FLJ42392
400128	LINC01071
400128	XLOC_010588
400165	C13orf35
400165	FLJ26443
400165	SMABLO1
400206	STELLAR
400208	C14orf26
400209	YTHDF2P
400221	FLJ22447
400221	LncRNA-CAF
400224	UPF0639
400242	DICER1-AS
400242	FLJ45244
400258	C14orf77
400258	NRAC
400322	D15F37S3
400359	C15orf53
400359	FLJ35695
400360	C15orf54
400360	FLJ39531
400385	HsT18216
400403	DNM1DN9
400403	DNM1DN9-1
400403	DNM1DN9@
400410	HCCS-1
400433	DNM1DN11-5
400451	LOC400451
400451	MGC102891
400456	LINC01197
400506	101F10.1
400506	C16orf88
400506	FAM191A
400506	TSG118
400508	CRYM-AS1
400508	FLJ41766
400508	NCRNA00169
400511	LOCCS
400533	FLJ26245
400550	FOXF1-AS1
400550	lincFOXF1
400550	onco-lncRNA-21
400555	C16orf85
400555	FLJ45530
400555	LINC00859
400555	ZC3H18-AS1
400566	C17orf97
400566	LOC400566
400569	HSPC296
400569	MGC88387
400579	FLJ35934
400581	GRAPLDR
400591	C17orf102
400591	FLJ44815
400617	FLJ36644
400618	FLJ37644
400619	onco-lncRNA-12
400629	FLJ35767
400654	RP11-909B2.1
400654	TCONS_00026184
400655	LOC400655
400655	RP11-169F17.1
400657	LINC00909
400658	C18orf65
400668	UNQ782
400684	LOC400684
400685	LINC03049
400709	SIGLECP16
400709	Siglec-P16
400710	FLJ26850
400720	DKFZp686I1569
400728	FLJ40008
400735	RP5-845O24.6
400746	C1orf130
400746	FLJ42528
400746	MP11
400750	LOC400750
400752	TCONS_00000513
400759	LIMIT
400761	FLJ27354
400793	FLJ13137
400797	FLJ44005
400797	LINC00083
400797	NCRNA00083
400797	RP4-593C16.2
400798	FLJ35530
400804	C1orf140
400804	FLJ46636
400818	AE01
400823	FLJ43505
400823	RP11-452F19.2
400830	DEFB32
400830	RP5-1103G7.6
400866	C21orf24
400866	NCRNA00114
400892	BCR-2
400892	BCR2
400892	BCRL2
400916	C22orf16
400916	MIX17A
400916	N27C7-4
400927	Z98749.2
400931	PRR34-AS1
400931	linc-Ppara
400935	FLJ41993
400941	FLJ42418
400946	FLJ12334
400950	C2orf91
400952	UNQ6975
400954	FLJ42562
400955	AC007092.1
400955	FLJ30838
400955	LINC01793
400957	FLJ16341
400957	LINC01185
400958	AC007386.2
400958	lnc-SERTAD2-3
400960	Linc-GALH
400961	KIAA1155
400984	OR7E102
400986	DKFZp667P0924
401002	LOC401002
401007	NF1L2
401014	DKFZp686O1327
401014	LINC00953
401022	HOXD-AS1
401022	MIR7704HG
401022	Mdgt
401022	STEEL
401024	FLJ34780
401027	UNQ6411
401081	FLJ22763
401089	C3orf72
401089	FLJ43329
401093	LOC401093
401103	CASCADES
401103	LINC01995
401106	LINC00884
401115	C4orf48
401115	NICOL
401124	FLJ16686
401134	RP11-707A18.1
401135	CHR415SYT
401135	SYT14L
401135	SYTDEP
401136	FLJ41562
401137	C4orf40
401138	RSTI689
401138	UNQ689
401145	FAM190A
401145	KIAA1680
401149	FLJ14186
401149	KIKAT
401152	ALN
401152	C4orf3
401152	HCVFTP1
401172	CTC
401172	FLJ33360
401190	R7BP
401207	FLJ44606
401207	YDR286C
401232	CISAL
401232	DKFZp686I15217
401236	FLJ23152
401237	LINC00340
401237	lnc-SOX4-1
401247	C6orf214
401247	FLJ40693
401247	NCRNA00243
401247	bQB10J12.2
401247	bQB230F21.2
401251	C6orf26
401251	NG23
401253	C6orf227
401253	FLJ43752
401253	NCRNA00336
401258	RASD3
401258	RASL13
401258	dJ431A14.3
401260	FLJ41649
401260	lincRNA-uc003opf.1
401262	TLP-A
401262	bA480N24.2
401265	BKLHD6
401265	KBTBD1
401265	bA345L23.2
401285	bA517H2.3
401288	C6orf122
401288	FLJ31451
401288	NCRNA00242
401288	dJ266L20.5
401289	TCONS_00011425
401296	lnc-RI
401303	FLJ38969
401303	ZNF815
401320	AC005154.1
401320	AC005154.6
401320	GARS-DT
401335	C7orf65
401335	FLJ44108
401337	FLJ45974
401375	GTF2IRD2P
401387	IMAGE:4798971
401397	LINC00998
401397	MAVI1
401409	RAB19B
401427	HSDJ0798C17
401428	OR2A20
401447	USP17L1P
401466	C8orf59
401472	GASL1
401474	FLJ39458
401475	SRRM1L
401475	SRRM1P
401491	lincRNA-VLDLR
401492	FLJ41200
401494	Em:AL662879.1
401494	OTTHUMG00000021016
401494	PTPLAD2
401505	C9orf105
401505	Tom5
401505	bA613M10.3
401507	FAM74A5
401508	FAM74A2
401508	FLJ45202
401535	C9orf170
401535	FLJ45537
401540	OST721
401541	CENP-P
401541	RP11-19J3.3
401546	bA470J20.2
401548	ATG24A
401554	LncGPR107
401561	HCCAT4
401562	FLJ45224
401563	C9orf139
401563	FLJ36268
401563	FLJ42909
401565	FAM166A
401577	CD99L1
401577	CXYorf12
401577	MIC2R
401577	NCRNA00103
401602	LOC401602
401612	MCART6
401613	CARDEL
401613	LINC00890
401629	LINC00230B
401629	NCRNA00230B
401630	LINC00230A
401630	NCRNA00230A
401634	GOLGA2LY2
401634	GOLGA2P3
401637	OR1-51
401637	OR1-72
401637	OR1-73
401637	OR7E67P
401637	OR7E68P
401637	OR7E69P
401637	OR7E70P
401637	OR912-95
401638	LAMR1P10
401647	C10orf132
401647	C10orf133
401647	bA451M19.3
401647	bA459F3.4
401661	OR51C1P
401661	OR51C2P
401661	OR51C3P
401661	OST734
401663	OR51H1P
401679	LOC401679
401687	HTPCRH02
401687	OR5J1
401692	OR3-144
401692	OR5B14P
401692	OR5B5
401692	OR5B5P
401692	OR5B6
401692	OR5B6P
401692	OR5B7
401692	OR5B7P
401692	OR5B8
401692	OR5B8P
401692	OR5B9
401692	OR5B9P
401692	OR6-55
401692	OR6-57
401692	OR8-122
401692	OR8-123
401692	OR912-92
401708	GLULL3
401825	MKI67IPP1
401827	C16orf37
401827	MPFL
401898	ZNF833
401903	OR10B2
401967	NBPF23
401967	NBPF23P
401973	OR10J6
401982	ALDRL1
401983	gm127
401992	OR2T2P
401994	OR5BU1
401994	OR5BU1P
402016	C20orf115
402016	dJ1187J4.2
402055	HC/HCC
402055	SRR1L
402076	LOC402076
402077	MCEEP
402077	OST379
402096	LOC402096
402100	RPL22P15
402146	B3GAT3P
402146	PSIGLCAT-I
402149	bcm2489
402182	LOC402182
402183	Psi1Rac1
402220	YTHDF1P
402249	OR7E137P
402249	OR7E59
402249	OST119
402381	C9orf157
402381	NOHLH
402381	SPATA27
402381	TEB2
402381	bA100C15.3
402381	bHLHe80
402415	XKR2
402415	XPLAC
402425	LOC402425
402483	FLJ45340
402569	IPOA8
402573	C7orf61
402573	IMAGE:4839025
402665	LOC402665
402682	UFSP
402778	DSPA3
402779	ENST00000434181
403275	OR5J6P
403313	FLJ46512
403313	FLJ90191
403313	PPAPDC2
403314	C1orf169
403314	FLJ25691
403314	MGC26594
403314	RP1-127C7.4
403315	FAM92A1P2
403315	FAM92A3
403315	MGC102964
403315	MGC71735
403323	LOC403323
403341	KIAA1993
403341	MGC24652
403341	ZNF918
404024	Em:AB023053.1
404024	TRIM26P
404024	TRIM26P1
404026	U92032.1
404037	BRAL2
404037	KIAA1926
404201	C4orf12
404201	FBI4
404201	NCRNA00247
404203	BUSI2
404203	MGC21394
404203	UNQ844
404216	C10orf85
404216	Em:AC023282.2
404216	FLJ37402
404217	FLJ25968
404220	C6orf201
404220	dJ1013A10.5
404281	ZNF631
404544	COX8-1
404544	COX8B
404544	COX8H
404550	MGC17624
404550	MICT1
404552	IIS
404635	NANOG2
404636	FAM45A
404663	CT49
404663	TAG
404665	C19orf29-AS1
404665	C19orf29OS
404672	C6orf175
404672	FLJ30544
404672	TFB5
404672	TTD
404672	TTD-A
404672	TTDA
404672	bA120J8.2
404734	MASK-BP3
404744	AAA1
404744	IMAGE:4827585
404766	FABP5L4
404770	C9orf36B
404770	FAM75B
404770	SPATA31B1
404770	bA388B24.2
404785	A26C2
404785	CT104.4
404785	POTE-14
404785	POTE14
404785	POTE14alpha
405754	ERVFRDE1
405754	HERV-FRD
405754	HERV-W/FRD
405754	envFRD
405754	syncytin-2
406875	FXYD8
406881	MIRNLET7A1
406881	hsa-let-7a-1
406882	MIRNLET7A2
406882	hsa-let-7a-2
406883	MIRNLET7A3
406883	hsa-let-7a-3
406884	MIRNLET7B
406884	hsa-let-7b
406885	MIRNLET7C
406885	hsa-let-7c
406886	MIRNLET7D
406886	hsa-let-7d
406887	MIRNLET7E
406887	hsa-let-7e
406888	MIRNLET7F1
406888	hsa-let-7f-1
406889	MIRNLET7F2
406889	hsa-let-7f-2
406890	MIRNLET7G
406890	hsa-let-7g
406891	MIRNLET7I
406891	hsa-let-7i
406892	MIRN100
406892	hsa-mir-100
406893	MIRN101-1
406893	hsa-mir-101-1
406894	MIRN101-2
406894	hsa-mir-101-2
406895	MIR103-1
406895	MIRN103-1
406895	hsa-mir-103-1
406895	hsa-mir-103a-1
406896	MIR103-2
406896	MIRN103-2
406896	hsa-mir-103-2
406896	hsa-mir-103a-2
406897	MIRN105-1
406897	hsa-mir-105-1
406898	MIRN105-2
406898	hsa-mir-105-2
406899	MIRN106A
406899	hsa-mir-106a
406900	MIRN106B
406900	hsa-mir-106b
406901	MIRN107
406901	hsa-mir-107
406902	MIRN10A
406902	hsa-mir-10a
406903	MIRN10B
406903	hsa-mir-10b
406904	MIRN1-1
406904	hsa-mir-1-1
406905	MIRN1-2
406905	hsa-mir-1-2
406906	MIRN122
406906	MIRN122A
406906	hsa-mir-122
406906	hsa-mir-122a
406906	miR-122
406907	MIRN124-1
406907	MIRN124A1
406907	hsa-mir-124-1
406907	hsa-mir-124a-1
406908	MIRN124-2
406908	MIRN124A2
406908	hsa-mir-124-2
406908	hsa-mir-124a-2
406909	MIRN124-3
406909	MIRN124A3
406909	hsa-mir-124-3
406909	hsa-mir-124a-3
406910	MIRN125A
406910	hsa-mir-125a
406911	MIRN125B1
406911	hsa-mir-125b-1
406912	MIRN125B2
406912	hsa-mir-125b-2
406913	MIRN126
406913	hsa-mir-126
406914	MIRN127
406914	hsa-mir-127
406915	MIRN128-1
406915	MIRN128A
406915	hsa-mir-128-1
406915	hsa-mir-128a
406915	mir-128-1
406916	MIRN128-2
406916	MIRN128B
406916	hsa-mir-128-2
406916	hsa-mir-128b
406917	MIRN129-1
406917	hsa-mir-129-1
406918	MIRN129-2
406918	hsa-mir-129-2
406919	MIRN130A
406919	hsa-mir-130a
406920	MIRN130B
406920	hsa-mir-130b
406921	MIRN132
406921	hsa-mir-132
406922	MIRN133A1
406922	hsa-mir-133a-1
406923	MIRN133A2
406923	hsa-mir-133a-2
406924	MIRN134
406924	hsa-mir-134
406925	MIRN135-1
406925	MIRN135A1
406925	hsa-mir-135-1
406925	hsa-mir-135a-1
406926	MIRN135-2
406926	MIRN135A2
406926	hsa-mir-135-2
406926	hsa-mir-135a-2
406927	MIRN136
406927	hsa-mir-136
406928	MIRN137
406928	hsa-mir-137
406928	miR-137
406929	MIRN138-1
406929	hsa-mir-138-1
406930	MIRN138-2
406930	hsa-mir-138-2
406931	MIRN139
406931	hsa-mir-139
406932	MIR-140
406932	MIRN140
406932	hsa-mir-140
406933	MIRN141
406933	hsa-mir-141
406934	MIRN142
406934	hsa-mir-142
406935	MIRN143
406935	hsa-mir-143
406936	MIRN144
406936	hsa-mir-144
406937	MIR-145
406937	MIRN145
406937	hsa-mir-145
406938	MIRN146
406938	MIRN146A
406938	hsa-mir-146
406938	hsa-mir-146a
406939	MIR147
406939	MIRN147
406939	hsa-mir-147
406940	MIRN148
406940	MIRN148A
406940	hsa-mir-148
406940	hsa-mir-148a
406941	MIRN149
406941	hsa-mir-149
406942	MIRN150
406942	hsa-mir-150
406943	MIRN152
406943	hsa-mir-152
406944	MIRN153-1
406944	hsa-mir-153-1
406945	MIRN153-2
406945	hsa-mir-153-2
406946	MIRN154
406946	hsa-mir-154
406947	MIRN155
406947	hsa-mir-155
406948	MIRN15A
406948	hsa-mir-15a
406949	MIRN15B
406949	hsa-mir-15b
406950	MIRN16-1
406950	hsa-mir-16-1
406951	MIRN16-2
406951	hsa-mir-16-2
406952	MIRN17
406952	hsa-mir-17
406953	MIRN18
406953	MIRN18A
406953	hsa-mir-18
406953	hsa-mir-18a
406954	MIRN181A
406954	MIRN181A2
406954	hsa-mir-181a
406955	MIRN181B1
406955	hsa-mir-181b-1
406956	MIRN181B2
406956	hsa-mir-181b-2
406957	MIRN181C
406957	hsa-mir-181c
406958	MIRN182
406958	hsa-mir-182
406958	miR-182
406959	MIRN183
406959	hsa-mir-183
406960	MIRN184
406960	hsa-mir-184
406961	MIRN185
406961	hsa-mir-185
406962	MIRN186
406962	hsa-mir-186
406963	MIRN187
406963	hsa-mir-187
406964	MIRN188
406964	hsa-mir-188
406965	MIR190
406965	MIRN190
406965	hsa-mir-190
406966	MIRN191
406966	hsa-mir-191
406967	MIRN192
406967	hsa-mir-192
406968	MIRN193
406968	MIRN193A
406968	hsa-mir-193
406968	hsa-mir-193a
406969	MIRN194-1
406969	hsa-mir-194-1
406970	MIRN194-2
406970	hsa-mir-194-2
406971	MIRN195
406971	hsa-mir-195
406972	MIRN196-1
406972	MIRN196A1
406972	hsa-mir-196-1
406972	hsa-mir-196a-1
406973	MIRN196-2
406973	MIRN196A2
406973	hsa-mir-196-2
406973	hsa-mir-196a-2
406974	MIRN197
406974	hsa-mir-197
406975	MIRN198
406975	hsa-mir-198
406976	MIRN199A1
406976	hsa-mir-199a-1
406977	MIRN199A2
406977	hsa-mir-199a-2
406978	MIRN199B
406978	hsa-mir-199b
406979	MIRN19A
406979	hsa-mir-19a
406980	MIRN19B1
406980	hsa-mir-19b-1
406981	MIRN19B2
406981	hsa-mir-19b-2
406982	MIRN20
406982	MIRN20A
406982	hsa-mir-20
406982	hsa-mir-20a
406983	MIRN200A
406983	hsa-mir-200a
406984	MIRN200B
406984	hsa-mir-200b
406985	MIRN200C
406985	hsa-mir-200c
406986	MIR203
406986	MIRN203
406986	hsa-mir-203
406987	MIRN204
406987	hsa-mir-204
406988	MIRN205
406988	hsa-mir-205
406989	MIRN206
406989	hsa-mir-206
406990	MIRN208
406990	MIRN208A
406990	hsa-mir-208
406990	hsa-mir-208a
406991	MIR-21
406991	MIRN21
406991	hsa-mir-21
406992	MIRN210
406992	hsa-mir-210
406993	MIRN211
406993	hsa-mir-211
406994	MIRN212
406994	hsa-mir-212
406995	MIRN181A1
406995	MIRN213
406995	hsa-mir-213
406996	MIRN214
406996	hsa-mir-214
406997	MIRN215
406997	hsa-mir-215
406998	MIRN216
406998	MIRN216A
406998	hsa-mir-216
406998	hsa-mir-216a
406999	MIRN217
406999	hsa-mir-217
406999	miR-217
407000	MIRN218-1
407000	hsa-mir-218-1
407001	MIRN218-2
407001	hsa-mir-218-2
407002	MIR219-1
407002	MIRN219-1
407002	hsa-mir-219-1
407003	MIR219-2
407003	MIRN219-2
407003	hsa-mir-219-2
407004	MIRN22
407004	hsa-mir-22
407006	MIRN221
407006	hsa-mir-221
407007	MIRN222
407007	hsa-mir-222
407008	MIRN223
407008	hsa-mir-223
407009	MIRN224
407009	hsa-mir-224
407010	MIRN23A
407010	hsa-mir-23a
407011	MIRN23B
407011	hsa-mir-23b
407012	MIRN24-1
407012	hsa-mir-24-1
407013	MIRN24-2
407013	hsa-mir-24-2
407014	MIRN25
407014	hsa-mir-25
407015	MIRN26A1
407015	hsa-mir-26a-1
407016	MIRN26A2
407016	hsa-mir-26a-2
407017	MIRN26B
407017	hsa-mir-26b
407018	MIRN27A
407018	hsa-mir-27a
407019	MIR-27b
407019	MIRN27B
407019	hsa-mir-27b
407020	MIRN28
407020	hsa-mir-28
407021	MIRN29
407021	MIRN29A
407021	hsa-mir-29
407021	hsa-mir-29a
407022	MIRN296
407022	hsa-mir-296
407023	MIRN299
407023	hsa-mir-299
407024	MIRN29B1
407024	hsa-mir-29b-1
407025	MIRN29B2
407025	hsa-mir-29b-2
407026	MIRN29C
407026	hsa-mir-29c
407027	MIRN301
407027	MIRN301A
407027	hsa-mir-301
407027	hsa-mir-301a
407028	MIRN302
407028	MIRN302A
407028	hsa-mir-302
407028	hsa-mir-302a
407029	MIRN30A
407029	hsa-mir-30a
407030	MIRN30B
407030	hsa-mir-30b
407031	MIRN30C1
407031	hsa-mir-30c-1
407032	MIRN30C2
407032	hsa-mir-30c-2
407033	MIRN30D
407033	hsa-mir-30d
407034	MIRN30E
407034	hsa-mir-30e
407035	MIRN31
407035	hsa-mir-31
407036	MIRN32
407036	hsa-mir-32
407037	MIRN320
407037	MIRN320A
407037	hsa-mir-320
407039	MIRN33
407039	MIRN33A
407039	hsa-mir-33
407039	hsa-mir-33a
407040	MIRN34A
407040	hsa-mir-34a
407041	MIRN34B
407041	hsa-mir-34b
407042	MIRN34C
407042	hsa-mir-34c
407043	MIRN7-1
407043	hsa-mir-7-1
407044	MIRN7-2
407044	hsa-mir-7-2
407045	MIRN7-3
407045	hsa-mir-7-3
407046	MIRN9-1
407046	hsa-mir-9-1
407047	MIRN9-2
407047	hsa-mir-9-2
407048	MIRN92-1
407048	MIRN92A1
407048	hsa-mir-92-1
407048	hsa-mir-92a-1
407049	MIRN92-2
407049	MIRN92A2
407049	hsa-mir-92-2
407049	hsa-mir-92a-2
407050	MIRN93
407050	hsa-mir-93
407051	MIRN9-3
407051	hsa-mir-9-3
407052	MIRN95
407052	hsa-mir-95
407053	DFNA50
407053	MIRN96
407053	hsa-mir-96
407054	MIRLET7L
407054	MIRN98
407054	hsa-mir-98
407055	MIRN99A
407055	hsa-mir-99a
407056	MIRN99B
407056	hsa-mir-99b
407738	FAM19A1
407738	TAFA-1
407975	C13orf25
407975	FLJ14178
407975	LINC00048
407975	MIHG1
407975	MIRH1
407975	MIRHG1
407975	NCRNA00048
407975	miR-17-92
407977	TWE-PRIL
408029	C2orf27B
408029	MGC50273
408186	OVM
408187	SPINK5L2
408263	C5orf40
408263	MGC27121
414060	MGC44903
414061	HCG3
414062	MGC12815
414149	FLJ38219
414149	bA455B2.2
414152	FLJ00245
414153	SNRPEL1
414153	bA390F4.4
414169	BANF1L1
414169	bA122K13.8
414189	CTGLF3
414189	bA324H6.1
414194	C10orf21
414194	CCNYL2P
414194	bA178A10.2
414196	C10orf31
414196	Em:AC026887.2
414196	FLJ40494
414197	ZNF32OS1
414197	bA402L1.8
414200	NOLA2P1
414200	bA360G10.4
414208	C10orf44
414208	ZNF32-AS3
414208	ZNF32OS2
414208	b402L1.7
414212	GLUD1P7
414212	GLUDP2
414212	GLUDP7
414212	bA342C24.3
414213	GLUD1P8
414213	GLUDP6
414213	GLUDP8
414213	bA144G6.5
414213	bK2173J9.1
414217	BMS1LP3
414217	OTTHUMG00000018662
414217	bA96C23.1
414224	CTGLF12P
414224	bA164N7.2
414228	bA108M11.3
414230	Em:AC025947.3
414235	C10orf108
414235	FLJ38681
414235	PRR26
414236	bA417O11.3
414241	FAM35B
414241	FAM35BP
414241	FAM35EP
414241	bA38L15.1
414243	C10orf101
414245	C10orf103
414245	bA537A6.3
414254	AC022026.3
414254	LAMR1P6
414260	C10orf136
414260	bA168P8.1
414301	FLJ36017
414316	C9orf104
414316	bA54A22.4
414318	C9orf106
414318	bA65J3.5
414319	C9orf107
414319	bA785H23.1
414325	DEFB-3
414325	DEFB103
414325	DEFB3
414325	HBD-3
414325	HBD3
414325	HBP-3
414325	HBP3
414328	C9orf103
414328	bA522I20.2
414328	hGntK
414351	C22orf10
414351	NCRNA00229
414351	dJ474I12.C22.2
414751	TRAPPC2P3B
414752	TRAPPC2P5B
414753	TRAPPC2P4B
414760	dJ111M5.4
414761	HCG16
414761	dJ25J6.6
414761	dJ25J6.7
414763	C14orf17
414763	LINC00516
414764	dJ1077I5.3
414765	dJ1033B10.16
414768	dJ1033B10.15
414771	DDR1-AS1
414771	TIGD1L
414771	bCX111D4.7
414771	bPG70P20.2
414771	bQB10J12.1
414776	AB014085.4
414777	Em:AB014087.1
414777	FLJ25550
414777	FLJ31598
414777	HCG17
414899	BRCC2
414918	AFI1B
414918	FAM116B
414918	MGC33692
414919	MGC70857
414926	C15orf50
414926	MGC42951
415117	MGC21382
425054	VCX-C
425057	NCRNA00132
431705	SAS1B
431705	ovastacin
431707	Lhx7
432369	ATP5EP2
439915	KRTAP5.5
439916	C12orf37
439916	FLJ25378
439921	FLJ46603
439921	PS1TP1
439921	TMAP1
439927	C1orf180
439927	FLJ35487
439934	C4orf11
439936	C5orf17
439936	FLJ34836
439941	C8orf54
439941	FLJ35721
439949	ENST00000414894.1
439957	IGKV1/ORY-1
439965	FAM35B2
439965	FAM35DP
439990	HUMT
439992	bA486O22.3
439996	IFIT1L
439996	bA149I23.6
440013	DUX10
440021	KRTAP5.2
440023	KRTAP5.6
440026	KIAA0033
440044	FLJ16331
440044	Oat6
440044	SLC22A20
440050	KRTAP5.7
440051	KRTAP5.11
440068	CARD17
440068	INCA
440072	C11orf37
440072	FLJ31394
440072	LINC00167
440072	NCRNA00167
440073	KIAA1110
440073	MGC30156
440077	FLJ16353
440081	CHLR2
440081	DDX12
440087	C12orf69
440087	LOC440087
440093	H3.3C
440093	H3.5
440093	H3F3C
440097	FLJ16139
440107	C12orf74
440107	FLJ46688
440119	FLJ31485
440119	FZD10-DT
440138	CDG1P
440145	C13orf37
440145	FLJ21869
440145	LOC440145
440145	MGC150539
440145	MOZART1
440145	RP11-11C5.2
440163	RAL1
440173	AL513318.2
440184	C14orf53
440184	LINC00238
440184	NCRNA00238
440193	DAPLE
440193	HkRP2
440193	KIAA1509
440193	SCA40
440248	FLJ59185
440253	WHAMML2
440253	WHDC1L2
440275	GCN2
440275	KIAA1338
440278	CATSPER2B
440279	DKFZp547H074
440279	Munc13-3
440288	UBL7-AS1
440292	LOC440292
440295	GOLGA6L20
440299	DNM1DN11-6
440303	DNM1DN11-13
440307	FLJ46079
440307	MGC33417
440307	TTLL13P
440335	CASIMO1
440348	LOC440348
440348	NPIPL2
440350	LOC440350
440350	NPIPL1
440352	RUNDC2C
440356	CDIPT-AS1
440356	lnc-CTHCC
440359	CSDAP1
440375	RAB41P
440375	RAB43P
440400	MGC71993
440423	SUZ12P
440434	LOC440434
440435	CSNB1E
440435	GPR158L1
440456	LOC440456
440456	PLEKHM1P
440465	BAIAP2-AS1
440465	lnc-BAIAP2
440482	ANKRD20A5
440482	MGC26718
440498	FLJ10967
440498	MGC189743
440503	LSDA5
440503	LSDP5
440503	MLDP
440503	OXPAT
440514	LOC440514
440515	DKFZp761G1812
440519	ZNF724P
440556	FLJ42875
440556	LINC00982
440556	lnc-dPrdm16
440563	HNRNPCP5
440574	C1orf151
440574	FLJ36999
440574	MINOS1
440574	MIO10
440574	Mic10
440574	RP5-1056L3.2
440584	SLC2A1-AS1
440585	FAM183A
440585	LOC440585
440585	hCG23177
440595	EEF1AL9
440600	AS-RBM15
440603	Bfk
440603	C1orf178
440603	FLJ22588
440672	NUDT4P1
440686	H3-2
440686	H3.7
440686	HIST2H3PS2
440686	p06
440689	HIST2H2BF
440695	FLJ16478
440699	FLJ25811
440712	C1orf186
440712	FLJ16052
440714	C1orf143
440730	TNL
440738	ATG8J
440757	DZANK1-AS1
440822	HIWI3
440823	C22orf35
440823	FLJ25967
440823	LINC00066
440823	NCRNA00066
440823	Rncr2
440823	gomafu
440823	lncRNA-MIAT
440829	C22orf17
440829	Orf26
440836	FAP123
440836	ODF3B
440888	FKSG73
440900	VIN
440900	lnc-ACTR3
440905	LOC440905
440915	ACTBL3
440915	FKSG30
440915	POTE2delta
440915	POTEK
440926	H3F3AP4
440944	SETD5-AS1
440957	C3orf78
440957	SMIM4
440973	LOC440973
440993	ENST00000453324
440993	LINC00969
441009	CPEB2-AS1
441009	DRAIR
441024	MGC72244
441027	FLJ12993
441027	TTN3
441032	EEF1AL7
441054	C4orf47
441054	LOC441054
441061	MARCH-XI
441061	MARCH11
441061	RNF226
441086	TP53LC02
441094	FLJ42709
441094	NAS1
441108	C5orf56
441108	IRF1-AS1
441150	C6orf226
441150	LOC441150
441151	C6orf137
441151	TMEM193
441151	bA444E17.5
441161	C6orf156
441161	Em:AC019205.2
441161	KHDC2
441168	C6orf187
441168	FAM26F
441168	INAM
441168	OTTHUMP00000017061
441168	OTTHUMP00000017062
441168	RP1-93H18.5
441168	dJ93H18.5
441172	FLJ46906
441177	LncRNA00602
441191	RNF216L
441234	FLJ46189
441238	NMD3P
441250	LINC00069
441250	MGC87315
441250	NCRNA00069
441250	RSAFD2
441261	FDPSL2B
441273	MGC119295
441294	CTAGE15P
441295	OR2A9
441307	HRAT92
441308	OR4F21P
441313	FAM90A4
441314	FAM90A13P
441315	FAM90A5P
441317	FAM90A7P
441323	FAM90A16P
441324	FAM90A8P
441326	FAM90A18P
441327	FAM90A9P
441328	FAM90A10P
441331	FAM90A11P
441332	FAM90A24P
441362	REXO1L7P
441374	FLJ42969
441376	C8orf85
441376	LOC441376
441381	LRRC14OS
441386	bA338L20.1
441394	MGC15151
441394	SGT1P
441394	SUGT1P
441394	bA255A11.1
441410	FKBP4P3
441416	GPR116P2
441425	ANKRD20A3
441430	ANKRD20A2
441432	AQPap-3
441452	FAM75C1
441452	FLJ36055
441457	FAM22G
441459	bA255A11.3
441476	C9orf173
441476	FLJ40246
441478	MGC61598
441481	GPXL2
441481	GPXP1
441487	LOC441487
441488	LOC441488
441490	FTH1P18
441490	FTHL18
441495	CENPVP2
441501	FLJ46446
441502	RPS26L1
441502	bA366E13.1
441511	LOC441511
441518	CXX1c
441518	FAM127C
441518	MAR8B
441518	SIRH4
441519	CT45-3
441519	CT45-4
441519	CT45.3
441519	CT45.4
441519	CT45A4
441521	CT45-5
441521	CT45.5
441525	CT11.9
441525	SPANX-N4
441531	PGAM3
441531	dJ1000K24.1
441543	LINC00128
441549	ARMETL1
441550	RPS4P11
441554	DUSP8P
441554	DUSP8P3
441554	DUSPP
441554	HVH4
441584	SSU72P4
441601	LOC441601
441608	OR5B13
441608	OST129
441642	RPL7AP59
441662	CXXC6P1
441669	C14orf13
441669	OR4Q4
441783	POTENP
441818	HsT3017
441843	ZNF209
441878	RPS4P4
441891	WDR82C
441897	PGCP1
441904	LOC441904
441911	OR10J3P
441925	BECN1P1
441932	OR2W5
441932	OST722
441951	C20orf199
441951	HSUP1
441951	HSUP2
441951	NCRNA00275
441951	ZNFX1-AS1
441957	FEM1DP
442013	LDHAL3
442017	LOC442017
442042	LOC442042
442058	LOC442058
442063	LOC442063
442105	OR7E88P
442117	GalNAc-T6L
442162	RPS4P7
442167	ASSP1
442171	RPL10p
442171	bA209A2.1
442175	dJ408B20.3
442179	OR1F12
442179	OR1F12Q
442179	hs6M1-35P
442181	LAMR1P2
442181	bA60E24.1
442183	hs6M1-26
442184	OR2B3P
442184	OR6-4
442185	OR2J1P
442185	OR6-5
442185	dJ80I19.2
442185	hs6M1-4
442186	OR6-6
442188	OR6-9
442188	dJ80I19.5
442188	hs6M1-5
442189	OR2H4
442189	OR6-3
442189	dJ80I19.6
442189	hs6M1-7
442190	hs6M1-22
442191	OR5U1
442191	hs6M1-28
442192	DDX6-Lp
442192	DDX6P
442192	bA150A6.3
442194	OR10C1P
442194	OR10C2
442194	hs6M1-17
442195	RPS17p
442195	dJ994E9.1
442197	HS6M1-14
442197	OR2I1P
442197	OR2I2
442197	OR2I3P
442197	OR2I4P
442204	BING3
442204	MYL8P
442205	bA513I15.2
442206	PGR9
442213	C6orf138
442213	FLJ41841
442213	PTCH53
442213	SLC65C2
442213	dJ402H5.2
442216	RPS17L4
442216	dJ753D5.2
442229	MCART3P
442229	bA707M13.1
442231	GAPDHL8
442231	GAPDL8
442240	354J5
442240	ZNF259P
442240	ZNF259P1
442247	RNF211
442253	NEPN
442253	NPN
442255	ANTP7
442257	RPS4P9
442262	GAPDHL19
442262	GAPDL19
442290	TCAG_30283
442309	LOC442309
442319	ZNF727P
442325	FLJ26697
442338	IRS3L
442361	OR2A17P
442361	OR2A2P
442361	OST008
442388	SDR16C6
442389	LOC442389
442415	ATP5A1P7
442415	ATP5A1P9
442416	ATP5A1P1
442416	ATP5A1P5
442416	ATP5A1P6
442416	ATP5AL1
442416	ATP5AP1
442425	bA159H20.4
442479	HSFYP2
442485	OFD1P16
442485	OFD1PY16
442485	OFDYP16
442486	ZNF736P1
442523	IMAGE:5295327
442525	ANTP5
442525	TCAG_29001
442572	SPDYE21P
442578	STAG3L3P
442582	MGC131759
442582	STAG3L2P
442720	RG208K23
442721	C-Lmod
442775	Psi2Rac1
442862	PTPN13LY2
442863	PRY4P
442863	PRYP7
442867	VCY2B
442868	VCY2C
442890	MIRN133B
442890	hsa-mir-133b
442891	MIRN135B
442891	hsa-mir-135b
442892	MIRN148B
442892	hsa-mir-148b
442893	MIR151
442893	MIRN151
442893	hsa-mir-151
442894	MIRN302B
442894	hsa-mir-302b
442895	MIRN302C
442895	hsa-mir-302c
442896	MIRN302D
442896	hsa-mir-302d
442897	MIR323
442897	MIRN323
442897	hsa-mir-323
442898	MIRN324
442898	hsa-mir-324
442899	MIRN325
442899	hsa-mir-325
442900	MIRN326
442900	hsa-mir-326
442901	MIRN328
442901	hsa-mir-328
442902	MIRN330
442902	hsa-mir-330
442903	MIRN331
442903	hsa-mir-331
442904	MIRN335
442904	hsa-mir-335
442905	MIRN337
442905	hsa-mir-337
442906	MIRN338
442906	hsa-mir-338
442907	MIRN339
442907	hsa-mir-339
442908	MIRN340
442908	hsa-mir-340
442909	MIRN342
442909	hsa-mir-342
442910	MIRN345
442910	hsa-mir-345
442911	MIRN346
442911	hsa-mir-346
442912	MIRN367
442912	hsa-mir-367
442913	MIRN368
442913	MIRN376C
442913	hsa-mir-368
442913	hsa-mir-376c
442914	MIRN369
442914	hsa-mir-369
442915	MIRN370
442915	hsa-mir-370
442916	MIR371
442916	MIRN371
442916	hsa-mir-371
442917	MIRN372
442917	hsa-mir-372
442918	MIRN373
442918	hsa-mir-373
442919	MIRN374
442919	MIRN374A
442919	hsa-mir-374
442919	hsa-mir-374a
442920	MIRN196B
442920	hsa-mir-196b
445328	ARHGEF5L
445328	FLJ43692
445571	CBWD3
445571	bA561O23.1
445573	ATP5J2P3
445573	bA159H20.5
445577	C9orf129
445577	bA165J3.3
445582	A26C1
445582	A26C1A
445582	CT104.2
445582	POTE-2
445582	POTE2
445582	POTE2gamma
445815	PALM2-AKAP2
448831	FRG2A
448834	C1orf45
448835	C1orf44
448990	T2R06
448990	T2R6
448990	TAS2R6
449491	DEFAP1
449492	DEFAP2
449518	P2RY10P2
449619	ERVK7
449619	HERV-K(III)
449619	HERV-K102
450232	PHF5CP
450234	PHF5GP
450238	PHF5DP
450239	PHF5EP
450246	PHF5FP
450250	PHF5HP
474148	LNCRNA00122
474149	LINC00124
474150	LINC00125
474151	NCRNA00141
474152	NCRNA00142
474167	HDGFP
474170	FLJ45049
474174	SGCEP
474343	SPIN-2
474343	TDRD26
474344	FLJ22690
474344	IAN6
474345	GIMAP3
474345	IAN4P
474354	MGC34773
474354	UNQ933
474354	UNQ9338
474354	VKGE9338
474381	H2A.B.1
474381	H2AFB2
474382	H2A.B.2
474382	H2AFB1
492295	Psi3Rac1
492307	C8orf22
492311	C5orf53
492311	LOC492311
493753	C2orf64
493753	FLJ27524
493753	MGC52110
493753	Pet191
493812	FLJ14049
493812	FLJ30357
493812	bK14H9.3
493813	dJ193B12.5
493816	bA537H15.5
493821	p373c6.7
493824	D6S2711
493824	PRD51p
493824	dJ313I6.8
493825	AB023060.6
493825	POLR2LP
493829	MG53
493856	Miner1
493856	NAF-1
493856	WFS2
493856	ZCD2
493860	NY-SAR-79
493861	FLJ25832
493861	NSE4B
493861	NSMCE4B
493869	EPLA847
493869	UNQ847
493900	C11orf18
493913	DIPAS
493913	NCRNA00156
493913	PAPPA-AS
493913	PAPPAS
493913	TAFII105
493987	bA435O5.3
494118	CT11.6
494118	SPANX-N1
494119	CT11.7
494119	SPANX-N2
494127	LOC494127
494143	GCG1
494150	PHBP19
494197	CT11.10
494197	SPANX-N5
494323	MIRN361
494323	hsa-mir-361
494324	MIRN375
494324	hsa-mir-375
494325	MIRN376A
494325	MIRN376A1
494325	hsa-mir-376a
494325	hsa-mir-376a-1
494326	MIRN377
494326	hsa-mir-377
494327	MIR378
494327	MIRN378
494327	hsa-mir-378
494328	MIRN379
494328	hsa-mir-379
494329	MIRN380
494329	hsa-mir-380
494330	MIRN381
494330	hsa-mir-381
494331	MIRN382
494331	hsa-mir-382
494332	MIRN383
494332	hsa-mir-383
494333	MIRN384
494333	hsa-mir-384
494334	MIRN422A
494334	hsa-mir-422a
494335	MIRN423
494335	hsa-mir-423
494336	MIRN424
494336	hsa-mir-424
494337	MIRN425
494337	hsa-mir-425
494470	ARKL2
494470	Ark2C
494470	RNF111L2
494470	RNF165
494470	lncAMPC
494513	DFNB59
494514	C18orf56
494551	FLJ16107
494551	WEE1B
494555	A6ps2
494555	PTK9P2
494558	C9orf135-AS1
494558	C9orf135-DT
497190	MRCL2
497258	BDNF-AS1
497258	BDNFAS
497258	BDNFOS
497258	BT2A
497258	BT2B
497258	BT2C
497258	BT2D
497258	NCRNA00049
497634	BEYLA
497634	NCRNA00293
497661	FLJ23458
503538	A1BG-AS
503538	A1BGAS
503538	FLJ23569
503538	NCRNA00181
503542	FLJ41197
503542	Shadoo
503542	bA108K14.1
503614	HsT21816
503627	TPRX2P
503627	TPRX2P1
503638	FLJ39632
503638	LINC01296
503638	LNMAT1
503638	SAN
503638	lncRNA-CTD903
503693	LOH2CR12
503694	DEFB-8
503694	DEFB108
503694	DEFB108P1
503837	DEFB108P2
503838	DEFB109P3
503839	DEFB109P2
503840	DEFB108P4
504185	DEFB108P3
541465	CT45-6
541465	CT45.6
541466	CT45-1
541466	CT45.1
541468	C1orf190
541468	FLJ25163
541468	LRAP35a
541471	AGD2
541471	AK001796
541471	LINC00978
541471	MIR4435-1HG
541471	MORRBID
541471	lncRNA-AWPPH
541472	LOC541472
541565	FLJ34715
541578	CXorf40B
542767	C1QTNF9B-AS1
548313	OTTHUMT00000056510
548593	GIYD1
548594	CD158C
548594	KIR2DS6
548594	KIR3DS2P
548594	KIR48
548594	KIRX
548596	CKMT1
548599	PHBP7
548637	DUTL
548645	bA16L21.2.1
550112	LOC550112
550112	UBA6-AS1
550643	LINC01420
550643	NoBody
550644	LOC550644
552859	C8orf25
552859	NCRNA00251
552860	C8orf26
552860	NCRNA00252
552889	lnc-SCA7
552900	BOLA2A
552900	My016
553103	LOC553103
553103	SLC22A5-AS1
553112	FERP
553112	FERps
553115	PEF1A
553118	STK33P
553118	STK33ps
553121	TLK2ps2
553128	KIR2DL5.2
553128	KIR2DL5.3
553128	KIR2DL5.4
554049	bA195O1.1
554175	DNM1DN7-2
554175	DNM1DN7@
554202	LOC554202
554202	LncHIFCAR
554202	hsa-lnc-31
554203	DCBALD06
554203	ENOX
554203	LINC00183
554203	NCRNA00183
554206	AC133552.2
554210	MIRN429
554210	hsa-mir-429
554212	MIRN448
554212	hsa-mir-448
554213	MIRN449
554213	MIRN449A
554213	hsa-mir-449
554213	hsa-mir-449a
554214	MIRN450
554214	MIRN450-1
554214	MIRN450A1
554214	hsa-mir-450
554214	hsa-mir-450-1
554214	hsa-mir-450a-1
554224	HISPPD2B
554224	HISPPD2BP
554224	KIAA0377P
554225	STRCP
554226	NCRNA00164
554250	GDF5OS
554279	C1orf98
554279	SMIM16
554282	RP5-998N21.9
554300	KIR15
554300	KIR2DL6
554300	KIRY
554300	KIRZ
554313	H4/o
554313	HIST2H4B
572558	FAM233A
572558	LOC572558
574016	CLLU1OS
574029	DUSP5P
574029	FLJ34941
574030	MIRN362
574030	hsa-mir-362
574031	MIR-363
574031	MIRN363
574031	hsa-mir-363
574032	MIRN20B
574032	hsa-mir-20b
574033	MIRN18B
574033	hsa-mir-18b
574034	MIRN433
574034	hsa-mir-433
574036	C1orf133
574038	MIRN431
574038	hsa-mir-431
574040	ACA6
574042	ACA10
574042	SNORA10A
574406	C1orf138
574406	FLJ45786
574407	C1orf145
574407	FLJ31994
574408	MIRN329-1
574408	hsa-mir-329-1
574409	MIRN329-2
574409	hsa-mir-329-2
574410	MIR453
574410	MIRN453
574410	hsa-mir-323b
574410	hsa-mir-453
574411	MIR451
574411	MIRN451
574411	hsa-mir-451
574412	MIRN452
574412	hsa-mir-452
574413	MIRN409
574413	hsa-mir-409
574431	C1orf147
574431	FLJ32597
574432	C1orf148
574432	FLJ32878
574432	IBA57-AS1
574433	MIRN412
574433	hsa-mir-412
574434	MIRN410
574434	hsa-mir-410
574435	MIRN376B
574435	hsa-mir-376b
574436	MIRN485
574436	hsa-mir-485
574441	MIRN488
574441	hsa-mir-488
574442	MIRN489
574442	hsa-mir-489
574443	MIRN490
574443	hsa-mir-490
574443	miR-490
574444	MIRN491
574444	hsa-mir-491
574445	MIR511-1
574445	MIR511-2
574445	MIRN511-1
574445	MIRN511-2
574445	hsa-mir-511-1
574445	hsa-mir-511-2
574447	MIRN146B
574447	hsa-mir-146b
574448	MIRN202
574448	hsa-mir-202
574449	MIRN492
574449	hsa-mir-492
574450	MIRN493
574450	hsa-mir-493
574451	MIRN432
574451	hsa-mir-432
574452	MIRN494
574452	hsa-mir-494
574453	MIRN495
574453	hsa-mir-495
574454	MIRN496
574454	hsa-mir-496
574455	MIRN193B
574455	hsa-mir-193b
574456	MIRN497
574456	hsa-mir-497
574457	MIRN181D
574457	hsa-mir-181d
574458	MIRN512-1
574458	hsa-mir-512-1
574459	MIRN512-2
574459	hsa-mir-512-2
574460	MIRN498
574460	hsa-mir-498
574461	MIRN520E
574461	hsa-mir-520e
574462	MIRN515-1
574462	hsa-mir-515-1
574463	MIRN519E
574463	hsa-mir-519e
574464	MIRN520F
574464	hsa-mir-520f
574465	MIRN515-2
574465	hsa-mir-515-2
574466	MIRN519C
574466	hsa-mir-519c
574467	MIRN520A
574467	hsa-mir-520a
574468	MIRN526B
574468	hsa-mir-526b
574469	MIRN519B
574469	hsa-mir-519b
574470	MIRN525
574470	hsa-mir-525
574471	MIRN523
574471	hsa-mir-523
574472	MIRN518F
574472	hsa-mir-518f
574473	MIRN520B
574473	hsa-mir-520b
574474	MIRN518B
574474	hsa-mir-518b
574475	MIRN526A-1
574475	MIRN526A1
574475	hsa-mir-526a-1
574476	MIRN520C
574476	hsa-mir-520c
574477	MIRN518C
574477	hsa-mir-518c
574478	MIRN524
574478	hsa-mir-524
574479	MIRN517A
574479	hsa-mir-517a
574480	MIRN519D
574480	hsa-mir-519d
574481	MIRN521-2
574481	hsa-mir-521-2
574482	MIRN520D
574482	hsa-mir-520d
574483	MIRN517B
574483	hsa-mir-517b
574484	MIRN520G
574484	hsa-mir-520g
574485	MIRN516-3
574485	MIRN516B2
574485	hsa-mir-516-3
574485	hsa-mir-516b-2
574486	MIRN526A-2
574486	MIRN526A2
574486	hsa-mir-526a-2
574487	MIRN518E
574487	hsa-mir-518e
574488	MIRN518A-1
574488	MIRN518A1
574488	hsa-mir-518a-1
574489	MIRN518D
574489	hsa-mir-518d
574490	MIRN516-4
574490	MIRN516B1
574490	hsa-mir-516-4
574490	hsa-mir-516b-1
574491	MIRN518A-2
574491	MIRN518A2
574491	hsa-mir-518a-2
574492	MIRN517C
574492	hsa-mir-517c
574493	MIRN520H
574493	hsa-mir-520h
574494	MIRN521-1
574494	hsa-mir-521-1
574495	MIRN522
574495	hsa-mir-522
574496	MIRN519A-1
574496	MIRN519A1
574496	hsa-mir-519a-1
574497	MIRN527
574497	hsa-mir-527
574498	MIRN516-1
574498	MIRN516A1
574498	hsa-mir-516-1
574498	hsa-mir-516a-1
574499	MIRN516-2
574499	MIRN516A2
574499	hsa-mir-516-2
574499	hsa-mir-516a-2
574500	MIRN519A-2
574500	MIRN519A2
574500	hsa-mir-519a-2
574501	MIR499
574501	MIRN499
574501	hsa-mir-499
574502	MIR500
574502	MIRN500
574502	hsa-mir-500
574503	MIRN501
574503	hsa-mir-501
574504	MIRN502
574504	hsa-mir-502
574505	MIRN450-2
574505	MIRN450A2
574505	hsa-mir-450-2
574505	hsa-mir-450a-2
574506	MIRN503
574506	hsa-mir-503
574507	MIRN504
574507	hsa-mir-504
574508	MIRN505
574508	hsa-mir-505
574509	MIRN513-1
574509	MIRN513A1
574509	hsa-mir-513-1
574509	hsa-mir-513a-1
574510	MIRN513-2
574510	MIRN513A-2
574510	MIRN513A2
574510	hsa-mir-513-2
574511	MIRN506
574511	hsa-mir-506
574512	MIRN507
574512	hsa-mir-507
574513	MIRN508
574513	hsa-mir-508
574514	MIRN509
574514	MIRN509-1
574514	hsa-mir-509
574514	hsa-mir-509-1
574515	MIRN510
574515	hsa-mir-510
574516	MIR514-1
574516	MIRN514-1
574516	hsa-mir-514-1
574517	MIR514-2
574517	MIRN514-2
574517	hsa-mir-514-2
574518	MIR514-3
574518	MIRN514-3
574518	hsa-mir-514-3
594837	U101
594838	HBII-429
594839	ACA33
594840	NCRNA00070
594840	SAS-ZFAT
594840	ZFAT-AS
594840	ZFATAS
594842	HAS2-AS
594842	HAS2AS
594842	HASNT
594842	NCRNA00077
594855	CPX-III
595097	U16
595098	U18A
595099	U18B
595100	U18C
595135	AK096159
606293	KLK31P
606293	PsiKLK1
606293	YKLK1
606495	LOC606495
606500	HBII-202
606553	C8orf49
606553	FLJ30972
606553	G4DM
613126	ENST00000453068
613126	LRRD1-AS1
613210	DEFB137
613227	Gm921
619189	FLJ40363
619190	FDPSL2
619190	FDPSL2A
619190	FPSL2
619190	TCAG_1641456
619207	CD163c-alpha
619208	C6orf225
619208	DKFZp586F0922
619208	LOC619208
619212	HsT2542
619212	PA2G4L4
619279	FLJ16218
619279	Gig1
619344	C8orf69
619349	SETP13
619351	C8orf75
619351	TSLNC8
619373	FKSG89
619373	GOAT
619373	OACT4
619383	Z32
619383	lncC11orf54-1
619383	mgU2-19/30
619434	C8orf43
619434	NCRNA00051
619443	HsT24280
619445	bA567J2.2
619448	bA40F6.3
619452	HsT23291
619455	CXorf18
619455	FLJ36186
619457	UBE2WP
619465	ERVK8
619465	HERV-K115
619465	envK6
619498	SNORD74A
619498	U74
619498	Z18
619499	ACA27
619505	ACA21
619518	C1orf191
619518	MSTP128
619519	A6ps1
619519	PTK9P1
619552	MIRN483
619552	hsa-mir-483
619553	MIRN484
619553	hsa-mir-484
619554	MIR486
619554	MIRN486
619554	hsa-mir-486
619555	MIRN487
619555	MIRN487A
619555	hsa-mir-487
619555	hsa-mir-487a
619556	MIRN455
619556	hsa-mir-455
619562	ACA3
619562	SNORA3
619562	SNORA45A
619563	ACA7
619564	HBII-240
619565	ACA52
619567	R39B
619567	snR39B
619568	ACA4
619569	ACA41
619569	SNORA41A
619570	U95
619571	U96a
641312	Em:AC026226.2
641312	SAR1P2
641312	SARA1P
641339	MRX92
641339	ZNF673B
641364	ENST00000512786
641367	LOC641367
641371	ACH2
641371	CTE-1
641371	LACH2
641372	C14orf42
641373	NCRNA00194
641384	FLJ36105
641384	TMEM75
641451	ACA19
641455	P704P
641455	POTE14beta
641467	LINC00407
641517	DEFB109P1B
641556	bA380I20.1
641614	RPL23AP9
641638	HBII-276HG
641638	NCRNA00058
641638	U87HG
641648	HBII-276
641649	DSPC3
641649	FLJ27310
641649	IFITMD6
641649	SynDIG3
641700	ARIA
641700	ECSM2
641776	SPDYE14P
641808	FAM185B
641842	SLC23A4
641922	UNC93B2P
641977	DKFZp313J1114
641977	SEPT13
641977	SEPT7B
641977	SEPT7P2
642259	GAPDHL15
642259	GAPDL15
642317	GAPDH-Lp
642317	GAPDP15
642317	b55C20.4
642394	C10orf109
642394	NCRNA00168
642394	bA466B20.1
642402	GOLGA6L21P
642413	CTSL1P6
642413	CTSLL6
642413	bA479O17.1
642424	IGKV1/OR10-1
642425	TRIM53B
642425	TRIM53L
642443	ADH5B
642443	bA707M13.2
642460	ANKRD30BP
642460	C21orf110
642460	PRED4
642475	C8orf73
642489	bA184C23.2
642515	DSPD2
642515	IFITMD8
642517	CTGLF6
642517	FLJ00312
642517	bA301J7.2
642521	bA369J21.2
642538	bA369J21.3
642546	HK2P
642559	OTF3L
642559	POU5F1L
642559	POU5FLC12
642569	TRIM53
642569	TRIM53P
642574	CACClnc
642574	FAM83H-AS1
642574	onco-lncRNA-3
642585	VDAC1P
642587	LEADR
642587	LINC00510
642587	miPEP205
642592	EIF5AL3
642597	C18orf42
642612	TRIM49L2
642623	C11orf27
642633	FLJ46366
642635	LOC642635
642636	RAD21L
642636	dJ545L17.2
642643	LINC01662
642658	SCXA
642658	SCXB
642658	bHLHa41
642658	bHLHa48
642659	HNRNPA1P48
642661	LOC642661
642669	LOC642669
642692	LOC642692
642797	FLJ45278
642802	CCDC137P
642812	API5L1
642819	KRBO1
642819	ZNF487P
642826	BMS1LP2
642826	BMS1LP6
642826	BMS1P6
642826	OTTHUMG00000018113
642826	OTTHUMG00000018142
642826	bA144G6.1
642826	bA302K17.2
642840	MEP1AL1
642852	LVBU
642852	NCRNA00205
642864	AKNAD1-AS1
642864	SRG7
642892	bcm2758
642907	MKI67IPP8
642924	LINC00535
642934	HOST2
642938	C10orf141
642938	FAM196A
642938	FLJ45557
642938	INSYN2
642946	FLVCR1-AS1
642946	LQK1
642946	NCRNA00292
642956	FABP5L9
642968	C9orf166
642975	LOC642975
642976	C21orf9
642976	GRIK1-AS
642976	GRIK1AS
642976	NCRNA00110
642987	FLJ43080
643001	DUXY3
643008	C17orf109
643034	DUXY4
643037	LINC01171
643043	LOC643043
643058	LOC643058
643072	lnc-BAZ2B
643136	ZC3HDC11B
643155	C5orf43
643155	DKFZP686E2158
643159	ATF4C
643161	bA96C23.5
643167	LOC643167
643181	FADS2P1
643226	DFNB101
643236	C10orf127
643236	bA285G1.3
643246	ATG8G
643253	CCT6AP1
643300	HSPD1-2P
643311	CT47.13
643332	ECRP
643338	LOC643338
643365	LINC00453
643371	LOC643371
643382	C14orf176
643382	C14orf95
643382	NCRNA00220
643387	LOC643387
643401	LINC01021
643401	LOC643401
643401	RP11-46C20.1
643414	LIPL2
643414	bA186O14.2
643418	LIPL4
643418	bA186O14.3
643427	RBMS2P
643479	AC012044.5
643479	FAM25D
643479	FAM25E
643479	bA592B15.5
643503	TARDBPL
643503	bA318P23.1
643529	LINC01374
643535	KCTD9L
643542	LOC643542
643563	EEF1AL13
643605	LOC643605
643609	Fxrb
643609	NR1H5
643617	LAMR1P8
643646	EDH17B1
643646	HSD17BP1
643646	SDR28C1P1
643664	AMAC1L3
643664	TMEM21B
643677	C13orf40
643677	CCDC168
643677	FLJ40176
643711	LOC643711
643714	LINC00918
643714	LOC643714
643719	SCGB4A1P
643733	CASP17P
643744	HMGN2L4
643749	BetaFAAR
643749	C6UAS
643749	C6orf3
643749	NCRNA00248
643749	TRAF3IP2-AS2
643752	hRap1B-retro
643783	USP46-AS1
643784	LOC643784
643803	KAP24.1
643836	FLJ34231
643836	ZET
643836	ZNF755
643837	RP11-206L10.11
643853	FLJ45032
643862	SPDYE10P
643872	HMGN2L6
643888	LOC643888
643896	LOC643896
643898	ARL2BPL
643898	bcm1040
643909	SPDYE9P
643911	CRNDEP
643911	LINC00180
643911	LOC643911
643915	MORF4LP4
643915	MRG4
643916	LOC643916
643955	ZNF733
643965	TMEM88B
643988	C1orf233
644000	ARAF2
644000	ARAF2P
644000	ARAFPS
644000	PKS1
644016	HSPD1-4P
644017	ZNF734
644019	CBWD6
644019	CBWD7
644019	OTTHUMG00000066820
644019	OTTHUMG00000067194
644021	CTSL1P3
644021	CTSLL3
644041	DKFZP781G0119
644042	ANTP6
644050	LINC01529
644050	LNCGM1082
644054	bA164N7.4
644059	OTTHUMG00000021515
644079	BCR-1
644093	HCG2040054
644096	LYRM8
644138	GOT2L3
644138	GOT2L3P
644150	CR16
644150	FLJ36931
644153	DNM1DN4-2
644158	LOC644158
644165	BCR3
644165	BCRL3
644165	BCRL6
644168	DRG11
644168	PRRXL1
644186	C22orf41
644214	PHBP11
644218	TRPC6L
644218	TRPC6P
644233	AURKBPS1
644233	AurBps1
644253	MAPK8IPP
644253	PRKM8IPP
644261	LOC644261
644265	LOC644265
644295	LOC644295
644297	ARL17A-IT1
644310	LOC644310
644314	MT1I
644314	MTE
644333	ATP5F1P3
644353	PNMA7B
644353	SIZN2
644378	GCNT2P
644378	GCNT6
644378	bA421M1.3
644397	LRRC37A5
644414	DEFB-31
644414	DEFB131
644422	LOC644422
644436	LOC644436
644444	CDC50C
644444	TMEM30C
644491	NARG2P1
644496	CTSL1P4
644496	CTSLL4
644496	OTTHUMG00000018237
644496	bA564C4.3
644498	HMGN2L7
644509	RBM22P10
644511	bA348N5.5
644524	NKX2.4
644524	NKX2D
644538	CXorf69
644540	TCEB1P3
644540	dJ254P11.1
644563	LOC644563
644596	LINC00087
644596	NCRNA00087
644596	RP11-85L21.2
644604	EEF1AL10
644619	INTS4L2
644619	MGC133166
644637	Em:AP000532.C22.1
644637	NF1L6
644660	C8orf81
644660	NCRNA00255
644694	CDRT15L1
644731	IGKV1/OR-3
644731	IGKVPZ3
644739	WASF4
644745	HSPD1-5P
644762	LOC644762
644776	LOC644776
644777	MEP1AL2
644794	lncHERG
644809	C15orf56
644809	FLJ38596
644815	FLJ41564
644815	PAWS1
644820	EEF1B4
644873	FLJ33630
644873	LINC01184
644890	SPATA39
644890	bA2K17.3
644906	LOC644906
644914	H3.6
644914	H3F3AP6
644914	p21
644924	LOC644924
644945	KERSMCR
644945	MGC102966
644988	FAM108A7P
644994	C5orf50
644994	LOC644994
644997	C1orf200
645024	GAPDHL3
645024	GAPDL3
645030	RP5-833A20.1
645051	GAGE12A
645051	OTTHUMG00000024138
645073	OTTHUMG00000024148
645078	FLJ45231
645078	ZCCHC23
645104	DFNB117
645121	FLJ16793
645126	PFN1P7
645161	bA57G10.3
645180	FAM214BP1
645180	LOC645180
645191	LERN2
645191	LRRN6B
645202	GOLGA6L24P
645203	TMEM14D
645203	bA524O24.3
645212	EIF3J-AS1
645249	CCAT5
645249	LOC645249
645249	MAYA
645256	GAPDHL11
645256	GAPDL11
645292	HMG1L6
645292	HMGB1L6
645313	SCDP
645314	LOC645314
645323	ECONEXIN
645323	EyeLinc1
645323	LINC00461
645323	LINC02060
645323	LOC645323
645323	NDIME
645323	Visc
645326	LAMR
645326	LAMR1P11
645326	LAMRL1
645326	LAMRP1
645345	C9orf49
645345	CHCHD9
645355	LINC01469
645357	LOC645357
645367	FLJ31276
645367	GGT1P1
645369	TTMA
645382	PRAMEF33P
645388	LOC645388
645398	MKI67IPP2
645414	OTTHUMG00000007919
645423	MCART4P
645425	OTTHUMG00000007911
645425	OTTHUMT00000008157
645425	PRAMEF21
645434	TCONS_00011139
645440	ATP5F1P6
645443	ATP5A1P3
645443	ATP5AP3
645455	CEP170L
645455	FAM68B
645455	KIAA0470L
645455	MGC26143
645513	LOC645513
645520	F379
645528	C10orf50
645528	LINC00264
645528	NCRNA00264
645528	bA128B16.2
645529	LOC645529
645538	GOT2L1
645545	IGBP1P2
645548	HSPD1-6P
645548	HSPDP6
645553	AC006262.5
645558	FAM90A22P
645560	ATP5C1P1
645560	ATP5C2
645560	ATP5CL2
645572	FAM90A23P
645573	RPS4P19
645619	AK3L2
645619	AK3L2P
645638	LNCDC
645638	LOC645638
645638	lnc-DC
645646	FAM32C
645651	FAM90A14P
645652	MTL1
645668	TUFML
645676	APPLE
645682	Oct4-pg4
645682	POU5FLC1
645687	C14orf34
645687	LASSIE
645687	LEENE
645687	LncRNA00520
645694	5-HT5B
645694	GPR134
645694	HTR5B
645740	NOS2C
645744	HsT33855
645744	TAF5LP
645745	MT1P2
645773	LOC645773
645808	HSP60P2
645808	HSPD-9P
645808	HSPDP2
645811	C16orf29
645811	LOC645811
645832	OG9
645832	OG9X
645836	USP17B
645836	USP17F
645843	TMEM14E
645859	CCDC58P1
645879	FAM90A12P
645922	s100a7b
645927	C6orf44
645927	MCFD2L
645927	NUCB2-L
645927	dJ153G14.2
645931	FENL1
645938	LOC645938
645939	PRKRIRP8
645950	HNRPA1P1
645950	b34I8.2
645950	hnRNPA1-Lp
645954	SVILP1
645961	DKFZP434M131
645961	FAM75C2
645973	ATP5F1P2
645974	RBM32B
645978	LOC645978
645980	CFLL4
645980	CFLP4
645996	FLJ33596
645996	NAP1L6
645996	lncNAP1L6
646000	AMAC1L1
646000	SLC35G4P
646013	RPS17B
646013	RPS17L2
646023	C22orf45
646023	FLJ34651
646023	hLinfRNA1
646050	LOC646050
646083	PA2G4L3
646086	WDR45LP1
646113	LINC00643
646119	Em:AC012468.5
646127	LOC646127
646168	LINC01330
646174	LOC646174
646177	FAM75E2P
646192	NOL5B
646192	NOL5BP
646192	NOP56-L
646192	dJ207F6.1
646202	TLK2ps1
646227	LOC646227
646260	SAR1P1
646260	SARAP
646260	SARAP1
646260	dJ88J8.3
646260	hsSARA-p
646269	RPS4P8
646273	HSPD1-15P
646309	NAMPTL
646309	PBEF2
646309	bA92J19.4
646362	FTHL13
646362	FTHP3
646366	MAS1LP
646366	OTTHUMG00000086553
646370	IGHV1/OR15-3
646379	IGHV1/OR15-4
646450	C3orf71
646463	UBE2HP
646480	PERF
646480	PERF15
646480	T-FABP
646498	C3orf84
646507	FAM75E3P
646520	Em:AB014080.4
646520	SUCLA2P
646531	TCAG_1818537
646555	LOC646555
646576	HHAS1
646583	RPS4P18
646588	AC003090.1
646588	AC005165.1
646592	ZNF652P
646600	C3orf65
646600	FLJ32900
646619	ATP5G1P3
646625	PRHOXNB
646639	LOC646639
646643	SGK069
646644	LOC646644
646658	DSPC1
646658	IFITMD4
646658	SynDIG2
646658	TMEM90A
646658	capucin
646696	LOC646696
646698	ZNF495D
646698	ZSCAN5D
646702	HLA-DP2A
646719	NIPBL-AS
646719	NIPBL-AS1
646721	FAM60DP
646730	LINC02618
646745	LOC646745
646753	bA98O11.1
646794	LOC646794
646799	Z3CXXC7
646802	CYP4F-se11[6:7:8]
646802	CYP4F43P
646817	SETP18
646864	ZNF723P
646875	dJ441G21.1
646890	LOC646890
646891	SDCCAG3P2
646892	LOC646892
646910	HSPD1-14P
646913	SEPT7P3
646915	ZNF806
646951	C3orf76
646951	FAM188B2
646962	LGLL338
646962	PRO537
646962	UNQ338
646976	LOC646976
646976	lnc-ANGPTL1-3
646981	PTPN2P
646981	PTPTP1
646982	lncFOXO1
646996	RAB42P
647002	LOC647002
647009	FAM28CP
647024	LncCCLM
647024	bA7K24.2
647033	PA2G4L1
647042	GOLGA6L18
647044	C9orf51
647044	bA392E22.4
647047	TCP1L1
647060	C9orf36
647060	C9orf36A
647060	DKFZP434B204
647060	FAM75A1
647060	FAM75A2
647060	SPATA31A2
647087	C7orf73
647087	Mm47
647087	Mtlbn
647087	PL-5283
647107	CT64
647135	SRGAP2P2
647144	FAM108A9P
647166	LINC00371
647167	EEF1AL12
647169	GSTAP5
647175	GSTAP3
647187	IGHV3/OR16-6
647215	C1orf81
647219	ASH-5
647219	AmeloD
647219	bHLHa47
647275	LOC647275
647286	TDRD9-AS1
647286	TDRD9AS1
647298	HSPD1-12P
647309	GEMC1
647319	VEZF1L1
647319	ZNF161L1
647507	CNN2P5
647946	LINC00669
647979	LINC00657
648359	FAM108A4
648359	FAM108A4P
648630	TSSK5P1
648630	TSSK5P2
648630	TSSKps1
648740	ACTGP4
648809	EFTUD1P1
648809	FAM42B
648809	HsT19321
648927	LOC648927
648980	BCRL5
649024	LOC649024
649137	ZNF495C
649137	ZSCAN5CP
649159	NCRNA00273
649159	NCRNA00273-1
649159	TOP
649179	FLJ16327
649179	PRAMEF24P
649179	PRAMEL
649446	FLJ35776
649446	HsT914
650181	LOC650181
650293	LOC650293
650474	Mastin
650560	DDX3YP3
650747	IMPA1P
651250	LRRC37C
651302	ZNF192P1
651302	ZNF389
651302	ZNF389P
651302	dJ265C24.4
651452	POM121L3
651452	dJ831C21.3
652873	IGKV2/OR2-7
652963	BTF3L2
652963	HUMBTFC
652965	ACA48
652965	SNORA48A
652966	mgU6-77
652968	GATSL3
652969	SLC6A21
652972	C9orf29
652983	bA571F15.2
652991	CORL2
652991	FUSSEL18
652991	Fussel-18
652995	CUDR
652995	LINC00178
652995	UCAT1
652995	onco-lncRNA-36
653017	USP6P1
653045	PTPN20C
653045	bA164N7.3
653067	CT12.1b
653067	CT12.1c
653067	CT12.1d
653067	XAGE1C
653067	XAGE1D
653067	XAGE1E
653080	LOC653080
653108	CXADRP
653121	BOZF1
653121	FLJ90065
653121	ZBTB8
653121	ZNF916A
653122	LSM12P
653140	C2orf84
653140	FLJ30851
653145	ANX8
653155	LOC653155
653160	LOC653160
653162	LAMR1P9
653163	LCN1L2
653163	bA244N20.11
653166	OR17-30
653174	TSPYP6
653199	FAM115B
653203	DGCR15
653214	PPIA3L
653214	PPIAL3
653220	CT12.1a
653220	GAGED2
653220	XAGE-1
653220	XAGE1
653226	SRP9L1
653232	bA511S14.1
653234	AGAP10
653234	CTGLF10P
653234	CTGLF7
653234	bA144G6.2
653234	bA358L16.1
653238	DKFZP686M0199
653240	KAP4.11
653240	KAP4.14
653240	KRTAP4-14
653247	PRPPRB1
653247	Ps
653247	cP7
653259	AGAP14
653259	CTGLF11P
653259	bA145E20.1
653268	AGAP7
653268	CTGLF4
653268	bA109G10.1
653269	POTE2beta
653282	CT47.7
653288	TSPYP7
653308	ASAH2C
653308	ASAH2L
653308	bA449O16.3
653308	bA98I6.3
653316	FAM153C
653316	NY-REN-7-like
653319	KIAA0895L
653319	LOC653319
653319	TMCP1
653354	ARMCX6-ps
653354	GASP10ps
653361	NCF1A
653361	NOXO2
653361	SH3PXD1A
653361	p47phox
653363	CXorf2B
653364	HSPBL3
653404	OTTHUMG00000066822
653406	LOC653406
653423	EDDM2A
653423	HE2
653427	OTTHUMG00000013332
653427	bA15J10.2
653437	INSSA3
653440	CXYorf1
653440	FAM39A
653441	PHC1B
653464	SRGAP2P1
653483	AFDN-AS1
653483	C6orf124
653483	HGC6.4
653483	LINC01558
653483	MLLT4-AS1
653483	XBP1SBM
653483	dJ431P23.3
653489	RGP3
653492	PSG10
653492	PSG12
653505	COAS2
653505	PPIAL4
653505	PPIAL4B
653509	COLEC4
653509	SFTP1
653509	SP-A
653509	SP-A1
653510	CBWD4P
653519	UNQ192
653553	HSPBL2
653567	FAM23A
653567	FAM23B
653567	bA162I21.2
653567	bA16O1.2
653579	CD177P
653583	FLJ40193
653588	LOC653588
653604	HIST2H3D
653606	PRAMEF3L
653619	OTTHUMG00000007921
653635	FAM39F
653639	APT
653639	LYPLA2L
653639	dJ570F3.6
653659	C1orf37-DUP
653659	TMEM183B
653677	SEC1
653687	CXorf50B
653687	LINC00246B
653687	NCRNA00246B
653689	GSTT2P
653691	FAM115D
653691	FAM139B
653691	FLJ40722-like
653691	TCAF2BP
653753	VNR19I2
653753	ZVNH2
653753	ZVNR2
653784	FAM128A
653784	MOZART2A
653786	LOC653786
653808	JCLN
653808	JCLN1
653808	ZG16A
653808	hZG16
653820	RP11-439A17.6
653857	ARP11
654231	OCM1
654254	FLJ59067
654319	ACA5
654320	ACA8
654321	SNORA75A
654321	U23
654322	ACA13
654364	NM23-LV
654364	NMELV
654383	HsT16723
654385	HsT18206
654386	HsT41398
654387	HsT19508
654388	HsT20607
654390	HsT16324
654427	PCNPP
654434	C17orf86
654434	DKFZp686L05235
654434	FLJ25582
654434	LINC00338
654434	NCRNA00338
654434	PRO0872
654434	SCARNA16HG
654463	C8ORFK23
654466	KGFLP2
654480	ATP5G2P4
654484	ATP5J2P5
654485	ATP5J2P4
654486	ATP5J2P6
654499	HsT16041
654499	KIAA0125P2
654500	H2AFVP
654500	H2AFVP1
654500	HsT19970
654503	HMG1L9
654503	HMGB1L9
654505	H3F3AP1
654505	HsT18159
654505	p48
654506	LAMR1P7
654783	IFNNP1
654790	IQM1
654816	SH3PXD1B
654817	SH3PXD1C
654841	LOC654841
664611	H3F3AP2
664611	H3F3CP
664611	p47
664612	MIRN539
664612	hsa-mir-539
664613	MIR544
664613	MIRN544
664613	hsa-mir-544
664614	MIRN545
664614	hsa-mir-545
664615	MIRN376A2
664615	hsa-mir-376a-2
664616	MIRN487B
664616	hsa-mir-487b
664617	MIRN542
664617	hsa-mir-542
664701	FLJ44894
664701	ZNF826
677679	HBI-100
677681	ACA66
677763	ACA68
677763	SCARNA21A
677765	SCARNA18A
677765	U109
677766	HBII-382
677766	mgU2-25/61
677767	U90
677768	U93
677769	U91
677769	mgU12-22/U4-8
677770	ACA11
677771	ACA26
677772	U88
677773	ACA12
677774	ACA35
677775	U87
677776	U92
677777	U89
677778	ACA45
677779	C3orf66
677779	FLJ41232
677780	ACA57
677781	ACA47
677790	FLJ40168
677792	ACA1
677793	ACA2A
677794	ACA2b
677795	ACA5b
677796	ACA5c
677797	ACA7B
677798	ACA9
677798	SNORA9A
677799	SNORA11A
677799	U107
677800	U108
677801	ACA14a
677802	ACA14b
677803	ACA15
677803	SNORA15A
677804	ACA17
677804	SNORA17
677805	ACA18
677806	ACA20
677807	ACA22
677807	SNORA22A
677808	ACA23
677809	ACA24
677809	SNORA24A
677810	HBI-6
677811	ACA28
677812	ACA29
677813	ACA30
677813	SNORA30A
677814	ACA31
677814	SNORA31A
677815	ACA34
677815	SNORA34
677816	HBI-36
677816	SNORA35A
677817	ACA36
677818	ACA36b
677819	ACA37
677820	ACA38
677821	ACA39
677821	SNORA39
677822	ACA40
677822	SNORA40A
677823	ACA42
677823	SNORA42
677824	ACA43
677824	SNORA43
677825	ACA44
677826	ACA3-2
677826	SNORA45
677826	SNORA45B
677827	ACA46
677828	HBI-115
677829	ACA49
677830	ACA50
677830	SNORA50
677830	SNORA76A
677831	ACA51
677832	ACA53
677833	ACA54
677834	ACA55
677835	ACA56
677836	ACA58
677837	ACA60
677838	ACA61
677839	U71c
677840	U71d
677841	U19-2
677842	ACA62
677842	SNORA76
677842	SNORA76C
677843	ACA63
677843	SNORA77A
677844	ACA64
677845	ACA65
677845	SNORA79A
677846	ACA67
677846	SNORA80
677847	HBI-61
677848	R38A
677848	snR38A
677849	R38B
677849	snR38B
677850	R38C
677850	snR38C
677883	CHTF8P
677885	ACA59
684959	ACA25
684959	SNORA25A
692053	mgU6-53B
692057	HBII-99
692057	MIR1259
692057	MIRN1259
692057	hsa-mir-1259
692058	HBII-95
692063	ACA32
692072	mgh28S-2410
692073	ACA16
692075	mgh28S-2412
692076	Z30
692076	mgU6-47
692084	RNU13
692084	SNORD13A
692084	U13
692085	U45C
692086	HBI-43
692087	U49B
692088	U50B
692089	HBII-108
692090	U59B
692091	HBII-115
692092	U32B
692093	U62B
692094	PC-3
692094	PSMP
692099	FAM86D
692106	HBII-135
692106	SNORD65A
692107	HBII-142
692108	HBII-166
692109	HBII-210
692110	HBII-234
692110	SNORD70A
692111	HBII-239
692111	MIRN768
692111	hsa-mir-768
692147	HMG1L8
692147	HMGB1L8
692148	52
692148	MBI
692148	U85
692148	lnc
692149	U100
692157	U98b
692158	U99
692159	GRASP-AS1
692159	GRASPOS
692195	U75
692196	U76
692197	SNORD77A
692197	U77
692198	U78
692199	U84
692200	HBII-251
692200	SNORD85
692201	U86
692202	HBII-180A
692203	HBII-180B
692204	HBII-180C
692205	HBII-289
692206	HBII-295
692207	HBII-296a
692208	HBII-296b
692209	HBII-316
692210	HBII-336
692211	HBII-419
692212	HBII-420
692213	HBII-55
692214	HBII-82
692215	14q(0)
692223	U97
692225	U94
692226	U96b
692227	U104
692229	U105
692233	U83
692234	U103
692235	U103B
692247	LOC692247
693120	MIRN33B
693120	hsa-mir-33b
693121	MIRN411
693121	hsa-mir-411
693122	MIRN421
693122	hsa-mir-421
693123	MIRN449B
693123	hsa-mir-449b
693124	MIRN532
693124	hsa-mir-532
693125	MIRN548A1
693125	hsa-mir-548a-1
693126	MIRN548A2
693126	hsa-mir-548a-2
693127	MIRN548A3
693127	hsa-mir-548a-3
693128	MIRN548B
693128	hsa-mir-548b
693129	MIRN548C
693129	hsa-mir-548c
693130	MIRN548D1
693130	hsa-mir-548d-1
693131	MIRN548D2
693131	hsa-mir-548d-2
693132	MIR549
693132	MIRN549
693132	hsa-mir-549
693133	MIR550-1
693133	MIRN550-1
693133	hsa-mir-550-1
693134	MIR550-2
693134	MIRN550-2
693134	hsa-mir-550-2
693134	hsa-mir-550a-2
693135	MIRN551A
693135	hsa-mir-551a
693136	MIRN551B
693136	hsa-mir-551b
693137	MIRN552
693137	hsa-mir-552
693138	MIRN553
693138	hsa-mir-553
693139	MIRN554
693139	hsa-mir-554
693140	MIRN555
693140	hsa-mir-555
693141	MIRN556
693141	hsa-mir-556
693142	MIRN557
693142	hsa-mir-557
693143	MIRN558
693143	hsa-mir-558
693144	MIRN559
693144	hsa-mir-559
693146	MIRN561
693146	hsa-mir-561
693147	MIRN562
693147	hsa-mir-562
693148	MIRN563
693148	hsa-mir-563
693149	MIRN564
693149	hsa-mir-564
693152	MIRN567
693152	hsa-mir-567
693153	MIRN568
693153	hsa-mir-568
693154	MIRN569
693154	hsa-mir-569
693155	MIRN570
693155	hsa-mir-570
693156	MIRN571
693156	hsa-mir-571
693157	MIRN572
693157	hsa-mir-572
693158	MIRN573
693158	hsa-mir-573
693159	MIRN574
693159	hsa-mir-574
693160	MIRN575
693160	hsa-mir-575
693161	MIRN576
693161	hsa-mir-576
693162	MIRN577
693162	hsa-mir-577
693163	MIRN578
693163	hsa-mir-578
693164	MIRN579
693164	hsa-mir-579
693165	MIRN580
693165	hsa-mir-580
693166	MIRN581
693166	hsa-mir-581
693167	MIRN582
693167	hsa-mir-582
693168	MIRN583
693168	hsa-mir-583
693169	MIRN584
693169	hsa-mir-584
693170	MIRN585
693170	hsa-mir-585
693171	MIRN586
693171	hsa-mir-586
693172	MIRN587
693172	hsa-mir-587
693173	MIRN588
693173	hsa-mir-588
693174	MIRN589
693174	hsa-mir-589
693175	MIRN590
693175	hsa-mir-590
693176	MIRN591
693176	hsa-mir-591
693177	MIRN592
693177	hsa-mir-592
693178	MIRN593
693178	hsa-mir-593
693180	MIRN595
693180	hsa-mir-595
693181	MIRN596
693181	hsa-mir-596
693182	MIRN597
693182	hsa-mir-597
693183	MIRN598
693183	hsa-mir-598
693184	MIRN599
693184	hsa-mir-599
693185	MIRN600
693185	hsa-mir-600
693186	MIRN601
693186	hsa-mir-601
693187	MIRN602
693187	hsa-mir-602
693188	MIRN603
693188	hsa-mir-603
693189	MIRN604
693189	hsa-mir-604
693190	MIRN605
693190	hsa-mir-605
693191	MIRN606
693191	hsa-mir-606
693192	MIRN607
693192	hsa-mir-607
693193	MIRN608
693193	hsa-mir-608
693194	MIRN609
693194	hsa-mir-609
693195	MIRN610
693195	hsa-mir-610
693196	MIRN611
693196	hsa-mir-611
693197	MIRN612
693197	hsa-mir-612
693198	MIRN613
693198	hsa-mir-613
693199	MIRN614
693199	hsa-mir-614
693200	MIRN615
693200	hsa-mir-615
693201	MIRN616
693201	hsa-mir-616
693202	MIRN617
693202	hsa-mir-617
693203	MIRN618
693203	hsa-mir-618
693204	MIRN619
693204	hsa-mir-619
693205	MIRN620
693205	hsa-mir-620
693206	MIRN621
693206	hsa-mir-621
693207	MIRN622
693207	hsa-mir-622
693208	MIRN623
693208	hsa-mir-623
693209	MIRN624
693209	hsa-mir-624
693210	MIRN625
693210	hsa-mir-625
693211	MIRN626
693211	hsa-mir-626
693212	MIRN627
693212	hsa-mir-627
693213	MIRN628
693213	hsa-mir-628
693214	MIRN629
693214	hsa-mir-629
693215	MIRN630
693215	hsa-mir-630
693216	MIRN631
693216	hsa-mir-631
693217	MIRN632
693217	hsa-mir-632
693218	MIRN633
693218	hsa-mir-633
693219	MIRN634
693219	hsa-mir-634
693220	MIRN635
693220	hsa-mir-635
693221	MIRN636
693221	hsa-mir-636
693222	MIRN637
693222	hsa-mir-637
693223	MIRN638
693223	hsa-mir-638
693224	MIRN639
693224	hsa-mir-639
693225	MIRN640
693225	hsa-mir-640
693226	MIRN641
693226	hsa-mir-641
693227	MIR642
693227	MIRN642
693227	hsa-mir-642
693228	MIRN643
693228	hsa-mir-643
693229	MIR644
693229	MIRN644
693229	hsa-mir-644
693230	MIRN645
693230	hsa-mir-645
693231	MIRN646
693231	hsa-mir-646
693232	MIRN647
693232	hsa-mir-647
693233	MIRN648
693233	hsa-mir-648
693234	MIRN649
693234	hsa-mir-649
693235	MIRN92B
693235	hsa-mir-92b
723778	MIRN650
723778	hsa-mir-650
723779	MIRN651
723779	hsa-mir-651
723790	H2A/r
723790	HIST2H2AA4
724022	MIRN652
724022	hsa-mir-652
724023	MIRN653
724023	hsa-mir-653
724024	MIRN654
724024	hsa-mir-654
724025	MIRN655
724025	hsa-mir-655
724026	MIRN656
724026	hsa-mir-656
724027	MIRN657
724027	hsa-mir-657
724028	MIRN658
724028	hsa-mir-658
724029	MIRN659
724029	hsa-mir-659
724030	MIRN660
724030	hsa-mir-660
724031	MIRN661
724031	hsa-mir-661
724032	MIRN662
724032	hsa-mir-662
724033	MIR663
724033	MIRN663
724033	hsa-mir-663
724033	miR-663a
724067	DEFA7
724068	DEFAP3
724087	CXorf31
724087	OTTHUMG00000021429
724094	OTTHUMG00000013267
724102	NCRNA00059
724102	U19H
727676	U8
727677	CARLo-1
727677	LINC00860
727682	CXorf29
727682	OTTHUMG00000021331
727684	C1orf195
727686	CXorf19
727699	C21orf134
727699	NCRNA00163
727699	NLC1-A
727699	NLC1A
727701	AP001505.9
727701	C21orf135
727701	NCRNA00165
727701	NLC1-B
727703	IGFL-5P
727704	IGFL-6P
727708	HBII-85-19
727713	LOC727713
727713	Lnc-ZEB2-19
727736	CNSA-P3
727736	SH3GLP3
727764	FLJ00219
727764	FLJ35473
727764	FLJ39633
727764	TEKT4P4
727764	pp5644
727789	RWDD1L1
727795	HMGN2L5
727800	DKFZP761H1710
727830	DKFZp434B204
727830	FAM75A3
727830	OTTHUMG00000013164
727832	FLJ36131
727833	IMPDHL1
727837	CT5.2b
727851	RANBP2L1
727851	RanBP2alpha
727857	BHLHF42
727859	C4BPAL1
727866	TMEM29B
727874	LOC727874
727896	LOC727896
727897	MG1
727897	MUC-5B
727897	MUC5
727905	FAM75A5
727905	OTTHUMG00000013204
727919	LOC727919
727930	LOC727930
727936	GLT8D4
727956	SDHAL2
727956	SDHALP2
727957	HEATR7A
727957	KIAA1833
728005	CTGLF9P
728005	bA548K23.1
728023	H2AFZP3
728036	CT47.10
728039	C21orf122
728039	MGC10960
728039	PRED57
728039	PRED90
728042	CT47.9
728045	PPBPL1
728045	TGB2
728048	LOC728048
728049	CT47.8
728062	CT47.6
728072	CT47.5
728075	CT47.4
728081	NCRNA00290
728082	CT47.3
728090	CT47.2
728095	LOC728095
728096	CT47.1
728113	ANXA8L2
728113	bA145E20.2
728113	bA301J7.3
728115	FAM60CP
728116	DKFZp547H154
728116	RP1-27O5.1
728116	ZNF916B
728118	FAM22A
728130	FAM22D
728132	TSPY9P
728169	DUXY1
728190	FAM22A-AS1
728196	SPARCLE
728215	FAM155A
728215	NLF-1
728218	LINC00864
728224	KAP4.8
728228	LOC728228
728234	Em:AL513423.2
728234	HMGN2L
728239	KIAA1859
728239	MAGE-E1
728239	MGC3210
728255	KAP1.4
728262	GTF2IP18
728264	MIR143HG
728279	KAP2.2
728290	LOC728290
728294	D2HGD
728294	FLJ42195
728294	MGC25181
728310	GOLGA6L7P
728317	LOC728317
728318	KAP9.1
728318	KRTAP9L3
728342	ERINA
728343	bA353J17.1
728361	HOVO3
728378	A26C1B
728378	POTE2alpha
728378	POTEACTIN
728388	DNM1DN3-4
728388	DNM1DN4-3
728388	DNM1DN4@
728409	C21orf54
728418	POM121L7
728430	FAM90A20P
728431	LINC01137
728431	LOC728431
728431	ZC3H12A-DT
728432	NARG2P2
728434	C20orf187
728434	dJ727I10.1
728441	GGT2
728447	pTEX
728448	PPIEP1
728450	C20orf61
728450	dJ1012F16.1
728464	C6orf186
728464	dJ71D21.2
728489	C9orf151
728489	HEP
728489	RP11-413M3.2
728489	TIMM15
728489	ZIM17
728489	bA413M3.2
728492	FAM2B
728492	H4F5C
728495	OTTHUMG00000067149
728498	GOLGA6L11
728505	SW2
728505	WDR82B
728505	hCG26824
728513	PNMA6D
728519	BIRC
728519	LOC728519
728519	NAIP1B
728524	SPDYE8P
728535	LOC728535
728537	LINC01125
728556	C21orf19
728556	MEMO1P
728568	BR
728568	C12orf73
728568	DKFZp547P055
728568	FLJ13975
728586	LINC01183
728591	C13orf38
728591	LOC728591
728591	RP11-251J8.1
728599	HsT2384
728602	LOC728602
728606	LINC01092
728609	SDHACL
728609	SDHAL
728621	FLJ20972
728621	LOC728621
728621	PFD6L
728622	SKP1B
728622	p19B
728632	HMGN2L3
728635	SDR25C4
728637	SPO13
728641	FABP5L7
728642	CDC2L2
728642	CDC2L3
728642	CDK11-p110
728642	CDK11-p46
728642	CDK11-p58
728642	PITSLRE
728642	p58GTA
728655	HCCAT1
728655	LINC00078
728655	NCRNA00078
728657	DUSP8P4
728658	bA196N24.2
728695	CT11.2
728695	SPANXB2
728695	SPANXF1
728695	SPANXF2
728710	FAM177A2
728715	OVOS1B
728723	lnc13728
728729	FABP5L8
728746	FAM90A17P
728747	ANKRD20A4
728747	OTTHUMG00000066855
728748	PRKRIRP1
728752	LOC728752
728753	FAM90A19P
728770	DNM1DN5
728770	DNM1DN5@
728773	PABP4
728773	PABPCP2
728773	PABPCP4
728788	CCDC29
728791	bcm1851
728798	FRMPD2L1
728798	FRMPD2L2
728798	FRMPD2P1
728798	FRMPD2P2
728798	PDZD5A
728798	PDZD5B
728798	PDZK5A
728798	PDZK5B
728798	bA556L1.2
728798	yX59F3.2
728806	NSFP
728825	LOC728825
728841	NBPF8P
728858	LOC728858
728911	CT45-2
728911	CT45.2
728917	ABHD17AP2
728917	C1orf47
728917	FAM108A11P
728917	FAM108A2
728917	FAM108A3
728917	FAM108A3P
728929	ELOA3B
728929	HsT828
728929	TCEB3CL
728978	TP53LC05
728978	UASR1
729009	FTHL20
729012	Em:AC006313.1
729012	FAM33B
729012	SKA2L
729023	FAM22HP
729041	FAAH-OUT
729041	LINC00505
729056	LOC729056
729057	LOC729057
729059	C1orf234
729073	FAM92A1P1
729073	FAM92A2
729082	cyrano
729082	linc-OIP5
729083	LINC02158
729085	C3orf41
729085	DKFZP434B172
729085	FAM198A
729092	CTGLF2
729092	Em:AC073389.1
729096	BMS1LP4
729096	OTTHUMG00000018478
729097	RPS4P14
729121	RGPD4-AS1
729163	FABP5L2
729171	ANKRD20B
729177	CASC14
729177	NBAT-1
729198	ANAPC10P
729201	LYZL5B
729208	HsT16795
729211	KRT18L5
729230	CC-CKR-2
729230	CD192
729230	CKR2
729230	CMKBR2
729230	FLJ78302
729230	MCP-1-R
729238	COLEC5
729238	SP-A2
729249	MAVP1
729252	KRT14P
729262	FAM22B
729262	bA119F19.1
729288	ZNF286C
729288	ZNF286L
729288	ZNF590
729299	PMS2L16
729317	LOC729317
729347	ALDRL3
729347	Coromarker
729359	KIAA1881
729359	S3-12
729384	TRIM49D2P
729384	TRIM49L
729384	TRIM49L1
729391	RFWD2P
729391	RFWD2P1
729392	bA239L20.2
729396	GAGE11
729396	OTTHUMG00000024137
729402	Em:AC073587.1
729403	GAPDHL6
729403	GAPDL6
729420	C13orf45
729420	LMO7DN-IT1
729422	OTTHUMG00000024144
729423	HNRNPA1L
729423	HNRNPA1L1
729423	HNRPA1L
729428	OTTHUMG00000024142
729431	OTTHUMG00000024146
729435	ATP6EL1
729435	ATP6V1EL1
729438	GATSL1
729438	GATSL2
729440	VFL3
729440	hVFL3
729442	OTTHUMG00000024149
729447	CT4.2
729447	GAGE2
729451	lnc-GCH1-2:3
729453	PMS2L14
729461	LINC01660
729475	FLJ17540
729484	ENSG00000184796
729495	FAM108A5
729495	FAM108A5P
729515	BM033
729515	C6orf35
729522	AACSL
729528	OTTHUMG00000007916
729533	LMPIP
729533	MGC57827
729533	RP11-312O7.1
729533	UGENE
729533	p17
729540	RGP6
729582	FLJ14199
729583	C6orf100
729583	dJ25J6.5
729603	LOC729603
729608	BXDC1P
729608	C20orf53
729608	RPF2P
729608	bA353C18.4
729610	FAHD2P
729614	FLJ37453
729648	ZNF812
729659	S100A11P
729665	C14orf38
729666	LDHAL5
729674	LOC729674
729727	CICK0721Q.1
729727	RPL12-L
729727	dJ570F3.5
729756	PRSS44
729756	TESSP4
729786	GOLGA8C
729806	ZNF731
729809	DNM1DN8-1
729809	DNM1DN8-5
729809	DNM1DN8@
729830	FAM160A1
729830	FHIP-L
729830	FLJ43373
729835	LOC729835
729852	RPA3-AS1
729852	RPA3OS
729857	RANBP2L2
729857	RGP2
729859	LOC729859
729873	DKFZp434P2235
729873	PRC17
729873	TBC1D3A
729920	IspD
729920	Nip
729920	hCG_1745121
729944	ZNF75C
729948	CDC26P
729948	TCAG_1970866
729967	MOPT
729970	ALG14-AS1
729970	LOC729970
729970	RP4-639F20.1
729974	RNF210B
729975	FLJ30403
729991	MEF2BNB
730043	LOC730043
730069	LOC730069
730087	ZNF92P3
730094	ATTHOG
730094	BC030336
730094	C16orf52
730100	AK127244
730112	FAM166B
730152	GSTAP2
730152	GSTAP6
730222	LOC730222
730222	RP11-480I12.5
730222	TUBAP5
730227	LINC01136
730249	IRG1
730268	LOC730268
730291	ZNF735P
730394	GTF2H2D
730394	LOC730394
730647	HINTP1
730755	KAP2.3
731220	FLJ42986
731308	DNCL1P2
731789	LINC00202-2
732253	LINC00532
732253	lincRNA-NR_024015
732448	CCDC58P3
735301	DKFZp686N06141
735301	NCRNA00062
751071	CS-KMT
751071	METTL12
751071	U99HG
751580	CXYorf8
751580	NCRNA00106
751580	OTTHUMG00000021061
752014	CP-23
767558	MPD6
767558	MTPNUT
767561	14q(I-1)
767562	14q(I-2)
767563	14q(I-3)
767564	14q(I-4)
767565	14q(I-5)
767566	14q(I-6)
767567	14q(I-7)
767568	14q(I-8)
767569	14q(I-9)
767577	14q(II-1)
767578	14q(II-2)
767579	14q(II-3)
767580	14q(II-4)
767581	14q(II-5)
767582	14q(II-6)
767583	14q(II-7)
767584	14q(II-8)
767585	14q(II-9)
767588	14q(II-10)
767589	14q(II-11)
767590	14q(II-12)
767591	14q(II-13)
767592	14q(II-14)
767593	14q(II-15)
767594	14q(II-16)
767595	14q(II-17)
767596	14q(II-18)
767597	14q(II-19)
767598	14q(II-20)
767599	14q(II-21)
767600	14q(II-22)
767603	14q(II-23)
767604	14q(II-24)
767605	14q(II-25)
767606	14q(II-26)
767608	14q(II-27)
767609	14q(II-28)
767610	14q(II-29)
767611	14q(II-30)
767612	14q(II-31)
767811	H2BFXP
767846	C1orf152
767846	COAS3
767851	PFN1P5
768096	HAR1F
768096	LINC00064
768096	NCRNA00064
768097	HAR1R
768097	LINC00065
768097	NCRNA00065
768206	RP36
768212	MIRN758
768212	hsa-mir-758
768213	MIRN671
768213	hsa-mir-671
768214	MIRN668
768214	hsa-mir-668
768215	MIRN767
768215	hsa-mir-767
768216	MIRN454
768216	hsa-mir-454
768217	MIRN769
768217	hsa-mir-769
768218	MIRN766
768218	hsa-mir-766
768219	MIRN802
768219	hsa-mir-802
768220	MIRN765
768220	hsa-mir-765
768222	MIRN770
768222	hsa-mir-770
780776	FAM18A
780776	YDR084C
780851	RNU3
780851	U3
780852	U3-2B
780853	RNU3-3
780853	U3-3
780854	RNU3-4
780854	U3-4
790951	TRNAS4
790951	TRS4
790951	tRNA-Ser-AGA-3-1
790952	HESRG
790955	C11orf83
790955	UNQ655
790966	TRK2
790966	TRNAK2
790966	tRNA-Lys-CTT-2-3
791114	LOHAN1
791114	NCRNA00198
791115	NCRNA00199
791226	TRN2
791226	TRNAN2
791226	tRNA-Asn-GTT-4-1
791227	TRN3
791227	TRNAN3
791227	tRNA-Asn-GTT-6-1
791230	HtV1
791230	TRNAV7
791230	TRV7
791230	tRNA-Val-AAC-1-5
791231	HtV2
791231	TRNAV8
791231	TRV8
791231	tRNA-Val-AAC-3-1
791232	HtV3
791232	TRNAV9
791232	TRV9
791232	tRNA-Val-CAC-1-3
100008586	OTTHUMG00000024147
100009601	TRNAY1
100009601	tRNA-Tyr-GTA-7-1
100009602	TRNAY2
100009602	tRNA-Tyr-GTA-5-4
100009603	TRNAA2
100009603	tRNA-Ala-AGC-11-1
100009604	TRNAA3
100009604	tRNA-Ala-AGC-8-1
100009605	TRNAF1
100009605	tRNA-Phe-GAA-2-1
100009606	TRNAF2
100009606	tRNA-Phe-GAA-1-4
100009607	TRNAH5
100009607	tRNA-His-GTG-1-6
100009613	ANO1-AS2
100009613	C11orf78
100009613	NCRNA00224
100009667	Oct4-pg5
100033392	VN2R4P
100033392	VN2R5P
100033392	VN2R8P
100033409	OTX2P
100033413	HBII-85-1
100033414	HBII-85-2
100033415	HBII-85-3
100033416	HBII-85-4
100033417	HBII-85-5
100033418	HBII-85-6
100033419	HBII-85-7
100033420	HBII-85-8
100033421	HBII-85-9
100033422	HBII-85-10
100033423	HBII-85-11
100033424	HBII-85-12
100033425	HBII-85-13
100033426	HBII-85-14
100033427	HBII-85-15
100033428	HBII-85-16
100033429	HBII-85-17
100033430	HBII-85-18
100033431	HBII-85-20
100033432	HBII-85-21
100033433	HBII-85-22
100033434	HBII-85-23
100033435	HBII-85-24
100033436	HBII-85-25
100033437	HBII-52-2
100033438	HBII-85-26
100033439	HBII-85-27
100033440	HBII-52-3
100033441	HBII-52-4
100033442	HBII-52-5
100033443	HBII-52-6
100033444	HBII-52-7
100033445	HBII-52-8
100033446	HBII-52-9
100033447	HBII-52-10
100033448	HBII-52-11
100033449	HBII-52-12
100033450	HBII-52-13
100033451	HBII-52-14
100033453	HBII-52-15
100033454	HBII-52-16
100033455	HBII-52-17
100033456	HBII-52-18
100033458	HBII-52-19
100033460	HBII-52-20
100033603	HBII-52-21
100033799	HBII-52-22
100033800	HBII-52-23
100033801	HBII-52-25
100033802	HBII-52-26
100033803	HBII-52-29
100033804	HBII-52-30
100033805	HBII-52-31
100033806	HBII-52-32
100033807	HBII-52-33
100033808	HBII-52-34
100033809	HBII-52-35
100033810	HBII-52-36
100033811	HBII-52-37
100033812	HBII-52-38
100033813	HBII-52-39
100033814	HBII-52-40
100033815	HBII-52-41
100033816	HBII-52-42
100033817	HBII-52-43
100033818	HBII-52-44
100033819	MIRN675
100033819	hsa-mir-675
100033820	HBII-85-28
100033821	HBII-85-29
100033822	HBII-52-48
100034743	OTTHUMG00000074107
100034743	OTTHUMT00000038524
100034743	PDZK1P2
100036563	HBII-52-24
100036564	HBII-52-27
100036565	HBII-52-28
100036566	HBII-52-45
100036567	HBII-52-47
100037280	RP4-680N4
100037280	UBE2D3P
100037280	UBE2D5P
100038246	APT-B7
100038246	TD1
100038246	TDI
100048903	OTTHUMG00000130506
100048904	BAT1P1
100048907	OTTHUMG00000086707
100048908	OTTHUMG00000133740
100048909	BPG126D10.10
100048909	OTTHUMG00000086663
100048912	66CTG
100048912	ANRIL
100048912	CDKN2B-AS
100048912	CDKN2BAS
100048912	NCRNA00089
100048912	PCAT12
100048912	RP11-145E5.4
100048912	p15AS
100048922	BPG294E21.7
100048922	OTTHUMG00000140156
100048923	BAT1P2
100048923	BPG309N1.15
100048924	BPG309N1.16
100049613	TRNAK3
100049613	tRNA-Lys-TTT-3-4
100049614	TRNAV6
100049614	TRV6
100049614	tRNA-Val-CAC-1-5
100049716	LOC100049716
100073347	LINC00067
100073347	MIM1
100073347	NCRNA00067
100093630	LINC00060
100093630	NCRNA00060
100101118	NCRNA00217
100101120	NCRNA00215
100101120	TTTY21
100101246	LOC100101246
100101247	LOC100101247
100101268	SPDYE12P
100101440	PMS2L15
100101440	PMS2LP2
100101440	PMSR7
100101467	ZNF397OS
100101467	ZNF917
100101490	MCTS2P
100101490	psiMCT-1
100101629	CT4.8
100101938	LINC00414
100113386	FLJ46647
100113386	UCKL1-AS
100113386	UCKL1AS
100113386	UCKL1OS
100113391	MIR1201
100113391	MIRN1201
100113391	hsa-mir-1201
100113397	LOC100113397
100113402	MIR3647
100113402	hsa-mir-3647
100113403	C6orf220
100113403	LINC00577
100113403	dJ439I14.1
100113404	C9orf146
100124334	LOC100124334
100124401	LOC100124401
100124700	HOXC-AS4
100124700	HOXC11-AS1
100124700	NCRNA00072
100125288	GATAD3
100126270	ASFMR1
100126270	FMR1-AS
100126270	FMR1AS
100126270	FMR4
100126270	FMR5
100126296	MIRN298
100126296	hsa-mir-298
100126297	MIRN300
100126297	hsa-mir-300
100126299	MIR886
100126299	MIRN886
100126299	hsa-mir-886
100126299	hvg-5
100126299	nc886
100126299	pre-miR-886
100126299	vtRNA2
100126301	MIRN509-2
100126301	hsa-mir-509-2
100126302	MIRN450B
100126302	hsa-mir-450b
100126303	MIRN890
100126303	hsa-mir-890
100126304	MIRN891B
100126304	hsa-mir-891b
100126306	MIRN888
100126306	hsa-mir-888
100126307	MIRN892B
100126307	hsa-mir-892b
100126308	MIRN541
100126308	hsa-mir-541
100126309	MIRN875
100126309	hsa-mir-875
100126310	MIRN876
100126310	hsa-mir-876
100126311	MIRN147B
100126311	hsa-mir-147b
100126313	MIRN744
100126313	hsa-mir-744
100126314	MIRN877
100126314	hsa-mir-877
100126315	MIRN665
100126315	hsa-mir-665
100126316	MIRN873
100126316	hsa-mir-873
100126317	MIRN374B
100126317	hsa-mir-374b
100126318	MIRN301B
100126318	hsa-mir-301b
100126319	MIRN216B
100126319	hsa-mir-216b
100126320	MIRN920
100126320	hsa-mir-920
100126321	MIRN922
100126321	hsa-mir-922
100126323	MIRN924
100126323	hsa-mir-924
100126324	MIRN934
100126324	hsa-mir-934
100126325	MIRN935
100126325	hsa-mir-935
100126326	MIRN936
100126326	hsa-mir-936
100126327	MIRN938
100126327	hsa-mir-938
100126328	MIRN940
100126328	hsa-mir-940
100126329	MIRN941-1
100126329	hsa-mir-941-1
100126330	MIRN941-4
100126330	hsa-mir-941-4
100126331	MIRN942
100126331	hsa-mir-942
100126332	MIRN943
100126332	hsa-mir-943
100126333	MIRN708
100126333	hsa-mir-708
100126334	MIRN885
100126334	hsa-mir-885
100126335	MIRN543
100126335	hsa-mir-543
100126336	MIRN208B
100126336	hsa-mir-208b
100126337	MIRN509-3
100126337	hsa-mir-509-3
100126338	MIRN937
100126338	hsa-mir-937
100126339	MIRN941-2
100126339	hsa-mir-941-2
100126340	MIRN944
100126340	hsa-mir-944
100126341	MIRN891A
100126341	hsa-mir-891a
100126342	MIRN892A
100126342	hsa-mir-892a
100126343	MIRN874
100126343	hsa-mir-874
100126345	MIRN889
100126345	hsa-mir-889
100126346	MIRN190B
100126346	hsa-mir-190b
100126347	MIRN887
100126347	hsa-mir-887
100126348	MIRN760
100126348	hsa-mir-760
100126349	MIRN921
100126349	hsa-mir-921
100126350	MIRN933
100126350	hsa-mir-933
100126351	MIRN939
100126351	hsa-mir-939
100126352	MIRN941-3
100126352	hsa-mir-941-3
100126354	MIRN297
100126354	hsa-mir-297
100126355	MIR365-1
100126355	MIRN365-1
100126355	hsa-mir-365-1
100126356	MIR365-2
100126356	MIRN365-2
100126356	hsa-mir-365-2
100126572	CX23
100126693	C21orf136
100126693	FLJ16545
100126693	NCRNA00322
100126784	LEISA
100126784	LOC100126784
100126784	NAV2-AS6
100126791	EGO
100126791	NCRNA00190
100126793	GHRL-AS1
100126793	NCRNA00068
100126798	SNAR-A53113498
100126799	SNAR-A53129250
100127173	HLA-BEL/COQ/DEL
100127206	KIAA1024L
100127902	lnc-OPHN1-5
100127905	C6orf161
100127905	FAM165A
100127905	bA33E24.4
100127906	PQLC1P2
100127912	LOC100127912
100127952	ATF4B
100128006	LOC100128006
100128016	HsT36289
100128016	NSD4P
100128016	WHSC1L1P
100128027	LOC100128027
100128036	KLF7P
100128048	LOC100128048
100128062	GLUT3P1
100128062	GLUT6
100128062	SLC2A3P
100128098	APAL
100128102	PHBP16
100128109	MEF2BNBP1
100128119	MCART5P
100128122	LOC100128122
100128127	GPR123-AS1
100128132	TMCC1P
100128139	XLOC_013014
100128140	RPS4P17
100128145	LGALS10P1
100128154	MFSD4BP1
100128190	NHEDC1P1
100128240	CD83P
100128240	HB15p
100128240	b34I8.3
100128252	MORT
100128260	NCRNA00286B
100128264	HTR5AOS
100128268	LOC100128268
100128285	DNM1DN8-2
100128327	BET3L
100128327	FLJ11180
100128327	bA259P20.2
100128345	LOC100128345
100128355	LOC100128355
100128360	LOC100128360
100128378	C3orf74
100128379	LOC100128379
100128385	C9orf110
100128385	LINC00256B
100128385	NCRNA00256B
100128386	AK124326
100128386	LOC100128386
100128397	MKI67IPP5
100128431	FAM51A2P
100128431	GEMIN8P
100128459	CCNJP
100128496	C20orf78
100128496	dJ1068E13.1
100128516	ATP5F1P5
100128525	UQCRFSL1
100128531	LOC100128531
100128537	C1orf132
100128537	FLJ35650
100128540	LOC100128540
100128541	ATP6V1GP2
100128546	LOC100128546
100128553	cTAGE-4
100128560	linc-MYH
100128568	LOC100128568
100128569	C19orf71
100128569	LOC100128569
100128621	CYB5P2
100128707	MKI67IPP4
100128712	SLMO2P3
100128738	LOC100128738
100128750	TP53LC06
100128759	LOC100128759
100128764	PRKRIRP6
100128775	LOC100128775
100128781	FAM35A2
100128781	FAM35AP
100128781	FAM35CP
100128782	C9orf130
100128782	LINC00476
100128808	LOC100128808
100128827	TCONS_l2_00020053
100128853	ZNF725
100128881	FAISL
100128881	MYU
100128893	BM742401
100128893	locus5689
100128903	NG4-5
100128903	NPMP4
100128908	LMLN2
100128927	ZNF925
100128929	LOC100128929
100128946	WI2-81516E3.1
100128961	GAPDHL7
100128961	GAPDL7
100128964	LOC100128964
100128977	MAPT-AS
100128998	dJ824A14.1
100129001	LOC100129001
100129011	HsT818
100129011	LSM6P
100129027	LOC100129027
100129040	CCDC11P1
100129046	LOC100129046
100129046	TP53LC19
100129053	JMJD2F
100129055	LOC100129055
100129074	PRKRIRP5
100129075	C14orf33
100129075	MYCLo-3
100129080	CR-7
100129080	CRIPTO-7
100129080	TDGF1P7
100129080	TDGF7
100129083	LOC100129083
100129086	HIGD1D
100129086	HIGD1DP
100129094	BTN4
100129094	BTNL10
100129094	BUTR1
100129100	C12orf29P3
100129124	FAM18B3P
100129128	RP11-257K9.7
100129129	AF131216.3
100129133	LOC100129133
100129140	LOC100129140
100129176	RPL13AP4
100129192	PERB11.3
100129239	CXorf51
100129250	C9orf133
100129250	TOPORS-AS1
100129271	C1orf68
100129271	LEP7
100129271	XP32
100129288	MORF4LP5
100129321	SSBL3P1
100129347	C9orf73
100129375	LOC100129375
100129382	PRKRIRP4
100129385	C9orf92
100129385	Em:AL513424.1
100129396	FAM106CP
100129398	FAM34A2P
100129398	FAM34BP
100129405	MSTO2
100129407	DMRTC1-AS1
100129407	LINC00684
100129464	CXorf28
100129464	VAL
100129480	C3orf83
100129480	MKRN2-AS1
100129482	FLJ23327
100129482	ZNF37B
100129483	LOC100129483
100129515	LINC00633
100129574	C12orf29P1
100129583	FLJ42946
100129583	LOC100129583
100129595	PRUNEP1
100129622	Y214H10.6
100129631	IGHV2/OR16-5
100129643	LOC100129643
100129654	bHLHa25
100129661	LOC100129661
100129664	SLMO2P1
100129669	C9orf134
100129669	bA20A20.1
100129696	TFP
100129696	TFP1
100129706	HMGB1L13
100129722	C9orf173-AS1
100129723	HMGB1L12
100129724	LOC100129724
100129755	RPL24p
100129755	RPL30BP
100129755	RSL24D1P
100129755	dJ97D16.2
100129772	Em:AB014080.3
100129772	TMPOL1
100129781	HypERlnc
100129781	lincNORS
100129782	ATP5A1P4
100129782	ATP5AP4
100129792	LOC100129792
100129793	TLK1P
100129793	TLK1ps
100129800	ZNF181P1
100129800	ZNF807
100129818	LOC100129818
100129827	MRVI1-AS1
100129842	ZNF102
100129843	LOC100129843
100129851	LOC100129851
100129921	Em:AC006046.2
100129940	RP11-366L20.2
100129955	LOC100129955
100129956	LOC100129956
100129969	FAM205C
100129969	FAM205CP
100129973	LOC100129973
100129989	C12orf29P2
100129996	LOC100129996
100129997	LOC100129997
100130003	HsT2742
100130009	HMGA1-p
100130015	URAH
100130026	LOC100130026
100130029	HMGA1L6
100130097	KLP-6
100130102	LOC100130102
100130134	LOC100130134
100130155	LINC00966
100130170	LOC100130170
100130171	LOC100130171
100130176	LOC100130176
100130197	KIAA0494-AS1
100130209	LOC100130209
100130249	PP2672
100130264	LOC100130264
100130299	LOC100130299
100130302	FAM48B1
100130302	SPT20L
100130342	C2B
100130342	SCGB4A3P
100130348	TMEM262
100130373	AL121895.1
100130396	ATP5LP4
100130403	LOC100130403
100130417	AL645608.1
100130418	SAHL1
100130448	MRS2LP1
100130451	LOC100130451
100130476	LOC100130476
100130476	lnc-TNFAIP3
100130480	C18orf64
100130488	LOC100130488
100130519	Jiraiya
100130535	RP11-162L10.1
100130535	VIM2
100130535	VIMP1
100130535	lncRNA-CIR
100130539	C10orf142
100130557	0808y08y
100130561	HMG1L10
100130561	HMGB1L10
100130562	bcm384
100130564	SEPT7P7
100130579	PHBP20
100130607	LOC100130607
100130613	CXorf64
100130620	LOC100130620
100130626	TCEB1P18
100130636	FAM75D2P
100130649	LOC100130649
100130677	NFYAP
100130680	LOC100130680
100130682	LOC100130682
100130687	FABP5L6
100130701	LRRC58-DT
100130704	LOC100130704
100130705	ATP6V1FNB
100130717	CECR4
100130717	CECR5-AS1
100130717	NCRNA00017
100130724	LOC100130724
100130733	LOC100130733
100130733	SLRN
100130756	Em:AF129756.18
100130756	UQCRHP5
100130758	METT5D2
100130766	LOC100130766
100130776	LOC100130776
100130776	PUNISHER
100130783	LOC100130783
100130799	FUSIP1P
100130799	HsT2687
100130799	SFRS13AP1
100130827	SgK110
100130873	CARM1L
100130880	LOC100130880
100130887	ATE1-AS1
100130887	ENST00000437593
100130889	NCRNA00196
100130933	C17orf110
100130933	SMIM6
100130934	DKFZp547G0215
100130934	ZNF663
100130962	ATP5G1P7
100130967	C6orf99
100130967	yR211F11.1
100130988	C7orf72
100130988	SPATA48
100131017	ENST00000305834
100131017	MZF-3
100131047	LOC100131047
100131047	lnc-SAYSD1-1
100131055	RPS4P15
100131060	LINC01135
100131060	LINC01358
100131069	LOC100131069
100131072	LOC100131072
100131078	LOC100131078
100131084	DNM1DN17
100131084	DNM1DN17@
100131089	SRP14-AS1
100131137	BSP1
100131137	ELSPBP2
100131138	LINC01405
100131138	MASCC1
100131138	RP1-46F2.2
100131187	KAT
100131193	KIAA1984-AS1
100131200	LOC100131200
100131211	TMEM194B
100131213	C10orf41
100131213	NCRNA00245
100131250	SPCS2P
100131252	FAM213AP2
100131268	TPT1P
100131284	LOC100131284
100131309	PRKRIRP9
100131339	RPL32L
100131390	ZNF990
100131434	LINC00893
100131434	lnc-CPLC
100131439	CD300D
100131439	CMRF35A4
100131448	LOC100131448
100131454	ELP2P
100131482	LOC100131482
100131539	ZNF705E
100131551	ACLY-BP
100131551	HEIRCC
100131551	LINC02036
100131551	linc-ATP13A4-8
100131556	LOC100131556
100131564	ENST00000440778.1
100131604	LOC100131604
100131609	HNRPA1P2
100131609	dJ372B18.1
100131614	RPS4P22
100131617	LOC100131617
100131726	HCCC11
100131755	CXorf35
100131755	GASP4
100131755	MGC40053
100131796	TCONS_00023265
100131801	C19orf79
100131814	C6orf217
100131814	LINC00271
100131814	NCRNA00271
100131816	MGC42638
100131825	CTA-134P22.2
100131827	X17
100131827	ZNF838
100131852	LOC100131852
100131855	C2orf27AP2
100131874	CFLL3
100131874	CFLP3
100131897	C5orf57
100131897	FAM196B
100131902	KAP25.1
100131984	ANKRD57P1
100131997	MGC42630
100132031	DNM1DN3-1
100132031	DNM1DN3-3
100132031	DNM1DN3@
100132057	LOC100132057
100132076	LOC100132076
100132079	KARSP3
100132100	DNM1DN4-5
100132115	RBM22P8
100132116	UC001kfo
100132116	ZXF1
100132116	uc001kfo.1
100132121	SUP45L4
100132169	NCRNA00286A
100132173	KIAA0649P3
100132202	GOLGA6L25P
100132204	DNM1DN3-2
100132251	FAM108A10P
100132268	FKBP4P4
100132268	FKBP4P5
100132273	NDUFA6-AS1
100132285	183ActI
100132285	CD158J
100132285	cl-49
100132285	nkat5
100132288	MAFIPL
100132295	KIAA0649P4
100132340	CYP4F-se14[6:8]
100132341	C16orf67
100132341	KIAA0664L3
100132341	KIAA0664P3
100132341	MGC3020
100132354	HI-LNC77
100132354	LOC100132354
100132354	TCONS_00011120
100132386	KAP4.9
100132399	OTTHUMG00000024145
100132406	AG1
100132417	CD64c
100132417	FCGR1C
100132421	DUXY2
100132463	CLDN21
100132464	DKFZp781M09150
100132467	RNF2P
100132476	KAP4.7
100132498	LOC100132498
100132501	TCONS_00026208
100132510	GLRXL
100132565	DKFZp434P162
100132596	XGPY2
100132601	GAPDHL13
100132601	GAPDL13
100132615	LOC100132615
100132619	ATP5A1P10
100132621	LOC100132621
100132658	LOC100132658
100132677	BSN-AS2
100132707	PAXIP1OS
100132708	4F-se9[6:7:8]
100132708	C2orf14
100132708	DKFZp434F1719
100132736	LOC100132736
100132759	ORLP1
100132796	MKI67IPP6
100132813	AC079061.1
100132824	LOC100132824
100132831	LOC100132831
100132832	PMS2L17
100132832	PMS2LP1
100132832	PMSR5
100132849	LOC100132849
100132911	C20orf143
100132911	DPH3B
100132911	ZCSL1
100132911	dJ885L7.5
100132916	FAM159B
100132929	FAM25B
100132929	bA144G6.8
100132948	FAM27A
100132948	FAM27A1
100132948	FAM27A3
100132948	bA374M1.5
100132948	bA7G23.5
100132963	CXorf68
100132967	CXorf52
100132967	LINC00204A
100132967	NCRNA00204
100132967	NCRNA00204A
100132967	SPCX
100132973	TCEB1P29
100132978	ATCD1
100132979	GOLGA8D
100132995	HsT2707
100133012	CHEK2L1
100133036	DKFZp686P0734
100133036	PITAR
100133037	Em:AB023049.2
100133040	KIAA0649P5
100133064	KIAA0649P2
100133093	bA301J7.4
100133121	FAM27A2
100133121	bA12A20.3
100133128	DEFB108P5
100133168	GPR183P1
100133180	DDX3YP1
100133204	C9orf147
100133204	bA32M23.3
100133205	C6orf41
100133205	NCRNA00240
100133205	bA373D17.1
100133211	LOC100133211
100133212	FAM108A8P
100133220	GOLGA6L3
100133259	CBX9
100133261	LOC100133261
100133265	BMS1LP7
100133265	OTTHUMG00000018163
100133265	bA164N7.1
100133307	CYP1A8P
100133311	HOXA6as
100133314	SETP
100133314	SETP19
100133545	TP53LC10
100133612	TLNC1
100133669	LOC100133669
100133941	CD24A
100133985	LOC100133985
100134229	JHDM1D-AS1
100134444	KIR2.6
100134444	TTPP2
100134869	UBE2Q2P3
100134869	UBE2QP2
100134934	C17orf106
100134934	FLJ39785
100134938	UPK3BL
100134938	UPLP
100135756	ATG3P
100135756	dJ54G6.1
100137049	HsT16992
100137049	cPLA2-beta
100141515	GLPG464
100141515	IL-40
100141515	UNQ464
100144435	HVG4
100144435	VAULTRC4
100144435	hvg-4
100144435	vtRNA3P
100144494	KDELC1P1
100144595	AC009227.1
100144596	C20orf51
100144596	NCRNA00029
100144596	bA305P22.4
100144603	CHKB-AS1
100144603	HRAT
100144603	TCONS_00029632
100144748	killin
100147744	RNU7
100147744	U7.1
100147745	U7.2
100147746	U7.3
100147747	RNU7-132P
100147747	U7.4
100147748	U7.5
100147749	U7.6
100147755	U7.7
100147756	RNU7-139P
100147756	U7.8
100147757	U7.9
100147758	U7.10
100147759	U7.11
100147760	RNU7-100P
100147760	U7.12
100147761	U7.13
100147762	U7.14
100147763	U7.15
100147764	U7.16
100147765	U7.17
100147766	RNU7-142P
100147766	U7.18
100147767	U7.19
100147768	U7.20
100147769	U7.21
100147770	U7.22
100147771	U7.23
100147812	U7.25
100147813	U7.26
100147814	U7.27
100147815	U7.28
100147816	U7.29
100147817	U7.30
100147818	U7.31
100147819	U7.32
100147820	U7.33
100147821	U7.34
100147822	U7.35
100147823	RNU7-112P
100147823	U7.36
100147824	U7.37
100147825	U7.38
100147826	U7.39
100147827	U7.40
100147828	U7.41
100147829	U7.42
100147830	RNU7-118P
100147830	U7.43
100147831	U7.44
100147832	U7.45
100147833	U7.46
100147834	U7.47
100147835	U7.48
100147836	U7.49
100147837	U7.50
100151642	ATG12P
100151643	KAP20.4
100151645	USF1P
100151647	U7.51
100151648	U7.52
100151649	U7.53
100151650	U7.54
100151651	U7.56
100151652	U7.57
100151653	U7.58
100151654	U7.59
100151655	U7.60
100151656	U7.61
100151657	U7.62
100151658	U7.63
100151662	U7.64
100151663	U7.65
100151664	U7.66
100151665	U7.67
100151666	U7.69
100151667	U7.70
100151668	U7.71
100151669	U7.72
100151670	U7.73
100151671	U7.74
100151672	U7.75
100151673	U7.76
100151674	U7.77
100151675	U7.78
100151676	U7.79
100151677	U7.80
100151678	U7.81
100151679	RNU7-163P
100151679	U7.82
100151680	U7.83
100151681	U7.84
100151682	U7.85
100151683	RNU4ATAC1
100151683	U4atac
100151684	RNU6ATAC1
100158257	NF1L7
100169750	NCRNA00074
100169751	RN5S1
100169753	RN5S2
100169754	RN5S3
100169755	RN5S4
100169756	RN5S5
100169757	RN5S6
100169758	RN5S7
100169759	RN5S8
100169760	RN5S9
100169761	RN5S10
100169762	RN5S11
100169763	RN5S12
100169764	RN5S13
100169765	RN5S14
100169766	RN5S15
100169767	RN5S16
100169768	RN5S17
100169851	HEL-127
100169851	PATE-DJ
100169890	APEG3
100169890	NCRNA00155
100169890	PEG3-AS
100169890	PEG3AS
100169951	snaR-A53118848
100169952	snaR-A55296080
100169953	snaR-A55302203
100169954	snaR-A55323591
100169955	snaR-A55312909
100169956	snaR-A55287678
100169957	snaR-A55299144
100169958	snaR-A55307557
100169959	snaR-A53139991
100169989	ELP1P
100170216	snaR-A55318263
100170221	snaR-2
100170222	snaR-3
100170765	C19orf69
100170765	LOC100170765
100170841	C17orf96
100170841	LOC100170841
100170841	PRR28
100174857	GSTA4P
100174857	GSTAP4
100187716	MIRN1224
100187716	hsa-mir-1224
100188847	MIRN1225
100188847	hsa-mir-1225
100188891	HZF-1
100188891	ZNF123
100188893	OBTP
100188893	Tom6
100188953	NCRNA00092
100188953	bA346B7.1
100188954	FLJ40792
100188954	NCRNA00093
100188954	bA287G8.2
100188985	TRNAG6
100188985	tRNA-Gly-GCC-2-4
100188986	TRNAH1
100188986	tRNA-His-GTG-1-7
100188987	TRNAH3
100188987	tRNA-His-GTG-1-5
100188988	TRNAH2
100188988	tRNA-His-GTG-1-8
100188989	TRNAU3
100188989	tRNA-SeC-TCA-3-1
100188990	TRNAV5
100188990	tRNA-Val-AAC-1-2
100188991	TRNAH4
100188991	tRNA-His-GTG-1-1
100188992	TRNAV10
100188992	tRNA-Val-AAC-2-1
100188993	TRNAV11
100188993	tRNA-Val-TAC-1-1
100188994	TRNAD2
100188994	tRNA-Asp-GTC-4-1
100188995	TRNAK4
100188995	tRNA-Lys-CTT-6-1
100188996	TRNAN4
100188996	tRNA-Asn-GTT-14-1
100188997	TRNAG7
100188997	tRNA-Gly-TCC-4-1
100188998	TRNAQ3
100188998	tRNA-Gln-CTG-7-1
100188999	TRNAK5
100188999	tRNA-Lys-CTT-15-1
100189000	TRNAE3
100189000	tRNA-Glu-TTC-12-1
100189001	TRNAY3
100189001	tRNA-Tyr-GTA-5-5
100189002	TRNAS5
100189002	tRNA-Ser-GCT-2-1
100189003	TRNAL3
100189003	tRNA-Leu-CAA-6-1
100189004	TRNAL4
100189004	tRNA-Leu-AAG-1-3
100189005	RNN
100189005	TRN
100189005	TRN1
100189005	TRNAN1
100189005	tRNA-Asn-GTT-2-1
100189006	TRNAT4
100189006	tRNA-Thr-AGT-1-3
100189007	TRNAE4
100189007	tRNA-Glu-CTC-3-1
100189008	TRNAC2
100189008	tRNA-Cys-GCA-11-1
100189009	TRNAL5
100189009	tRNA-Leu-CAG-1-2
100189010	TRNAQ5
100189010	tRNA-Gln-TTG-10-1
100189011	TRNAG8
100189011	tRNA-Gly-TCC-2-6
100189012	TRNAR5
100189012	tRNA-Arg-TCT-5-1
100189013	TRNAK6
100189013	tRNA-Lys-CTT-1-2
100189014	TRNAV12
100189014	tRNA-Val-AAC-5-1
100189015	TRNAM3
100189015	tRNA-iMet-CAT-1-1
100189016	TRNAQ6
100189016	tRNA-Gln-CTG-15-1
100189017	TRNAE5
100189017	tRNA-Glu-CTC-1-5
100189018	TRNAL6
100189018	tRNA-Leu-CAG-1-6
100189019	TRNAP4
100189019	tRNA-Pro-AGG-2-1
100189020	TRNAP5
100189020	tRNA-Pro-AGG-1-1
100189021	TRNAA4
100189021	tRNA-Ala-CGC-3-1
100189022	TRNAY4
100189022	tRNA-Tyr-GTA-2-1
100189024	TRNAE6
100189024	tRNA-Glu-CTC-1-6
100189025	TRNAR6
100189025	tRNA-Arg-TCG-6-1
100189026	TRNAQ7
100189026	tRNA-Gln-TTG-6-1
100189028	TRNAI2
100189028	tRNA-Ile-TAT-2-2
100189029	TRNAC3
100189029	tRNA-Cys-GCA-22-1
100189030	TRNAE7
100189030	tRNA-Glu-TTC-2-1
100189031	TRNAE8
100189031	tRNA-Glu-TTC-5-1
100189032	TRNAL7
100189032	tRNA-Leu-TAG-3-1
100189033	TRNAA5
100189033	tRNA-Ala-CGC-4-1
100189034	TRNAR7
100189034	tRNA-Arg-TCG-5-1
100189035	TRNAT5
100189035	tRNA-Thr-CGT-1-1
100189036	TRNAN7
100189036	tRNA-Asn-GTT-2-4
100189037	TRNAS6
100189037	tRNA-Ser-CGA-1-1
100189038	TRNAL8
100189038	tRNA-Leu-CAA-3-1
100189039	TRNAG9
100189039	tRNA-Gly-TCC-2-5
100189040	TRNAM4
100189040	tRNA-iMet-CAT-1-4
100189041	TRNAS7
100189041	tRNA-Ser-CGA-2-1
100189042	TRNAA6
100189042	tRNA-Ala-AGC-6-1
100189043	TRNAL9
100189043	tRNA-Leu-AAG-5-1
100189044	TRNAE9
100189044	tRNA-Glu-CTC-8-1
100189045	TRNAG10
100189045	tRNA-Gly-CCC-5-1
100189046	TRNAA7
100189046	tRNA-Ala-AGC-4-1
100189047	TRNAA8
100189047	tRNA-Ala-AGC-5-1
100189048	TRNAW2
100189048	tRNA-Trp-CCA-3-2
100189049	TRNAC4
100189049	tRNA-Cys-GCA-18-1
100189050	TRNAI3
100189050	tRNA-Ile-GAT-1-2
100189051	TRNAK7
100189051	tRNA-Lys-TTT-12-1
100189052	TRNAC5
100189052	tRNA-Cys-GCA-2-2
100189053	TRNAK8
100189053	tRNA-Lys-TTT-4-1
100189054	TRNAE10
100189054	tRNA-Glu-TTC-13-1
100189055	TRNAS8
100189055	nmt-tRNA-Ser-TGA-1-1
100189056	TRNAQ8
100189056	tRNA-Gln-CTG-4-1
100189057	TRNAY5
100189057	tRNA-Tyr-GTA-9-1
100189058	TRNAQ9
100189058	nmt-tRNA-Gln-TTG-14-1
100189059	TRNAN8
100189059	tRNA-Asn-GTT-8-1
100189060	TRNAA9
100189060	tRNA-Ala-AGC-13-2
100189061	TRNAD3
100189061	tRNA-Asp-GTC-5-1
100189062	TRNAK9
100189062	tRNA-Lys-CTT-4-1
100189063	TRNAE11
100189063	tRNA-Glu-TTC-2-2
100189064	TRNAG11
100189064	tRNA-Gly-TCC-2-1
100189065	TRNAH6
100189065	tRNA-His-GTG-1-9
100189066	TRNAA10
100189066	tRNA-Ala-TGC-5-1
100189067	TRNAL10
100189067	tRNA-Leu-TAA-4-1
100189068	TRNAE12
100189068	tRNA-Glu-TTC-8-1
100189069	TRNAN9
100189069	tRNA-Asn-GTT-16-1
100189070	TRNAS9
100189070	tRNA-Ser-AGA-4-1
100189071	TRNAI4
100189071	tRNA-Ile-AAT-2-1
100189072	TRNAP6
100189072	tRNA-Pro-AGG-2-4
100189073	TRNAV14
100189073	tRNA-Val-CAC-12-1
100189074	TRNAQ10
100189074	tRNA-Gln-TTG-3-3
100189075	TRNAC6
100189075	tRNA-Cys-GCA-12-1
100189077	TRNAS10
100189077	tRNA-Ser-AGA-2-2
100189078	TRNAR8
100189078	tRNA-Arg-CCT-1-1
100189079	TRNAN10
100189079	tRNA-Asn-GTT-16-3
100189080	TRNASUP1
100189080	tRNA-Sup-TTA-1-1
100189081	TRNAG12
100189081	tRNA-Gly-GCC-6-1
100189082	TRNAA11
100189082	tRNA-Ala-TGC-6-1
100189083	TRNAN11
100189083	tRNA-Asn-GTT-2-3
100189084	TRNAR9
100189084	tRNA-Arg-CCG-1-2
100189085	TRNAM5
100189085	tRNA-Met-CAT-7-1
100189086	TRNAT6
100189086	tRNA-Thr-CGT-2-1
100189087	TRNAD4
100189087	tRNA-Asp-GTC-7-1
100189088	TRNAP7
100189088	tRNA-Pro-TGG-3-2
100189089	TRNAL11
100189089	tRNA-Leu-CAG-2-2
100189090	TRNAC7
100189090	tRNA-Cys-GCA-4-1
100189091	TRNAE13
100189091	tRNA-Glu-CTC-1-2
100189092	TRNAA12
100189092	tRNA-Ala-AGC-7-1
100189093	TRNAA13
100189093	tRNA-Ala-AGC-2-1
100189094	TRNAM6
100189094	tRNA-iMet-CAT-1-3
100189095	TRNAI5
100189095	tRNA-Ile-AAT-8-1
100189096	TRNAN12
100189096	tRNA-Asn-GTT-17-1
100189097	TRNAC8
100189097	tRNA-Cys-GCA-3-1
100189098	TRNAK11
100189098	tRNA-Lys-TTT-8-1
100189099	TRNAR10
100189099	tRNA-Arg-ACG-2-3
100189101	TRNAV15
100189101	tRNA-Val-CAC-7-1
100189102	TRNAY6
100189102	tRNA-Tyr-GTA-5-2
100189103	TRNAR11
100189103	tRNA-Arg-ACG-2-1
100189104	TRNAK12
100189104	tRNA-Lys-TTT-11-1
100189105	TRNAC9
100189105	tRNA-Cys-GCA-2-3
100189106	TRNAA14
100189106	tRNA-Ala-AGC-12-3
100189107	TRNAK13
100189107	tRNA-Lys-CTT-1-1
100189109	TRNAR12
100189109	tRNA-Arg-TCT-3-1
100189110	TRNAK14
100189110	tRNA-Lys-CTT-2-4
100189111	TRNAM8
100189111	tRNA-Met-CAT-3-2
100189112	TRNAW3
100189112	tRNA-Trp-CCA-3-3
100189113	TRNAE14
100189113	tRNA-Glu-CTC-17-1
100189114	TRNAA15
100189114	tRNA-Ala-TGC-2-1
100189115	TRNAR14
100189115	tRNA-Arg-TCT-3-2
100189116	TRNAA16
100189116	tRNA-Ala-AGC-20-1
100189117	TRNAA17
100189117	tRNA-Ala-AGC-15-1
100189118	TRNAL12
100189118	tRNA-Leu-AAG-4-1
100189119	TRNAK15
100189119	tRNA-Lys-CTT-3-1
100189120	TRNAD5
100189120	tRNA-Asp-GTC-2-5
100189121	TRNAQ11
100189121	tRNA-Gln-CTG-1-3
100189122	TRNAK16
100189122	tRNA-Lys-TTT-3-1
100189123	TRNAW4
100189123	tRNA-Trp-CCA-1-1
100189124	TRNAP8
100189124	tRNA-Pro-CGG-1-3
100189125	TRNAK17
100189125	tRNA-Lys-TTT-1-1
100189126	TRNAN14
100189126	tRNA-Asn-GTT-1-1
100189127	tRNA-Asn-GTT-2-8
100189128	TRNAA18
100189128	tRNA-Ala-AGC-10-1
100189129	TRNAE15
100189129	tRNA-Glu-TTC-11-1
100189130	TRNAL13
100189130	tRNA-Leu-CAG-2-1
100189131	TRNAI6
100189131	tRNA-Ile-TAT-2-3
100189132	TRNAI7
100189132	tRNA-Ile-GAT-1-1
100189133	TRNAR15
100189133	tRNA-Arg-TCT-1-1
100189134	TRNAD6
100189134	tRNA-Asp-GTC-2-4
100189135	TRNAM9
100189135	tRNA-Met-CAT-2-1
100189136	TRNAP9
100189136	tRNA-Pro-AGG-2-7
100189137	TRNAF3
100189137	tRNA-Phe-GAA-1-1
100189138	TRNAQ12
100189138	tRNA-Gln-TTG-2-1
100189139	TRNAL14
100189139	tRNA-Leu-CAG-1-5
100189140	TRNAQ13
100189140	tRNA-Gln-CTG-3-2
100189141	TRNAG13
100189141	tRNA-Gly-TCC-2-3
100189142	TRNAV16
100189142	tRNA-Val-CAC-8-1
100189143	TRNAT7
100189143	tRNA-Thr-AGT-6-1
100189144	TRNAC10
100189144	tRNA-Cys-GCA-1-1
100189145	TRNAF4
100189145	tRNA-Phe-GAA-5-1
100189146	TRNAC11
100189146	tRNA-Cys-GCA-16-1
100189149	TRNAA19
100189149	tRNA-Ala-TGC-1-1
100189150	TRNAD7
100189150	tRNA-Asp-GTC-6-1
100189151	TRNAL15
100189151	tRNA-Leu-TAG-2-1
100189152	TRNAS11
100189152	tRNA-Ser-CGA-4-1
100189153	TRNAI9
100189153	tRNA-Ile-AAT-5-1
100189154	TRNAQ14
100189154	tRNA-Gln-CTG-8-2
100189155	TRNAC12
100189155	tRNA-Cys-GCA-5-1
100189156	TRNAA20
100189156	tRNA-Ala-AGC-9-1
100189157	TRNAS12
100189157	tRNA-Ser-GCT-1-1
100189158	TRNAD8
100189158	tRNA-Asp-GTC-2-6
100189159	TRNAS13
100189159	tRNA-Ser-GCT-5-1
100189160	TRNAG15
100189160	tRNA-Gly-GCC-1-4
100189161	TRNAV17
100189161	tRNA-Val-AAC-4-1
100189162	TRNAY7
100189162	tRNA-Tyr-GTA-3-1
100189163	TRNAG16
100189163	tRNA-Gly-GCC-2-5
100189164	TRNAL16
100189164	tRNA-Leu-TAA-2-1
100189165	TRNAN16
100189165	tRNA-Asn-GTT-16-4
100189166	TRNAR16
100189166	tRNA-Arg-TCT-4-1
100189167	TRNAR17
100189167	tRNA-Arg-ACG-2-2
100189168	TRNAR18
100189168	tRNA-Arg-CCT-3-1
100189169	TRNAL17
100189169	tRNA-Leu-AAG-3-1
100189170	TRNAF5
100189170	tRNA-Phe-GAA-3-1
100189171	TRNAW5
100189171	tRNA-Trp-CCA-4-1
100189172	TRNAP10
100189172	tRNA-Pro-CGG-2-1
100189173	TRNAR19
100189173	tRNA-Arg-CCG-1-3
100189174	TRNAH7
100189174	tRNA-His-GTG-1-4
100189175	TRNAL18
100189175	tRNA-Leu-TAA-5-1
100189176	TRNAN17
100189176	tRNA-Asn-GTT-2-5
100189177	TRNAC13
100189177	tRNA-Cys-GCA-19-1
100189178	TRNAV18
100189178	tRNA-Val-AAC-6-1
100189179	TRNAC14
100189179	tRNA-Cys-GCA-6-1
100189180	TRNAK18
100189180	tRNA-Lys-CTT-9-1
100189181	TRNAR20
100189181	tRNA-Arg-CCT-2-1
100189182	TRNAK19
100189182	tRNA-Lys-TTT-6-1
100189183	TRNAN18
100189183	tRNA-Asn-GTT-13-1
100189184	TRNAS14
100189184	tRNA-Ser-AGA-2-6
100189185	TRNAQ15
100189185	tRNA-Gln-TTG-3-2
100189186	TRNAM10
100189186	tRNA-iMet-CAT-3-1
100189187	TRNAT8
100189187	tRNA-Thr-AGT-1-1
100189188	TRNAG17
100189188	tRNA-Gly-TCC-2-4
100189189	TRNAQ16
100189189	tRNA-Gln-CTG-1-2
100189190	TRNAW6
100189190	tRNA-Trp-CCA-5-1
100189191	TRNAV19
100189191	tRNA-Val-TAC-1-2
100189192	TRNAA21
100189192	tRNA-Ala-AGC-21-1
100189193	TRNAN19
100189193	tRNA-Asn-GTT-9-2
100189194	TRNAC15
100189194	tRNA-Cys-GCA-23-1
100189195	TRNAN20
100189195	tRNA-Asn-GTT-2-6
100189196	TRNAV20
100189196	tRNA-Val-CAC-9-1
100189197	TRNAC16
100189197	tRNA-Cys-GCA-2-1
100189198	TRNAK20
100189198	tRNA-Lys-CTT-2-1
100189199	TRNAL19
100189199	tRNA-Leu-CAA-4-1
100189200	TRNAD9
100189200	tRNA-Asp-GTC-3-1
100189201	TRNAM11
100189201	tRNA-Met-CAT-1-1
100189202	TRNAL20
100189202	tRNA-Leu-AAG-2-2
100189203	TRNAW7
100189203	tRNA-Trp-CCA-2-1
100189204	TRNAL21
100189204	tRNA-Leu-CAG-3-1
100189205	TRNAS15
100189205	tRNA-Ser-CGA-3-1
100189206	TRNAG18
100189206	tRNA-Gly-TCC-3-1
100189207	TRNAD10
100189207	tRNA-Asp-GTC-1-1
100189208	TRNAG19
100189208	tRNA-Gly-GCC-2-2
100189209	TRNAK21
100189209	tRNA-Lys-CTT-5-1
100189210	TRNAE16
100189210	tRNA-Glu-TTC-16-1
100189211	TRNAP11
100189211	tRNA-Pro-CGG-1-1
100189212	TRNAA22
100189212	tRNA-Ala-AGC-18-2
100189213	TRNAI11
100189213	tRNA-Ile-AAT-3-1
100189214	TRNAQ17
100189214	tRNA-Gln-CTG-6-1
100189215	TRNAQ18
100189215	nmt-tRNA-Gln-TTG-3-1
100189216	TRNAM12
100189216	tRNA-Met-CAT-3-1
100189217	TRNAQ19
100189217	tRNA-Gln-CTG-8-1
100189218	TRNAS16
100189218	tRNA-Ser-GCT-6-1
100189219	TRNAY8
100189219	tRNA-Tyr-GTA-6-1
100189220	TRNAG20
100189220	tRNA-Gly-GCC-5-1
100189221	TRNAP12
100189221	tRNA-Pro-CGG-1-2
100189222	TRNAT9
100189222	tRNA-Thr-AGT-1-2
100189223	TRNAP13
100189223	tRNA-Pro-AGG-2-2
100189224	TRNAP14
100189224	tRNA-Pro-TGG-2-1
100189225	TRNAS17
100189225	tRNA-Ser-GCT-4-1
100189226	TRNAM13
100189226	tRNA-Met-CAT-6-1
100189227	TRNAV21
100189227	tRNA-Val-CAC-1-6
100189228	tRNA-Val-CAC-1-7
100189229	TRNAS18
100189229	tRNA-Ser-GCT-4-2
100189230	TRNAG21
100189230	tRNA-Gly-GCC-1-3
100189231	TRNAG22
100189231	tRNA-Gly-CCC-2-1
100189232	TRNAA23
100189232	tRNA-Ala-TGC-3-2
100189233	TRNAN21
100189233	tRNA-Asn-GTT-15-1
100189234	TRNAK22
100189234	tRNA-Lys-TTT-3-3
100189235	TRNAD11
100189235	tRNA-Asp-GTC-2-2
100189236	TRNAE17
100189236	tRNA-Glu-CTC-5-1
100189237	TRNAL22
100189237	tRNA-Leu-CAA-1-2
100189238	TRNAK23
100189238	tRNA-Lys-TTT-5-1
100189239	TRNAD12
100189239	tRNA-Asp-GTC-2-8
100189240	TRNAL23
100189240	tRNA-Leu-TAA-3-1
100189242	TRNAH8
100189242	tRNA-His-GTG-3-1
100189243	TRNAR21
100189243	tRNA-Arg-ACG-1-3
100189244	TRNAK24
100189244	tRNA-Lys-CTT-8-1
100189245	TRNAT10
100189245	tRNA-Thr-CGT-4-1
100189246	TRNAA24
100189246	tRNA-Ala-AGC-19-1
100189247	TRNAS19
100189247	tRNA-Ser-AGA-2-4
100189248	TRNAS20
100189248	tRNA-Ser-AGA-2-5
100189249	TRNAI12
100189249	tRNA-Ile-AAT-1-1
100189250	TRNAC18
100189250	tRNA-Cys-GCA-9-1
100189251	TRNAF6
100189251	tRNA-Phe-GAA-1-5
100189252	TRNAG23
100189252	tRNA-Gly-GCC-1-2
100189253	TRNAY9
100189253	tRNA-Tyr-ATA-1-1
100189254	TRNAF7
100189254	tRNA-Phe-GAA-1-2
100189255	TRNAM14
100189255	tRNA-iMet-CAT-1-8
100189256	TRNAA25
100189256	tRNA-Ala-TGC-8-1
100189257	TRNAN22
100189257	tRNA-Asn-GTT-11-2
100189258	TRNAT11
100189258	tRNA-Thr-CGT-6-1
100189259	TRNAE18
100189259	tRNA-Glu-CTC-1-4
100189260	TRNAG24
100189260	tRNA-Gly-TCC-2-2
100189261	TRNAQ20
100189261	tRNA-Gln-CTG-4-2
100189262	TRNAF8
100189262	tRNA-Phe-GAA-6-1
100189263	TRNAT12
100189263	tRNA-Thr-TGT-5-1
100189264	TRNAR22
100189264	tRNA-Arg-TCG-1-1
100189265	TRNAI13
100189265	tRNA-Ile-TAT-2-1
100189266	TRNAN23
100189266	tRNA-Asn-GTT-20-1
100189267	TRNAC19
100189267	tRNA-Cys-GCA-15-1
100189268	TRNAQ21
100189268	tRNA-Gln-CTG-2-1
100189269	TRNAE19
100189269	tRNA-Glu-CTC-1-7
100189270	TRNAR23
100189270	tRNA-Arg-CCT-5-1
100189271	TRNAN24
100189271	tRNA-Asn-GTT-16-2
100189272	TRNAY10
100189272	tRNA-Tyr-GTA-1-1
100189273	TRNAL24
100189273	tRNA-Leu-AAG-1-2
100189274	TRNAG25
100189274	tRNA-Gly-GCC-4-1
100189275	TRNAI15
100189275	tRNA-Ile-AAT-5-4
100189276	TRNAP15
100189276	tRNA-Pro-AGG-2-3
100189277	TRNAG26
100189277	tRNA-Gly-CCC-3-1
100189278	TRNAY11
100189278	tRNA-Tyr-GTA-10-1
100189279	TRNAS21
100189279	tRNA-Ser-TGA-1-1
100189280	TRNAA26
100189280	tRNA-Ala-TGC-3-1
100189281	TRNAP16
100189281	tRNA-Pro-TGG-3-5
100189282	TRNAK26
100189282	tRNA-Lys-CTT-2-5
100189283	TRNAV23
100189283	tRNA-Val-TAC-2-1
100189284	TRNAG27
100189284	tRNA-Gly-GCC-1-5
100189285	TRNAS22
100189285	tRNA-Ser-GCT-3-1
100189286	TRNAP17
100189286	tRNA-Pro-TGG-1-1
100189287	TRNAQ22
100189287	tRNA-Gln-CTG-1-1
100189288	TRNAL26
100189288	tRNA-Leu-CAG-1-7
100189289	TRNAC20
100189289	tRNA-Cys-GCA-17-1
100189290	TRNAD13
100189290	tRNA-Asp-GTC-2-3
100189291	TRNAL27
100189291	tRNA-Leu-AAG-2-4
100189292	TRNAD14
100189292	tRNA-Asp-GTC-2-7
100189293	TRNAF9
100189293	tRNA-Phe-GAA-4-1
100189294	TRNAK27
100189294	tRNA-Lys-TTT-2-1
100189295	TRNAA27
100189295	tRNA-Ala-AGC-2-2
100189296	TRNAP18
100189296	tRNA-Pro-AGG-2-8
100189297	TRNAM15
100189297	tRNA-iMet-CAT-1-6
100189298	TRNAG28
100189298	tRNA-Gly-CCC-1-2
100189299	TRNAA28
100189299	tRNA-Ala-AGC-3-1
100189300	TRNAT13
100189300	tRNA-Thr-CGT-5-1
100189301	TRNAL28
100189301	tRNA-Leu-CAA-2-1
100189302	TRNAQ23
100189302	tRNA-Gln-CTG-17-1
100189303	TRNAM16
100189303	tRNA-Met-CAT-5-1
100189305	TRNAC21
100189305	tRNA-Cys-GCA-10-1
100189306	TRNAF10
100189306	tRNA-Phe-GAA-1-6
100189307	TRNAH9
100189307	tRNA-His-GTG-1-3
100189308	TRNAA29
100189308	tRNA-Ala-CGC-1-1
100189309	TRNAW8
100189309	tRNA-Trp-CCA-6-1
100189310	TRNAI17
100189310	tRNA-Ile-AAT-5-3
100189311	TRNAK28
100189311	tRNA-Lys-CTT-11-1
100189312	TRNAA30
100189312	tRNA-Ala-AGC-16-1
100189313	TRNAL29
100189313	tRNA-Leu-TAA-1-1
100189314	TRNAG29
100189314	tRNA-Gly-GCC-2-3
100189315	TRNAM17
100189315	tRNA-iMet-CAT-1-7
100189316	TRNAL30
100189316	tRNA-Leu-CAG-1-3
100189317	TRNAQ24
100189317	tRNA-Gln-CTG-1-4
100189318	TRNAV24
100189318	tRNA-Val-AAC-1-1
100189319	TRNAT14
100189319	tRNA-Thr-AGT-2-1
100189320	TRNAN26
100189320	tRNA-Asn-ATT-1-1
100189321	TRNAQ25
100189321	tRNA-Gln-TTG-3-1
100189322	TRNAQ26
100189322	tRNA-Gln-CTG-10-1
100189323	TRNAN27
100189323	tRNA-Asn-GTT-3-1
100189324	TRNAI18
100189324	tRNA-Ile-TAT-1-1
100189325	TRNAL31
100189325	nmt-tRNA-Leu-TAA-1-1
100189326	TRNAV25
100189326	tRNA-Val-CAC-4-1
100189327	TRNAA31
100189327	tRNA-Ala-AGC-12-2
100189328	TRNAL32
100189328	tRNA-Leu-AAG-2-1
100189329	TRNAQ27
100189329	tRNA-Gln-CTG-5-1
100189330	TRNASUP2
100189330	tRNA-Sup-TTA-2-1
100189331	TRNAS23
100189331	tRNA-Ser-GCT-4-3
100189332	TRNAK29
100189332	tRNA-Lys-TTT-7-1
100189333	TRNAE20
100189333	tRNA-Glu-TTC-1-2
100189334	TRNAH10
100189334	tRNA-His-GTG-1-2
100189335	TRNAP19
100189335	tRNA-Pro-TGG-3-3
100189336	TRNAI20
100189336	tRNA-Ile-AAT-5-2
100189337	TRNAY12
100189337	tRNA-Tyr-GTA-8-1
100189338	TRNAN28
100189338	tRNA-Asn-GTT-16-5
100189339	TRNAA32
100189339	tRNA-Ala-TGC-4-1
100189340	TRNAT15
100189340	tRNA-Thr-AGT-2-2
100189341	TRNAA33
100189341	tRNA-Ala-AGC-18-1
100189342	TRNAV26
100189342	tRNA-Val-TAC-3-1
100189343	TRNAD15
100189343	tRNA-Asp-GTC-2-9
100189344	TRNAT16
100189344	tRNA-Thr-TGT-1-1
100189345	TRNAM18
100189345	tRNA-iMet-CAT-1-5
100189346	TRNAA34
100189346	tRNA-Ala-AGC-1-1
100189347	TRNAD16
100189347	tRNA-Asp-GTC-2-10
100189348	TRNAI21
100189348	tRNA-Ile-TAT-3-1
100189349	TRNAL33
100189349	tRNA-Leu-AAG-8-1
100189350	TRNAH11
100189350	tRNA-His-GTG-2-1
100189351	TRNAQ28
100189351	tRNA-Gln-CTG-18
100189352	TRNAS24
100189352	tRNA-Ser-AGA-1-1
100189353	TRNAA35
100189353	tRNA-Ala-AGC-17-1
100189354	TRNAM19
100189354	tRNA-Met-CAT-4-2
100189355	TRNAC22
100189355	tRNA-Cys-GCA-20-1
100189356	TRNAN29
100189356	tRNA-Asn-GTT-12-1
100189357	TRNAC23
100189357	tRNA-Cys-GCA-13-1
100189358	TRNAA36
100189358	tRNA-Ala-AGC-14-1
100189359	TRNAC24
100189359	tRNA-Cys-GCA-8-1
100189360	TRNAT17
100189360	tRNA-Thr-CGT-3-1
100189361	TRNAP20
100189361	tRNA-Pro-AGG-3-1
100189362	TRNAL34
100189362	tRNA-Leu-AAG-1-1
100189363	TRNAV27
100189363	tRNA-Val-CAC-2-1
100189364	TRNAL35
100189364	tRNA-Leu-CAG-1-4
100189365	TRNAR24
100189365	tRNA-Arg-CCG-1-1
100189366	TRNAG30
100189366	tRNA-Gly-GCC-1-1
100189367	TRNAK30
100189367	tRNA-Lys-CTT-10-1
100189368	TRNAV28
100189368	tRNA-Val-CAC-6-1
100189369	TRNAA37
100189369	tRNA-Ala-AGC-12-1
100189370	TRNAL36
100189370	tRNA-Leu-CAA-5-1
100189371	TRNAR25
100189371	tRNA-Arg-TCG-3-1
100189372	TRNAI22
100189372	tRNA-Ile-AAT-6-1
100189373	TRNAV29
100189373	tRNA-Val-CAC-1-1
100189374	TRNAT18
100189374	tRNA-Thr-AGT-4-1
100189375	TRNAC25
100189375	tRNA-Cys-GCA-21-1
100189376	TRNAC26
100189376	tRNA-Cys-GCA-9-3
100189377	TRNAL37
100189377	nmt-tRNA-Leu-TAA-4-1
100189378	TRNAT19
100189378	tRNA-Thr-TGT-2-1
100189379	TRNAC27
100189379	tRNA-Cys-GCA-9-4
100189380	TRNAG31
100189380	tRNA-Gly-GCC-2-1
100189381	TRNAN30
100189381	tRNA-Asn-GTT-19-1
100189382	TRNAS25
100189382	tRNA-Ser-AGA-2-1
100189383	TRNAD17
100189383	tRNA-Asp-GTC-2-11
100189384	TRNAE21
100189384	tRNA-Glu-CTC-1-1
100189385	TRNAE22
100189385	tRNA-Glu-CTC-1-3
100189387	TRNAI23
100189387	tRNA-Ile-AAT-5-5
100189388	TRNAP21
100189388	tRNA-Pro-TGG-3-4
100189389	TRNAQ30
100189389	tRNA-Gln-CTG-12-1
100189390	TRNAK31
100189390	tRNA-Lys-TTT-9-1
100189391	TRNAM7
100189391	tRNA-Met-CAT-4-1
100189392	TRNAK32
100189392	tRNA-Lys-TTT-16-1
100189393	TRNAI24
100189393	tRNA-Ile-AAT-4-1
100189394	TRNAL38
100189394	tRNA-Leu-CAG-1-1
100189395	TRNAA38
100189395	tRNA-Ala-CGC-5-1
100189396	TRNAR26
100189396	tRNA-Arg-ACG-1-1
100189397	TRNAQ31
100189397	nmt-tRNA-Gln-TTG-5-1
100189398	TRNAA39
100189398	tRNA-Ala-AGC-8-2
100189399	TRNAK33
100189399	tRNA-Lys-CTT-2-2
100189400	TRNAA40
100189400	tRNA-Ala-CGC-2-1
100189401	TRNAI8
100189401	tRNA-Ile-AAT-7-1
100189402	TRNAN32
100189402	tRNA-Asn-GTT-2-2
100189404	TRNAV30
100189404	tRNA-Val-AAC-7-1
100189405	TRNAY13
100189405	tRNA-Tyr-GTA-4-1
100189406	TRNAR27
100189406	tRNA-Arg-CCT-4-1
100189407	TRNAE23
100189407	tRNA-Glu-TTC-4-2
100189408	TRNAV31
100189408	tRNA-Val-TAC-4-1
100189409	TRNAE24
100189409	tRNA-Glu-CTC-2-1
100189410	TRNAR28
100189410	tRNA-Arg-TCG-2-1
100189411	TRNAA41
100189411	tRNA-Ala-AGC-13-1
100189412	TRNAD18
100189412	tRNA-Asp-GTC-2-1
100189413	TRNAC28
100189413	tRNA-Cys-GCA-9-2
100189414	TRNAC29
100189414	tRNA-Cys-GCA-2-4
100189415	TRNAF11
100189415	tRNA-Phe-GAA-1-3
100189416	TRNAV32
100189416	tRNA-Val-CAC-3-1
100189417	TRNAE25
100189417	tRNA-Glu-CTC-6-1
100189418	TRNAE26
100189418	tRNA-Glu-TTC-1-1
100189419	TRNAT20
100189419	tRNA-Thr-TGT-4-1
100189420	TRNAS26
100189420	tRNA-Ser-AGA-6-1
100189421	TRNAF12
100189421	tRNA-Phe-GAA-7-1
100189422	TRNAQ32
100189422	tRNA-Gln-TTG-4-1
100189423	TRNAA42
100189423	tRNA-Ala-AGC-9-2
100189424	TRNAY14
100189424	tRNA-Tyr-GTA-5-3
100189425	TRNAK34
100189425	tRNA-Lys-TTT-3-2
100189426	TRNASUP3
100189426	tRNA-Sup-CTA-1-1
100189427	TRNAI26
100189427	tRNA-Ile-GAT-1-3
100189428	TRNAR29
100189428	tRNA-Arg-ACG-2-4
100189429	TRNAL39
100189429	tRNA-Leu-AAG-6-1
100189430	TRNAS27
100189430	tRNA-Ser-TGA-3-1
100189431	TRNAD19
100189431	tRNA-Asp-GTC-8-1
100189432	TRNAS28
100189432	tRNA-Ser-AGA-5-1
100189433	TRNAT21
100189433	tRNA-Thr-AGT-3-1
100189434	TRNAA43
100189434	tRNA-Ala-AGC-22-1
100189435	TRNAC30
100189435	tRNA-Cys-GCA-14-1
100189436	TRNAW9
100189436	tRNA-Trp-CCA-3-1
100189437	TRNAY15
100189437	tRNA-Tyr-GTA-5-1
100189438	TRNAT22
100189438	tRNA-Thr-AGT-5-1
100189439	TRNAK35P
100189439	tRNA-Lys-CTT-13-1
100189440	TRNAE27P
100189440	tRNA-Glu-CTC-12-1
100189441	TRNAL40P
100189441	tRNA-Leu-TAG-4-1
100189442	TRNASUP4P
100189442	tRNA-Sup-CTA-2-1
100189443	TRNAR30P
100189443	tRNA-Arg-CCT-7-1
100189444	TRNAQ33P
100189444	tRNA-Gln-TTG-7-1
100189445	TRNAQ34P
100189445	nmt-tRNA-Gln-TTG-7-1
100189446	TRNAF13P
100189446	tRNA-Phe-GAA-8-1
100189447	TRNAC31P
100189447	tRNA-Cys-GCA-25-1
100189448	TRNAQ35P
100189448	nmt-tRNA-Gln-TTG-8-1
100189449	TRNAR31P
100189449	tRNA-Arg-CCT-6-2
100189450	TRNAE28P
100189450	tRNA-Glu-CTC-14-1
100189451	TRNAQ36P
100189451	nmt-tRNA-Gln-TTG-9-1
100189452	TRNAQ37P
100189452	tRNA-Gln-CTG-11-1
100189453	TRNASUP5P
100189453	tRNA-Sup-TTA-3-1
100189454	TRNAE29P
100189454	tRNA-Glu-TTC-10-1
100189455	TRNAP22P
100189455	tRNA-Pro-GGG-1-1
100189456	TRNAL41P
100189456	nmt-tRNA-Leu-TAA-6-1
100189457	TRNAE30P
100189457	tRNA-Glu-TTC-7-1
100189458	TRNAG32P
100189458	tRNA-Gly-CCC-7-1
100189459	TRNAE31P
100189459	tRNA-Glu-CTC-13-1
100189460	TRNAG33P
100189460	tRNA-Gly-TCC-5-1
100189461	TRNAQ38P
100189461	nmt-tRNA-Gln-CTG-1-1
100189462	TRNAI28P
100189462	tRNA-Ile-AAT-10-1
100189463	TRNAP23P
100189463	nmt-tRNA-Pro-TGG-1-1
100189464	TRNAK36P
100189464	tRNA-Lys-CTT-12-1
100189465	TRNAE32P
100189465	tRNA-Glu-TTC-6-1
100189466	TRNAL42P
100189466	nmt-tRNA-Leu-TAA-5-1
100189467	TRNAK37P
100189467	tRNA-Lys-CTT-14-1
100189468	TRNAA44P
100189468	tRNA-Ala-AGC-23-1
100189469	TRNAA45P
100189469	tRNA-Ala-TGC-10-1
100189470	TRNASUP6P
100189470	tRNA-Sup-CTA-3-1
100189471	TRNAF14P
100189471	tRNA-Phe-GAA-12-1
100189472	TRNAF15P
100189472	tRNA-Phe-GAA-11-1
100189473	TRNAQ39P
100189473	tRNA-Gln-TTG-5-1
100189474	TRNAI29P
100189474	tRNA-Ile-AAT-11-1
100189475	TRNAQ40P
100189475	nmt-tRNA-Gln-TTG-1-1
100189476	TRNAP24P
100189476	tRNA-Pro-AGG-6-1
100189477	TRNAV33P
100189477	tRNA-Val-CAC-14-1
100189478	TRNAQ41P
100189478	nmt-tRNA-Gln-TTG-12-1
100189479	TRNAV34P
100189479	tRNA-Val-CAC-11-2
100189480	TRNAK38P
100189480	tRNA-Lys-TTT-10-1
100189481	TRNAI30P
100189481	tRNA-Ile-AAT-12-1
100189482	TRNAP25P
100189482	tRNA-Pro-AGG-5-1
100189483	TRNAP26P
100189483	tRNA-Pro-TGG-4-1
100189484	TRNAE33P
100189484	tRNA-Glu-TTC-15-1
100189485	TRNAE34P
100189485	tRNA-Glu-TTC-14-1
100189486	TRNAV39
100189486	tRNA-Val-CAC-11-1
100189487	TRNAS29P
100189487	tRNA-Ser-AGA-7-1
100189488	TRNAE35P
100189488	tRNA-Glu-CTC-11-1
100189489	TRNAQ42P
100189489	nmt-tRNA-Gln-TTG-4-1
100189490	TRNAN34P
100189490	tRNA-Asn-GTT-23-1
100189491	TRNAE36P
100189491	tRNA-Glu-CTC-7-1
100189492	TRNAE37P
100189492	tRNA-Glu-CTC-18-1
100189493	TRNAL43P
100189493	tRNA-Leu-AAG-7-1
100189494	TRNAE38P
100189494	tRNA-Glu-CTC-9-1
100189495	TRNAD20P
100189495	tRNA-Asp-GTC-10-1
100189496	TRNAY16P
100189496	tRNA-Tyr-GTA-12-1
100189497	TRNAF16P
100189497	tRNA-Phe-GAA-10-1
100189499	TRNAL44P
100189499	tRNA-Leu-CAA-7-1
100189500	TRNAV36P
100189500	tRNA-Val-CAC-13-1
100189501	TRNAQ43P
100189501	nmt-tRNA-Gln-TTG-11-1
100189502	TRNAR32P
100189502	tRNA-Arg-CCT-8-1
100189503	TRNAQ44P
100189503	tRNA-Gln-CTG-16-1
100189504	TRNAK39P
100189504	tRNA-Lys-TTT-15-1
100189505	TRNAQ45P
100189505	tRNA-Gln-TTG-8-1
100189506	TRNAE39P
100189506	tRNA-Glu-CTC-4-1
100189507	TRNAY17P
100189507	tRNA-Tyr-GTA-11-1
100189508	TRNAC32P
100189508	tRNA-Cys-ACA-1-1
100189509	TRNAQ46P
100189509	tRNA-Gln-TTG-9-1
100189510	TRNAQ47P
100189510	nmt-tRNA-Gln-TTG-6-1
100189511	TRNAG35P
100189511	tRNA-Gly-TCC-6-1
100189512	TRNAS30P
100189512	nmt-tRNA-Ser-TGA-3-1
100189513	TRNAV37P
100189513	nmt-tRNA-Val-TAC-1-1
100189514	TRNAK40P
100189514	tRNA-Lys-TTT-14-1
100189515	TRNAP27P
100189515	tRNA-Pro-TGG-5-1
100189516	TRNAQ48P
100189516	nmt-tRNA-Gln-TTG-2-1
100189518	TRNAE40P
100189518	tRNA-Glu-TTC-9-1
100189519	TRNAK41P
100189519	tRNA-Lys-TTT-17-1
100189520	TRNAL45P
100189520	nmt-tRNA-Leu-TAA-3-1
100189522	TRNAL46P
100189522	nmt-tRNA-Leu-TAA-2-1
100189523	TRNAQ55
100189523	tRNA-Gln-CTG-14-1
100189524	TRNAQ50P
100189524	nmt-tRNA-Gln-TTG-10-1
100189525	TRNAS31P
100189525	nmt-tRNA-Ser-TGA-2-1
100189526	TRNAS32P
100189526	tRNA-Ser-ACT-1-1
100189527	TRNAE41P
100189527	tRNA-Glu-CTC-15-1
100189528	TRNAE42P
100189528	tRNA-Glu-CTC-16-1
100189529	TRNAA46P
100189529	tRNA-Ala-TGC-9-1
100189530	TRNAP28P
100189530	tRNA-Pro-AGG-4-1
100189531	TRNAQ51P
100189531	tRNA-Gln-CTG-9-1
100189532	TRNAE43P
100189532	tRNA-Glu-CTC-10-1
100189533	TRNAF17P
100189533	tRNA-Phe-GAA-9-1
100189534	TRNAN36P
100189534	tRNA-Asn-GTT-22-1
100189535	TRNAQ52P
100189535	nmt-tRNA-Gln-TTG-13-1
100189536	TRNAK42P
100189536	tRNA-Lys-CTT-16-1
100189537	TRNAR34P
100189537	tRNA-Arg-CCT-9-1
100189538	TRNAQ53P
100189538	tRNA-Gln-CTG-13-1
100189539	TRNAK43P
100189539	tRNA-Lys-TTT-13-1
100189540	TRNAQ54P
100189540	nmt-tRNA-Gln-TTG-15-1
100189541	TRNAV4
100189541	tRNA-Val-CAC-1-4
100190799	LDHAL2
100190800	LDHAL7
100190947	SUPT4H1P
100190952	NDUFB1P
100190952	bcm3095
100190955	FAM32D
100190956	FAM32E
100191040	FAM148D
100191063	SNAR-A55293015
100194425	TCONS_l2_00010135
100194426	TCONS_l2_00009689
100216001	CR749391
100216001	LINC00704
100216355	LOC100216355
100216466	DNM1DN11-10
100216505	DNM1DN15-1
100216505	DNM1DN15@
100216506	DNM1DN15-3
100216507	DNM1DN16-1
100216507	DNM1DN16@
100216514	DNM1DN16-3
100216515	DNM1DN8-3
100216516	DNM1DN10-1
100216516	DNM1DN10@
100216517	DNM1DN10-2
100216517	DNM1DN11-8
100216517	DNM1DN11@
100216517	DNM1P42
100216518	DNM1DN11-3
100216542	DNM1DN12-2
100216542	DNM1DN12@
100216544	DNM1DN14-3
100216545	LHFPL3-AS2
100216545	LINC01004
100216545	LOC100216545
100216545	RP11-325F22.5.1
100216545	lncPENG
100217367	LOC100217367
100270648	MKI67IPP3
100270673	FABP5L12
100270680	CARLo-7
100270680	ENST00000518376
100270680	LINC00990
100270680	MYMLR
100270680	TCONS_00014535
100270804	LINC00653
100270940	ZAP-IT1
100270940	lnc-ZC3HAV1L-1:1
100271132	RPS4P5
100271133	RPS4P10
100271385	RPS4P12
100271386	RPS4P20
100271633	RPL35AP25
100271846	ENVV2
100271849	RSRFR2
100271873	AIR
100271873	IGF2R-AS1
100271873	IGF2RAS
100271873	NCRNA00088
100272147	MTCP1NB
100272147	P8MTCP1
100272228	LINC00894
100286925	LOC100286925
100286971	dJ994E9.3
100287029	DDX11P
100287042	AC022211.2
100287042	LOC100287042
100287045	FAM90A26P
100287074	LOC100287074
100287082	HMlincRNA717
100287082	MTCL1-AS1
100287084	Cos8
100287084	hZNF1
100287087	H3F3BP1
100287087	p46
100287091	ATP5LP5
100287128	IGHV1/OR15-2
100287140	HSPD1-17P
100287171	FAM39E
100287171	FLJ00038
100287171	WASH1
100287177	C19orf83
100287225	LOC100287225
100287261	CSPG4P3
100287261	CSPG4P6Y
100287272	D84394.7
100287272	KIAA0055-hom
100287272	USP8P
100287296	NCRNA00265-2P
100287296	NCRNA00265B
100287314	lncIAPF
100287314	lncRNA-MUF
100287362	PRSS46
100287362	TESSP6
100287372	IGHV3/OR16-13
100287470	NCRNA00265-3P
100287470	NCRNA00265C
100287483	TCEB1P28
100287497	LOC100287497
100287502	CSPG4P4
100287502	CSPG4P7Y
100287520	GLYATL1P3
100287528	IGLL4
100287569	FLJ42957
100287569	NCRNA00173
100287579	TCEB1P22
100287603	psiSSX10
100287682	EXTL2P
100287692	TCEB1P24
100287692	TCEB1P25
100287708	CCDC58P2
100287728	ENST00000453528
100287755	ATP5G1P4
100287757	LOC100287757
100287769	RBMY1G
100287778	TCEB1P20
100287814	SMILO
100287880	NDUFA4L
100287880	NDUFA4P2
100287880	bcm1723
100287895	NARSP2
100287912	LOC100287912
100287928	LOC100287928
100287932	TIM23
100287948	GM140
100287964	ATP5LP7
100287985	LOC100287985
100288125	LOC100288125
100288130	CCDC165P1
100288130	SOGA2P1
100288151	LOC100288151
100288152	UC011CLY.2
100288181	Lnc-OC1
100288185	PPIAP
100288222	ATP5G1P8
100288252	RPL10P
100288287	KAP22.2
100288307	ATP5MDP1
100288307	USMG5P1
100288330	H2AFZP5
100288380	FAM7A2
100288405	COLEC6
100288405	SFTPAP1
100288405	SFTPP1
100288413	HEMO
100288413	envMER34
100288432	IFNAR2-AS1
100288432	IL10RB-AS1
100288440	COX5BL5
100288493	TCEB1P5
100288524	WI2-2373I1.2
100288533	LOC100288533
100288560	LOC100288560
100288610	NCRNA00268-2P
100288610	NCRNA00268B
100288615	WHDC1P1
100288663	LOC100288663
100288690	FAM21FP
100288691	AC022394.1
100288691	HMGN2L8
100288695	LIMS3L
100288702	ARL6IPP1
100288713	PMS2L10
100288713	PMSR4
100288742	H2BFVP
100288742	HIST1H2BPS1
100288742	bA317E16.4
100288788	LOC100288788
100288827	CYP4F-se1[6:8]
100288842	B3GNT10
100288911	RP11-490M8.1
100288948	BRD7P
100288960	PRSS43
100288960	TESSP3
100288964	FABP5L5
100289017	MOXD2
100289019	HRCEG
100289047	LOC100289047
100289051	CYB5P5
100289059	TMEM261P1
100289061	LOC100289061
100289124	FAM27E1
100289141	p58
100289150	FAM197Y5P
100289188	FAM197Y4P
100289255	FORCP
100289255	LINC00675
100289265	FAM197Y1P
100289274	DNAJC3-AS1
100289295	NUPL1P1
100289303	LOC100289303
100289341	MAN1B1-AS1
100289414	PHBP9
100289462	DEFB4P
100289475	LDHBL1
100289489	MINOS1P2
100289545	HIST1H3PS1
100289545	dJ45P21.6
100289545	p36
100289574	D16F37S5
100289619	C10orf135
100289619	bA748L13.4
100289678	DKFZp667J212
100289683	HERV-H/F
100289683	RP11-301G19.1
100289683	TCONS_l2_00025412
100291105	LOC100291105
100294362	LOC100294362
100302111	MIR1184
100302111	MIRN1184
100302111	hsa-mir-1184
100302112	MIRN1284
100302112	hsa-mir-1284
100302113	MIRN1200
100302113	hsa-mir-1200
100302114	MIRN513C
100302114	hsa-mir-513c
100302115	MIRN1468
100302115	hsa-mir-1468
100302116	MIRN1265
100302116	hsa-mir-1265
100302117	MIRN320B1
100302117	hsa-mir-320b-1
100302118	MIRN1286
100302118	hsa-mir-1286
100302119	MIRN1538
100302119	hsa-mir-1538
100302121	MIRN1276
100302121	hsa-mir-1276
100302122	MIRN1183
100302122	hsa-mir-1183
100302123	MIRN1275
100302123	hsa-mir-1275
100302124	MIRN1288
100302124	hsa-mir-1288
100302125	MIRN1289-1
100302125	hsa-mir-1289-1
100302126	MIRN1471
100302126	hsa-mir-1471
100302127	MIRN1470
100302127	hsa-mir-1470
100302128	MIRN1302-3
100302128	hsa-mir-1302-3
100302129	MIRN1915
100302129	hsa-mir-1915
100302130	MIRN1302-4
100302130	hsa-mir-1302-4
100302131	MIRN302F
100302131	hsa-mir-302f
100302132	MIRN1182
100302132	hsa-mir-1182
100302133	MIRN1287
100302133	hsa-mir-1287
100302134	MIRN1289-2
100302134	hsa-mir-1289-2
100302135	MIRN320C1
100302135	hsa-mir-320c-1
100302136	MIRN1252
100302136	hsa-mir-1252
100302137	MIRN1914
100302137	hsa-mir-1914
100302138	MIRN1292
100302138	hsa-mir-1292
100302139	MIRN1537
100302139	hsa-mir-1537
100302140	MIRN1302-6
100302140	hsa-mir-1302-6
100302141	MIRN1913
100302141	hsa-mir-1913
100302142	MIRN1246
100302142	hsa-mir-1246
100302143	MIRN1248
100302143	hsa-mir-1248
100302144	MIRN1912
100302144	hsa-mir-1912
100302145	MIRN1247
100302145	hsa-mir-1247
100302146	MIRN1302-5
100302146	hsa-mir-1302-5
100302147	MIRN1302-7
100302147	hsa-mir-1302-7
100302148	MIRN1263
100302148	hsa-mir-1263
100302149	MIRN1249
100302149	hsa-mir-1249
100302150	MIRN1296
100302150	hsa-mir-1296
100302152	MIRN548N
100302152	hsa-mir-548n
100302153	MIRN1298
100302153	hsa-mir-1298
100302155	MIRN1256
100302155	hsa-mir-1256
100302156	MIRN1229
100302156	hsa-mir-1229
100302157	MIRN1185-1
100302157	hsa-mir-1185-1
100302158	MIRN1231
100302158	hsa-mir-1231
100302159	MIRN548F3
100302159	hsa-mir-548f-3
100302160	MIR1233
100302160	MIRN1233
100302160	hsa-mir-1233
100302161	MIRN1205
100302161	hsa-mir-1205
100302163	MIRN1278
100302163	hsa-mir-1278
100302164	hsa-mir-2113
100302166	MIRN1322
100302166	hsa-mir-1322
100302167	MIRN1299
100302167	hsa-mir-1299
100302168	MIRN1257
100302168	hsa-mir-1257
100302169	MIRN320D2
100302169	hsa-mir-320d-2
100302170	MIRN1206
100302170	hsa-mir-1206
100302171	MIRN1321
100302171	hsa-mir-1321
100302172	MIRN1258
100302172	hsa-mir-1258
100302174	MIRN1307
100302174	hsa-mir-1307
100302175	MIRN1207
100302175	hsa-mir-1207
100302177	MIR1269
100302177	MIRN1269
100302177	hsa-mir-1269
100302178	MIR1295
100302178	MIRN1295
100302178	hsa-mir-1295
100302179	MIR1270-1
100302179	MIR1270-2
100302179	MIRN1270
100302179	hsa-mir-1270
100302179	hsa-mir-1270-2
100302181	MIRN1294
100302181	hsa-mir-1294
100302182	MIRN1279
100302182	hsa-mir-1279
100302183	MIRN1825
100302183	hsa-mir-1825
100302184	MIRN1272
100302184	hsa-mir-1272
100302185	hsa-mir-1204
100302186	MIRN548I3
100302186	hsa-mir-548i-3
100302187	MIRN1297
100302187	hsa-mir-1297
100302188	MIRN1243
100302188	hsa-mir-1243
100302190	hsa-mir-1976
100302191	MIRN548I4
100302191	hsa-mir-548i-4
100302192	MIRN548F1
100302192	hsa-mir-548f-1
100302193	MIRN1255A
100302193	hsa-mir-1255a
100302195	MIRN320C2
100302195	hsa-mir-320c-2
100302196	MIRN1234
100302196	hsa-mir-1234
100302197	MIRN1306
100302197	hsa-mir-1306
100302201	MIRN1228
100302201	hsa-mir-1228
100302202	MIRN1266
100302202	hsa-mir-1266
100302203	MIRN1271
100302203	hsa-mir-1271
100302204	MIRN548I1
100302204	hsa-mir-548i-1
100302205	MIRN1283-2
100302205	hsa-mir-1283-2
100302208	MIRN1253
100302208	hsa-mir-1253
100302209	MIRN1185-2
100302209	hsa-mir-1185-2
100302210	MIRN1909
100302210	hsa-mir-1909
100302211	MIRN1203
100302211	hsa-mir-1203
100302212	MIRN1324
100302212	hsa-mir-1324
100302213	MIRN1181
100302213	hsa-mir-1181
100302214	MIRN1277
100302214	hsa-mir-1277
100302217	MIRN1827
100302217	hsa-mir-1827
100302218	MIRN1285-1
100302218	hsa-mir-1285-1
100302219	MIR1245
100302219	MIRN1245
100302219	hsa-mir-1245
100302220	MIRN1293
100302220	hsa-mir-1293
100302221	MIRN1291
100302221	hsa-mir-1291
100302222	MIRN1911
100302222	hsa-mir-1911
100302223	MIRN1302-8
100302223	hsa-mir-1302-8
100302224	hsa-mir-2110
100302225	hsa-mir-2053
100302226	MIRN1238
100302226	hsa-mir-1238
100302227	MIRN1302-1
100302227	hsa-mir-1302-1
100302228	MIRN1261
100302228	hsa-mir-1261
100302229	MIRN1250
100302229	hsa-mir-1250
100302232	MIRN1226
100302232	hsa-mir-1226
100302233	MIR1268
100302233	MIRN1268
100302233	hsa-mir-1268
100302234	MIR664
100302234	MIRN664
100302234	hsa-mir-664
100302235	MIRN1179
100302235	hsa-mir-1179
100302236	MIR1260
100302236	MIRN1260
100302236	hsa-mir-1260
100302237	MIRN1281
100302237	hsa-mir-1281
100302238	MIR103-1AS
100302238	MIRN103-1AS
100302238	hsa-mir-103-1-as
100302238	hsa-mir-103b-1
100302239	MIRN548F5
100302239	hsa-mir-548f-5
100302240	MIRN1304
100302240	hsa-mir-1304
100302242	MIRN1236
100302242	hsa-mir-1236
100302243	MIR1972
100302243	hsa-mir-1972
100302246	MIRN1301
100302246	hsa-mir-1301
100302250	MIRN1197
100302250	hsa-mir-1197
100302251	MIRN1264
100302251	hsa-mir-1264
100302254	MIRN1282
100302254	hsa-mir-1282
100302255	MIRN1323
100302255	hsa-mir-1323
100302256	MIRN1180
100302256	hsa-mir-1180
100302257	MIRN1539
100302257	hsa-mir-1539
100302258	MIRN1469
100302258	hsa-mir-1469
100302259	MIRN1202
100302259	hsa-mir-1202
100302260	hsa-mir-2052
100302261	MIRN1910
100302261	hsa-mir-1910
100302263	MIRN1908
100302263	hsa-mir-1908
100302265	MIRN1283-1
100302265	hsa-mir-1283-1
100302267	hsa-mir-2054
100302268	MIRN1285-2
100302268	hsa-mir-1285-2
100302270	MIRN1305
100302270	hsa-mir-1305
100302274	MIRN1178
100302274	hsa-mir-1178
100302275	MIRN548L
100302275	hsa-mir-548l
100302276	MIRN1290
100302276	hsa-mir-1290
100302277	MIRN548I2
100302277	hsa-mir-548i-2
100302278	MIRN1302-2
100302278	hsa-mir-1302-2
100302279	MIRN1262
100302279	hsa-mir-1262
100302280	MIRN1237
100302280	hsa-mir-1237
100302281	MIRN1208
100302281	hsa-mir-1208
100302282	MIR103-2AS
100302282	MIRN103-2AS
100302282	hsa-mir-103-2-as
100302282	hsa-mir-103b-2
100302283	MIRN1227
100302283	hsa-mir-1227
100302284	MIRN1303
100302284	hsa-mir-1303
100302285	MIR1244
100302285	MIRN1244
100302285	hsa-mir-1244
100302286	MIRN1267
100302286	hsa-mir-1267
100302287	MIRN548H3
100302287	hsa-mir-548h-3
100302288	MIRN548P
100302288	hsa-mir-548p
100302289	MIRN1251
100302289	hsa-mir-1251
100302290	hsa-mir-1973
100302522	AK023948
100302522	NCRNA00197
100302522	PTCSC
100302650	BRE-AS1
100302690	DLG2-AS
100302690	DLG2AS
100302690	PSZA11q14
100302690	SZ-1
100302691	HANC
100302691	NCRNA00184
100302691	lnc-beta-Catm
100302692	FLJ33139
100302692	LINC00182
100302692	MIR374AHG
100302692	NCRNA00182
100302738	RNU6-21
100302739	PCNA-AS
100302739	PCNAAS
100302740	FAS-AS
100302740	FASAS
100302740	SAF
100302741	RNU6-15
100302742	RNU6-42
100302743	ACA67B
100302746	NCRNA00193
100302746	ncR-uPAR
100303491	ZEB2-AS
100303491	ZEB2AS
100303491	ZEB2NAT
100309464	OTX2OS1
100310842	IGKJRBP1
100310842	RBPSUHP1
100310869	IGKV2/OR2-7D
100312799	VN1R50P
100312985	IGKV1/OR-118
100312985	IGKV1/OR15-118
100312985	IGKVP2
100313769	MIRN320B2
100313769	hsa-mir-320b-2
100313770	MIRN548K
100313770	hsa-mir-548k
100313771	MIRN548F2
100313771	hsa-mir-548f-2
100313772	MIRN548M
100313772	hsa-mir-548m
100313773	MIRN548H2
100313773	hsa-mir-548h-2
100313774	MIRN302E
100313774	hsa-mir-302e
100313777	hsa-mir-670
100313778	hsa-mir-759
100313779	hsa-mir-2117
100313780	hsa-mir-2278
100313781	hsa-mir-718
100313806	MIRN1255B1
100313806	hsa-mir-1255b-1
100313822	MIRN513B
100313822	hsa-mir-513b
100313824	MIRN663B
100313824	hsa-mir-663b
100313829	MIRN548O
100313829	hsa-mir-548o
100313830	MIRN548H1
100313830	hsa-mir-548h-1
100313835	MIRN1255B2
100313835	hsa-mir-1255b-2
100313837	hsa-mir-762
100313838	hsa-mir-764
100313839	hsa-mir-2114
100313840	hsa-mir-2115
100313841	hsa-mir-548q
100313842	hsa-mir-2276
100313843	hsa-mir-711
100313884	MIRN548H4
100313884	hsa-mir-548h-4
100313886	hsa-mir-2116
100313887	hsa-mir-2277
100313892	hsa-mir-761
100313895	MIRN548F4
100313895	hsa-mir-548f-4
100313896	MIRN320D1
100313896	hsa-mir-320d-1
100313914	MIRN548J
100313914	hsa-mir-548j
100313921	MIRN548E
100313921	hsa-mir-548e
100313923	hsa-mir-449c
100313938	MIRN548G
100313938	hsa-mir-548g
100316868	HOXA-AS6
100316868	HOXA13-AS1
100316868	NCRNA00213
100316868	RP1-170O19.3
100316904	FLJ00248
100329135	TRPC5-AS1
100337591	U70F
100337616	CSN1S2B
100359394	NCRNA00102
100359394	OTTHUMT00000055623
100379132	U70G
100379141	U70D
100379142	bA85L21.1
100379174	BA318C17.1
100379174	NCRNA00186
100379220	p24a1
100379220	p24alpha1
100379249	BOKAS
100379249	NAToB
100379249	NCRNA00151
100379250	U70E
100379251	NPPA-AS
100379251	NPPAAS
100379323	ERVWE2
100379323	NTrenv
100379571	BACE1-AS1
100379571	BACE1AS
100379571	FJ573250
100379571	NCRNA00177
100379623	HCG10P
100379623	dJ221C16.7
100379661	C21orf41
100379661	NCRNA00258
100384884	IGHV1/OR15-5
100418708	KIAA0664L1
100418708	KIAA0664P1
100418709	KIAA0664L2
100418709	KIAA0664P2
100418711	KIAA0664L4
100418711	KIAA0664P4
100418715	SEPT7P4
100418718	SEPT7P5
100418720	SEPT7P6
100418735	SEPT7P8
100418740	KIAA0649P1
100418745	KIAA0664L5
100418745	KIAA0664P5
100418774	PHBP4
100418779	KRT3P1
100418804	PHBP8
100418815	PHBP10
100418820	PHBP12
100418837	PHBP2
100418843	PHBP13
100418881	BCL8D
100418905	BCL8C
100418977	SNX18P6
100419006	NF1HHS
100419007	TUBA8P1
100419029	NF1L4
100419074	HsT26053
100419416	SRPK2P
100419416	SRPK2ps
100419558	KARSP1
100419560	KARSP2
100419606	ZNF463P
100419606	dJ111M5.3
100419608	dJ265C24.5
100419609	ZNF314P
100419609	bCX269C15.3
100419609	dJ1033B10.7
100419709	ZNF887
100419743	DBE-T
100419743	DUX4L30
100419764	GARSP1
100419780	ZNF722P
100419788	RNF19BX
100419829	RARSP1
100419866	ZNF864P
100419903	FAM28BP
100419916	CDK8PS
100419996	HMGB1L11
100420042	CARSP1
100420190	SEPHS1P5
100420223	RNMTL1P2
100420295	RNMTL1P1
100420300	FTHL23
100420303	FTHL26
100420308	HsT33912
100420308	ITM2BP
100420362	TRIM60P1
100420362	TRIM60PY1
100420363	TRIM60P2
100420363	TRIM60PY2
100420364	TRIM60P3
100420364	TRIM60PY3
100420367	TRIM60P4
100420367	TRIM60PY4
100420368	TRIM60P5
100420368	TRIM60PY5
100420369	TRIM60P6
100420369	TRIM60PY6
100420370	TRIM60P7
100420370	TRIM60PY7
100420373	TRIM60P8
100420373	TRIM60PY8
100420374	TRIM60P9
100420374	TRIM60PY9
100420376	TRIM60P10
100420376	TRIM60PY10
100420377	TRIM60P11
100420377	TRIM60PY11
100420378	TRIM60P12
100420378	TRIM60PY12
100420410	H3F3BP2
100420410	p51
100420551	psiSSX8
100420557	CCDC55P1
100420588	CCDC58P5
100420589	LRRC6P1
100420612	ERP28P
100420627	GSTAP7
100420689	CASC4P1
100420770	C12orf10P1
100420784	C2orf27AP3
100420811	C2orf27AP1
100420900	FAM213AP1
100420909	TMEM251P1
100420926	ZEB1P1
100420950	HsT4307
100421053	DSCR6P1
100421129	IL28BP1
100421177	TDGF1P1
100421198	LAMP1L1
100421295	PRPS1L2
100421328	RH_II/GuBp2
100421422	ANKRD20A4P1
100421473	FAM18B4P
100421478	FAM71BP1
100421487	FAM58AP1
100421487	FAM58CP
100421487	FAM58Y
100421515	BMPR1APS1
100421537	BPNT2P
100421566	FAM58DP
100421577	FAM21EP
100421577	FLJ31813
100421582	bCX300M20.3
100421582	bPG254M11.3
100421582	bQB44E15.5
100421588	FAM60BP
100421588	HsT2323
100421716	UBE2Q2PY1
100421717	UBE2Q2PY2
100421829	EEF1AL8
100421854	EEF1AL2
100421865	EEF1AL
100421865	EEF1AL1
100421926	NACAP4
100422019	EFTUD1P2
100422235	CYP4F2-de12b
100422247	CYP4F-se7[6:7:8]
100422264	CYP51P3
100422273	HsT38306
100422288	CYP4A-se3[12]
100422381	PPP1R10P
100422496	HsT1682
100422496	PRP19P
100422496	PRPF19P
100422514	ATP5F1P4
100422523	ATP5F1P1
100422582	TCEB1P31
100422624	SLC25A15P
100422624	SLC25A15PY1
100422625	GOT2Y
100422691	FNRBL
100422691	ITGB1L
100422711	PRKRIRP2
100422712	PRKRIRP7
100422715	PRKRIRP10
100422821	hsa-mir-1273c
100422823	hsa-mir-4300
100422824	hsa-mir-3128
100422825	hsa-mir-3160-2
100422826	hsa-mir-4274
100422827	hsa-mir-3160-1
100422828	hsa-mir-4287
100422829	hsa-mir-4319
100422830	hsa-mir-3171
100422831	hsa-mir-1302-9
100422832	hsa-mir-3191
100422833	hsa-mir-3188
100422834	hsa-mir-1302-10
100422835	hsa-mir-3183
100422836	hsa-mir-3180-3
100422837	hsa-mir-1193
100422838	hsa-mir-3195
100422839	hsa-mir-3119-1
100422840	hsa-mir-4317
100422841	hsa-mir-3174
100422842	hsa-mir-3074
100422843	hsa-mir-4293
100422844	hsa-mir-3118-3
100422845	hsa-mir-1233-2
100422846	hsa-mir-3164
100422847	hsa-mir-514b
100422848	hsa-mir-4283-2
100422849	hsa-mir-548t
100422850	hsa-mir-548v
100422851	hsa-mir-4316
100422852	hsa-mir-4259
100422853	hsa-mir-3182
100422854	hsa-mir-3187
100422855	hsa-mir-4301
100422856	hsa-mir-3123
100422857	hsa-mir-4318
100422858	hsa-mir-4285
100422859	hsa-mir-3136
100422860	hsa-mir-4292
100422861	hsa-mir-4306
100422862	hsa-mir-548s
100422863	hsa-mir-4265
100422864	hsa-mir-544b
100422865	hsa-mir-4320
100422866	hsa-mir-3115
100422867	hsa-mir-378c
100422868	hsa-mir-4270
100422869	hsa-mir-3152
100422870	hsa-mir-3180-1
100422871	hsa-mir-3117
100422872	hsa-mir-1244-3
100422873	hsa-mir-4297
100422874	hsa-mir-4279
100422875	hsa-mir-3192
100422876	hsa-mir-3148
100422877	hsa-mir-3202-2
100422878	hsa-mir-3168
100422879	hsa-mir-3124
100422880	hsa-mir-3162
100422881	hsa-mir-3170
100422882	hsa-mir-3120
100422883	hsa-mir-4325
100422884	hsa-mir-548u
100422885	hsa-mir-1244-2
100422886	hsa-mir-3179-2
100422887	hsa-mir-4280
100422888	hsa-mir-4264
100422889	hsa-mir-3194
100422891	hsa-mir-4327
100422892	hsa-mir-3157
100422893	hsa-mir-3154
100422894	hsa-mir-4260
100422895	hsa-mir-4294
100422896	hsa-mir-3140
100422897	hsa-mir-4302
100422898	hsa-mir-4255
100422899	hsa-mir-3190
100422900	hsa-mir-3158-1
100422901	MIR3135
100422901	hsa-mir-3135
100422902	hsa-mir-3116-1
100422903	hsa-mir-4288
100422904	hsa-mir-3193
100422905	hsa-mir-4311
100422907	hsa-mir-3156-2
100422908	hsa-mir-3129
100422909	hsa-mir-4295
100422910	hsa-mir-2861
100422911	hsa-mir-500b
100422912	hsa-mir-3200
100422913	hsa-mir-320e
100422914	hsa-mir-4253
100422915	hsa-mir-3065
100422916	hsa-mir-3201
100422917	hsa-mir-4283-1
100422918	hsa-mir-3167
100422919	hsa-mir-1302-11
100422920	hsa-mir-548x
100422921	hsa-mir-3149
100422922	hsa-mir-1972-2
100422923	hsa-mir-548w
100422924	hsa-mir-4303
100422925	hsa-mir-4322
100422926	hsa-mir-3137
100422927	hsa-mir-4291
100422928	hsa-mir-3127
100422929	hsa-mir-4261
100422930	hsa-mir-4330
100422931	hsa-mir-4304
100422932	hsa-mir-4328
100422933	hsa-mir-378b
100422934	hsa-mir-3143
100422935	hsa-mir-3118-4
100422936	hsa-mir-3153
100422937	hsa-mir-4275
100422938	hsa-mir-3142
100422939	hsa-mir-3147
100422940	hsa-mir-4305
100422941	hsa-mir-4272
100422942	hsa-mir-3133
100422943	hsa-mir-3189
100422944	hsa-mir-3186
100422945	hsa-mir-4326
100422946	hsa-mir-3116-2
100422947	hsa-mir-3122
100422948	hsa-mir-4284
100422949	hsa-mir-3118-2
100422950	hsa-mir-3141
100422951	hsa-mir-3144
100422952	hsa-mir-4271
100422953	hsa-mir-3165
100422954	hsa-mir-4309
100422955	hsa-mir-4273
100422956	hsa-mir-3180-2
100422957	hsa-mir-3131
100422959	hsa-mir-4268
100422960	hsa-mir-3179-1
100422961	hsa-mir-4315-2
100422962	hsa-mir-4281
100422963	hsa-mir-4290
100422964	MIR3150
100422964	hsa-mir-3150
100422964	hsa-mir-3150a
100422965	hsa-mir-4263
100422966	hsa-mir-4277
100422967	hsa-mir-3146
100422968	hsa-mir-4251
100422969	hsa-mir-2909
100422971	hsa-mir-4312
100422972	hsa-mir-3181
100422973	hsa-mir-3169
100422974	hsa-mir-3178
100422975	hsa-mir-4252
100422976	hsa-mir-4256
100422977	hsa-mir-1184-3
100422978	hsa-mir-3185
100422979	hsa-mir-4324
100422980	hsa-mir-4323
100422981	hsa-mir-3173
100422982	hsa-mir-4286
100422983	hsa-mir-4314
100422984	hsa-mir-4308
100422985	hsa-mir-1184-2
100422986	hsa-mir-3125
100422987	hsa-mir-3202-1
100422988	hsa-mir-3156-1
100422989	MIR3155
100422989	hsa-mir-3155
100422990	hsa-mir-3134
100422991	hsa-mir-1260b
100422992	hsa-mir-3151
100422993	MIR3130-3
100422993	hsa-mir-3130-1
100422993	hsa-mir-3130-3
100422994	hsa-mir-4267
100422995	hsa-mir-3175
100422996	hsa-mir-4262
100422997	hsa-mir-4257
100422998	hsa-mir-3199-2
100422999	hsa-mir-4278
100423000	hsa-mir-3161
100423001	hsa-mir-3145
100423002	MIR3130-4
100423002	hsa-mir-3130-2
100423002	hsa-mir-3130-4
100423003	hsa-mir-3184
100423004	hsa-mir-4315-1
100423005	hsa-mir-4282
100423006	hsa-mir-3179-3
100423008	hsa-mir-3118-1
100423009	hsa-mir-4329
100423010	hsa-mir-3119-2
100423011	hsa-mir-3138
100423012	hsa-mir-3177
100423013	hsa-mir-4310
100423014	hsa-mir-3196
100423015	hsa-mir-4289
100423016	hsa-mir-3159
100423017	hsa-mir-3139
100423018	hsa-mir-3156-3
100423019	hsa-mir-4307
100423020	hsa-mir-4258
100423021	hsa-mir-4298
100423023	hsa-mir-3197
100423025	MIR3198
100423025	hsa-mir-3198-1
100423026	hsa-mir-4299
100423027	hsa-mir-4266
100423028	hsa-mir-4254
100423029	hsa-mir-3163
100423030	hsa-mir-3126
100423031	hsa-mir-4321
100423032	hsa-mir-3121
100423033	hsa-mir-3158-2
100423034	hsa-mir-3199-1
100423035	hsa-mir-4313
100423036	hsa-mir-2355
100423037	hsa-mir-3176
100423038	hsa-mir-466
100423039	hsa-mir-3132
100423040	hsa-mir-3166
100423041	hsa-mir-4296
100423042	hsa-mir-4276
100423043	hsa-mir-4269
100431172	NKp65
100431177	BHLHB9P1
100462767	ACTGP5
100462772	FTHL22
100462776	RRAGAP
100462795	H2AFZP4
100462797	FTHL24
100462797	TCLlnc1
100462799	FTHL25
100462800	H2AFZP6
100462812	D84394.2
100462812	FGFR3P
100462812	FGFR6
100462813	RHOT1P
100462813	RHOT3
100462820	CDY24P
100462844	ATP6EP2
100462844	ATP6V1EP2
100462850	COX6BP4
100462862	ATP5LP8
100462865	ATP5LP6
100462866	TCEB1P21
100462867	TCEB1P6
100462868	TCEB1P7
100462869	TCEB1P8
100462870	TCEB1P9
100462871	TCEB1P10
100462872	TCEB1P11
100462873	TCEB1P4
100462874	TCEB1P12
100462875	TCEB1P13
100462876	TCEB1P14
100462877	TCEB1P15
100462878	TCEB1P16
100462879	TCEB1P17
100462880	TCEB1P19
100462881	TCEB1P23
100462953	CG012
100462953	MINOS1P1
100462953	N4BP2L2-IT1
100462953	N4BP2L2IT1
100462954	MINOS1P3
100462957	MINOS1P4
100462977	RNA143598
100462984	HSPD1-21P
100462985	HSPD1-13P
100462986	HSPD1-19P
100462987	HSPD1-16P
100462989	HSPD1-20P
100462990	HSPD1-3P
100463286	CCT6-2P
100463288	HSPD1-18P
100498859	LIPTER
100499171	NCRNA00276
100499183	FZD6-DT
100499183	lncFZD6
100499227	gLINC
100499252	ZBTB12B
100499252	ZBTB12P1
100499252	ZNF920
100499466	CALA
100499467	ERRLR01
100499467	HI-LNC75
100499467	LUCAIR1
100499467	RASON
100499467	SLNCR
100499467	SLNCR1
100499483	BDAG1
100499483	C9orf174
100499483	CFAP76
100499483	DKFZp434I2420
100499483	FAP76
100499483	KIAA1529
100500773	LOC100500773
100500801	hsa-mir-3659
100500802	hsa-mir-3685
100500803	hsa-mir-3919
100500804	hsa-mir-3654
100500807	hsa-mir-374c
100500808	hsa-mir-3917
100500809	hsa-mir-23c
100500810	hsa-mir-3620
100500811	hsa-mir-3621
100500812	hsa-mir-3677
100500813	hsa-mir-3646
100500814	hsa-mir-3616
100500816	hsa-mir-3649
100500817	hsa-mir-3612
100500818	hsa-mir-3945
100500819	hsa-mir-3609
100500820	hsa-mir-3655
100500821	hsa-mir-3910-1
100500822	hsa-mir-3937
100500823	hsa-mir-3920
100500824	hsa-mir-3650
100500825	hsa-mir-3660
100500826	hsa-mir-3909
100500827	hsa-mir-3614
100500828	hsa-mir-3619
100500829	hsa-mir-3943
100500830	hsa-mir-550b-2
100500831	hsa-mir-3912
100500832	hsa-mir-3658
100500834	hsa-mir-3924
100500835	hsa-mir-3907
100500836	hsa-mir-3914-1
100500837	hsa-mir-3606
100500838	hsa-mir-3926-2
100500839	hsa-mir-3686
100500841	hsa-mir-3678
100500842	hsa-mir-3652
100500843	hsa-mir-3922
100500844	hsa-mir-3664
100500845	hsa-mir-642b
100500846	hsa-mir-3689a
100500847	hsa-mir-3615
100500849	hsa-mir-3916
100500850	hsa-mir-3682
100500851	hsa-mir-3918
100500852	hsa-mir-3180-4
100500853	hsa-mir-3605
100500854	hsa-mir-3671
100500855	hsa-mir-3713
100500856	hsa-mir-548z
100500857	hsa-mir-3939
100500858	hsa-mir-3622a
100500859	hsa-mir-3921
100500860	hsa-mir-3618
100500861	hsa-mir-3665
100500862	MIR3648
100500862	hsa-mir-3648
100500863	hsa-mir-548aa-1
100500864	hsa-mir-3929
100500865	hsa-mir-3936
100500866	hsa-mir-3941
100500867	hsa-mir-3684
100500868	hsa-mir-3913-2
100500869	hsa-mir-3672
100500870	hsa-mir-3926-1
100500871	hsa-mir-3622b
100500872	hsa-mir-3911
100500873	hsa-mir-3934
100500875	hsa-mir-3938
100500876	hsa-mir-3675
100500877	hsa-mir-3923
100500878	hsa-mir-3679
100500879	hsa-mir-3668
100500880	hsa-mir-3662
100500881	MIR3688
100500881	hsa-mir-3688
100500881	hsa-mir-3688-1
100500882	hsa-mir-3667
100500883	hsa-mir-550b-1
100500884	hsa-mir-3681
100500885	hsa-mir-3925
100500886	hsa-mir-3683
100500887	hsa-mir-676
100500888	hsa-mir-3940
100500889	hsa-mir-3657
100500890	hsa-mir-3611
100500891	hsa-mir-3935
100500893	hsa-mir-3663
100500894	MIR3690-1
100500894	MIR3690-2
100500894	hsa-mir-3690
100500894	hsa-mir-3690-2
100500895	hsa-mir-548aa-2
100500896	hsa-mir-3666
100500897	hsa-mir-3617
100500898	hsa-mir-3927
100500899	hsa-mir-3692
100500900	hsa-mir-3691
100500901	hsa-mir-3928
100500902	hsa-mir-3910-2
100500903	hsa-mir-3913-1
100500904	hsa-mir-3942
100500905	hsa-mir-3661
100500906	hsa-mir-3689b
100500907	hsa-mir-3150b
100500908	hsa-mir-3613
100500909	hsa-mir-3908
100500910	MIR3670
100500910	hsa-mir-3670
100500911	hsa-mir-3944
100500912	hsa-mir-3674
100500913	hsa-mir-3714
100500914	hsa-mir-3610
100500915	hsa-mir-3915
100500916	hsa-mir-3180-5
100500917	MIR3680
100500917	hsa-mir-3680
100500918	hsa-mir-3651
100500919	hsa-mir-548y
100500920	hsa-mir-3914-2
100505474	LINC03069
100505477	T1560
100505495	LINC01190
100505495	LOC100505495
100505534	LOC100505534
100505549	RP11-35G9.3
100505557	GST1L
100505557	GSTM1L
100505561	LINC00866
100505573	LINC00984
100505573	OGU1
100505576	LINC00672
100505592	LINC01540
100505592	RP11-838N2.4
100505592	TCONS_00026238
100505592	lncRNA-uc002kmd.1
100505601	PARD3-AS1
100505616	FSD2-AS1
100505616	RP11-752G15.6
100505616	SCARNA15HG
100505621	C11orf72
100505621	FLJ90834
100505622	POU2F2-AS1
100505622	POU2F2-AS2
100505633	lncRNA-PAGBC
100505635	LOC100505635
100505636	LINC01024
100505636	MA-linc1
100505648	TODRA
100505658	LOC100505658
100505663	HI-LNC25
100505664	InSETG-4
100505666	RP11-307C12.11
100505676	RRS1-AS1
100505679	UBE2Q2L
100505687	LINC00888
100505687	PAINT
100505702	CTEPHA1
100505702	lincRNA-ANXA3
100505704	ATP5G1P6
100505724	KAP9.7
100505724	KRTAP9L1
100505741	SP-2
100505753	KAP16.1
100505761	RPARP-AS1
100505783	OSER1-AS1
100505785	KIRREL-IT1
100505795	LOC100505795
100505797	LOC100505797
100505812	AC008392.1
100505812	LOC100505812
100505817	CTD-2354A18.1
100505824	LOC100505824
100505826	STK4-AS1
100505852	PRED65
100505852	ZNF834
100505854	RSBN1L-AS1
100505865	CALIC
100505865	LINRIS
100505869	CCDC147-AS1
100505869	CFAP58-AS1
100505869	lncITPRIP-1
100505876	CEBPZ-AS1
100505877	UBE2E2-AS1
100505879	C6orf54
100505879	HGC6.1.1
100505879	NCRNA00300
100505881	ENST00000414797
100505887	NMR
100505894	TMEM161B-AS1
100505894	linc-POLR3G-8
100505921	LOC100505921
100505929	C21orf37
100505970	HEXDC-IT1
100505989	LINC01207
100505989	h.EPR
100505994	SCAL1
100505994	SCAT5
100505996	LINC00403
100506001	NARF-OT1
100506012	PPP5D1
100506013	ELA
100506013	Ende
100506013	tdl
100506025	ISPD-AS1
100506036	LOC100506036
100506047	AC093609.1
100506049	CFAP279
100506049	FAP279
100506054	LOC100506054
100506054	RNASEH1-AS1
100506084	ARL17
100506098	MACC1-DT
100506108	SIX3OS
100506113	LOC100506113
100506115	GCRL1
100506115	LINC01272
100506115	SMIM25
100506119	RP11-65J3.1
100506119	lnc-PPP2R4-5
100506123	AC092683.1
100506123	LINC02969
100506125	LOC100506125
100506142	LOC100506142
100506144	ZMYM6NB
100506159	AC091814.2
100506164	LW-1
100506172	LINC01568
100506175	LOC100506175
100506175	sin-lncRNA
100506188	TCONS_00011222
100506190	MetaLnc9
100506205	TMEM185AL
100506215	GCFC1-AS1
100506233	RAB30-AS1
100506243	KRBOX1
100506275	FLJ32776
100506275	KRBOX1-AS1
100506289	lnc-SNX10-87
100506311	HOXA-AS1
100506311	HOXA1-AS1
100506311	NCRNA00179
100506314	RP11-392P7.6
100506319	PAAN
100506325	SP2-DT
100506334	TCONS_00028768
100506334	lnc-ITSN1-2
100506343	FAM212B-AS1
100506365	GS1-251I9.4
100506380	C7orf13
100506380	LINC01006
100506380	MY040
100506384	LOC100506384
100506388	AC129507.1
100506392	ENST00000421157.1
100506392	LINC01357
100506394	FLJ44054
100506394	GAS6-AS2
100506406	lnc-IL7R-1
100506411	lincNMR
100506412	RP11-1A16.1
100506421	LINC01114
100506421	LINC01158
100506421	linc-Brn1a
100506421	linc-POU3F3
100506428	PlncRNA-1
100506465	MBOP
100506465	onco-lncRNA-32
100506473	LOC100506473
100506492	M41
100506504	RP11-181G12.2
100506526	C5orf64-AS1
100506540	Kastor
100506540	Polluks
100506540	SPTY2D1-AS1
100506540	SPTY2D1OS
100506540	TSCL1
100506542	TCONS_00024492
100506555	PVRL3-AS1
100506564	THEGL
100506571	LOC100506571
100506585	LOC100506585
100506649	EyeLinc4
100506658	PPP1R115
100506660	CONCR
100506660	SCAT4
100506668	DYNLL1-AS1
100506674	BRCAT107
100506674	BRCAT54
100506674	LINC02224
100506679	LOC100506679
100506691	AC156455.1
100506696	KDM5B-AS1
100506696	KDM5BAS1
100506696	PCAN-R1
100506696	ncRNA-a2
100506696	onco-lncRNA-96
100506697	NCRNA00327
100506710	EBLN3
100506710	LOC100506710
100506714	NUP50-AS1
100506724	BC040587
100506724	LSAMP-AS4
100506724	TCONS_00005428
100506731	AL049775.1
100506737	CTA-941F9.9
100506737	TCONS_00029353
100506742	CASP12P1
100506747	LOC100506747
100506753	AZIN1-AS1
100506753	H22954
100506753	MAIL1
100506755	ALOX12-AS1
100506755	MIR195HG
100506759	hg533
100506779	BZRAP1-AS1
100506787	TCONS_00026302
100506791	RP11-325I22.2
100506797	THOR
100506801	LOC100506801
100506804	LOC100506804
100506811	p54
100506826	MYLK-AS2
100506827	LVCAT1
100506834	LncRNA-Hh
100506834	RP11-276H19.1
100506840	IQCF4
100506844	lncRNA-GIHCG
100506860	AC016831.7
100506881	MKLN1-AS2
100506885	LBCS
100506885	LOC100506885
100506888	ELOA3D
100506888	TCEB3CL2
100506895	SCAT6
100506895	lncRNA#32
100506898	MAGOH2
100506907	CCDC37-AS1
100506907	CCDC37-DT
100506922	ENST00000433673
100506930	CIP2A-BP
100506939	RP11-573I11.2
100506963	TCEB3-AS1
100506965	HBT8
100507003	Goofy
100507012	BMPR1B-AS1
100507012	TCONS_00007797
100507027	LINC00948
100507027	Linc-RAM
100507027	M1
100507027	MUSER1
100507032	TMCC1-AS1
100507043	BNLN
100507043	HI-LNC78
100507043	LINC00617
100507043	TUNA
100507043	pTUNAR
100507044	NBPF5
100507056	CARLo-5
100507056	onco-lncRNA-40
100507057	AC068302.3
100507057	MFI2-AS1
100507057	PLANE
100507064	LINC00447
100507065	RP11-230G5.2
100507073	LINC01799
100507097	ATP5G2P3
100507102	FAM36B
100507102	bA119F7.2
100507135	C13orf43
100507135	SPG20-AS1
100507135	SPG20OS
100507156	AC090197.1
100507170	CT47.12
100507171	BOLA3-AS1
100507194	RP1-40E16.9
100507194	TP53LC14
100507194	lncNB1
100507217	LINC01578
100507244	SMC5-DT
100507246	ELNAT1
100507246	Nbla10727
100507246	Nbla12061
100507246	ncRAN
100507249	MOST-1
100507254	AERRIE
100507254	LINC01013ORF
100507254	LINC02921
100507257	LINC00584
100507267	KIDR
100507283	BCLET
100507291	RP11-319G6.1
100507303	SNORD60HG
100507308	EYA4-AS1
100507316	LINC01604
100507316	TCONS_00015189
100507373	LOC100507373
100507377	LOC100507377
100507377	RP11-81H3.2
100507388	LOC100507388
100507392	FLI1-AS1
100507406	RP11-356I2.2
100507420	LincDUSP
100507420	ODIR1
100507420	RP11-527N22.2
100507420	TCONS_00014973
100507420	lncGALM
100507421	DKFZp547G036
100507428	ES3
100507428	HBL1
100507428	LncRNA-ES3
100507431	RP11-890B15.2
100507436	PERB11.1
100507437	AL928654.1
100507444	IPP-2P
100507444	PPP1R2P
100507462	GVQW2
100507463	TAP1-AS1
100507463	TAPSAR1
100507463	XXbac-BPG246D15.8
100507466	ATPBD4-AS1
100507466	DPH6-AS1
100507480	LOC100507480
100507501	TCONS_00024567
100507506	LOC100507506
100507507	PCAL7
100507516	RP11-400K9.4
100507527	THEG5
100507537	DWORF
100507551	LOC100507551
100507554	LOC100507554
100507557	FBXO30-DT
100507557	LOC100507557
100507567	MIR4999HG
100507588	GEMP
100507600	LOC100507600
100507608	KAP9.6
100507608	KRTAP9L2
100507612	LINC00381
100507633	TNKS2-AS1
100507650	C14orf164
100507651	TCONS_l2_00027778
100507679	PBMUCL1
100508120	GMDS-AS1
100509927	HIST1H2APS6
100510707	TBC1D3J
100526694	C9orf30-TMEFF1
100526739	APITD1-CORT
100526740	ATP5J2-PTCD1
100526761	C13orf38-SOHLH2
100526767	RNF103-VPS24
100526771	TMPRSS4-AS1
100526772	TMEM110-MUSTN1
100526773	SPINLW1-WFDC6
100526783	C15orf38-AP3S2
100526820	LINC00468
100526825	INMT-FAM188B
100526836	MUTED-TXNDC5
100527943	TGIF2-C20orf24
100527978	TMEM56-RWDD3
100528007	C10orf32-ASMT
100529240	ZNF816-ZNF321
100529264	RERT-lncRNA
100532732	MSH5-C6orf26
100532736	MINOS1-NBL1
100533177	KAP29.2
100533178	CYorf17
100533182	1/2-SBSRNA4
100533483	DYX1C1-CCPG1
100533496	FAM18B2-CDRT4
100533637	ZNF72
100533637	ZNF72P
100533646	C20orf157
100533646	ZNF840
100533646	dJ981L23.3
100533661	SGOL1P2
100533666	SGOL1P1
100533800	BMPR1APS2
100534589	HDSP
100534611	TM4SF19-TCTEX1D2
100551499	C21orf44
100551499	NCRNA00159
100568447	IGHV3/OR16-14
100616100	c3_A
100616103	c12_A
100616103	envK1
100616104	HERV-F(XA34)
100616106	HML6-c11
100616107	HML6-c19A
100616109	hsa-mir-4464
100616110	hsa-mir-2681
100616111	hsa-mir-4455
100616112	hsa-mir-4793
100616113	hsa-mir-4680
100616114	hsa-mir-4668
100616115	hsa-mir-4469
100616116	hsa-mir-4648
100616117	hsa-mir-4653
100616118	hsa-mir-4486
100616119	hsa-mir-4697
100616120	hsa-mir-4695
100616121	hsa-mir-1268b
100616122	hsa-mir-4523
100616123	MIR4436B
100616123	hsa-mir-4436b
100616124	hsa-mir-4647
100616125	hsa-mir-4731
100616126	hsa-mir-4686
100616127	hsa-mir-4448
100616128	hsa-mir-4679-1
100616129	hsa-mir-4445
100616130	hsa-mir-4526
100616131	hsa-mir-3689d-1
100616132	hsa-mir-4728
100616133	hsa-mir-4699
100616134	hsa-mir-499a
100616135	hsa-mir-4507
100616136	hsa-mir-4430
100616137	hsa-mir-4501
100616138	hsa-mir-4787
100616139	hsa-mir-4741
100616140	hsa-mir-4506
100616141	hsa-mir-4428
100616142	hsa-mir-4458
100616143	hsa-mir-4763
100616144	hsa-mir-548an
100616146	hsa-mir-4534
100616147	hsa-mir-4769
100616148	hsa-mir-4760
100616149	hsa-mir-4512
100616150	hsa-mir-4720
100616151	hsa-mir-4480
100616152	hsa-mir-4804
100616153	hsa-mir-4726
100616154	hsa-mir-4466
100616155	MIR4536
100616155	hsa-mir-4536
100616157	hsa-mir-4772
100616158	hsa-mir-4505
100616159	hsa-mir-4779
100616160	hsa-mir-4655
100616161	hsa-mir-4795
100616162	hsa-mir-4483
100616163	hsa-mir-4530
100616164	hsa-mir-4420
100616165	hsa-mir-4771-2
100616166	hsa-mir-4796
100616167	hsa-mir-4722
100616168	hsa-mir-4754
100616169	hsa-mir-378d-2
100616170	hsa-mir-4739
100616171	hsa-mir-4752
100616172	hsa-mir-4719
100616173	MIR3545
100616173	hsa-mir-3545
100616174	hsa-mir-4643
100616175	hsa-mir-4633
100616176	hsa-mir-4708
100616178	hsa-mir-4641
100616179	hsa-mir-4498
100616180	hsa-mir-4465
100616181	hsa-mir-4514
100616182	hsa-mir-4500
100616183	hsa-mir-4513
100616184	hsa-mir-4477a
100616185	hsa-mir-371b
100616186	hsa-mir-4490
100616187	hsa-mir-4783
100616188	hsa-mir-3972
100616189	hsa-mir-4421
100616190	hsa-mir-548o-2
100616191	hsa-mir-548aj-1
100616192	hsa-mir-4679-2
100616193	hsa-mir-4453
100616194	hsa-mir-4477b
100616195	hsa-mir-4718
100616196	hsa-mir-4525
100616197	c21_A
100616199	HML6-c19B
100616200	HERV-HC2
100616201	hsa-mir-378d-1
100616202	hsa-mir-4634
100616203	hsa-mir-4734
100616204	hsa-mir-4729
100616205	hsa-mir-4704
100616206	hsa-mir-4652
100616207	hsa-mir-4439
100616208	hsa-mir-4782
100616210	hsa-mir-4737
100616211	hsa-mir-4709
100616212	hsa-mir-3689f
100616213	hsa-mir-4437
100616214	hsa-mir-4667
100616215	hsa-mir-548al
100616216	hsa-mir-4797
100616218	hsa-mir-3135b
100616219	hsa-mir-4765
100616220	hsa-mir-4736
100616221	hsa-mir-4662a
100616222	hsa-mir-4487
100616223	hsa-mir-4509-1
100616224	hsa-mir-4753
100616225	hsa-mir-4756
100616226	hsa-mir-4468
100616227	hsa-mir-4502
100616228	hsa-mir-4509-2
100616229	hsa-mir-4473
100616230	hsa-mir-4646
100616231	hsa-mir-4519
100616232	hsa-mir-4528
100616234	hsa-mir-4454
100616235	hsa-mir-4457
100616236	hsa-mir-4669
100616237	hsa-mir-4640
100616238	hsa-mir-3529
100616239	hsa-mir-4705
100616240	hsa-mir-4496
100616241	hsa-mir-4717
100616242	hsa-mir-4673
100616243	hsa-mir-4759
100616244	hsa-mir-3976
100616245	hsa-mir-4661
100616246	hsa-mir-4799
100616247	hsa-mir-151b
100616248	hsa-mir-4724
100616249	hsa-mir-4768
100616250	hsa-mir-3960
100616251	hsa-mir-1587
100616252	hsa-mir-548aj-2
100616253	hsa-mir-4762
100616254	hsa-mir-548ah
100616255	hsa-mir-4662b
100616256	hsa-mir-4721
100616257	hsa-mir-3975
100616258	hsa-mir-4516
100616259	hsa-mir-378i
100616260	hsa-mir-4663
100616261	hsa-mir-4504
100616262	hsa-mir-4701
100616263	hsa-mir-4485
100616264	hsa-mir-4527
100616265	MIR4433
100616265	hsa-mir-4433
100616266	hsa-mir-4733
100616267	hsa-mir-4776-1
100616268	hsa-mir-4472-1
100616269	hsa-mir-4639
100616270	hsa-mir-4651
100616271	hsa-mir-4637
100616272	hsa-mir-4422
100616273	hsa-mir-451b
100616274	hsa-mir-4802
100616275	hsa-mir-4508
100616276	hsa-mir-4538
100616277	hsa-mir-4522
100616278	hsa-mir-4540
100616279	hsa-mir-3974
100616280	hsa-mir-4503
100616281	hsa-mir-4788
100616282	hsa-mir-4738
100616283	hsa-mir-4766
100616284	hsa-mir-4489
100616285	hsa-mir-4645
100616286	hsa-mir-4676
100616287	hsa-mir-4495
100616288	hsa-mir-4665
100616289	hsa-mir-4475
100616290	hsa-mir-4529
100616291	hsa-mir-4791
100616292	hsa-mir-4690
100616293	hsa-mir-4510
100616294	hsa-mir-4740
100616295	hsa-mir-4764
100616296	hsa-mir-4678
100616297	hsa-mir-3977
100616299	hsa-mir-4450
100616300	hsa-mir-4710
100616301	hsa-mir-4674
100616302	hsa-mir-548x-2
100616303	hsa-mir-3688-2
100616304	hsa-mir-4499
100616305	hsa-mir-548ae-1
100616306	hsa-mir-378h
100616307	hsa-mir-4757
100616308	MIR4666
100616308	hsa-mir-4666
100616309	hsa-mir-4472-2
100616310	hsa-mir-4650-1
100616311	hsa-mir-3973
100616312	hsa-mir-4478
100616313	hsa-mir-4749
100616314	hsa-mir-4750
100616315	hsa-mir-4781
100616316	MIR4524
100616316	hsa-mir-4524
100616317	hsa-mir-4777
100616318	hsa-mir-4664
100616319	hsa-mir-4493
100616320	hsa-mir-4481
100616321	hsa-mir-378g
100616322	hsa-mir-4682
100616323	MIR4482-1
100616323	hsa-mir-4482
100616324	hsa-mir-1245b
100616325	hsa-mir-4460
100616326	hsa-mir-4636
100616327	hsa-mir-4484
100616328	hsa-mir-4424
100616329	hsa-mir-4700
100616330	hsa-mir-4491
100616331	hsa-mir-4650-2
100616332	hsa-mir-4716
100616333	hsa-mir-3689c
100616334	hsa-mir-4790
100616335	MIR2964A
100616335	hsa-mir-2964a
100616336	hsa-mir-548ab
100616337	hsa-mir-4747
100616338	hsa-mir-4794
100616339	hsa-mir-548ae-2
100616340	hsa-mir-4758
100616341	hsa-mir-4435-2
100616342	hsa-mir-4638
100616343	hsa-mir-4677
100616344	hsa-mir-3689d-2
100616345	hsa-mir-4426
100616346	hsa-mir-4649
100616347	hsa-mir-548ai
100616348	hsa-mir-4659a
100616349	hsa-mir-4451
100616350	hsa-mir-4660
100616351	hsa-mir-4670
100616352	hsa-mir-4642
100616354	hsa-mir-550a-3
100616355	hsa-mir-4531
100616356	hsa-mir-4774
100616357	hsa-mir-122b
100616357	hsa-mir-3591
100616358	hsa-mir-4800
100616359	hsa-mir-4730
100616360	hsa-mir-2467
100616361	hsa-mir-4775
100616362	hsa-mir-4533
100616363	hsa-mir-4735
100616364	hsa-mir-4785
100616365	hsa-mir-4425
100616366	hsa-mir-4743
100616367	hsa-mir-4467
100616368	hsa-mir-4688
100616369	hsa-mir-4713
100616370	hsa-mir-4771-1
100616371	hsa-mir-4746
100616372	hsa-mir-4659b
100616373	hsa-mir-4770
100616374	hsa-mir-4539
100616375	hsa-mir-4438
100616376	hsa-mir-4492
100616377	hsa-mir-4803
100616378	hsa-mir-4784
100616379	hsa-mir-4511
100616380	hsa-mir-4671
100616381	hsa-mir-4456
100616382	hsa-mir-4509-3
100616383	hsa-mir-4675
100616384	hsa-mir-548ac
100616385	hsa-mir-4732
100616386	hsa-mir-4654
100616387	hsa-mir-3064
100616388	hsa-mir-4723
100616389	hsa-mir-4463
100616390	hsa-mir-4427
100616391	hsa-mir-4684
100616392	hsa-mir-4773-1
100616393	hsa-mir-4657
100616394	MIR4444
100616394	hsa-mir-4444
100616394	miR-4444-1
100616395	hsa-mir-4789
100616396	hsa-mir-4712
100616397	hsa-mir-4440
100616398	hsa-mir-4681
100616399	hsa-mir-4436a
100616400	hsa-mir-3198-2
100616401	MIR4520A
100616401	hsa-mir-4520a
100616402	hsa-mir-4696
100616403	hsa-mir-4691
100616404	hsa-mir-4515
100616405	hsa-mir-4518
100616406	hsa-mir-4521
100616407	hsa-mir-4443
100616408	hsa-mir-5047
100616409	hsa-mir-4711
100616410	hsa-mir-4692
100616411	M3.8
100616411	c10_A.
100616412	HML6-c12
100616413	hsa-mir-4462
100616414	hsa-mir-4761
100616415	hsa-mir-4535
100616416	hsa-mir-4727
100616417	hsa-mir-4786
100616418	hsa-mir-4773-2
100616419	hsa-mir-4434
100616420	hsa-mir-4744
100616421	hsa-mir-4689
100616422	hsa-mir-4537
100616423	hsa-mir-4703
100616424	hsa-mir-4707
100616425	hsa-mir-4748
100616426	hsa-mir-4694
100616428	hsa-mir-548am
100616429	hsa-mir-4672
100616430	hsa-mir-4644
100616431	hsa-mir-4431
100616432	hsa-mir-4714
100616433	hsa-mir-4418
100616434	hsa-mir-4755
100616435	hsa-mir-4801
100616436	hsa-mir-4449
100616437	hsa-mir-1343
100616438	hsa-mir-4632
100616439	hsa-mir-4658
100616440	hsa-mir-548ag-2
100616441	hsa-mir-4474
100616443	P1.10
100616443	c7_C
100616444	c11_B
100616445	c19_A
100616446	HERV-H4p15.2
100616447	hsa-mir-4780
100616449	hsa-mir-4725
100616450	hsa-mir-548ag-1
100616451	hsa-mir-4471
100616452	hsa-mir-2682
100616453	hsa-mir-4687
100616454	hsa-mir-4497
100616455	hsa-mir-548h-5
100616456	hsa-mir-4476
100616457	hsa-mir-4693
100616459	hsa-mir-4745
100616460	hsa-mir-3689e
100616461	HERV-HX
100616462	HML6-c5
100616463	hsa-mir-4452
100616464	hsa-mir-4778
100616465	hsa-mir-4656
100616466	MIR4520B
100616466	hsa-mir-4520b
100616467	hsa-mir-4767
100616468	hsa-mir-4742
100616469	hsa-mir-4429
100616470	hsa-mir-4488
100616471	hsa-mir-4798
100616472	hsa-mir-4776-2
100616473	hsa-mir-4432
100616474	hsa-mir-4715
100616475	hsa-mir-548ad
100616476	hsa-mir-4446
100616477	hsa-mir-4442
100616478	hsa-mir-4494
100616479	hsa-mir-4635
100616480	hsa-mir-4479
100616481	hsa-mir-4423
100616482	hsa-mir-4685
100616483	hsa-mir-4751
100616484	hsa-mir-4470
100616485	hsa-mir-4447
100616486	hsa-mir-4698
100616487	hsa-mir-4517
100616488	hsa-mir-548ak
100616490	hsa-mir-4706
100616491	hsa-mir-3978
100616492	hsa-mir-378f
100616493	hsa-mir-4441
100616494	hsa-mir-1269b
100616495	hsa-mir-2392
100616496	C187-23
100616497	pTR2
100616498	hsa-mir-378e
100616499	hsa-mir-4435-1
100616500	hsa-mir-4683
100616530	C8orf37-AS1
100616530	tospeak
100628315	DNM3-AS1
100628315	MIR199A2HG
100628560	hsa-mir-3155b
100630918	PARTICLE
100631253	USP6P2
100631378	LOC100631378
100642175	SPRIGHTLY
100652739	RAET1G-AS1
100652740	C16orf98
100652740	PYCARDOS
100652748	bA592B15.7
100652772	RP11-159F24.1
100652781	RUNDC2B
100652865	LINC00422
100652883	ALOX15P
100652929	HP09025
100653053	PS7
100653053	T2R68P
100653515	DDC8
100653515	KIAA1731NL
100689073	FLJ35752
100689074	FLJ12971
100689229	H3F3AP3
100689229	p18
100750225	PCA1
100750225	PCAT-1
100750225	PiHL
100750246	5\'aHIF-1A
100750246	HIF1A-AS3
100750246	HIFAL
100750247	3\'aHIF-1A
100750247	aHIF
100750325	NCMAP-DT
100750325	TCONS_00001428
100750326	HTT-AS1
100750326	HTTAS
100775104	KLHL7-AS1
100775104	PLATAK
100775105	HERV-K18
100775105	c1_C
100775107	LUST
100820735	HIST1H2BPS3
100820829	Gup
100820829	Gup1
100820829	MYOZAP
100846991	hsa-mir-5197
100846992	hsa-mir-548aw
100846993	hsa-mir-5009
100846994	hsa-mir-3670-2
100846995	hsa-mir-5000
100846996	hsa-mir-5007
100846997	hsa-mir-5583-2
100846998	hsa-mir-5689
100846999	hsa-mir-4444-2
100847000	hsa-mir-5579
100847001	hsa-mir-5680
100847002	hsa-mir-5011
100847003	hsa-mir-5693
100847004	hsa-mir-5188
100847005	hsa-mir-5701-2
100847006	hsa-mir-5571
100847007	hsa-mir-5696
100847008	hsa-mir-4524b
100847009	hsa-mir-1295b
100847010	hsa-mir-5581
100847012	hsa-mir-5004
100847013	hsa-mir-5692b
100847014	hsa-mir-5100
100847015	hsa-mir-5691
100847016	hsa-mir-5695
100847017	hsa-mir-5692c-2
100847018	hsa-mir-5585
100847019	hsa-mir-5687
100847020	hsa-mir-5582
100847021	hsa-mir-5002
100847022	hsa-mir-5093
100847023	hsa-mir-5091
100847024	hsa-mir-5698
100847025	hsa-mir-5583-1
100847026	hsa-mir-5006
100847027	hsa-mir-5705
100847028	hsa-mir-5587
100847029	hsa-mir-5003
100847030	hsa-mir-548at
100847031	hsa-mir-5700
100847032	hsa-mir-5707
100847033	hsa-mir-4436b-2
100847034	hsa-mir-5683
100847035	hsa-mir-548ar
100847036	hsa-mir-5186
100847037	hsa-mir-5001
100847038	hsa-mir-5692a-2
100847039	hsa-mir-5092
100847040	hsa-mir-5704
100847041	hsa-mir-3680-2
100847042	hsa-mir-5572
100847043	hsa-mir-5682
100847044	hsa-mir-5087
100847045	hsa-mir-548au
100847046	hsa-mir-5010
100847047	hsa-mir-4666b
100847048	hsa-mir-5690
100847049	hsa-mir-4999
100847050	hsa-mir-5191
100847051	hsa-mir-5194
100847052	MIR644B
100847052	hsa-mir-664b
100847053	hsa-mir-5702
100847054	hsa-mir-5588
100847055	hsa-mir-5697
100847056	hsa-mir-5708
100847057	hsa-mir-5189
100847058	hsa-mir-5681a
100847059	hsa-mir-5094
100847060	hsa-mir-5701-1
100847061	hsa-mir-4536-2
100847062	hsa-mir-5195
100847063	hsa-mir-548ax
100847064	hsa-mir-5694
100847065	hsa-mir-5591
100847066	hsa-mir-5692a-1
100847067	hsa-mir-5089
100847068	hsa-mir-548ao
100847069	hsa-mir-5590
100847070	hsa-mir-5196
100847071	hsa-mir-5684
100847072	hsa-mir-5008
100847073	hsa-mir-5090
100847074	hsa-mir-5088
100847075	hsa-mir-5685
100847076	hsa-mir-5580
100847077	hsa-mir-5688
100847078	hsa-mir-548aq
100847079	hsa-mir-5193
100847080	hsa-mir-5190
100847081	hsa-mir-5703
100847082	hsa-mir-5692c-1
100847083	hsa-mir-548av
100847084	hsa-mir-548ap
100847085	hsa-mir-5706
100847086	hsa-mir-5699
100847087	hsa-mir-5192
100847088	hsa-mir-5586
100847089	hsa-mir-5584
100847090	hsa-mir-5187
100847091	hsa-mir-5681b
100847092	hsa-mir-548as
100847093	hsa-mir-5589
100852407	CARS-AS1
100852410	ZRANB2-AS2
100856809	OLFRA06
100856809	OR17-25
100856809	OR25
100856809	RP11-64J4.6-001
100856810	TCEB2P3
100859930	HCCAT2
100859930	LINC-HEIH
100859930	LINC00848
100859930	lncRNA-HEIH
100861467	c3_D
100861504	PROX1UT
100861504	Yiya
100861506	LSAMP-AS2
100861510	LRRC3-AS1
100861512	p21NAT
100861519	GDNFOS
100861519	LINC02110
100861541	DOCK9-AS2
100861542	lncZic2
100861548	FLJ00387
100861548	PINK1-AS1
100861548	PINK1AS
100861548	naPINK1
100861550	HI-LNC71
100861550	PDX1-AS1
100861550	PLUTO
100861555	LINC00565
100861563	ATXN7-AS1
100862683	c11_A
100862684	HERV-K101
100862684	c22_A
100862686	c10_B
100862687	c7_B
100862688	N8.4
100862688	c3_E
100862689	c3_B
100862690	c1_A
100862693	envR(b)
100862696	CL4
100862697	HML6-c14
100862698	TCONS_00022381
100862704	LINC00441
100862704	ncRNA-RB1
100873065	DDX53-AS1
100873065	PHEX-AS1
100873065	PTCHD1AS1
100873065	PTCHD1AS2
100873202	HsT4010
100873273	RN5S18
100873274	RN5S19
100873275	RN5S20
100873276	RN5S21
100873277	RN5S22
100873278	RN5S23
100873279	RN5S40
100873280	RN5S41
100873281	RN5S42
100873282	RN5S43
100873283	RN5S44
100873284	RN5S45
100873285	RN5S46
100873286	RN5S47
100873287	RN5S48
100873288	RN5S49
100873289	RN5S51
100873290	RN5S52
100873291	RN5S53
100873292	RN5S54
100873293	RN5S55
100873294	RN5S56
100873295	RN5S60
100873296	RN5S61
100873297	RN5S62
100873298	RN5S63
100873299	RN5S64
100873300	RN5S65
100873301	RN5S66
100873302	RN5S67
100873303	RN5S68
100873304	RN5S69
100873305	RN5S71
100873306	RN5S72
100873307	RN5S73
100873308	RN5S74
100873309	RN5S75
100873310	RN5S76
100873311	RN5S77
100873312	RN5S78
100873313	RN5S79
100873314	RN5S80
100873316	RN5S82
100873317	RN5S84
100873318	RN5S85
100873319	RN5S86
100873320	RN5S87
100873321	RN5S88
100873322	RN5S89
100873323	RN5S90
100873324	RN5S91
100873325	RN5S92
100873326	RN5S93
100873327	RN5S94
100873328	RN5S95
100873329	RN5S96
100873330	RN5S97
100873331	RN5S98
100873333	SEPT2P1
100873334	RN5-8S3
100873335	RN5-8S5
100873336	RN5-8S6
100873356	RN5S24
100873357	RN5S25
100873358	RN5S26
100873359	RN5S27
100873360	RN5S28
100873361	RN5S29
100873362	RN5S30
100873363	RN5S31
100873365	RN5S33
100873366	RN5S34
100873367	RN5S35
100873368	RN5S36
100873369	RN5S37
100873370	RN5S38
100873371	RN5S39
100873372	RN5S101
100873373	RN5S102
100873374	RN5S103
100873375	RN5S104
100873376	RN5S105
100873377	RN5S107
100873378	RN5S108
100873379	RN5S109
100873380	RN5S110
100873381	RN5S111
100873382	RN5S112
100873383	RN5S113
100873384	RN5S114
100873385	RN5S115
100873386	RN5S116
100873387	RN5S117
100873388	RN5S118
100873389	RN5S119
100873390	RN5S120
100873391	RN5S121
100873392	RN5S122
100873393	RN5S123
100873394	RN5S124
100873395	RN5S125
100873396	RN5S126
100873397	RN5S127
100873398	RN5S128
100873399	RN5S129
100873400	RN5S131
100873401	RN5S132
100873402	RN5S133
100873403	RN5S135
100873404	RN5S136
100873405	RN5S137
100873406	RN5S138
100873407	RN5S139
100873408	RN5S141
100873409	RN5S142
100873410	RN5S143
100873411	RN5S144
100873412	RN5S145
100873413	RN5S146
100873414	RN5S147
100873415	RN5S148
100873416	RN5S150
100873417	RN5S151
100873418	RN5S152
100873419	RN5S153
100873420	RN5S154
100873421	RN5S155
100873422	RN5S156
100873423	RN5S157
100873424	RN5S158
100873425	RN5S159
100873426	RN5S160
100873427	RN5S162
100873428	RN5S163
100873429	RN5S164
100873430	RN5S165
100873431	RN5S166
100873432	RN5S167
100873433	RN5S168
100873434	RN5S169
100873435	RN5S170
100873436	RN5S171
100873437	RN5S173
100873438	RN5S176
100873439	RN5S177
100873440	RN5S178
100873441	RN5S179
100873442	RN5S180
100873443	RN5S181
100873444	RN5S182
100873445	RN5S183
100873446	RN5S184
100873447	RN5S185
100873448	RN5S186
100873449	RN5S187
100873450	RN5S188
100873451	RN5S189
100873452	RN5S190
100873453	RN5S191
100873454	RN5S192
100873455	RN5S193
100873456	RN5S194
100873457	RN5S195
100873458	RN5S196
100873459	RN5S197
100873460	RN5S198
100873461	RN5S200
100873462	RN5S201
100873463	RN5S202
100873464	RN5S203
100873465	RN5S204
100873466	RN5S205
100873467	RN5S207
100873468	RN5S208
100873469	RN5S209
100873470	RN5S210
100873471	RN5S211
100873472	RN5S212
100873473	RN5S213
100873474	RN5S214
100873475	RN5S215
100873476	RN5S216
100873477	RN5S217
100873478	RN5S218
100873479	RN5S219
100873480	RN5S220
100873481	RN5S222
100873482	RN5S223
100873483	RN5S224
100873484	RN5S225
100873485	RN5S227
100873486	RN5S228
100873487	RN5S229
100873488	RN5S230
100873489	RN5S231
100873490	RN5S232
100873491	RN5S233
100873492	RN5S234
100873493	RN5S235
100873494	RN5S236
100873495	RN5S237
100873496	RN5S238
100873497	RN5S239
100873498	RN5S240
100873499	RN5S241
100873500	RN5S242
100873501	RN5S245
100873502	RN5S246
100873503	RN5S247
100873504	RN5S248
100873505	RN5S249
100873506	RN5S250
100873507	RN5S251
100873508	RN5S252
100873509	RN5S255
100873510	RN5S256
100873511	RN5S257
100873512	RN5S258
100873513	RN5S259
100873514	RN5S260
100873515	RN5S261
100873516	RN5S262
100873517	RN5S264
100873518	RN5S265
100873519	RN5S266
100873520	RN5S267
100873521	RN5S268
100873522	RN5S269
100873523	RN5S270
100873524	RN5S271
100873525	RN5S272
100873526	RN5S273
100873527	RN5S274
100873528	RN5S275
100873529	RN5S276
100873530	RN5S277
100873531	RN5S278
100873532	RN5S279
100873533	RN5S280
100873534	RN5S281
100873535	RN5S282
100873536	RN5S283
100873537	RN5S284
100873538	RN5S285
100873539	RN5S286
100873540	RN5S287
100873541	RN5S288
100873542	RN5S289
100873543	RN5S290
100873544	RN5S291
100873545	RN5S292
100873546	RN5S293
100873547	RN5S294
100873548	RN5S295
100873549	RN5S296
100873550	RN5S499
100873551	RN5S500
100873552	RN5S501
100873553	RN5S502
100873554	RN5S503
100873555	RN5S504
100873556	RN5S505
100873557	RN5S506
100873558	RN5S507
100873559	RN5S508
100873560	RN5S509
100873561	RN5S510
100873562	RN5S511
100873563	RN5S512
100873564	RN5S513
100873565	RN5S514
100873566	RN5S515
100873567	RN5S516
100873568	RN5S517
100873569	RN5S518
100873570	RN5S519
100873571	RN5-8S2
100873572	RN5-8S4
100873573	RN5-8S7
100873574	RN5S299
100873575	RN5S300
100873576	RN5S301
100873577	RN5S303
100873578	RN5S304
100873579	RN5S305
100873580	RN5S306
100873581	RN5S307
100873582	RN5S308
100873583	RN5S309
100873584	RN5S318
100873585	RN5S319
100873586	RN5S320
100873587	RN5S321
100873588	RN5S322
100873589	RN5S323
100873590	RN5S324
100873591	RN5S325
100873592	RN5S326
100873593	RN5S327
100873594	RN5S328
100873595	RN5S329
100873596	RN5S330
100873597	RN5S331
100873598	RN5S332
100873599	RN5S336
100873600	RN5S337
100873601	RN5S338
100873602	RN5S339
100873603	RN5S340
100873604	RN5S341
100873605	RN5S343
100873606	RN5S344
100873607	RN5S345
100873608	RN5S346
100873609	RN5S347
100873610	RN5S348
100873611	RN5S349
100873612	RN5S352
100873613	RN5S353
100873614	RN5S354
100873615	RN5S356
100873616	RN5S357
100873617	RN5S358
100873618	RN5S359
100873619	RN5S360
100873620	RN5S361
100873621	RN5S362
100873622	RN5S363
100873623	RN5S364
100873624	RN5S365
100873625	RN5S366
100873626	RN5S367
100873627	RN5S368
100873628	RN5S369
100873629	RN5S371
100873630	RN5S372
100873631	RN5S373
100873632	RN5S374
100873633	RN5S375
100873634	RN5S378
100873635	RN5S379
100873636	RN5S380
100873637	RN5S382
100873638	RN5S383
100873639	RN5S384
100873640	RN5S385
100873641	RN5S386
100873642	RN5S388
100873643	RN5S390
100873644	RN5S391
100873645	RN5S392
100873646	RN5S393
100873647	RN5S394
100873648	RN5S395
100873649	RN5S396
100873650	RN5S397
100873652	RN5S399
100873653	RN5S400
100873654	RN5S401
100873655	RN5S402
100873656	RN5S404
100873657	RN5S405
100873658	RN5S406
100873659	RN5S407
100873660	RN5S408
100873661	RN5S409
100873662	RN5S410
100873663	RN5S412
100873664	RN5S413
100873665	RN5S414
100873666	RN5S415
100873667	RN5S416
100873668	RN5S417
100873669	RN5S418
100873670	RN5S419
100873671	RN5S420
100873672	RN5S421
100873673	RN5S422
100873674	RN5S423
100873675	RN5S424
100873676	RN5S425
100873677	RN5S426
100873678	RN5S427
100873679	RN5S428
100873680	RN5S430
100873681	RN5S431
100873682	RN5S432
100873683	RN5S433
100873684	RN5S434
100873685	RN5S436
100873686	RN5S437
100873687	RN5S438
100873688	RN5S440
100873689	RN5S441
100873690	RN5S444
100873691	RN5S445
100873692	RN5S446
100873693	RN5S447
100873694	RN5S449
100873695	RN5S450
100873696	RN5S451
100873697	RN5S452
100873698	RN5S453
100873699	RN5S454
100873700	RN5S455
100873701	RN5S456
100873702	RN5S457
100873703	RN5S459
100873704	RN5S460
100873705	RN5S461
100873706	RN5S462
100873707	RN5S463
100873708	RN5S464
100873709	RN5S465
100873710	RN5S466
100873711	RN5S467
100873712	RN5S469
100873713	RN5S470
100873714	RN5S471
100873715	RN5S472
100873716	RN5S474
100873717	RN5S475
100873718	RN5S476
100873719	RN5S477
100873720	RN5S478
100873721	RN5S479
100873722	RN5S480
100873723	RN5S481
100873724	RN5S482
100873725	RN5S483
100873726	RN5S484
100873727	RN5S485
100873728	RN5S486
100873729	RN5S487
100873730	RN5S488
100873731	RN5S489
100873732	RN5S490
100873733	RN5S491
100873734	RN5S492
100873735	RN5S493
100873736	RN5S494
100873737	RN5S495
100873738	RN5S496
100873739	RN5S497
100873740	RNU6-31
100873741	RNU6-26
100873745	RNU6-10
100873746	RNU6-14
100873747	RNU6-30
100873748	RNU6-33
100873749	RNU6-34
100873750	RNU6-35
100873751	PHBP14
100873752	PHBP15
100873753	RNU6-16
100873754	RNU6-19
100873755	RNU6-23
100873756	RNU6-28
100873757	RNU6-36
100873758	RNU6-39
100873759	RNU6-45
100873760	RNU6-46
100873761	RNU6-52
100873762	RNU6-53
100873763	RNU6-55
100873764	RNU6-56
100873765	RNU6-57
100873766	RNU6-58
100873767	RNU6-59
100873768	RNU6-63
100873769	RNU6-64
100873770	RNU6-66
100873771	RNU6-67
100873772	RNU6-68
100873773	RNU6-69
100873774	RNU6-71
100873775	RNU6-72
100873776	RNU6-75
100873777	RNU6-1002P
100873777	RNU6-76
100873778	RNU6-78
100873779	RNU6-79
100873780	RNU6-81
100873781	RNU6-82
100873782	RNU6-83
100873854	MOBKL1BP2
100873856	HBII-85-30
100873857	HBII-52-46
100873860	U1.64
100873865	U1.41
100873874	MOBKL1BP1
100873876	TRNAV38
100873876	tRNA-Val-CAC-10-1
100873886	ZBED9P1
100873904	MYB-AS
100873904	MYBAS
100873904	NCRNA00209
100873904	RP1-32B1.3
100873907	ORAOV1P1
100873946	LINC02785
100873957	FABP5L14
100873958	FABP5L15
100873961	TRNAN38
100873961	tRNA-Asn-GTT-21-1
100873962	NCRNA00278
100873962	YY1BM
100873963	NCRNA00279
100873964	NCRNA00280
100873965	MED4-AS
100873974	KCNC4-AS1
100873974	LINC02586
100873985	MED14-AS1
100873998	MEIS1-AS1
100874002	SARRAH
100874016	LncFASA
100874028	SGOL1-AS1
100874029	WDR52-AS1
100874047	LINC00500
100874054	FAL1
100874054	LINC00568
100874054	ncRNA-a1
100874055	ncRNA-a5
100874056	NLGN4Y-AS
100874056	NLGN4YAS
100874058	COX10-AS
100874058	COX10-AS1
100874058	COX10AS
100874059	NCRNA00297
100874070	USP12-AS2
100874070	USP12-DT
100874072	SMAD9-AS1
100874079	EIF2B5-AS1
100874093	BRWD1-AS2
100874093	BRWD1-IT2
100874093	C21orf87
100874093	NCRNA00257
100874117	CTD-2108O9.1
100874117	lncRNA-LOWEG
100874118	DDX26B-AS1
100874126	NCRNA00331
100874127	NCRNA00332
100874128	NCRNA00333
100874136	LINC00350
100874145	LncRNA00364
100874158	LINC00545
100874168	LINC00560
100874189	NKX2-2AS
100874197	CITF22-123F2.1
100874198	SHANK2-AS2
100874222	POU4F1-AS1
100874222	RNF219-AS1
100874229	DCUN1D2-AS2
100874241	STARD13-AS2
100874253	PDZK1IP1-AS1
100874253	ncRNA-a4
100874258	SCGB1D1P1
100874261	LINC00854
100874261	TMEM106A-AS1
100874268	RBAT1
100874275	EMCN-IT3
100874276	EMCN-IT2
100874281	NTM-IT3
100874301	TSSC1-IT1
100874323	HOXA-AS4
100874330	KCNMB2-IT1
100874358	KLHL22-IT1
100874358	RNYP1
100874366	HOXC-AS5
100874375	FAM155A-IT1
100874377	C13orf44-IT1
100874381	NPIPA4P
100874404	NCRNA00328-2P
100874404	NCRNA00328B
100874406	FAM106D
100874489	DDX3YP2
100874494	CYP46A-se1[12:13:14]
100874495	CYP4A-se2[1]
100874497	RBMY1K
100874505	CYP2C9-de2c3c
100874513	CYP2C9-de1b
100874519	TCEB2P4
100885775	LINC00586
100885779	ROR
100885779	lincRNA-RoR
100885779	lincRNA-ST8SIA3
100885789	LincR-Ifng-3\'AS
100885789	NEST
100885789	Tmevpg1
100885798	NCRNA00210
100885798	RP11-72L13.1
100885800	SNAP47-IT1
100885864	RN5S244
100887740	RN5S411
100887744	RNU6-48
100887750	MRPS31P3
100887755	LINC00651
100887755	ncRNA-a7
100887755	treRNA
100996266	COMET
100996266	LINC01510
100996279	CXorf62
100996279	FLJ33610
100996279	NCRNA00269
100996288	LOC100996288
100996301	pasFOXD3
100996331	A26B1
100996331	CT104.5
100996331	POTE-15
100996331	POTE15
100996335	AP000552.1
100996351	LOC100996351
100996415	AC008079.1
100996415	LINC02592
100996425	LINC02170
100996425	PRCAT47
100996432	LINC01663
100996465	LCA10
100996485	C5orf66
100996492	LINC01314
100996511	HYPAL
100996517	SEC22B3
100996539	ITPR1-AS1
100996541	LINC02193
100996564	SSXP1
100996564	psiSSX1
100996569	STX17-AS1
100996569	STX17-DT
100996586	IGLV8/OR8-1
100996590	RP11-308N19.1
100996600	IGKV2/OR2-8
100996609	AP000688.8
100996645	LINCR-0003
100996645	lncBRM
100996654	LOC100996654
100996669	TCONS_00026194
100996686	METTL7AP1
100996702	LIMp27
100996716	SEC22B2
100996724	LOC100996724
100996758	CH17-360D5.1
100996842	AC016876.1
100996928	C7orf55-LUC7L2
100996939	PreY
101056700	NADKD1-AS1
101059953	LCR16a9
101060091	AC104653.1
101060105	FAM183DP
101060171	ARMC4P1
101101692	LINC-HELLP
101154644	LINC-MD1
101154644	MIR133BHG
101154687	TCONS_00024764
101154753	PANDA
101180976	IFNAN
101234262	COX5BL6
101241875	RPS3AP
101241877	ATP5J2LP
101241891	KUCG1
101241892	lncRNA-LET
101243555	PTENpg1-asRNA
101290500	SNAP23P
101290500	dJ155G6.3
101410533	YTHDF3-AS1
101410535	SLC16A4-AS1
101410536	EVX1-AS1
101410536	EVX1AS
101410537	RP5-869M20.2
101410538	MMP24-AS1
101410542	UCHL1-AS1
101447996	RNU1-145
101447996	vU1.8
101515984	TCONS_00021856
101559451	lnc-EST885
101669762	LINC00912
101669762	linc-UBC1
101669762	onco-lncRNA-30
101669763	LINC00915
101669763	lncRNA-JADE
101669764	GPR1-AS
101669764	GPR1-AS1
101669764	GPR1AS
101669766	HCCAT3
101669766	uc002pyc
101669767	LINC00913
101669767	PCAT11
101752400	CAPN10-AS1
101752400	locus959
101805488	LINC00873
101805488	NCCP1
101805492	ESCCAL-1
101805492	LINC00981
101805492	linc-JPH1
101867536	PCAT8
101926900	DNAJB5-AS1
101926941	AC005592.2
101926941	LINC01844
101926941	THCAT68
101926947	C8orf23
101926947	NCRNA00249
101926947	XLOC_006844
101926957	ISX-AS1
101926960	TCONS_00010315
101926962	LOC101926962
101926963	LOC101926963
101926967	LOC101926967
101926987	CCAT7
101927000	LOC101927000
101927021	LOC101927021
101927027	CHROME
101927027	PRKRA-AS1
101927051	LOC101927051
101927058	ENST00000550337.1
101927075	RP11-473L15.2
101927086	LOC101927086
101927096	SPARC-AS1
101927111	SUCLG2-AS1
101927117	TOP1-AS1
101927125	MYCLo-2
101927136	linc-KILH
101927136	lnc-GCLC-1
101927138	LOC101927138
101927139	LOC101927139
101927142	LOC101927142
101927152	LINC01212
101927155	UCHL3-AS1
101927167	GATA2AS
101927168	LOC101927168
101927171	RAMS11
101927171	TCONS_00011314
101927186	LPHN3-AS1
101927195	TCONS_00021500
101927211	BC032020
101927219	uc002xlx
101927221	UBR5-AS1
101927228	RP11-189E14.4
101927229	CTD-2171N6.1
101927230	LINC01969
101927242	lncRNA-DAW
101927248	LOC101927248
101927256	LOC101927256
101927280	HRAT56
101927288	MANEA-AS1
101927289	LINC01238
101927318	AC025154.2
101927318	MIAC
101927322	LOC101927322
101927332	TCONS_00023827
101927356	LOC101927356
101927364	TCONS_00024399
101927380	C9orf41-AS1
101927381	TCONS_00017722
101927391	LOC101927391
101927400	AC016745.3
101927415	LOC101927415
101927417	LOC101927417
101927423	PANO
101927447	LOC101927447
101927459	TCONS_00015136
101927464	LINC02467
101927477	XLOC_000303
101927490	Loc490
101927492	UTAT33
101927497	BALR-2
101927497	LOC101927497
101927501	RP3-326I13.1
101927523	BCRT1
101927524	MEOX2-AS1
101927525	TCONS_00013888
101927525	lncRNA8975-1
101927532	RP11-552D4.1
101927546	ANO7P1
101927546	C1orf224
101927546	TMEM16M
101927554	FLJ37991
101927574	ZNF674-1
101927590	LINC01167
101927596	LOC101927596
101927597	NCK1-AS1
101927597	SLC35G2-AS1
101927612	RNF139-AS1
101927621	LINC01534
101927624	2G7
101927624	TCONS_00019134
101927630	LOC101927630
101927640	LOC101927640
101927666	LOC101927666
101927686	RP11-367G18.1
101927688	SEPT4-AS1
101927693	LOC101927693
101927703	LINC01379
101927703	TCONS_00011636
101927746	BCCE4
101927746	EMS
101927746	LOC101927746
101927761	TH2-LCR
101927768	ENST00000421891
101927774	LINC01263
101927789	PAARH
101927795	LOC101927795
101927809	LOC101927809
101927811	LOC101927811
101927824	LOC101927824
101927834	RP11-286H15.1
101927854	LOC101927854
101927859	AC007731.1
101927869	AP000469.2
101927877	LOC101927877
101927877	MARCH10-DT
101927884	EVA1A-AS1
101927884	LOC101927884
101927886	GBAT2
101927907	LOC101927907
101927913	LOC101927913
101927934	Lnc-APUE
101927943	LOC101927943
101927953	C5orf66-AS1
101927953	CTC-276P9.1
101927953	Epist
101927969	LOC101927969
101927978	AC004943.2
101927987	LOC101927987
101927988	RP1-13P20.6
101927988	lnc-SPRR2D-1
101927990	HRAT13
101927994	ERLC1
101928000	LOC101928000
101928020	LOC101928020
101928033	CTD-2270F17.1
101928040	BARX1-AS1
101928062	CNOT2-DT
101928062	LINC01481
101928063	LOC101928063
101928068	RP11-156E8.1
101928076	RP3-512B11.3
101928079	LINC01057
101928099	PCAN-R2
101928100	LOC101928100
101928100	TP53LC04
101928101	RP11-350G8.5
101928120	AL451085.2
101928134	LOC101928134
101928134	TCONS_l2_00009005
101928138	TCONS_00021407
101928140	LOC101928140
101928141	TCONS_00025127
101928144	LOC101928144
101928147	FAM243A
101928165	LINC00600
101928176	RP11-267A15.1
101928223	RP11-789C1.1
101928223	TCONS_00008319
101928223	linc-GALNTL6-4
101928228	AC110995.1
101928233	AP001626.1
101928233	BC041455
101928235	CTB-41I6.1
101928243	DARS-AS1
101928248	TCONS_00024480
101928271	LOC101928271
101928284	LOC101928284
101928292	CUPID1
101928300	AC125616.1
101928303	LOC101928303
101928307	AL391807.1
101928307	RP3-525N10.2
101928316	LncRNA-LOC101928316
101928324	LOC101928324
101928327	DIRC3-AS1
101928327	LINC01921
101928333	LOC101928333
101928346	LOC101928346
101928353	EVADR
101928370	LISPR1
101928376	ILAS1-AS1
101928386	GTDC1-AS1
101928397	LOC101928397
101928404	LOC101928404
101928414	AC051619.4
101928418	LOC101928418
101928433	AL137003.1
101928433	LOC101928433
101928440	FBXO3-AS1
101928443	AP003555.1
101928443	onclncRNA-626
101928445	LOC101928445
101928461	LOC101928461
101928469	MIR384HG
101928477	AP000851.1
101928483	LINC01573
101928483	MIR4674HG
101928483	TCONS_l2_00029132
101928484	RBSG4
101928514	CTD-2246P4.1
101928514	FLJ30938
101928521	LOC101928521
101928523	lnc-SMC2-1
101928545	SEPT7-AS1
101928545	SEPTIN7-AS1
101928550	SMC2-AS1
101928554	ITPR2-AS1
101928555	RP11-169D4.1-001
101928597	LOC101928597
101928603	C6orf229
101928605	DDGC
101928605	LOC101928605
101928607	TRPM2-AS1
101928612	HSPC324
101928612	LncEGFL7OS
101928638	C9orf141
101928638	PRR31
101928646	ARNTL2-AS1
101928659	LOC101928659
101928673	LOC101928673
101928674	LOC101928674
101928685	NACAP3
101928687	A-ROD
101928687	LINC01468
101928687	lnc-MBL2-4
101928696	LOC101928696
101928700	LOC101928700
101928707	LOC101928707
101928710	CTD-2357A8.3
101928710	LINC02081
101928710	XLOC_012582
101928716	LOC101928716
101928745	LL21NC02-21A1.1
101928770	Lnc-FAM46A-1
101928809	LOC101928809
101928823	RP11-65M17.3
101928827	TCEB1P33
101928847	RP11-629G13.1
101928857	BC032469
101928919	CTD-2589M5.4
101928922	AMER2-AS1
101928922	TCONS_l2_00007499
101928941	TCONS_00017086
101928942	LOC101928942
101928943	LOC101928943
101928963	LOC101928963
101928971	RP11-462G22.1
101928971	TCONS_l2_00021807
101929011	LASER
101929059	ZIM2as
101929064	LOC101929064
101929076	AC009292.1
101929095	LOC101929095
101929107	AL133467.1
101929110	LOC101929110
101929111	XXbac-BPG181B23.4
101929120	LINC01351
101929121	TCONS_00021639
101929127	FAM233B
101929140	AL354696.2
101929145	USP54-AS1
101929152	LEPREL1-AS1
101929163	XXbac-BPG154L12.4
101929179	TCONS_l2_00029888
101929184	TCONS_00000361
101929191	LINCR-0001
101929212	C13orf44-AS1
101929215	CTD-2201I18.1
101929217	AC022915.1
101929221	C15orf59-AS1
101929221	TCONS_00023459
101929222	Boymaw
101929231	LOC101929231
101929238	C3orf67-AS1
101929243	LOC101929243
101929272	LOC101929272
101929285	Z97832.2
101929302	RFX3-AS1
101929309	AL033519.3
101929309	RP3-340B19.3
101929331	AL161785.1
101929351	CDC37L1-AS1
101929371	NR_109
101929378	uc.83
101929384	LOC101929384
101929397	JINR1
101929402	C8orf50
101929428	PTPRD-AS2
101929441	ElncRNA1
101929441	TC0101441
101929447	TCONS_00018476
101929447	linc-ITGB1
101929450	AC145110.1
101929450	Slt
101929459	LOC101929459
101929464	LOC101929464
101929475	LincIN
101929484	LINC02544
101929484	RP11-417E7.1
101929517	pancEts-1
101929520	TCONS_l2_00002973
101929526	LOC101929526
101929528	Lnc-CYP7A1-1
101929529	LOC101929529
101929549	GALNT8-DT
101929557	TCONS_00019178
101929559	LINC00211
101929559	NCRNA00211
101929559	PIRAT
101929570	LOC101929570
101929590	C10orf100
101929590	Em:AC010157.1
101929592	LOC101929592
101929595	LOC101929595
101929625	IRENA
101929628	LINC02155
101929628	LOC101929628
101929628	RP11-705O24.1
101929637	C11orf39
101929637	FLJ45436
101929664	MTMR3-AS1
101929664	NONHSAG033653
101929679	KMU15
101929679	LOC101929679
101929680	SCN1A-NAT
101929680	SCN1ANAT
101929685	LINC01384
101929685	lncRNA-NEF
101929688	LINC01251
101929701	TCONS_00024001
101929704	LOC101929704
101929705	AL109615.3
101929705	DATOC-1
101929709	AF117829.1
101929709	RIPK2-DT
101929715	lncRNA-MIF
101929721	LOC101929721
101929726	MINION
101929743	TCONS_00023252
101929760	PIK3IP1-AS1
101929768	OSMR-AS1
101929866	LOC101929866
101929897	ALAL-1
101929897	IKBKBAS
101929897	LOC101929897
101929897	RP11-231D20.2
101929901	LOC101929901
101929947	AC078883.3
101929947	PDK1-AS1
101929947	lncIHAT
101929959	LOC101929959
101929977	CTD-2256P15.2
101929977	PACMP
101930010	LOC101930010
101930593	LOC101930593
101930746	TCONS_00028834
101930747	TCONS_00021685
101930748	TCONS_l2_00007488
101930749	TCONS_00021582
101937451	TCONS_00015085
101954264	RNU1-102
101954264	RNU1-50
101954264	RNVU1-5
101954264	vU1.4
101954264	vU1.5
101954266	RNU1-37
101954266	vU1.14
101954267	RNU1-121
101954267	RNU1-66
101954267	RNVU1-16
101954267	vU1.15
101954267	vU1.16
101954268	RNU1-110
101954268	vU1.20
101954269	RNU1-127
101954269	vU1.17
101954271	U6-9
101954272	RNU1-113
101954272	RNU1-151
101954272	RNVU1-12
101954272	vU1.12
101954272	vU1.3
101954273	RNU1-10P
101954273	RNU1-53
101954273	RNU1P10
101954273	RNVU1-10
101954273	U1.4
101954273	U1P14
101954273	vU1.1
101954273	vU1.10
101954275	U6-7
101954276	RNU1-99
101954276	vU1.6
101954277	RNU1-126
101954277	RNU1-147
101954277	RNVU1-13
101954277	vU1.13
101954277	vU1.19
101954278	U6-8
102060282	ANRASSF1
102157401	TUC.338
102157401	TUC338
102157401	uc.338
102157402	CINAP
102191832	DEAR
102191832	DEspR
102216268	CISTR-ACT
102216268	CISTRACT
102216268	re52431
102216341	lncRNA-N1
102216342	LncRNA-ES1
102238594	LINC01129
102238594	SPACA6P-AS
102388891	FAM195CP
102464817	hsa-mir-5787
102464823	hsa-mir-6068
102464824	hsa-mir-6069
102464825	hsa-mir-6070
102464826	hsa-mir-6073
102464827	hsa-mir-6074
102464828	hsa-mir-6076
102464829	hsa-mir-6078
102464830	hsa-mir-6079
102464831	hsa-mir-6080
102464832	hsa-mir-6083
102464833	hsa-mir-6084
102464834	hsa-mir-6085
102464836	hsa-mir-6088
102464837	MIR6089-1
102464837	MIR6089-2
102464837	hsa-mir-6089-1
102465133	hsa-mir-6125
102465134	hsa-mir-6126
102465135	hsa-mir-6128
102465136	hsa-mir-378j
102465137	hsa-mir-6129
102465138	hsa-mir-6131
102465139	hsa-mir-6133
102465140	hsa-mir-6134
102465141	hsa-mir-6165
102465246	hsa-mir-6499
102465247	hsa-mir-548ay
102465248	hsa-mir-6501
102465249	hsa-mir-6502
102465250	hsa-mir-6503
102465251	hsa-mir-6504
102465252	hsa-mir-6506
102465253	hsa-mir-6507
102465254	hsa-mir-6509
102465255	hsa-mir-6512
102465256	hsa-mir-6513
102465257	hsa-mir-6514
102465427	hsa-mir-6715b
102465428	hsa-mir-6717
102465429	hsa-mir-6511b-1
102465430	hsa-mir-6718
102465431	hsa-mir-6722
102465434	hsa-mir-6726
102465435	hsa-mir-6727
102465436	hsa-mir-6728
102465437	hsa-mir-6731
102465438	hsa-mir-6732
102465439	hsa-mir-6733
102465440	hsa-mir-6735
102465441	hsa-mir-6737
102465442	hsa-mir-6738
102465443	hsa-mir-6740
102465444	hsa-mir-6742
102465445	hsa-mir-6743
102465446	hsa-mir-6746
102465447	hsa-mir-6747
102465448	hsa-mir-6748
102465449	hsa-mir-6751
102465450	hsa-mir-6752
102465451	hsa-mir-6753
102465452	hsa-mir-6755
102465453	hsa-mir-6756
102465454	hsa-mir-6758
102465455	hsa-mir-6760
102465456	hsa-mir-6761
102465457	hsa-mir-6762
102465458	hsa-mir-6765
102465459	hsa-mir-6767
102465460	hsa-mir-6768
102465461	hsa-mir-6770-1
102465462	hsa-mir-6771
102465463	hsa-mir-6772
102465464	hsa-mir-6775
102465465	hsa-mir-6776
102465466	hsa-mir-6777
102465467	hsa-mir-6779
102465468	hsa-mir-6781
102465469	hsa-mir-6782
102465470	hsa-mir-6784
102465471	hsa-mir-6786
102465472	hsa-mir-6787
102465473	hsa-mir-6790
102465474	hsa-mir-6791
102465475	hsa-mir-6792
102465476	hsa-mir-6795
102465477	hsa-mir-6796
102465478	hsa-mir-6797
102465479	hsa-mir-6799
102465480	hsa-mir-6800
102465481	hsa-mir-6802
102465482	hsa-mir-6804
102465483	hsa-mir-6805
102465484	hsa-mir-6806
102465485	hsa-mir-6809
102465486	hsa-mir-6811
102465487	hsa-mir-6812
102465488	hsa-mir-6814
102465489	hsa-mir-6815
102465490	hsa-mir-6816
102465491	hsa-mir-6819
102465492	hsa-mir-6820
102465493	hsa-mir-6821
102465494	hsa-mir-6823
102465495	hsa-mir-6824
102465496	hsa-mir-6826
102465497	hsa-mir-6828
102465498	hsa-mir-6830
102465499	hsa-mir-6831
102465500	hsa-mir-6833
102465501	hsa-mir-6834
102465502	hsa-mir-6835
102465503	hsa-mir-6836
102465504	hsa-mir-6838
102465505	hsa-mir-6839
102465506	hsa-mir-6841
102465507	hsa-mir-6842
102465508	hsa-mir-6843
102465509	hsa-mir-6846
102465510	hsa-mir-6847
102465511	hsa-mir-6848
102465512	hsa-mir-6851
102465513	hsa-mir-6852
102465514	hsa-mir-6854
102465515	hsa-mir-6856
102465516	hsa-mir-6857
102465517	hsa-mir-6858
102465518	hsa-mir-6860
102465519	hsa-mir-6861
102465520	hsa-mir-6862-1
102465521	hsa-mir-6864
102465522	hsa-mir-6865
102465523	hsa-mir-6867
102465524	hsa-mir-6869
102465525	hsa-mir-6870
102465526	hsa-mir-6872
102465527	hsa-mir-6876
102465528	hsa-mir-6877
102465529	hsa-mir-6878
102465530	hsa-mir-6881
102465531	hsa-mir-6882
102465532	hsa-mir-6883
102465533	hsa-mir-6885
102465534	hsa-mir-6886
102465535	hsa-mir-6888
102465536	hsa-mir-6890
102465537	hsa-mir-6891
102465538	hsa-mir-6892
102465539	hsa-mir-6895
102465665	hsa-mir-7107
102465666	hsa-mir-7109
102465667	hsa-mir-7110
102465668	hsa-mir-7111
102465669	hsa-mir-7113
102465683	hsa-mir-6511a-3
102465684	hsa-mir-6511a-4
102465688	hsa-mir-7150
102465689	hsa-mir-7152
102465690	hsa-mir-7153
102465691	hsa-mir-7154
102465692	hsa-mir-7157
102465693	hsa-mir-7158
102465694	hsa-mir-7161
102465695	hsa-mir-7160
102465696	hsa-mir-486-2
102465800	hsa-mir-7702
102465801	hsa-mir-7703
102465802	hsa-mir-7704
102465803	hsa-mir-7706
102465832	hsa-mir-7843
102465833	hsa-mir-4433b
102465834	hsa-mir-7844
102465835	hsa-mir-7845
102465836	hsa-mir-7846
102465837	hsa-mir-7849
102465838	hsa-mir-7850
102465839	hsa-mir-7852
102465840	hsa-mir-7854
102465841	hsa-mir-7855
102465842	hsa-mir-7856
102465854	hsa-mir-548ba
102465855	hsa-mir-7973-2
102465856	hsa-mir-7974
102465857	hsa-mir-7976
102465858	hsa-mir-7977
102465859	hsa-mir-7978
102465860	hsa-mir-8054
102465861	hsa-mir-8055
102465862	hsa-mir-8056
102465863	hsa-mir-8058
102465864	hsa-mir-8060
102465865	hsa-mir-8062
102465866	hsa-mir-8064
102465867	hsa-mir-8065
102465868	hsa-mir-8066
102465869	hsa-mir-8067
102465870	hsa-mir-8070
102465871	hsa-mir-8071-1
102465872	hsa-mir-8073
102465873	hsa-mir-8074
102465874	hsa-mir-8075
102465875	hsa-mir-8077
102465876	hsa-mir-8079
102465877	hsa-mir-8080
102465878	hsa-mir-8082
102465879	hsa-mir-8085
102465880	hsa-mir-8086
102465881	hsa-mir-8087
102465882	hsa-mir-8089
102465906	MIR7112-1
102465906	MIR7112-2
102465906	hsa-mir-7112-1
102465906	hsa-mir-7112-2
102465907	hsa-mir-6862-2
102465908	hsa-mir-6770-2
102465909	hsa-mir-6859-2
102465910	hsa-mir-6859-3
102465944	hsa-mir-6072
102465974	hsa-mir-6719
102465975	hsa-mir-6763
102465976	hsa-mir-6807
102465977	hsa-mir-6829
102465978	hsa-mir-6850
102465985	hsa-mir-6511b-2
102465993	hsa-mir-7847
102465995	hsa-mir-8081
102466081	hsa-mir-5739
102466103	hsa-mir-6075
102466104	hsa-mir-6090
102466162	hsa-mir-548az
102466189	hsa-mir-6715a
102466190	hsa-mir-6721
102466191	hsa-mir-6736
102466192	hsa-mir-6750
102466193	hsa-mir-6757
102466194	hsa-mir-6773
102466195	hsa-mir-6780a
102466196	hsa-mir-6794
102466197	hsa-mir-6810
102466198	hsa-mir-6817
102466199	hsa-mir-6825
102466200	hsa-mir-6844
102466201	hsa-mir-6853
102466202	hsa-mir-6769b
102466203	hsa-mir-6874
102466204	hsa-mir-6880
102466205	hsa-mir-6887
102466222	hsa-mir-7106
102466223	hsa-mir-7114
102466225	MIR6077-1
102466225	MIR6077-2
102466225	hsa-mir-6077-1
102466225	hsa-mir-6077-2
102466227	hsa-mir-7162
102466235	hsa-mir-7515
102466247	hsa-mir-1273h
102466250	hsa-mir-7973-1
102466251	hsa-mir-8061
102466253	hsa-mir-8076
102466259	hsa-mir-6770-3
102466268	hsa-mir-6511a-1
102466270	hsa-mir-6741
102466271	hsa-mir-6893
102466515	hsa-mir-1199
102466516	hsa-mir-6071
102466518	hsa-mir-6081
102466519	hsa-mir-6086
102466615	hsa-mir-6127
102466616	hsa-mir-6132
102466656	hsa-mir-6500
102466657	hsa-mir-6505
102466658	hsa-mir-6510
102466659	hsa-mir-6515
102466719	hsa-mir-6716
102466720	hsa-mir-6720
102466721	hsa-mir-892c
102466722	hsa-mir-6730
102466723	hsa-mir-6734
102466724	hsa-mir-6739
102466725	hsa-mir-6744
102466726	hsa-mir-6745
102466727	hsa-mir-6749
102466728	hsa-mir-6754
102466729	hsa-mir-6759
102466730	hsa-mir-6764
102466731	hsa-mir-6769a
102466732	hsa-mir-6774
102466733	hsa-mir-6778
102466734	hsa-mir-6783
102466735	hsa-mir-6788
102466736	hsa-mir-6789
102466737	hsa-mir-6793
102466738	hsa-mir-6798
102466739	hsa-mir-6803
102466740	hsa-mir-6808
102466741	hsa-mir-6813
102466742	hsa-mir-6818
102466743	hsa-mir-6822
102466744	hsa-mir-6827
102466745	hsa-mir-6832
102466746	hsa-mir-6780b
102466747	hsa-mir-6840
102466748	hsa-mir-6845
102466749	hsa-mir-6849
102466750	hsa-mir-6855
102466751	hsa-mir-6859-1
102466752	hsa-mir-6863
102466753	hsa-mir-6868
102466754	hsa-mir-6873
102466755	hsa-mir-6875
102466756	hsa-mir-6879
102466757	hsa-mir-6884
102466758	hsa-mir-6889
102466759	hsa-mir-6894
102466806	hsa-mir-7108
102466812	hsa-mir-6511a-2
102466814	hsa-mir-7151
102466815	hsa-mir-7155
102466816	hsa-mir-7159
102466854	hsa-mir-7705
102466864	hsa-mir-6516
102466865	hsa-mir-7848
102466866	hsa-mir-7853
102466872	hsa-mir-7975
102466873	hsa-mir-8052
102466874	hsa-mir-8057
102466875	hsa-mir-8063
102466876	hsa-mir-8068
102466877	hsa-mir-8072
102466878	hsa-mir-8078
102466879	hsa-mir-8083
102466880	hsa-mir-8088
102466889	hsa-mir-8071-2
102466906	hsa-mir-6124
102466911	hsa-mir-6785
102466912	hsa-mir-6871
102466918	hsa-mir-8059
102466953	hsa-mir-6082
102466967	hsa-mir-6130
102466972	hsa-mir-6508
102466982	hsa-mir-6729
102466983	hsa-mir-6766
102466984	hsa-mir-6801
102466985	hsa-mir-6837
102466986	hsa-mir-6866
102466995	hsa-mir-7156
102467003	hsa-mir-7851
102467004	hsa-mir-8053
102467005	hsa-mir-8084
102467073	HRAT5
102467080	TCONS_00010334
102467146	linc-MAF-4
102467214	RP11-159K7.2
102524628	CTC-459I6.1
102546227	LINC02234
102577424	HI-LNC12
102577424	TCONS_00009551
102578074	LINC01452
102578074	TPCAT-10-36067
102606463	CMPD
102606463	RP11-84E24.3
102606463	TCONS_00025128
102659288	KCCAT333
102659353	BRI3BP-AS1
102659353	Linc1992
102659353	TCONS_00020260
102682016	linc-Brn1b
102723099	GHET-1
102723099	lncRNA-GHET1
102723166	STAM-AS1
102723166	locus3182
102723167	MIR1-2HG
102723314	SLMO2P11
102723332	LINC02340
102723346	AB023048.2
102723346	NCRNA00150
102723356	SCAT3
102723377	C10orf106
102723377	NCRNA00223
102723377	bA327E2.3
102723451	LOC102723451
102723465	ENST00000415582
102723465	SCAT7
102723471	lnc-ACACA-1
102723475	LOC102723475
102723481	LINC02206
102723483	CSE1L-AS1
102723505	LINC02095
102723508	LINC01155
102723508	Spasm
102723547	CSAG3B
102723547	CT24.2
102723547	TRAG3
102723553	LOC102723553
102723582	LOC102723582
102723729	GIAT4RA
102723775	C22orf32-1
102723775	lnc-C22orf32-1
102723824	LOC102723824
102723833	LOC102723833
102723854	AC016735.2
102723854	KPRT4
102723854	LINC02590
102723885	LOC102723885
102723899	LOC102723899
102723932	LOC102723932
102723932	lnc-TALC
102724001	AC104041.1
102724009	LOC102724009
102724023	LOC102724023
102724047	RP11-190D6.2
102724050	LINC01154
102724094	LOC102724094
102724153	AC007182.6
102724167	CXorf46
102724167	OTTHUMG00000021960
102724231	C3orf86
102724231	LINC00694
102724238	Lnc-PPRL
102724279	CLEC4O
102724279	LINC01835
102724297	LOC102724297
102724307	CYP17A1OS
102724307	bA753C18.3
102724312	RRFERV
102724316	RP11-534G20.3
102724321	AC007403.1
102724362	RP11-532F12.5
102724368	CELSR3-AS1
102724416	AL139294.1
102724428	LOC102724428
102724449	AP000253
102724450	LOC102724450
102724473	OTTHUMG00000024136
102724474	SCAR-6
102724484	LOC102724484
102724508	THCAT158
102724515	AC104135.4
102724515	LINC01293
102724515	TCONS_00002938
102724536	C11orf89
102724536	LOC728008
102724548	HHLA3-AS1
102724548	LOC102724548
102724555	LOC102724555
102724560	LOC102724560
102724566	RP11-326A19.4
102724571	GUARDIN
102724571	LINC01759
102724571	TP53LC18
102724594	LOC102724594
102724652	LOC102724652
102724659	LOC102724659
102724668	THC1072510
102724691	LOC102724691
102724708	AC021321.1
102724714	AC079767.4
102724715	lncCRLA
102724740	CCMAlnc
102724742	PRAMEF28
102724774	TCONS_l2_00015893
102724810	LINC02062
102724820	LANCLOT
102724845	C14orf165
102724845	CNSLT1I7G
102724880	AC02278.4
102724880	RP11-10A14.5
102724895	lnc18q22.2
102724908	AC079466.1
102724919	LOC102724919
102724927	LINC02861
102724927	LOC102724927
102724927	RP11-462G12.2
102724927	TRIDENT
102724940	LINC02187
102724954	LINC01032
102725045	C14orf22
102725045	LINC02588
102725045	NOVA1-AS1
102725068	TCONS_00012692
102725509	FLJ41590
102725509	LINC00449
102725509	TCONS_00021520
102725541	Fabl
102725541	LINC01156
102800311	Trp53cor1
102800311	linc-p21
102800311	lincRNA-p21
102800314	MIR7515HG
102800316	TCONS_00000112
102800446	LINC01230
102800446	TCONS_00015639
102800446	linc-DMRT2
102800446	lnc-DRMT2
103021164	CARLo-2
103021164	LINC01244
103021165	CARLo-6
103021165	LINC01245
103091864	SCARNA17HG
103164619	PCA2
103164619	TCONS_00015167
103344926	LINCR-0002
103344926	RP11-197K6.1
103344928	RP11-46A10.4
103344929	BGL3
103344929	LINC01083
103344929	lncRNA-BGL3
103344932	FAM233C
103352540	IGKV1/OR9-1
103352670	PRLH1
103352670	TCONS_00014497
103456509	tRNA-Asn-GTT-18-1
103482523	tRNA-Und-NNN-2-1
103482524	tRNA-Und-NNN-5-1
103482527	tRNA-Und-NNN-3-1
103482529	tRNA-Und-NNN-1-1
103482530	tRNA-Und-NNN-4-1
103504735	MI0029321
103504736	MIR8069-2
103539958	tRNA-Gly-CCC-8-1
103581030	tRNA-Asn-ATT-1-2
103581031	LINC01464
103611155	AGU1
103611157	FLJ11812
103625681	LLPH-AS1
103625684	RNU6B
103625684	U6-2
103689844	TCONS_00014671
103689846	RP11-346A9.1
103689913	LINC00401
103689915	LINC01308
103689917	TCONS_00009713
103695363	FOXG1-AS
103695365	RP11-215N21.1
103695365	TCONS_00018040
103695366	TCONS_00001552
103695433	RUS
103695436	HNSCAT1
103695436	PARLncRNA-1
103695436	lncRNA-RP6-65G23.1
103724386	TCONS_00021861
103724390	TCONS_l2_00027522
103752554	MYCNUN
103752554	lncUSMycN
103752584	CCND2-AS2
103752586	megamind
103752587	ODRUL
103752588	PACER
103752588	PTGS2-AS1
103752589	RP11-893F2.9
103752589	TCONS_00025237
103752589	lncRNA-508851
104169670	TMEM5-AS1
104266960	TCONS_00017091
104266961	TCONS_00000366
104266962	lincRNA-DYNLRB2-2
104266963	RP11-124O11.2
104310350	TCONS_00005644
104310351	LINC01332
104310351	LINC01335
104326051	LINC02990
104326051	RP11-909N17.2
104326051	RP11-909N17.3
104326051	TCONS_00014882
104326052	lncCMPK2
104326052	lncRNA-CMPK2
104326053	TCONS_00021586
104326054	TCONS_00021596
104326057	AC096655.1-002
104326057	LINC00876
104326058	ENST00000513542
104326190	TCONS_l2_00007459
104326193	DLX2-AS1
104326193	TCONS_00003049
104355133	linc-TP53I13
104355133	lnc-TP53I13
104355217	ERIC
104355217	LINC01130
104355217	TCONS_00014875
104355219	locus4010
104355285	TCONS_l2_00021715
104355286	RP11-157N3.1
104355289	LINC01323
104355290	MIR216AHG
104355290	MIR216BHG
104355292	lnc-MAN1A2-1
104355293	RP11-527N12.1
104413891	C6orf26-AS1
104457406	LINC02595
104457406	Lnc-Ang362
104472715	NCRNA00214
104472715	UBE3A-AS
104472715	UBE3A-AS1
104472715	UBE3A-ATS
104472848	IGF1R-AS
104472848	IGF1R-AS1
104502417	TapSAKI
104548971	SAL-RNA1
104548971	XLOC_023166
104548972	SAL-RNA3
104548972	XLOC_025918
104548973	SAL-RNA2
104548973	XLOC_025931
104564225	Myheart
104644205	DUNQU1
104797536	TCONS_00017087
104797537	LINC01458
104797537	lncRNA-AC130710
104797538	RP11-385J1.2
104798195	GS1-594A7.3
104940698	DALI
104968399	LOC104968399
105180390	SPDYE13P
105180391	SPDYE15P
105221694	lncBST2
105369464	AP002989.1
105369536	51A
105369549	AP001007.1
105369564	RP11-702B10.1
105369593	AC026369.3
105369611	AC007207.2
105369635	U47924.27
105369734	AC079630.2
105369739	LINC02451
105369758	CAT1507
105369760	RP11-386G11.10
105369779	CEAM
105369828	SNX20AR
105369848	LINC02407
105369848	RP11-54A9.1
105369848	lncRNA-OG
105369865	R12A-AS1
105369893	lncRNA-ECVSR
105369954	KCCAT198
105370035	AC079360.1
105370070	CRAT8
105370183	TCONS_00021641
105370268	lncRNA-ACOD1
105370308	TCONS_00021682
105370357	AL161431.1
105370357	LINC03061
105370357	RP11-54H7.4
105370364	GC14
105370413	AL136018.1
105370431	CAT1647
105370431	lincPRKD
105370479	TRMP
105370578	linc-KIAA1737-2
105370612	AL133279.1
105370629	LOC105370629
105370672	lincRTL
105370683	C14orf74
105370731	LINC01084
105370737	TCONS_00023273
105370822	RP11-209E8
105370833	AC010999.2
105371018	RP11-20G13.3
105371049	LUCRC
105371071	ENST00000566208
105371130	MFSD13B
105371142	LINC2194
105371184	LA16c-313D11.9
105371184	LINC02867
105371184	LOC105371184
105371264	AC026462.3
105371267	PR-lncRNA-1
105371363	AS-HSD17beta2
105371363	RP11-510J16.5
105371368	RP11-543N12.1
105371374	RP11-517C16.2
105371374	RP11-517C16.2-001
105371453	RP11-284F21.9
105371471	AL591806.1
105371620	LINC02776
105371743	LINC02001
105371743	RP11-1094M14.11
105371795	HSAL3
105371795	RP13-890H12.2
105371807	BTR
105371831	C17orf112
105371831	LINC02876
105371849	AC025048.4
105371967	RP11-874J12.4
105372127	MIR4529HG
105372267	LINC01862
105372272	AC011511.2
105372272	LASI
105372273	AC011472.4
105372274	HSPC102
105372290	LINC01764
105372315	envT
105372352	LOC105372352
105372481	HERV-K(HML6-1)
105372556	NCRNA00237
105372578	AL035661.1
105372587	LINC01598
105372587	TCONS_00028363
105372629	RP5-881L22.5
105372751	lnc-JAM2-6
105372799	KCNJ6-IT1
105372808	PRCAT38
105372978	lncRNA4114
105373004	LL22NC03-104C7.1
105373105	AL683807.1
105373113	lncPARP1
105373148	lnc-ACOT9-1
105373202	ASMER-2
105373202	CATG00000111229.1
105373212	LINC03081
105373354	AC092159.2
105373377	PNMA6BL
105373384	HDRACA
105373450	ZPX1P
105373615	AC079776.2
105373767	PCAT-2-180961
105373767	PRCAT122
105373767	TPCAT-2-180961
105373813	LOC105373813
105373869	LCAL4
105373869	TCONS_00003105
105373984	ROSALIND
105374003	CTD-2021J15.2
105374155	CLRN1-AS1
105374166	AC078788.1
105374251	EIF2B5-IT1
105374254	lnc-MAP3K13-3:1
105374258	RP11-573D15.8
105374261	RP11-567G11.1
105374363	AC074117.1
105374363	AC074117.10
105374527	AC092834.1
105374627	CTD-2008N3.1
105374694	HIKER
105374758	AC016747.2
105374758	C2orf74-DT
105374771	LOC105374771
105374880	FOXF2-DT
105374880	LINC01394
105374880	TCONS_00012639
105375013	AB023051.1
105375013	NCRNA00149
105375014	XXbac-BPG27H4.8
105375095	AL033397.2
105375120	AC091729.7
105375132	AC073316.3
105375261	AC004854.4
105375261	LINC01952
105375273	LOC105375273
105375355	FLJ32198
105375355	MGC10902
105375355	UPIIIb
105375368	TCONS_00012883
105375380	PLADE
105375392	RP11-115N4.1
105375430	RP11-126L15.4
105375475	LVCAT5
105375475	lnc-TSPAN12
105375519	RP11-38M8.1
105375606	ENST00000429228
105375616	TCONS_00013107
105375624	AC103760.1
105375660	lnc-POP1-1
105375666	OLC8
105375674	Lnc524369
105375706	RP11-1101K5.1
105375744	lnc030
105375795	LY6A
105375819	TCONS_00068220
105375847	CTA
105375904	AC115837.2
105375914	hNAIL
105376036	RP11-397D12.4
105376072	LOC105376072
105376162	ENST00000448857
105376220	RP11-4O1.2
105376310	ENST00000417135
105376382	LINC02657
105376557	LINC02738
105376570	TCONS_00019584
105376570	lnc-SOX6-1
105376609	RP5-1024C24.1
105376671	LOC105376671
105376714	RP11-519G16.3
105376714	hLinfRNA4
105376762	ENST00000447908
105376834	LOC105376834
105376906	HERV-K(C19)
105376906	P1.8
105376906	envK3
105377108	lnc-KCTD6-3
105377137	lncSIK1
105377156	TCONS_00006091
105377256	lncMER52A
105377283	RP11-44F21.5
105377307	TCONS_00008138
105377466	RP11-142A22.4
105377486	FAM160A1-DT
105377486	RP11-610P16.1
105377540	ENST00000608794
105377540	MIRE
105377586	LVCAT8
105377617	TCONS_00007705
105377621	RP11-499E18.1
105377633	AC016727.1
105377663	AC110611.2
105377667	Chaer
105377769	CTC-338M12.5
105377880	RP1-90L14.1
105377880	TCONS_l2_00025430
105377959	POIR
105377959	lncRNA-POIR
105378020	LINC02528
105378215	CTB-99A3.1
105378217	CTC-255N20
105378270	TCONS_00018174
105378270	XLOC_008466
105378309	OIN1
105378568	AL451069.3
105378616	LINC01715
105378663	LENGA
105378683	C1orf50-AS1
105378688	AL357079.1
105378701	ncRNA-a3
105378716	RP11-296A18.3
105378732	LINC01771
105378744	CRLM1
105379037	Lncenc1
105379037	TCONS_00010378
105379037	linc-Enc1
105379202	HsT16028
105379202	KIAA0125P1
105379219	lncRNA-HEIM
105379269	FAM197Y7P
105379385	RP11-359E19.2
105379407	AP000439.2
105379407	AP000439.3
105379407	CUPID2
105379427	Cos12
105379427	ZNF186
105379427	ZNF73
105379427	hZNF2
105616916	MDONA
105616916	TCONS_00009433
105616981	LOC105616981
105664404	TCONS_00009511-XLOC_004555
105664404	lncTCF7
105682749	CCHE1
105748977	LINC01693
105748977	RP11-354K1.1
105755954	LACAT8
105827617	CRAT40
106099130	lncRNA-AS-GSTT1(1-72)
106099130	lncRNA-BC050410
106099130	lncRNA-CD244
106144524	TCONS_00028914
106144527	TCONS_00007593
106144529	RP11-394O4.4
106144533	TCONS_00021581
106144534	GLTSCR1-AS1
106144537	TCONS_00004057
106144538	LINC01260
106144538	RP11-445H22.4
106144539	TCONS_00009423
106144540	TCONS_00005878
106144542	TCONS_00009424
106144568	DADOT
106144568	TCONS_00002860
106144593	GLTSCR2-AS1
106144599	TCONS_00007515
106144601	TCONS_00021570
106146148	LA16c-83F12.6
106146149	n341773
106456574	n341006
106478909	MTND4L2
106478910	HBXIPL
106478910	HBXIPP1
106478911	Cst
106478911	Ctes4
106478912	RNU6-41
106478913	RNU6-5
106478913	U6-5
106478914	RNU6-4
106478914	U6-4
106478915	RNU6-11
106478916	RNU6-18
106478917	RNU6-22
106478918	RNU6-27
106478919	RNU6-3
106478919	U6-3
106478920	RNU6-37
106478921	RNU6-43
106478922	RNU6-44
106478923	RNU6-49
106478924	DHRSX-IT
106478924	DHRSXIT1
106478938	OOEP-AS
106478939	PHBP5
106478940	PHBP6
106478953	RBM22P9
106478956	MDC1-AS
106478958	CYP4F-se2[6]
106478959	CYP2C-se1[7]
106478983	CYP3A43-de4c6c
106478986	RNU6-54
106478987	RNU6-62
106478988	RNU6-70
106478989	RNU6-73
106478990	RNU6-80
106478992	RN5S50
106478993	RN5S99
106478994	RN5S106
106478995	RN5S130
106478996	RN5S140
106478997	RN5S172
106478998	RN5S174
106478999	RN5S206
106479000	RN5S226
106479001	RN5S243
106479002	RN5S263
106479003	RN5S297
106479004	RN5S302
106479005	RN5S315
106479006	RN5S317
106479007	RN5S335
106479008	RN5S342
106479009	RN5S355
106479010	RN5S376
106479011	RN5S377
106479012	RN5S403
106479013	RN5S435
106479014	RN5S439
106479015	RN5S448
106479016	RN5S458
106479017	RN5S473
106479018	RN5S521
106479019	RN5S522
106479020	KIAA0196-AS1
106479023	HIST2H3DP1
106479023	p05
106479032	PQLC1P1
106479041	TUBA8P2
106479049	MKI67IPP7
106479312	RN7SL527P
106479322	RN7SL694P
106479692	RNU6-683P
106479808	RNU6-292P
106479907	RNU6-1185P
106480152	RNU1-6
106480167	RNU1-59P
106480177	RNU1-85P
106480177	U1A7
106480178	RNU1-87P
106480178	U1A5
106480190	RNU1-122P
106480250	TCEB1P35
106480274	IGKV1/OR9-2
106480278	FAM195DP
106480297	RP1-65P5.1
106480318	AC026166.2-001
106480328	TRIM47LP
106480340	SEPT14P1
106480341	SEPT14P8
106480343	SEPT14P12
106480344	SEPT14P17
106480345	SEPT14P24
106480357	RN5S59
106480358	RN5S311
106480358	RN5S314
106480358	RNA5SP314
106480416	PRR20F
106480420	PHBP17
106480423	RNU6-13
106480435	RNU6-61
106480436	RN5S70
106480437	RN5S149
106480438	RN5S199
106480439	RN5S312
106480439	RN5S313
106480439	RNA5SP313
106480594	RNU6-825P
106480622	RNU6-1173P
106480683	AARSP1
106480687	C8orf59P2
106480692	RN7SKP138
106480703	RNU6-40
106480704	RNU6-25
106480705	RNU6-17
106480706	RNU6-20
106480707	RNU6-24
106480708	RNU6-32
106480709	RNU6-38
106480710	RNU6-47
106480712	FABP5L13
106480733	CYP4F-se12[6:8]
106480734	CYP2C-se2[1:2]
106480748	CYP2C8-de6b
106480749	CYP3A-se1[2]
106480750	RNU6-60
106480751	RNU6-65
106480752	RNU6-74
106480754	RN5S57
106480754	RN5S58
106480754	RNA5SP58
106480755	RN5S100
106480756	RN5S134
106480757	RN5S161
106480758	RN5S175
106480759	RN5S221
106480760	RN5S253
106480761	RN5S298
106480762	RN5S310
106480762	RN5S316
106480762	RNA5SP316
106480763	RN5S333
106480764	RN5S351
106480765	RN5S370
106480766	RN5S389
106480767	RN5S429
106480768	RN5S442
106480769	RN5S468
106480770	RN5S498
106480771	RN5S520
106480772	RN5S523
106480777	FAM96AP1
106480788	CTES7D
106480805	MKI67IPP9
106480818	RNU7-135P
106481020	RN7SL579P
106481051	RN7SL257P
106481244	RNU6-1033P
106481537	RNU6-186P
106481589	RNU6-1295P
106481604	RNU1-8
106481620	RNU1-92P
106481624	RNU1-106P
106481624	U1A4
106481627	RNU1-120P
106481630	RNU1-137P
106481667	SLMO2P2
106481670	TCEB1P30
106481671	TCEB1P34
106481689	IGKV1/OR2-2
106481707	CARSP2
106481719	C8orf59P1
106481723	ARTC2BP
106481733	SEPT14P13
106481742	LncRNA-AP001631.9
106481745	RN5S443
106481791	CYP4A-se4[2]
106481792	RNU6-77
106481793	RN5S254
106481794	RN5S350
106481886	RNU6-1221P
106481919	RNU6-1030P
106481952	RNU1-7
106481964	TCEB1P32
106481973	RNU6-12
106614088	lnc34a
106632269	CCDC58P4
106632271	ZL43
106633800	ZL42
106633800	ggn68
106633801	ZL1
106633803	ZL12
106633804	ZL2
106633805	ZL26
106633806	SNORA85
106633806	SNORD174
106633806	ZL68
106633808	SNORA96
106633808	SNORD171
106633808	ZL5
106633809	SNORA97
106633809	ZL6
106736475	ENST00000602322.1
106865375	RN5S334
107063541	CYP2C-se3[1]
107063543	CYP3A43-de1b
107075107	SEPT14P21
107080554	TCONS_00015805
107080641	CYP4A-se1[12]
107105261	RNU1-5
107105263	SEPT14P2
107105265	SEPT14P3
107105266	SEPT14P4
107105271	SEPT14P19
107105276	SEPT14P5
107105278	C6orf88
107105278	LINC00266-3
107105278	NCRNA00266-3
107105278	NCRNA00266C
107105278	SEPT14P6
107105278	dJ24O22.2
107105280	SEPT14P7
107105352	SEPT14P10
107105353	SEPT14P11
107105354	SEPT14P14
107126282	SEPT14P15
107126283	SEPT14P16
107126284	SEPT14P18
107126285	C20orf69
107126285	LINC00266-1
107126285	NCRNA00266
107126285	NCRNA00266-1
107126285	RBRP
107126285	SEPT14P20
107126285	bA476I15.3
107126286	SEPT14P22
107126290	LINC00266-4P
107126290	NCRNA00266-4P
107126290	NCRNA00266D
107126290	NCRNA00266Y2
107126290	SEPT14P23
107126294	CYP4F-se15[6:7:8]
107131122	RNU6-29
107133487	MTND4P38
107133494	CYP4F-se3[6:7:8]
107133497	CYP4F-se5[6:8]
107133499	CYP4F-se6[6]
107133508	RN5S387
107133522	DHX40P
107133523	TCEB1P27
107133524	ADPRTL4
107161145	PMS2L11
107161145	PMSR6
107161157	Yam-1
107178918	TCONS_00003364
107399303	ZL4
107403068	CYP4F-se10[6:7:8]
107403081	FAM183EP
107436076	CYP2C62P
107457588	CYP4F-se16[6:7:8]
107548099	IGHV(II)-30-21
107983955	ELOA3C
107983987	LOC107983987
107984158	AL158212.1
107984396	CCDC84-DT
107984455	AC131009.1
107984504	RP11-396F22.1
107984584	Linc1749808
107984773	ENST00000434223
107984875	AC002310.12
107984884	ENST00000569037
107984921	ENSG00000226029
107984958	ESSENCE
107984992	AC005884.1
107985080	AC022816.1
107985115	XLOC_000647
107985140	WDR7-UA1
107985140	WDR7-UT1
107985246	AC096677.1
107985257	TCONS_00001798
107985307	ERLR
107985307	LINC01655
107985307	LINC02257
107985307	RP11-400N13.3
107985307	TBUR1
107985332	FLJ45949
107985353	RP11-275I14.4
107985578	CTA-833B7.2
107985748	TRNAG34P
107985748	tRNA-Gly-CCC-6-1
107985749	TRNAV22
107985749	tRNA-Val-CAC-5-1
107985750	tRNA-Asn-GTT-27-1
107985751	TRNAN25
107985751	tRNA-Asn-GTT-9-1
107985752	tRNA-Asn-GTT-25-1
107985754	TRNAN35
107985754	TRNAN35P
107985754	tRNA-Asn-GTT-10-1
107985755	TRNAQ29
107985755	tRNA-Gln-CTG-3-1
107985756	tRNA-Asn-GTT-24-1
107985757	TRNAN37
107985757	tRNA-Asn-GTT-5-1
107985758	TRNAE44
107985758	tRNA-Glu-TTC-4-1
107985759	TRNAG36
107985759	TRNAV35P
107985759	tRNA-Gly-CCC-4-1
107985760	TRNAL48
107985760	TRNAQ49P
107985760	tRNA-Lys-CTT-7-1
107985761	TRNAC33
107985761	tRNA-Cys-GCA-7-1
107985762	TRNAN5
107985762	tRNA-Asn-GTT-7-1
107985763	TRNAN13
107985763	tRNA-Asn-GTT-11-1
107985770	ANXA4-AS
107985770	MANTIS
107985770	n342419
107985781	FSIP2-AS2
107985818	lnc-MKI67IP-3
107985879	RP11-89-K21.1
107986119	GPNCA
107986209	p20
107986233	EMCN-IT1
107986251	AC141928.1
107986389	LINC02163
107986389	RP11-138J23.1
107986407	MARCH11-AS1
107986412	AC008957.1
107986412	CTD-2353F22.1
107986443	linc-ADAL
107986521	MFSD4B-DT
107986655	PILA
107986680	tRNA-Met-CAT-5-2
107986682	TRNAM20
107986682	tRNA-Met-CAT-4-3
107986683	TRNAI25
107986683	tRNA-Ile-AAT-7-2
107986700	AC007255.8
107986809	CTB-51J22.1
107986838	AC002066.1
107986898	KB-1980E6.3
107986962	BX357664
107986980	RP1130-1
107987001	FAM27E4P
107987106	LeXis
107987295	ASMER-1
107987295	ENST00000418954
107987295	LINC02246
107987337	ZFY-AS
107987337	ZFYAS
107987367	tRNA-Asn-GTT-26-1
107987402	TRNAL49
107987402	tRNA-Leu-CAA-1-1
108489980	MGC57346
108570035	LINC00707
108570035	PARROT
108783646	DINO
108868751	DIGIT
109245082	lncRNA-PRAL
109616983	RNU3P2
109616983	SNORD3P2
109616983	U3.2
109617022	SNORA15C
109623460	MIR3607
109623460	hsa-mir-3607
109729128	EU358092
109729130	RP11-523H24.3
109729131	RP11-766N7.4
109729132	RP11-6C14.1
109729133	RP11-332J15.1
109729135	RP11-101C11.1
109729136	AC009892.10
109729137	CTC-467M3.1
109729138	L19.1
109729138	RP11-21
109729140	ENST00000462717
109729140	lnc00462717
109729141	RP11-98D18.9
109729146	RP11-734K2.4
109729147	RP11-354A14.1
109729160	LncZFHX2
109729161	lncRNA-SRLR
109729162	TCONS_00019174
109729166	RP4-788P17.1
109729169	GS1-600G8.5
109729169	MALR
109729172	RP1-68D18.4
109729172	hLinfRNA5
109729173	HIPSTR
109729174	RP11-108K3.1
109729177	ENST00000560178
109729178	ENST00000520055
109729179	ENST00000553732
109729180	AC005682.5
109729181	ENST00000558334
109729184	RP11-465L10.10
109731405	DKFZp761H1120
109731405	PDXDC2
109864281	RNA5-8N2
110006328	HERV-K109
110006328	envK4
110091775	C21orf77
110091775	FLJ10932
110091775	LINC00846
110231149	RP11-380D23.2
110255168	RN28S1
110255169	RN18S1
110255170	RN5-8S1
110599563	G6F-LY6G6D
110599563	MEGT-1
110599590	C5T1lncRNA
110806271	RP11-442H21.2
110806272	ASBEL
110806273	RP1-90G24.10
110806274	RP11-1149O23.2
110806276	RP11-400N13.2
110806276	lncSLCC1
110806283	Lnc-LIF-AS
110806283	RP1-102K2.6
110806285	RP11-445P17.8
110806286	ENST00000427806
110806289	RP11-456D7.1
110806294	RP11-248E9.5
110806301	CTD-2619J13.13
110806303	RP11-169K16.4
110841581	lncCAMTA1
110841583	lnc-LAMC2-1:1
111064646	TPM1-AS1
111064647	CSNKA2IP
111082987	BGas
111082990	RP11-327J17.1
111082991	ENST00000582249.1
111082992	RP1-90J4.1
111082993	TCONS_00011283
111082994	CTD-2316B1
111082994	LINC02488
111188137	TCONS_00025543
111216274	RP11-137J7.2
111216275	RP11-62I21.1
111216276	IFITMD9
111216279	AP003419.16
111216280	AC002384.1
111216280	CLAN
111216280	SLINKY
111216282	HEAL
111216282	RP11-288L9.1
111216283	RP3-337H4.8
111216284	RP11-62F24.2
111216286	AP001065.15
111216287	RP11-127L21.1
112163659	C12orf81
112163659	hCG1648055
112163673	SCGB1B3
112163673	SCGB4A4
112267873	LINC02815
112267960	CATG00000088862.1
112267983	AC072061.1
112268170	AC009133.12
112268240	AL589986.2
112268240	FLG-AS1
112268240	LINC02962
112268240	lnc-CCDST
112268487	KRTAP12-6P
112268487	KRTAP12p1
112296190	KRTAP4p3
112390310	SYNGAP1-AS
112416061	Abpbg1p
112441427	RP1-56L9.7-001
112441427	TCONS_00011605
112441427	lnc-SOD2-1
112441428	KRTAP28-1
112441429	KRTAP28-3
112441430	KRTAP28-4
112441431	KRTAP28-6
112441432	KRTAP28-8
112441433	lnc-pri-miR-122
112441434	AC008560.1
112441434	CTC-534A2.2
112441434	FLJ26957
112441434	RINN1
112441435	KRTAP28-2
112441436	KRTAP28-10
112441436	KRTAP28p2
112441437	KRTAP28-5
112441438	KRTAP28-7
112441443	Abpa1p
112499600	CYP2C-se4[1]
112543478	lncMAPK6
112543493	lncRNA-PRLB
112552146	CYP4F-se13[6:8]
112577460	AC007271.3
112577464	CTD-2547G23.4
112588022	277P12.9
112637020	821D11.7
112637020	RP5
112840933	RP11-944L7.4
112840933	ZNF197-AS1
112840934	RP4-663N10.1
112935892	AC083837.1
112935892	IL-7-AS
112935892	RP11-79H23.3
112935960	AC078778.1
112935960	CBX5-AS1
112935969	EYS-AS1
113218477	LINC00843
113218480	hsa-mir-12114
113218481	hsa-mir-9718
113218482	hsa-mir-9898
113218483	hsa-mir-9900
113218484	hsa-mir-9902-1
113218485	hsa-mir-9986
113218486	hsa-mir-10392
113218487	hsa-mir-10394
113218488	hsa-mir-10396b
113218489	hsa-mir-10398
113218490	hsa-mir-10522
113218491	hsa-mir-10524
113218492	hsa-mir-10526
113218493	hsa-mir-11181
113218494	hsa-mir-9851
113218495	hsa-mir-9899
113218496	hsa-mir-9901
113218497	hsa-mir-9903
113218498	hsa-mir-9985
113218499	hsa-mir-10226
113218500	hsa-mir-10393
113218501	hsa-mir-10396a
113218502	hsa-mir-10397
113218503	hsa-mir-10399
113218504	hsa-mir-10525
113218505	hsa-mir-10527
113218506	hsa-mir-11399
113218507	hsa-mir-12113
113218508	hsa-mir-9983
113218509	hsa-mir-11401
113218510	hsa-mir-10523
113218511	hsa-mir-9902-2
113218512	hsa-mir-10400
113219450	hsa-mir-12115
113219451	hsa-mir-12116
113219452	hsa-mir-12117
113219453	hsa-mir-12119
113219454	hsa-mir-12121
113219455	hsa-mir-12122
113219456	hsa-mir-12123
113219457	hsa-mir-12124
113219458	hsa-mir-12125
113219459	hsa-mir-12126
113219460	hsa-mir-12129
113219461	hsa-mir-12131
113219462	hsa-mir-12135
113219463	hsa-mir-12128
113219464	hsa-mir-12130
113219465	hsa-mir-12132
113219466	hsa-mir-12133
113219467	hsa-mir-12136
113219468	hsa-mir-12120
113219469	hsa-mir-12118
113219470	hsa-mir-12127
113391337	LncRNA-BX111
113523635	AC026904.1
113523640	RP13-650J16.1
113523641	ENST00000503710
113523642	ENST00000539009
113839518	hsa-mir-1843
113839519	hsa-mir-3059
113839520	hsa-mir-3085
113839521	hsa-mir-548bc
113839522	hsa-mir-6529
113839523	hsa-mir-11400
114483833	H2BE1
114483834	ABCF2-H2BE1
114515514	ENST00000439577
114515514	LCPAT1
114515519	TCONS_00017811
114515520	AC092620.3
114841037	GUCA1ANB
115072896	LST-3TM12
115072896	OATP1B3-1B7
115253418	RP11-731F5.2
115271120	BM450697
115409980	NR4A1-AS1
115409980	RP11-1100L3.8
115409980	lncMMPA
115409987	AC073284.4
115482681	p03
115482682	p04
115482683	p60
115482684	p15
115482685	p19
115482686	H2A.L.3
115482686	H2AL1RP
115482687	H2AL1SP
115482689	1700024P04Rik
115482689	H2BP4
115482689	SubH2Bv
115482693	p14
115482694	p23
115482696	p27
115482697	p28
115482698	p59
115482699	p40
115482700	p42
115482704	p52
115482705	p56
115482706	p57
115482707	p49
115482709	p24
115482711	p02
115482712	p12
115482713	p16
115482714	H2A.L.1
115482714	H2AL1QP
115482719	p26
115482721	p41
115482723	p50
115830329	AP003469.4
115891964	linc-223
116435281	Lnc-EGFR
116435295	RP1-93H18.6
116485202	tRNA-Ala-AGC-14-2
116485204	tRNA-Ala-AGC-24-1
116652394	TRNAN15
116652394	tRNA-Asn-GTT-3-2
116804915	YYLNCT
117134595	KRTAP28-9
117134595	KRTAP28p1
117134599	RP11-697M17.1
117134600	RP5-1092A11.2
117134602	RP11-334E6.12
117134610	PSMA7P
118097967	TCEB1P26
118568799	ZNF593-AS
118568812	AC073352.1
118568820	TCONS_00009823
118597829	TBULC
118597832	TCONS_00010375
118597841	TCONS_00019777
118732302	AL117336.3
118732302	LINC02634
119139898	RP11-773H22.4
119139903	FASRL
119139904	LINC01974
120766137	U2HR
120766146	UHRF1BP1L-DT
120766148	LINC02302
120766149	RP11-290L1.3
120883619	lncRNA-Glu
121009648	loc105377478
121232370	SLC7A11AR
121232372	I2ALR
121232375	AC006160.1
121232375	LAP3-AS1
121232377	LINC02056
121233924	RP11-297P16.3
121676927	KB-1471A8.2
121847983	LINC01494
121853074	AC079135.1
122149302	RP3-439F8.1
122152328	AC007383.2
122152328	INO80D-AS2
122152366	AL133346.1
122319436	AC010980.1
122455336	AL606489.1
122526776	lnc-RP11-211G3.3.1-1
122526779	SAGSIN1
122526782	RP11-295G20.2
122526782	TSNAX-DT
122539212	lnc-KHDC3L-2
122965328	AC007998.3
122965328	ZNFTR
122965334	AC012213.3
123464517	AC017074.1
123464519	AC004704.1
123497957	CTC-523E23.5
123497957	lnc-ZNF30-3
123706506	AC011511.5
123706506	ICR
123706506	LncRNA-ECM
123706509	UPLA1
123706510	LNC-Sox5
123706519	AP003352.1
123706519	KB-1208A12.3
123706525	AC092490.1
123706526	CTD-2619J13.14
123706529	RP11-667K14.3
123706537	AL391832.1
123706538	RP1-59D14.5
123706539	RP11-703I16.1
123706542	lncRNA-p3134
123706544	RP11-585P4.5
123706546	AP005671.1
123706547	RP5-821D11.7
123706548	RP3-475N16.1
123706549	PILRLS
123706550	AL136366.1
123706551	AC010904.2
124900778	lincRNA-JADE1
124900964	AC010457.1
124901301	TINA
124902012	AC016405.3
124902069	HIDEN
124902119	AL162413.1
124902415	TCONS_00018175
124902447	RP11-472G21.2
124902762	lnc-RHL
124902781	AP000842.3
124903027	AC125603.2
124903067	A2MP1
124903517	AC100826.1
124903517	OLBC15
124903525	lnc-CYP11A1-1
124903562	AC015660.1
124903624	RP11-616M22.7
124903732	FEDORA
124903732	RP11-298D21.1
124904470	TCONS_00001221
124904714	AC011443.1
124904961	HI-LNC15
124905036	KB-68A7.1
124905036	LINC03038
124905117	lnc408
124905179	AC092198.1
124905956	RP11-19E11.1
124906046	AC103563.8
124909423	DAGAR
125177370	lnc-MICAL2-1
125177373	TP53LC01
125177374	AF178030.2
125177375	TP53LC17
125177376	AC093797.1
125177376	RP11-301L8.2
125177377	CTC-482H14.5
125177378	AC068228.1
125177379	TP53LC11
125316803	ORF-Y
125775237	AC099850.3
125775237	AC099850.4
125775237	CTD-2510F5.4
125775237	lnc-SKA2-1
125775239	lncHR1
125775240	AC010789.1
125775241	lncCDCA3L
125775243	CTD-2288O8.1
126568844	AL590666.2
126568844	ENST869
126568848	AC007389.3
127138859	RP5-1148A21.3
127138859	lncRP5
127138861	AL139385.1
127138862	AC004812.2
127138864	AL512330.1
127138865	AC009237.14
127138865	lncRNA799
127138867	Lnc-LSAMP-1
127138868	AC090559.1
127138868	LOUP
127379715	RP11-357H14.17
127379715	lnc-HOXB8-1:2
127379717	RP11-108M12.3
127379718	AC006369.1
127379718	LINC03063
127379722	AC008750.1
127379741	C1orf100P1
127379750	AC004784.1
127379750	CTC-490G23.6
127379751	AL139041.1
127379753	AC007613.1
127379758	AL133371.2
127379758	RP11-219E7.1
128071535	RP11-59J16.2
128071536	AC026412.3
128071538	AC090114.2
128071541	AC092171.5
128071542	RP11-485F13.1
128193285	AC005253.1
128193286	AC005392.2
128193286	CTC-490G23.2
128193287	AL157392.2
128193289	AC036108.3
128193290	AC093001.1
128193291	AC048382.5
128193292	AP000695.2
128193292	AP000695.4
128193292	CLDN14-AS1
128193292	PTAR
128193292	lnc-CHAF1B-2
128193292	lnc-CHAF1B-3
128193292	lnc-TSI
128193292	lnc-UTGF
128193294	AL139351.1
128193295	AL133465.1
128266836	lnc-ATMIN-4:2
128266837	RP11-162G10.5
128266838	AL353759.1
128266840	Charme
128266840	HSCHARME
128266840	lncFAM
128266840	lncFAM71E1-2:2
128266841	AC073534.2
128266842	AC012568.1
128266843	AC007032.1
128266844	AL929472.2
128385368	TCONS_00015940
128385371	RP11-20J15.2
128385372	AC079035.1
128385375	HYOU1-AS
128385376	RP1-5O6.5
128385377	AC090625.2
128667224	AL121832.2
128667228	RP11-279C4.1
128667229	AC010331.1
128854680	MDSP
128966703	lnc-AP1S2-2
129810493	VEAL2
129810494	RP11-569A11.1
129810497	AC018445.6
129810500	PCLN16
129810502	AP
129810502	AP002387.2
129810502	RP11-660L16.2
130406855	TRIBAL
130453475	SMN-AS1
130512932	AL391832.3
130572099	AC090771.2
130890644	AP001610.5
130890644	hLinfRNA3
130890645	hLinfRNA2
131423127	USFM
131554431	RASA4CP-POLR2J4-UPK3BL3P-RASA4EP
131840633	AL137789.1
131840634	GLTC
131840634	lnc-UNC93B1-1
132069525	RP11-498C9.13
132192373	RP11-296E3.2
132322117	RP11-616M22.2
132503825	AC012360.1
132532400	ARBAG
132565735	RP11-638I2.4
132565736	Lnc-PAL2G4A-4
133395150	ARGI
133834869	MP31
133834869	PTENURF
137233469	RP11-701H16.4
137233470	Nrgn-AS
137233470	RP11-677M14.2
137233472	AC024896.1
137805480	AC007405.2
137805482	AC025254.1
137805483	AC090912.1
137805484	AC022424.2
137805485	AL354989.1
137805486	AC027288.3
137805487	RP11-818O24.3
137805488	AC069294.1
137805490	AF131217.1
137805493	AC103746.1
137933868	NQO1-AS
138842257	AC107464.2
138842259	meloe
138842260	RP4-694A7.2
138842261	AC023157.3
138842265	lnc-SPARCL1-1
138842267	AC104958.2
139198556	AC009975.1
139198560	AL136084.3
139198561	U73166
139281667	lnc-BCAT1
139355225	MFSD14A-AS1
139432801	AP002754.2
139432810	RP11-626G11.3
139440214	lnc-OB1
141445969	CRART16
141445970	AC145207.5
141566929	RP11-424G14.1
141725165	RP11-34D15.2
142592836	CASTL1
142876910	RP11-627G18.1
143222015	FERRIN
143222016	AP003392.1
143314370	RP11-109D20.2
