-72	GYS1_PS641
-71	RET_PY905
-70	PRKCA_PS664
-69	WWTR1_PS89
-68	EGFR_PY992
-67	PTPN11_PY542
-66	CHEK1_PS296
-65	BRAF_PS445
-64	CDK1_PY15
-63	PRKCB_PS660
-62	MAPK8_PT183_Y185
-61	ERBB3_PY1298
-60	EIF4EBP1_PT37
-59	RPS6KA1_PT359_S363
-58	RPS6KB1_PT389
-57	MAPK14_PT180_Y182
-56	CDKN1B_PT198
-55	CDKN1B_PT157
-54	MTOR_PS2448
-53	MET_PY1235
-52	JUN_PS73
-51	YBX1_PS102
-50	YAP1_PS127
-49	TSC2_PT1462
-48	SRC_PY527
-47	SRC_PY416
-46	SHC1_PY317
-45	STAT3_PY705
-44	RPS6_PS240_S244
-43	RPS6_PS235_S236
-42	RICTOR_PT1135
-41	RB1_PS807_S811
-40	AKT1S1_PT246
-39	PRRT2_PS660
-38	PRKCD_PS664
-37	PRKCA_PS657
-36	PEA15_PS116
-35	PDK1_PS241
-34	NFKB1_PS536
-33	NDRG1_PT346
-32	MYH9_PS1943
-31	MAP2K1_PS217_S221
-30	MAPK3_PT202_Y204
-29	MAPK1_PT202_Y204
-28	MAPK8_PT183
-27	ERBB3_PY1289
-26	ERBB2_PY1248
-25	GSK3B_PS9
-24	GSK3A_PS9
-23	GSK3B_PS21_S9
-22	GSK3A_PS21_S9
-21	FOXO3_PS318_S321
-20	ESR1_PS118
-19	EGFR_PY1173
-18	EGFR_PY1068
-17	CHEK2_PT68
-16	CHEK1_PS345
-15	RAF1_PS338
-14	BAD_PS112
-13	AKT3_PT308
-12	AKT2_PT308
-11	AKT1_PT308
-10	AKT3_PS473
-9	AKT2_PS473
-8	AKT1_PS473
-7	PRKAA1_PT172
-6	ACACB_PS79
-5	ACACA_PS79
-4	ARAF_PS299
-3	EIF4EBP1_PT70
-2	EIF4EBP1_PT37_T46
-1	EIF4EBP1_PS65
1	A1BG
2	A2M
9	NAT1
10	NAT2
11	NATP
12	SERPINA3
13	AADAC
14	AAMP
15	AANAT
16	AARS1
17	AAVS1
18	ABAT
19	ABCA1
20	ABCA2
21	ABCA3
22	ABCB7
23	ABCF1
24	ABCA4
25	ABL1
26	AOC1
27	ABL2
28	ABO
29	ABR
30	ACAA1
31	ACACA
32	ACACB
33	ACADL
34	ACADM
35	ACADS
36	ACADSB
37	ACADVL
38	ACAT1
39	ACAT2
40	ASIC2
41	ASIC1
43	ACHE
47	ACLY
48	ACO1
49	ACR
50	ACO2
51	ACOX1
52	ACP1
53	ACP2
54	ACP5
55	ACP3
56	ACRV1
58	ACTA1
59	ACTA2
60	ACTB
62	ACTBP2
63	ACTBP3
64	ACTBP4
66	ACTBP6
67	ACTBP7
68	ACTBP8
69	ACTBP9
70	ACTC1
71	ACTG1
72	ACTG2
73	ACTG1P1
74	ACTG1P2
75	ACTG1P3
78	ACTG1P6
79	ACTG1P7
80	ACTG1P8
81	ACTN4
82	ACTG1P9
83	ACTG1P10
86	ACTL6A
87	ACTN1
88	ACTN2
89	ACTN3
90	ACVR1
91	ACVR1B
92	ACVR2A
93	ACVR2B
94	ACVRL1
95	ACY1
97	ACYP1
98	ACYP2
100	ADA
101	ADAM8
102	ADAM10
103	ADAR
104	ADARB1
105	ADARB2
106	ADCP1
107	ADCY1
108	ADCY2
109	ADCY3
111	ADCY5
112	ADCY6
113	ADCY7
114	ADCY8
115	ADCY9
116	ADCYAP1
117	ADCYAP1R1
118	ADD1
119	ADD2
120	ADD3
123	PLIN2
124	ADH1A
125	ADH1B
126	ADH1C
127	ADH4
128	ADH5
130	ADH6
131	ADH7
132	ADK
133	ADM
134	ADORA1
135	ADORA2A
136	ADORA2B
137	ADORA2BP1
140	ADORA3
141	ADPRH
142	PARP1
143	PARP4
144	PARP1P1
145	PARP1P2
146	ADRA1D
147	ADRA1B
148	ADRA1A
150	ADRA2A
151	ADRA2B
152	ADRA2C
153	ADRB1
154	ADRB2
155	ADRB3
156	GRK2
157	GRK3
158	ADSL
159	ADSS2
160	AP2A1
161	AP2A2
162	AP1B1
163	AP2B1
164	AP1G1
165	AEBP1
166	TLE5
167	CRISP1
172	AFG3L1P
173	AFM
174	AFP
175	AGA
176	ACAN
177	AGER
178	AGL
181	AGRP
182	JAG1
183	AGT
185	AGTR1
186	AGTR2
187	APLNR
189	AGXT
190	NR0B1
191	AHCY
196	AHR
197	AHSG
199	AIF1
202	CRYBG1
203	AK1
204	AK2
205	AK4
206	AK4P1
207	AKT1
208	AKT2
210	ALAD
211	ALAS1
212	ALAS2
213	ALB
214	ALCAM
215	ABCD1
216	ALDH1A1
217	ALDH2
218	ALDH3A1
219	ALDH1B1
220	ALDH1A3
221	ALDH3B1
222	ALDH3B2
223	ALDH9A1
224	ALDH3A2
225	ABCD2
226	ALDOA
228	ALDOAP2
229	ALDOB
230	ALDOC
231	AKR1B1
236	AKR1B1P2
238	ALK
239	ALOX12
240	ALOX5
241	ALOX5AP
242	ALOX12B
243	ALOX12P1
245	ALOX12P2
246	ALOX15
247	ALOX15B
248	ALPI
249	ALPL
250	ALPP
251	ALPG
257	ALX3
258	AMBN
259	AMBP
262	AMD1
263	AMD1P2
265	AMELX
266	AMELY
267	AMFR
268	AMH
269	AMHR2
270	AMPD1
271	AMPD2
272	AMPD3
273	AMPH
274	BIN1
275	AMT
276	AMY1A
277	AMY1B
278	AMY1C
279	AMY2A
280	AMY2B
281	AMYP1
282	ANCR
283	ANG
284	ANGPT1
285	ANGPT2
286	ANK1
287	ANK2
288	ANK3
290	ANPEP
291	SLC25A4
292	SLC25A5
293	SLC25A6
301	ANXA1
302	ANXA2
303	ANXA2P1
304	ANXA2P2
305	ANXA2P3
306	ANXA3
307	ANXA4
308	ANXA5
309	ANXA6
310	ANXA7
311	ANXA11
312	ANXA13
313	AOAH
314	AOC2
316	AOX1
317	APAF1
318	NUDT2
319	APOF
320	APBA1
321	APBA2
322	APBB1
323	APBB2
324	APC
325	APCS
326	AIRE
327	APEH
328	APEX1
329	BIRC2
330	BIRC3
331	XIAP
332	BIRC5
333	APLP1
334	APLP2
335	APOA1
336	APOA2
337	APOA4
338	APOB
339	APOBEC1
341	APOC1
342	APOC1P1
343	AQP8
344	APOC2
345	APOC3
346	APOC4
347	APOD
348	APOE
350	APOH
351	APP
353	APRT
354	KLK3
355	FAS
356	FASLG
357	SHROOM2
358	AQP1
359	AQP2
360	AQP3
361	AQP4
362	AQP5
363	AQP6
364	AQP7
366	AQP9
367	AR
368	ABCC6
369	ARAF
372	ARCN1
373	TRIM23
374	AREG
375	ARF1
377	ARF3
378	ARF4
379	ARL4D
380	ARF4P1
381	ARF5
382	ARF6
383	ARG1
384	ARG2
387	RHOA
388	RHOB
389	RHOC
390	RND3
391	RHOG
392	ARHGAP1
393	ARHGAP4
394	ARHGAP5
395	ARHGAP6
396	ARHGDIA
397	ARHGDIB
398	ARHGDIG
399	RHOH
400	ARL1
401	PHOX2A
402	ARL2
403	ARL3
405	ARNT
406	BMAL1
407	ARR3
408	ARRB1
409	ARRB2
410	ARSA
411	ARSB
412	STS
413	ARSC2
414	ARSD
415	ARSL
416	ARSF
417	ART1
418	ART2P
419	ART3
420	ART4
421	ARVCF
427	ASAH1
429	ASCL1
430	ASCL2
432	ASGR1
433	ASGR2
434	ASIP
435	ASL
436	ASLP1
438	ASMT
439	GET3
440	ASNS
442	ASNSP2
443	ASPA
444	ASPH
445	ASS1
447	ASS1P2
449	ASS1P4
450	ASS1P5
451	ASS1P6
453	ASS1P8
454	ASS1P9
455	ASS1P10
459	ASS1P14
460	ASTN1
462	SERPINC1
463	ZFHX3
466	ATF1
467	ATF3
468	ATF4
469	ATF4P1
471	ATIC
472	ATM
473	RERE
474	ATOH1
475	ATOX1
476	ATP1A1
477	ATP1A2
478	ATP1A3
479	ATP12A
480	ATP1A4
481	ATP1B1
482	ATP1B2
483	ATP1B3
484	ATP1B3P1
485	ATP1B1P1
486	FXYD2
487	ATP2A1
488	ATP2A2
489	ATP2A3
490	ATP2B1
491	ATP2B2
492	ATP2B3
493	ATP2B4
495	ATP4A
496	ATP4B
498	ATP5F1A
501	ALDH7A1
504	ATP5F1AP2
506	ATP5F1B
507	ATP5F1BP1
509	ATP5F1C
513	ATP5F1D
514	ATP5F1E
515	ATP5PB
516	ATP5MC1
517	ATP5MC2
518	ATP5MC3
520	ATP5MC2P1
521	ATP5ME
522	ATP5PF
523	ATP6V1A
525	ATP6V1B1
526	ATP6V1B2
527	ATP6V0C
528	ATP6V1C1
529	ATP6V1E1
533	ATP6V0B
534	ATP6V1G2
535	ATP6V0A1
537	ATP6AP1
538	ATP7A
539	ATP5PO
540	ATP7B
541	ALDH7A1P1
542	ALDH7A1P2
543	ALDH7A1P3
544	ALDH7A1P4
545	ATR
546	ATRX
547	KIF1A
549	AUH
550	AUP1
551	AVP
552	AVPR1A
553	AVPR1B
554	AVPR2
558	AXL
563	AZGP1
566	AZU1
567	B2M
568	B2MR
570	BAAT
571	BACH1
572	BAD
573	BAG1
574	BAGE
575	ADGRB1
576	ADGRB2
577	ADGRB3
578	BAK1
579	NKX3-2
580	BARD1
581	BAX
582	BBS1
583	BBS2
585	BBS4
586	BCAT1
587	BCAT2
590	BCHE
593	BCKDHA
594	BCKDHB
595	CCND1
596	BCL2
597	BCL2A1
598	BCL2L1
599	BCL2L2
600	BAK1P1
601	BAK1P2
602	BCL3
604	BCL6
605	BCL7A
606	NBEAP1
607	BCL9
608	TNFRSF17
610	HCN2
611	OPN1SW
613	BCR
616	BCRP4
617	BCS1L
618	BCYRN1
619	BCYRN1P1
620	BCYRN1P2
622	BDH1
623	BDKRB1
624	BDKRB2
627	BDNF
629	CFB
631	BFSP1
632	BGLAP
633	BGN
634	CEACAM1
635	BHMT
636	BICD1
637	BID
638	BIK
639	PRDM1
640	BLK
641	BLM
642	BLMH
643	CXCR5
644	BLVRA
645	BLVRB
646	BNC1
648	BMI1
649	BMP1
650	BMP2
651	BMP3
652	BMP4
653	BMP5
654	BMP6
655	BMP7
656	BMP8B
657	BMPR1A
658	BMPR1B
659	BMPR2
660	BMX
661	POLR3D
662	BNIP1
663	BNIP2
664	BNIP3
665	BNIP3L
666	BOK
667	DST
668	FOXL2
669	BPGM
670	BPHL
671	BPI
672	BRCA1
673	BRAF
675	BRCA2
676	BRDT
677	ZFP36L1
678	ZFP36L2
680	BRS3
682	BSG
683	BST1
684	BST2
685	BTC
686	BTD
687	KLF9
688	KLF5
689	BTF3
690	BTF3P11
693	BTF3P1
694	BTG1
695	BTK
696	BTN1A1
699	BUB1
700	BVR1
701	BUB1B
705	BYSL
706	TSPO
708	C1QBP
710	SERPING1
711	ERC2-IT1
712	C1QA
713	C1QB
714	C1QC
715	C1R
716	C1S
717	C2
718	C3
719	C3AR1
720	C4A
721	C4B
722	C4BPA
724	C4BPAP2
725	C4BPB
726	CAPN5
727	C5
728	C5AR1
729	C6
730	C7
731	C8A
732	C8B
733	C8G
734	OSGIN2
735	C9
738	VPS51
740	MRPL49
741	ZNHIT2
744	MPPED2
745	MYRF
746	TMEM258
747	DAGLA
750	GAS8-AS1
752	FMNL1
753	LDLRAD4
754	PTTG1IP
755	CFAP410
757	TMEM50B
758	MPPED1
759	CA1
760	CA2
761	CA3
762	CA4
763	CA5A
764	CA5AP1
765	CA6
766	CA7
767	CA8
768	CA9
770	CA11
771	CA12
773	CACNA1A
774	CACNA1B
775	CACNA1C
776	CACNA1D
777	CACNA1E
778	CACNA1F
779	CACNA1S
780	DDR1
781	CACNA2D1
782	CACNB1
783	CACNB2
784	CACNB3
785	CACNB4
786	CACNG1
788	SLC25A20
789	SLC25A20P1
790	CAD
793	CALB1
794	CALB2
795	S100G
796	CALCA
797	CALCB
798	CALCP
799	CALCR
800	CALD1
801	CALM1
802	CALM1P1
804	CALM1P2
805	CALM2
806	CALM2P2
807	CALM2P3
808	CALM3
810	CALML3
811	CALR
813	CALU
814	CAMK4
815	CAMK2A
816	CAMK2B
817	CAMK2D
818	CAMK2G
819	CAMLG
820	CAMP
821	CANX
822	CAPG
823	CAPN1
824	CAPN2
825	CAPN3
826	CAPNS1
827	CAPN6
828	CAPS
829	CAPZA1
830	CAPZA2
831	CAST
832	CAPZB
833	CARS1
834	CASP1
835	CASP2
836	CASP3
837	CASP4
838	CASP5
839	CASP6
840	CASP7
841	CASP8
842	CASP9
843	CASP10
844	CASQ1
845	CASQ2
846	CASR
847	CAT
856	CATR1
857	CAV1
858	CAV2
859	CAV3
860	RUNX2
861	RUNX1
862	RUNX1T1
863	CBFA2T3
864	RUNX3
865	CBFB
866	SERPINA6
867	CBL
868	CBLB
869	CBLN1
871	SERPINH1
873	CBR1
874	CBR3
875	CBS
881	CCIN
883	KYAT1
885	CCK
886	CCKAR
887	CCKBR
889	KRIT1
890	CCNA2
891	CCNB1
892	CCNC
894	CCND2
895	CCND2P1
896	CCND3
897	CCND3P1
898	CCNE1
899	CCNF
900	CCNG1
901	CCNG2
902	CCNH
904	CCNT1
905	CCNT2
908	CCT6A
909	CD1A
910	CD1B
911	CD1C
912	CD1D
913	CD1E
914	CD2
915	CD3D
916	CD3E
917	CD3G
919	CD247
920	CD4
921	CD5
922	CD5L
923	CD6
924	CD7
925	CD8A
926	CD8B
927	CD8B2
928	CD9
929	CD14
930	CD19
931	MS4A1
932	MS4A3
933	CD22
935	CD24P1
936	CD24P2
937	CD24P3
938	CD24P4
939	CD27
940	CD28
941	CD80
942	CD86
943	TNFRSF8
944	TNFSF8
945	CD33
946	SIGLEC6
947	CD34
948	CD36
949	SCARB1
950	SCARB2
951	CD37
952	CD38
953	ENTPD1
954	ENTPD2
955	ENTPD6
956	ENTPD3
957	ENTPD5
958	CD40
959	CD40LG
960	CD44
961	CD47
962	CD48
963	CD53
965	CD58
966	CD59
967	CD63
968	CD68
969	CD69
970	CD70
971	CD72
972	CD74
973	CD79A
974	CD79B
975	CD81
976	ADGRE5
977	CD151
978	CDA
983	CDK1
984	CDK11B
987	LRBA
988	CDC5L
989	SEPTIN7
990	CDC6
991	CDC20
993	CDC25A
994	CDC25B
995	CDC25C
996	CDC27
997	CDC34
998	CDC42
999	CDH1
1000	CDH2
1001	CDH3
1002	CDH4
1003	CDH5
1004	CDH6
1005	CDH7
1006	CDH8
1007	CDH9
1008	CDH10
1009	CDH11
1010	CDH12
1011	CDH12P2
1012	CDH13
1013	CDH15
1014	CDH16
1015	CDH17
1016	CDH18
1017	CDK2
1018	CDK3
1019	CDK4
1020	CDK5
1021	CDK6
1022	CDK7
1024	CDK8
1025	CDK9
1026	CDKN1A
1027	CDKN1B
1028	CDKN1C
1029	CDKN2A
1030	CDKN2B
1031	CDKN2C
1032	CDKN2D
1033	CDKN3
1036	CDO1
1038	CDR1
1039	CDR2
1040	CDS1
1041	CDSN
1043	CD52
1044	CDX1
1045	CDX2
1046	CDX4
1047	CLGN
1048	CEACAM5
1050	CEBPA
1051	CEBPB
1052	CEBPD
1053	CEBPE
1054	CEBPG
1055	CECR
1056	CEL
1057	CELP
1058	CENPA
1059	CENPB
1060	CENPC
1061	CENPCP1
1062	CENPE
1063	CENPF
1066	CES1
1068	CETN1
1069	CETN2
1070	CETN3
1071	CETP
1072	CFL1
1073	CFL2
1074	CFL1P5
1075	CTSC
1080	CFTR
1081	CGA
1082	CGB3
1084	CEACAM3
1085	CEACAMP5
1086	CEACAMP11
1087	CEACAM7
1088	CEACAM8
1089	CEACAM4
1090	CEACAMP1
1091	CEACAMP2
1092	CEACAMP3
1093	CEACAMP4
1094	CEACAMP6
1095	CEACAMP7
1096	CEACAMP8
1097	CEACAMP9
1098	CEACAMP10
1101	CHAD
1102	RCBTB2
1103	CHAT
1104	RCC1
1105	CHD1
1106	CHD2
1107	CHD3
1108	CHD4
1109	AKR1C4
1111	CHEK1
1112	FOXN3
1113	CHGA
1114	CHGB
1116	CHI3L1
1117	CHI3L2
1118	CHIT1
1119	CHKA
1120	CHKB
1121	CHM
1122	CHML
1123	CHN1
1124	CHN2
1128	CHRM1
1129	CHRM2
1130	LYST
1131	CHRM3
1132	CHRM4
1133	CHRM5
1134	CHRNA1
1135	CHRNA2
1136	CHRNA3
1137	CHRNA4
1138	CHRNA5
1139	CHRNA7
1140	CHRNB1
1141	CHRNB2
1142	CHRNB3
1143	CHRNB4
1144	CHRND
1145	CHRNE
1146	CHRNG
1147	CHUK
1149	CIDEA
1152	CKB
1153	CIRBP
1154	CISH
1155	TBCB
1157	CKBP1
1158	CKM
1159	CKMT1B
1160	CKMT2
1161	ERCC8
1163	CKS1B
1164	CKS2
1173	AP2M1
1174	AP1S1
1175	AP2S1
1176	AP3S1
1178	CLC
1179	CLCA1
1180	CLCN1
1181	CLCN2
1182	CLCN3
1183	CLCN4
1184	CLCN5
1185	CLCN6
1186	CLCN7
1187	CLCNKA
1188	CLCNKB
1191	CLU
1192	CLIC1
1193	CLIC2
1195	CLK1
1196	CLK2
1197	CLK2P1
1198	CLK3
1200	TPP1
1201	CLN3
1203	CLN5
1204	CLNS1AP1
1207	CLNS1A
1208	CLPS
1209	CLPTM1
1211	CLTA
1212	CLTB
1213	CLTC
1215	CMA1
1230	CCR1
1232	CCR3
1233	CCR4
1234	CCR5
1235	CCR6
1236	CCR7
1237	CCR8
1238	ACKR2
1240	CMKLR1
1241	LTB4R
1244	ABCC2
1258	CNGB1
1259	CNGA1
1260	CNGA2
1261	CNGA3
1262	CNGA4
1263	PLK3
1264	CNN1
1265	CNN2
1266	CNN3
1267	CNP
1268	CNR1
1269	CNR2
1270	CNTF
1271	CNTFR
1272	CNTN1
1277	COL1A1
1278	COL1A2
1279	COL1AR
1280	COL2A1
1281	COL3A1
1282	COL4A1
1284	COL4A2
1285	COL4A3
1286	COL4A4
1287	COL4A5
1288	COL4A6
1289	COL5A1
1290	COL5A2
1291	COL6A1
1292	COL6A2
1293	COL6A3
1294	COL7A1
1295	COL8A1
1296	COL8A2
1297	COL9A1
1298	COL9A2
1299	COL9A3
1300	COL10A1
1301	COL11A1
1302	COL11A2
1303	COL12A1
1305	COL13A1
1306	COL15A1
1307	COL16A1
1308	COL17A1
1310	COL19A1
1311	COMP
1312	COMT
1314	COPA
1315	COPB1
1316	KLF6
1317	SLC31A1
1318	SLC31A2
1325	CORT
1326	MAP3K8
1327	COX4I1
1329	COX5B
1330	COX5BP1
1331	COX5BP2
1332	COX5BP3
1333	COX5BP4
1336	COX5BP7
1337	COX6A1
1338	COX6A1P1
1339	COX6A2
1340	COX6B1
1342	COX6B1P2
1343	COX6B1P3
1345	COX6C
1346	COX7A1
1347	COX7A2
1348	COX7A2P2
1349	COX7B
1350	COX7C
1351	COX8A
1352	COX10
1353	COX11
1355	COX15
1356	CP
1357	CPA1
1358	CPA2
1359	CPA3
1360	CPB1
1361	CPB2
1362	CPD
1363	CPE
1364	CLDN4
1365	CLDN3
1366	CLDN7
1368	CPM
1369	CPN1
1370	CPN2
1371	CPOX
1373	CPS1
1374	CPT1A
1375	CPT1B
1376	CPT2
1378	CR1
1379	CR1L
1380	CR2
1381	CRABP1
1382	CRABP2
1384	CRAT
1385	CREB1
1386	ATF2
1387	CREBBP
1388	ATF6B
1389	CREBL2
1390	CREM
1392	CRH
1393	CRHBP
1394	CRHR1
1395	CRHR2
1396	CRIP1
1397	CRIP2
1398	CRK
1399	CRKL
1400	CRMP1
1401	CRP
1404	HAPLN1
1406	CRX
1407	CRY1
1408	CRY2
1409	CRYAA
1410	CRYAB
1411	CRYBA1
1412	CRYBA2
1413	CRYBA4
1414	CRYBB1
1415	CRYBB2
1416	CRYBB2P1
1417	CRYBB3
1418	CRYGA
1419	CRYGB
1420	CRYGC
1421	CRYGD
1423	CRYGFP
1424	CRYGGP
1427	CRYGS
1428	CRYM
1429	CRYZ
1430	CRYZP1
1431	CS
1432	MAPK14
1434	CSE1L
1435	CSF1
1436	CSF1R
1437	CSF2
1438	CSF2RA
1439	CSF2RB
1440	CSF3
1441	CSF3R
1442	CSH1
1443	CSH2
1444	CSHL1
1445	CSK
1446	CSN1S1
1447	CSN2
1448	CSN3
1452	CSNK1A1
1453	CSNK1D
1454	CSNK1E
1455	CSNK1G2
1456	CSNK1G3
1457	CSNK2A1
1459	CSNK2A2
1460	CSNK2B
1462	VCAN
1463	NCAN
1464	CSPG4
1465	CSRP1
1466	CSRP2
1467	CSRP2P1
1468	SLC25A10
1469	CST1
1470	CST2
1471	CST3
1472	CST4
1473	CST5
1474	CST6
1475	CSTA
1476	CSTB
1477	CSTF1
1478	CSTF2
1479	CSTF3
1480	CSTP1
1481	CSTP2
1482	NKX2-5
1485	CTAG1B
1486	CTBS
1487	CTBP1
1488	CTBP2
1489	CTF1
1490	CCN2
1491	CTH
1493	CTLA4
1495	CTNNA1
1496	CTNNA2
1497	CTNS
1498	CTNNA1P1
1499	CTNNB1
1500	CTNND1
1501	CTNND2
1503	CTPS1
1504	CTRB1
1506	CTRL
1508	CTSB
1509	CTSD
1510	CTSE
1511	CTSG
1512	CTSH
1513	CTSK
1514	CTSL
1515	CTSV
1517	CTSLP2
1518	CTSLP8
1519	CTSO
1520	CTSS
1521	CTSW
1522	CTSZ
1523	CUX1
1524	CX3CR1
1525	CXADR
1527	TEX28
1528	CYB5A
1531	CYB5AP3
1532	CYB5AP4
1534	CYB561
1535	CYBA
1536	CYBB
1537	CYC1
1538	CYLC1
1539	CYLC2
1540	CYLD
1543	CYP1A1
1544	CYP1A2
1545	CYP1B1
1548	CYP2A6
1549	CYP2A7
1550	CYP2A7P1
1551	CYP3A7
1553	CYP2A13
1555	CYP2B6
1556	CYP2B7P
1557	CYP2C19
1558	CYP2C8
1559	CYP2C9
1562	CYP2C18
1564	CYP2D7
1565	CYP2D6
1568	CYP2D8P
1571	CYP2E1
1572	CYP2F1
1573	CYP2J2
1574	CYP3A
1576	CYP3A4
1577	CYP3A5
1578	CYP3A51P
1579	CYP4A11
1580	CYP4B1
1581	CYP7A1
1582	CYP8B1
1583	CYP11A1
1584	CYP11B1
1585	CYP11B2
1586	CYP17A1
1587	ADAM3A
1588	CYP19A1
1589	CYP21A2
1590	CYP21A1P
1591	CYP24A1
1592	CYP26A1
1593	CYP27A1
1594	CYP27B1
1595	CYP51A1
1596	ADAM3B
1600	DAB1
1601	DAB2
1602	DACH1
1603	DAD1
1604	CD55
1605	DAG1
1606	DGKA
1607	DGKB
1608	DGKG
1609	DGKQ
1610	DAO
1611	DAP
1612	DAPK1
1613	DAPK3
1615	DARS1
1616	DAXX
1617	DAZ1
1618	DAZL
1620	BRINP1
1621	DBH
1622	DBI
1623	DBIP2
1624	DBIP1
1627	DBN1
1628	DBP
1629	DBT
1630	DCC
1632	ECI1
1633	DCK
1634	DCN
1635	DCTD
1636	ACE
1637	DCR
1638	DCT
1639	DCTN1
1641	DCX
1642	DDB1
1643	DDB2
1644	DDC
1645	AKR1C1
1646	AKR1C2
1647	GADD45A
1648	GADD45AP1
1649	DDIT3
1650	DDOST
1652	DDT
1653	DDX1
1654	DDX3X
1655	DDX5
1656	DDX6
1657	DMXL1
1659	DHX8
1660	DHX9
1661	DHX9P1
1662	DDX10
1663	DDX11
1665	DHX15
1666	DECR1
1667	DEFA1
1668	DEFA3
1669	DEFA4
1670	DEFA5
1671	DEFA6
1672	DEFB1
1673	DEFB4A
1674	DES
1675	CFD
1676	DFFA
1677	DFFB
1678	TIMM8A
1687	GSDME
1690	COCH
1714	DGCR
1716	DGUOK
1717	DHCR7
1718	DHCR24
1719	DHFR
1720	DHFRP3
1723	DHODH
1725	DHPS
1727	CYB5R3
1728	NQO1
1729	DIAPH1
1730	DIAPH2
1731	SEPTIN1
1733	DIO1
1734	DIO2
1735	DIO3
1736	DKC1
1737	DLAT
1738	DLD
1739	DLG1
1740	DLG2
1741	DLG3
1742	DLG4
1743	DLST
1744	DLSTP1
1745	DLX1
1746	DLX2
1747	DLX3
1748	DLX4
1749	DLX5
1750	DLX6
1755	DMBT1
1756	DMD
1757	SARDH
1758	DMP1
1759	DNM1
1760	DMPK
1761	DMRT1
1762	DMWD
1763	DNA2
1767	DNAH5
1768	DNAH6
1769	DNAH8
1770	DNAH9
1773	DNASE1
1774	DNASE1L1
1775	DNASE1L2
1776	DNASE1L3
1777	DNASE2
1778	DYNC1H1
1780	DYNC1I1
1781	DYNC1I2
1783	DYNC1LI2
1785	DNM2
1786	DNMT1
1787	TRDMT1
1788	DNMT3A
1789	DNMT3B
1791	DNTT
1793	DOCK1
1794	DOCK2
1795	DOCK3
1796	DOK1
1797	DXO
1798	DPAGT1
1800	DPEP1
1801	DPH1
1802	DPH2
1803	DPP4
1804	DPP6
1805	DPT
1806	DPYD
1807	DPYS
1808	DPYSL2
1809	DPYSL3
1810	DR1
1811	SLC26A3
1812	DRD1
1813	DRD2
1814	DRD3
1815	DRD4
1816	DRD5
1817	DRD5P1
1818	DRD5P2
1819	DRG2
1820	ARID3A
1821	DRP2
1822	ATN1
1823	DSC1
1824	DSC2
1825	DSC3
1826	DSCAM
1827	RCAN1
1828	DSG1
1829	DSG2
1830	DSG3
1831	TSC22D3
1832	DSP
1833	EPYC
1834	DSPP
1836	SLC26A2
1837	DTNA
1838	DTNB
1839	HBEGF
1840	DTX1
1841	DTYMK
1842	ECM2
1843	DUSP1
1844	DUSP2
1845	DUSP3
1846	DUSP4
1847	DUSP5
1848	DUSP6
1849	DUSP7
1850	DUSP8
1852	DUSP9
1854	DUT
1855	DVL1
1856	DVL2
1857	DVL3
1859	DYRK1A
1861	TOR1A
1869	E2F1
1870	E2F2
1871	E2F3
1872	E2F3P1
1874	E2F4
1875	E2F5
1876	E2F6
1877	E4F1
1879	EBF1
1880	GPR183
1888	EBVS1
1889	ECE1
1890	TYMP
1891	ECH1
1892	ECHS1
1893	ECM1
1894	ECT2
1896	EDA
1901	S1PR1
1902	LPAR1
1903	S1PR3
1906	EDN1
1907	EDN2
1908	EDN3
1909	EDNRA
1910	EDNRB
1911	PHC1
1912	PHC2
1915	EEF1A1
1917	EEF1A2
1918	EEF1A1P43
1932	EEF1B2P1
1933	EEF1B2
1934	EEF1B2P2
1936	EEF1D
1937	EEF1G
1938	EEF2
1939	EIF2D
1942	EFNA1
1943	EFNA2
1944	EFNA3
1945	EFNA4
1946	EFNA5
1947	EFNB1
1948	EFNB2
1949	EFNB3
1950	EGF
1951	CELSR3
1952	CELSR2
1953	MEGF6
1954	MEGF8
1955	MEGF9
1956	EGFR
1958	EGR1
1959	EGR2
1960	EGR3
1961	EGR4
1962	EHHADH
1964	EIF1AX
1965	EIF2S1
1967	EIF2B1
1968	EIF2S3
1969	EPHA2
1973	EIF4A1
1974	EIF4A2
1975	EIF4B
1977	EIF4E
1978	EIF4EBP1
1979	EIF4EBP2
1980	EIF4EP1
1981	EIF4G1
1982	EIF4G2
1983	EIF5
1984	EIF5A
1986	EIF5AP2
1987	EIF5AP3
1990	CELA1
1991	ELANE
1992	SERPINB1
1993	ELAVL2
1994	ELAVL1
1995	ELAVL3
1996	ELAVL4
1997	ELF1
1998	ELF2
1999	ELF3
2000	ELF4
2001	ELF5
2002	ELK1
2003	ELK2AP
2004	ELK3
2005	ELK4
2006	ELN
2009	EML1
2010	EMD
2011	MARK2
2012	EMP1
2013	EMP2
2014	EMP3
2015	ADGRE1
2016	EMX1
2017	CTTN
2018	EMX2
2019	EN1
2020	EN2
2021	ENDOG
2022	ENG
2023	ENO1
2025	ENO1P1
2026	ENO2
2027	ENO3
2028	ENPEP
2029	ENSA
2030	SLC29A1
2033	EP300
2034	EPAS1
2035	EPB41
2036	EPB41L1
2037	EPB41L2
2038	EPB42
2039	DMTN
2040	STOM
2041	EPHA1
2042	EPHA3
2043	EPHA4
2044	EPHA5
2045	EPHA7
2046	EPHA8
2047	EPHB1
2048	EPHB2
2049	EPHB3
2050	EPHB4
2051	EPHB6
2052	EPHX1
2053	EPHX2
2054	STX2
2055	CLN8
2056	EPO
2057	EPOR
2058	EPRS1
2059	EPS8
2060	EPS15
2063	NR2F6
2064	ERBB2
2065	ERBB3
2066	ERBB4
2067	ERCC1
2068	ERCC2
2069	EREG
2070	EYA4
2071	ERCC3
2072	ERCC4
2073	ERCC5
2074	ERCC6
2077	ERF
2078	ERG
2079	ERH
2081	ERN1
2086	ERV3-1
2090	ESA4
2091	FBL
2096	ESAT
2097	ESB3
2098	ESD
2099	ESR1
2100	ESR2
2101	ESRRA
2103	ESRRB
2104	ESRRG
2107	ETF1
2108	ETFA
2109	ETFB
2110	ETFDH
2113	ETS1
2114	ETS2
2115	ETV1
2116	ETV2
2117	ETV3
2118	ETV4
2119	ETV5
2120	ETV6
2121	EVC
2122	MECOM
2123	EVI2A
2124	EVI2B
2125	EVPL
2128	EVX1
2130	EWSR1
2131	EXT1
2132	EXT2
2133	EXT3
2134	EXTL1
2135	EXTL2
2137	EXTL3
2138	EYA1
2139	EYA2
2140	EYA3
2145	EZH1
2146	EZH2
2147	F2
2149	F2R
2150	F2RL1
2151	F2RL2
2152	F3
2153	F5
2155	F7
2157	F8
2158	F9
2159	F10
2160	F11
2161	F12
2162	F13A1
2165	F13B
2166	FAAH
2167	FABP4
2168	FABP1
2169	FABP2
2170	FABP3
2171	FABP5
2172	FABP6
2173	FABP7
2175	FANCA
2176	FANCC
2177	FANCD2
2178	FANCE
2180	ACSL1
2181	ACSL3
2182	ACSL4
2184	FAH
2185	PTK2B
2186	BPTF
2187	FANCB
2188	FANCF
2189	FANCG
2191	FAP
2192	FBLN1
2193	FARSA
2194	FASN
2195	FAT1
2196	FAT2
2197	FAU
2199	FBLN2
2200	FBN1
2201	FBN2
2202	EFEMP1
2203	FBP1
2204	FCAR
2205	FCER1A
2206	MS4A2
2207	FCER1G
2208	FCER2
2209	FCGR1A
2210	FCGR1BP
2212	FCGR2A
2213	FCGR2B
2214	FCGR3A
2215	FCGR3B
2216	FDX1P2
2217	FCGRT
2218	FKTN
2219	FCN1
2220	FCN2
2222	FDFT1
2224	FDPS
2227	FDPSP3
2228	FDPSP4
2229	FDPSP5
2230	FDX1
2231	FDX1P1
2232	FDXR
2235	FECH
2236	FECHP1
2237	FEN1
2239	GPC4
2241	FER
2242	FES
2243	FGA
2244	FGB
2245	FGD1
2246	FGF1
2247	FGF2
2248	FGF3
2249	FGF4
2250	FGF5
2251	FGF6
2252	FGF7
2253	FGF8
2254	FGF9
2255	FGF10
2256	FGF11
2257	FGF12
2258	FGF13
2259	FGF14
2260	FGFR1
2261	FGFR3
2262	GPC5
2263	FGFR2
2264	FGFR4
2266	FGG
2267	FGL1
2268	FGR
2271	FH
2272	FHIT
2273	FHL1
2274	FHL2
2275	FHL3
2277	VEGFD
2280	FKBP1A
2281	FKBP1B
2282	FKBP1AP1
2283	FKBP1AP2
2284	FKBP1AP3
2285	FKBP1AP4
2286	FKBP2
2287	FKBP3
2288	FKBP4
2289	FKBP5
2290	FOXG1
2294	FOXF1
2295	FOXF2
2296	FOXC1
2297	FOXD1
2298	FOXD4
2299	FOXI1
2300	FOXL1
2301	FOXE3
2302	FOXJ1
2303	FOXC2
2304	FOXE1
2305	FOXM1
2306	FOXD2
2307	FOXS1
2308	FOXO1
2309	FOXO3
2310	FOXO3B
2311	FOXO1B
2312	FLG
2313	FLI1
2314	FLII
2315	MLANA
2316	FLNA
2317	FLNB
2318	FLNC
2319	FLOT2
2321	FLT1
2322	FLT3
2323	FLT3LG
2324	FLT4
2326	FMO1
2327	FMO2
2328	FMO3
2329	FMO4
2330	FMO5
2331	FMOD
2332	FMR1
2334	AFF2
2335	FN1
2339	FNTA
2341	FNTAP2
2342	FNTB
2346	FOLH1
2348	FOLR1
2350	FOLR2
2352	FOLR3
2353	FOS
2354	FOSB
2355	FOSL2
2356	FPGS
2357	FPR1
2358	FPR2
2359	FPR3
2360	FRA1A
2361	FRA1B
2362	FRA1C
2363	FRA1D
2364	FRA1E
2365	FRA1F
2366	FRA1G
2367	FRA1H
2368	FRA1I
2369	FRA1J
2370	FRA1K
2371	FRA1L
2372	FRA1M
2374	FRA2B
2375	FRA2C
2376	FRA2D
2377	FRA2E
2378	FRA2F
2379	FRA2G
2380	FRA2H
2381	FRA2I
2382	FRA2J
2383	FRA2K
2384	FRA3A
2386	FRA3C
2387	FRA3D
2388	FRA4A
2389	FRA4B
2390	FRA4C
2391	FRA4D
2393	FRA5A
2394	FRA5B
2395	FXN
2396	FRA5C
2397	FRA5D
2398	FRA5E
2399	FRA5F
2400	FRA5G
2401	FRA6A
2402	FRA6B
2403	FRA6C
2404	FRA6D
2405	FRA6E
2406	FRA6F
2407	FRA6G
2409	FRA7B
2410	FRA7C
2411	FRA7D
2412	FRA7E
2413	FRA7F
2414	FRA7G
2415	FRA7H
2416	FRA7I
2417	FRA7J
2418	FRA8A
2419	FRA8B
2421	FRA8C
2422	FRA8D
2423	FRA8E
2425	FRA9A
2426	FRA9B
2427	FRA9C
2428	FRA9D
2429	FRA9E
2430	FRA9F
2433	FRA10C
2434	FRA10D
2435	FRA10E
2436	FRA10F
2437	FRA10G
2440	FRA11C
2441	FRA11D
2442	FRA11E
2443	FRA11F
2444	FRK
2445	FRA11G
2446	FRA11H
2447	FRA11I
2449	FRA12B
2450	FRA12C
2451	FRA12D
2452	FRA12E
2453	FRA13A
2454	FRA13B
2455	FRA13C
2456	FRA13D
2457	FRA14B
2458	FRA14C
2459	FRA15A
2462	FRA16C
2463	FRA16D
2464	FRA16E
2465	FRA17A
2466	FRA17B
2467	FRA18A
2468	FRA18B
2469	FRA19A
2470	FRA19B
2471	FRA20A
2472	FRA20B
2473	FRA22A
2474	FRA22B
2475	MTOR
2478	FRAXB
2479	FRAXC
2480	FRAXD
2483	FRG1
2487	FRZB
2488	FSHB
2491	CENPI
2492	FSHR
2494	NR5A2
2495	FTH1
2496	FTH1P1
2497	FTH1P2
2498	FTH1P3
2499	FTH1P4
2500	FTH1P7
2501	FTH1P8
2502	FTH1P10
2503	FTH1P11
2504	FTH1P12
2507	FTH1P15
2508	FTH1P16
2509	FTH1P5
2510	FTH1P21
2512	FTL
2515	ADAM2
2516	NR5A1
2517	FUCA1
2518	FUCA1P1
2519	FUCA2
2520	GAST
2521	FUS
2523	FUT1
2524	FUT2
2525	FUT3
2526	FUT4
2527	FUT5
2528	FUT6
2529	FUT7
2530	FUT8
2531	KDSR
2532	ACKR1
2533	FYB1
2534	FYN
2535	FZD2
2537	IFI6
2538	G6PC1
2539	G6PD
2542	SLC37A4
2543	GAGE1
2547	XRCC6
2548	GAA
2549	GAB1
2550	GABBR1
2551	GABPA
2553	GABPB1
2554	GABRA1
2555	GABRA2
2556	GABRA3
2557	GABRA4
2558	GABRA5
2559	GABRA6
2560	GABRB1
2561	GABRB2
2562	GABRB3
2563	GABRD
2564	GABRE
2565	GABRG1
2566	GABRG2
2567	GABRG3
2568	GABRP
2569	GABRR1
2570	GABRR2
2571	GAD1
2572	GAD2
2574	GAGE2C
2575	GAGE3
2576	GAGE4
2577	GAGE5
2578	GAGE6
2579	GAGE7
2580	GAK
2581	GALC
2582	GALE
2583	B4GALNT1
2584	GALK1
2585	GALK2
2587	GALR1
2588	GALNS
2589	GALNT1
2590	GALNT2
2591	GALNT3
2592	GALT
2593	GAMT
2595	GANC
2596	GAP43
2597	GAPDH
2601	GAPDHP60
2609	GAPDHP67
2611	GAPDHP69
2613	GAPDHP71
2615	LRRC32
2616	GAPDHP1
2617	GARS1
2618	GART
2619	GAS1
2620	GAS2
2621	GAS6
2622	DRC4
2623	GATA1
2624	GATA2
2625	GATA3
2626	GATA4
2627	GATA6
2628	GATM
2629	GBA1
2630	GBA1LP
2631	NIPSNAP2
2632	GBE1
2633	GBP1
2634	GBP2
2635	GBP3
2636	GBX1
2637	GBX2
2638	GC
2639	GCDH
2641	GCG
2642	GCGR
2643	GCH1
2644	GCHFR
2645	GCK
2646	GCKR
2647	BLOC1S1
2648	KAT2A
2649	NR6A1
2650	GCNT1
2651	GCNT2
2652	OPN1MW
2653	GCSH
2657	GDF1
2658	GDF2
2660	MSTN
2661	GDF9
2662	GDF10
2664	GDI1
2665	GDI2
2667	GDI2P1
2668	GDNF
2669	GEM
2670	GFAP
2671	GFER
2672	GFI1
2673	GFPT1
2674	GFRA1
2675	GFRA2
2676	GFRA3
2677	GGCX
2678	GGT1
2679	GGT3P
2681	GGTA1
2683	B4GALT1
2686	GGT7
2687	GGT5
2688	GH1
2689	GH2
2690	GHR
2691	GHRH
2692	GHRHR
2693	GHSR
2694	CBLIF
2695	GIP
2696	GIPR
2697	GJA1
2698	GJA1P1
2700	GJA3
2701	GJA4
2702	GJA5
2703	GJA8
2705	GJB1
2706	GJB2
2707	GJB3
2709	GJB5
2710	GK
2712	GK2
2713	GK3
2716	GK4P
2717	GLA
2719	GPC3
2720	GLB1
2729	GCLC
2730	GCLM
2731	GLDC
2732	GLDCP1
2733	GLE1
2734	GLG1
2735	GLI1
2736	GLI2
2737	GLI3
2738	GLI4
2739	GLO1
2740	GLP1R
2741	GLRA1
2742	GLRA2
2743	GLRB
2744	GLS
2745	GLRX
2746	GLUD1
2747	GLUD2
2749	GLUD1P3
2750	GLUD1P4
2751	GLUD1P5
2752	GLUL
2753	GLULP1
2754	GLULP2
2760	GM2A
2761	GM2AP1
2762	GMDS
2764	GMFB
2765	GML
2766	GMPR
2767	GNA11
2768	GNA12
2769	GNA15
2770	GNAI1
2771	GNAI2
2772	GNAI2P1
2773	GNAI3
2774	GNAL
2775	GNAO1
2776	GNAQ
2777	GNAQP1
2778	GNAS
2779	GNAT1
2780	GNAT2
2781	GNAZ
2782	GNB1
2783	GNB2
2784	GNB3
2785	GNG3
2786	GNG4
2787	GNG5
2788	GNG7
2789	GNG5P1
2790	GNG10
2791	GNG11
2792	GNGT1
2793	GNGT2
2794	GNL1
2796	GNRH1
2797	GNRH2
2798	GNRHR
2799	GNS
2800	GOLGA1
2801	GOLGA2
2802	GOLGA3
2803	GOLGA4
2804	GOLGB1
2805	GOT1
2806	GOT2
2810	SFN
2811	GP1BA
2812	GP1BB
2813	GP2
2814	GP5
2815	GP9
2817	GPC1
2819	GPD1
2820	GPD2
2821	GPI
2822	GPLD1
2823	GPM6A
2824	GPM6B
2825	CMKLR2
2826	CCR10
2827	GPR3
2828	GPR4
2829	XCR1
2830	GPR6
2831	NPBWR1
2832	NPBWR2
2833	CXCR3
2834	PRLHR
2835	GPR12
2837	UTS2R
2838	GPR15
2840	GPR17
2841	GPR18
2842	GPR19
2843	GPR20
2844	GPR21
2845	GPR22
2846	LPAR4
2847	MCHR1
2848	GPR25
2849	GPR26
2850	GPR27
2852	GPER1
2853	GPR31
2854	GPR32
2855	GPR32P1
2856	GPR33
2857	GPR34
2859	GPR35
2861	GPR37
2862	MLNR
2863	GPR39
2864	FFAR1
2865	FFAR3
2866	GPR42
2867	FFAR2
2868	GRK4
2869	GRK5
2870	GRK6
2871	GRK6P1
2872	MKNK2
2873	GPS1
2874	GPS2
2875	GPT
2876	GPX1
2877	GPX2
2878	GPX3
2879	GPX4
2880	GPX5
2882	GPX7
2884	GPX1P2
2885	GRB2
2886	GRB7
2887	GRB10
2888	GRB14
2889	RAPGEF1
2890	GRIA1
2891	GRIA2
2892	GRIA3
2893	GRIA4
2894	GRID1
2895	GRID2
2896	GRN
2897	GRIK1
2898	GRIK2
2899	GRIK3
2900	GRIK4
2901	GRIK5
2902	GRIN1
2903	GRIN2A
2904	GRIN2B
2905	GRIN2C
2906	GRIN2D
2907	GRINA
2908	NR3C1
2909	ARHGAP35
2910	NR3C1P1
2911	GRM1
2912	GRM2
2913	GRM3
2914	GRM4
2915	GRM5
2916	GRM6
2917	GRM7
2918	GRM8
2919	CXCL1
2920	CXCL2
2921	CXCL3
2922	GRP
2923	PDIA3
2925	GRPR
2926	GRSF1
2928	GSC2
2931	GSK3A
2932	GSK3B
2934	GSN
2935	GSPT1
2936	GSR
2937	GSS
2938	GSTA1
2939	GSTA2
2940	GSTA3
2941	GSTA4
2942	GSTA6P
2944	GSTM1
2946	GSTM2
2947	GSTM3
2948	GSTM4
2949	GSTM5
2950	GSTP1
2951	GSTP1P1
2952	GSTT1
2953	GSTT2
2954	GSTZ1
2956	MSH6
2957	GTF2A1
2958	GTF2A2
2959	GTF2B
2960	GTF2E1
2961	GTF2E2
2962	GTF2F1
2963	GTF2F2
2964	GTF2F2P1
2965	GTF2H1
2966	GTF2H2
2967	GTF2H3
2968	GTF2H4
2969	GTF2I
2970	GTF2IP1
2971	GTF3A
2972	BRF1
2974	GUCY1B2
2975	GTF3C1
2976	GTF3C2
2977	GUCY1A2
2978	GUCA1A
2979	GUCA1B
2980	GUCA2A
2981	GUCA2B
2982	GUCY1A1
2983	GUCY1B1
2984	GUCY2C
2986	GUCY2F
2987	GUK1
2988	GUK2
2989	GULOP
2990	GUSB
2992	GYG1
2993	GYPA
2994	GYPB
2995	GYPC
2996	GYPE
2997	GYS1
2998	GYS2
2999	GZMH
3000	GUCY2D
3001	GZMA
3002	GZMB
3003	GZMK
3004	GZMM
3005	H1-0
3006	H1-2
3007	H1-3
3008	H1-4
3009	H1-5
3010	H1-6
3012	H2AC8
3013	H2AC7
3014	H2AX
3015	H2AZ1
3017	H2BC5
3018	H2BC3
3020	H3-3A
3021	H3-3B
3024	H1-1
3026	HABP2
3028	HSD17B10
3029	HAGH
3030	HADHA
3031	HADHAP1
3032	HADHB
3033	HADH
3034	HAL
3035	HARS1
3036	HAS1
3037	HAS2
3038	HAS3
3039	HBA1
3040	HBA2
3041	HBAP1
3042	HBM
3043	HBB
3044	HBBP1
3045	HBD
3046	HBE1
3047	HBG1
3048	HBG2
3049	HBQ1
3050	HBZ
3051	HBZP1
3052	HCCS
3053	SERPIND1
3054	HCFC1
3055	HCK
3059	HCLS1
3060	HCRT
3061	HCRTR1
3062	HCRTR2
3064	HTT
3065	HDAC1
3066	HDAC2
3067	HDC
3068	HDGF
3069	HDLBP
3070	HELLS
3071	NCKAP1L
3073	HEXA
3074	HEXB
3075	CFH
3077	HFE
3078	CFHR1
3080	CFHR2
3081	HGD
3082	HGF
3083	HGFAC
3084	NRG1
3087	HHEX
3090	HIC1
3091	HIF1A
3092	HIP1
3093	UBE2K
3094	HINT1
3096	HIVEP1
3097	HIVEP2
3098	HK1
3099	HK2
3101	HK3
3104	ZBTB48
3105	HLA-A
3106	HLA-B
3107	HLA-C
3108	HLA-DMA
3109	HLA-DMB
3110	MNX1
3111	HLA-DOA
3112	HLA-DOB
3113	HLA-DPA1
3115	HLA-DPB1
3116	HLA-DPB2
3117	HLA-DQA1
3118	HLA-DQA2
3119	HLA-DQB1
3120	HLA-DQB2
3121	HLA-DQB3
3122	HLA-DRA
3123	HLA-DRB1
3124	HLA-DRB2
3125	HLA-DRB3
3126	HLA-DRB4
3127	HLA-DRB5
3128	HLA-DRB6
3129	HLA-DRB7
3130	HLA-DRB8
3131	HLF
3132	HLA-DRB9
3133	HLA-E
3134	HLA-F
3135	HLA-G
3136	HLA-H
3137	HLA-J
3138	HLA-K
3139	HLA-L
3140	MR1
3141	HLCS
3142	HLX
3145	HMBS
3146	HMGB1
3148	HMGB2
3149	HMGB3
3150	HMGN1
3151	HMGN2
3152	HMGN2P11
3153	HMGN2P12
3155	HMGCL
3156	HMGCR
3157	HMGCS1
3158	HMGCS2
3159	HMGA1
3161	HMMR
3162	HMOX1
3163	HMOX2
3164	NR4A1
3166	HMX1
3167	HMX2
3169	FOXA1
3170	FOXA2
3171	FOXA3
3172	HNF4A
3174	HNF4G
3175	ONECUT1
3176	HNMT
3177	SLC29A2
3178	HNRNPA1
3181	HNRNPA2B1
3182	HNRNPAB
3183	HNRNPC
3184	HNRNPD
3185	HNRNPF
3186	RBMXP1
3187	HNRNPH1
3188	HNRNPH2
3189	HNRNPH3
3190	HNRNPK
3191	HNRNPL
3192	HNRNPU
3195	TLX1
3196	TLX2
3197	HOXA@
3198	HOXA1
3199	HOXA2
3200	HOXA3
3201	HOXA4
3202	HOXA5
3203	HOXA6
3204	HOXA7
3205	HOXA9
3206	HOXA10
3207	HOXA11
3208	HPCA
3209	HOXA13
3210	HOXB@
3211	HOXB1
3212	HOXB2
3213	HOXB3
3214	HOXB4
3215	HOXB5
3216	HOXB6
3217	HOXB7
3218	HOXB8
3219	HOXB9
3220	HOXC@
3221	HOXC4
3222	HOXC5
3223	HOXC6
3224	HOXC8
3225	HOXC9
3226	HOXC10
3227	HOXC11
3228	HOXC12
3229	HOXC13
3230	HOXD@
3231	HOXD1
3232	HOXD3
3233	HOXD4
3234	HOXD8
3235	HOXD9
3236	HOXD10
3237	HOXD11
3238	HOXD12
3239	HOXD13
3240	HP
3241	HPCAL1
3242	HPD
3248	HPGD
3249	HPN
3250	HPR
3251	HPRT1
3254	HPRT1P2
3255	HPRT1P3
3257	HPS1
3259	HPV6AI1
3260	HPV18I1
3261	HPV18I2
3262	HPVC1
3263	HPX
3265	HRAS
3266	ERAS
3267	AGFG1
3268	AGFG2
3269	HRH1
3270	HRC
3272	HRES1
3273	HRG
3274	HRH2
3275	PRMT2
3276	PRMT1
3280	HES1
3281	HSBP1
3283	HSD3B1
3284	HSD3B2
3290	HSD11B1
3291	HSD11B2
3292	HSD17B1
3293	HSD17B3
3294	HSD17B2
3295	HSD17B4
3297	HSF1
3298	HSF2
3299	HSF4
3300	DNAJB2
3301	DNAJA1
3303	HSPA1A
3304	HSPA1B
3305	HSPA1L
3306	HSPA2
3308	HSPA4
3309	HSPA5
3310	HSPA6
3311	HSPA7
3312	HSPA8
3313	HSPA9
3314	HSPA8P1
3315	HSPB1
3316	HSPB2
3320	HSP90AA1
3321	IGSF3
3322	HSP90AA3P
3323	HSP90AA4P
3324	HSP90AA2P
3326	HSP90AB1
3327	HSP90AB3P
3329	HSPD1
3332	HSPD1P3
3336	HSPE1
3337	DNAJB1
3338	DNAJC4
3339	HSPG2
3340	NDST1
3344	FOXN2
3346	HTN1
3347	HTN3
3349	HTOR
3350	HTR1A
3351	HTR1B
3352	HTR1D
3354	HTR1E
3355	HTR1F
3356	HTR2A
3357	HTR2B
3358	HTR2C
3359	HTR3A
3360	HTR4
3361	HTR5A
3362	HTR6
3363	HTR7
3364	HUS1
3369	HVBS7
3370	HVBS8
3371	TNC
3373	HYAL1
3375	IAPP
3376	IARS1
3381	IBSP
3382	ICA1
3383	ICAM1
3384	ICAM2
3385	ICAM3
3386	ICAM4
3394	IRF8
3396	MRPL58
3397	ID1
3398	ID2
3399	ID3
3400	ID4
3416	IDE
3417	IDH1
3418	IDH2
3419	IDH3A
3420	IDH3B
3421	IDH3G
3422	IDI1
3423	IDS
3424	IDSP1
3425	IDUA
3426	CFI
3428	IFI16
3429	IFI27
3430	IFI35
3431	SP110
3433	IFIT2
3434	IFIT1
3437	IFIT3
3439	IFNA1
3440	IFNA2
3441	IFNA4
3442	IFNA5
3443	IFNA6
3444	IFNA7
3445	IFNA8
3446	IFNA10
3447	IFNA13
3448	IFNA14
3449	IFNA16
3451	IFNA17
3452	IFNA21
3453	IFNA22P
3454	IFNAR1
3455	IFNAR2
3456	IFNB1
3458	IFNG
3459	IFNGR1
3460	IFNGR2
3461	IFNA11P
3463	IFNA20P
3466	IFNR
3467	IFNW1
3469	IFNWP4
3474	IFNWP19
3475	IFRD1
3476	IGBP1
3479	IGF1
3480	IGF1R
3481	IGF2
3482	IGF2R
3483	IGFALS
3484	IGFBP1
3485	IGFBP2
3486	IGFBP3
3487	IGFBP4
3488	IGFBP5
3489	IGFBP6
3490	IGFBP7
3491	CCN1
3492	IGH
3493	IGHA1
3494	IGHA2
3495	IGHD
3497	IGHE
3498	IGHEP1
3499	IGHEP2
3500	IGHG1
3501	IGHG2
3502	IGHG3
3503	IGHG4
3505	IGHGP
3507	IGHM
3508	IGHMBP2
3512	JCHAIN
3513	JCHAINP1
3514	IGKC
3515	IGKDEL
3516	RBPJ
3517	RBPJP2
3519	IGKV@
3523	IGKV3OR2-268
3525	IGKV1OR1-1
3527	IGKV3OR22-2
3529	IGKV2OR22-3
3530	IGKV1OR22-1
3531	IGKV1OR2-1
3532	IGKV1OR-2
3535	IGL
3537	IGLC1
3538	IGLC2
3539	IGLC3
3540	IGLC4
3541	IGLC5
3542	IGLC6
3543	IGLL1
3544	IGLL2P
3546	IGLV@
3547	IGSF1
3549	IHH
3550	IK
3551	IKBKB
3552	IL1A
3553	IL1B
3554	IL1R1
3556	IL1RAP
3557	IL1RN
3558	IL2
3559	IL2RA
3560	IL2RB
3561	IL2RG
3562	IL3
3563	IL3RA
3565	IL4
3566	IL4R
3567	IL5
3568	IL5RA
3569	IL6
3570	IL6R
3572	IL6ST
3573	IL6STP1
3574	IL7
3575	IL7R
3576	CXCL8
3577	CXCR1
3578	IL9
3579	CXCR2
3580	CXCR2P1
3581	IL9R
3586	IL10
3587	IL10RA
3588	IL10RB
3589	IL11
3590	IL11RA
3592	IL12A
3593	IL12B
3594	IL12RB1
3595	IL12RB2
3596	IL13
3597	IL13RA1
3598	IL13RA2
3600	IL15
3601	IL15RA
3603	IL16
3604	TNFRSF9
3605	IL17A
3606	IL18
3607	FOXK2
3608	ILF2
3609	ILF3
3611	ILK
3612	IMPA1
3613	IMPA2
3614	IMPDH1
3615	IMPDH2
3617	IMPG1
3619	INCENP
3620	IDO1
3621	ING1
3622	ING2
3623	INHA
3624	INHBA
3625	INHBB
3626	INHBC
3627	CXCL10
3628	INPP1
3630	INS
3631	INPP4A
3632	INPP5A
3633	INPP5B
3635	INPP5D
3636	INPPL1
3638	INSIG1
3640	INSL3
3641	INSL4
3642	INSM1
3643	INSR
3645	INSRR
3646	EIF3E
3647	EIF3EP1
3651	PDX1
3652	IPP
3653	IPW
3654	IRAK1
3655	ITGA6
3656	IRAK2
3658	IREB2
3659	IRF1
3660	IRF2
3661	IRF3
3662	IRF4
3663	IRF5
3664	IRF6
3665	IRF7
3667	IRS1
3669	ISG20
3670	ISL1
3671	ISLR
3672	ITGA1
3673	ITGA2
3674	ITGA2B
3675	ITGA3
3676	ITGA4
3678	ITGA5
3679	ITGA7
3680	ITGA9
3681	ITGAD
3682	ITGAE
3683	ITGAL
3684	ITGAM
3685	ITGAV
3687	ITGAX
3688	ITGB1
3689	ITGB2
3690	ITGB3
3691	ITGB4
3692	EIF6
3693	ITGB5
3694	ITGB6
3695	ITGB7
3696	ITGB8
3697	ITIH1
3698	ITIH2
3699	ITIH3
3700	ITIH4
3702	ITK
3703	STT3A
3704	ITPA
3705	ITPK1
3706	ITPKA
3707	ITPKB
3708	ITPR1
3709	ITPR2
3710	ITPR3
3712	IVD
3713	IVL
3714	JAG2
3716	JAK1
3717	JAK2
3718	JAK3
3720	JARID2
3725	JUN
3726	JUNB
3727	JUND
3728	JUP
3730	ANOS1
3732	CD82
3734	ANOS2P
3735	KARS1
3736	KCNA1
3737	KCNA2
3738	KCNA3
3739	KCNA4
3741	KCNA5
3742	KCNA6
3743	KCNA7
3744	KCNA10
3745	KCNB1
3746	KCNC1
3747	KCNC2
3748	KCNC3
3749	KCNC4
3750	KCND1
3751	KCND2
3752	KCND3
3753	KCNE1
3754	KCNF1
3755	KCNG1
3756	KCNH1
3757	KCNH2
3758	KCNJ1
3759	KCNJ2
3760	KCNJ3
3761	KCNJ4
3762	KCNJ5
3763	KCNJ6
3764	KCNJ8
3765	KCNJ9
3766	KCNJ10
3767	KCNJ11
3768	KCNJ12
3769	KCNJ13
3770	KCNJ14
3772	KCNJ15
3773	KCNJ16
3775	KCNK1
3776	KCNK2
3777	KCNK3
3778	KCNMA1
3779	KCNMB1
3780	KCNN1
3781	KCNN2
3782	KCNN3
3783	KCNN4
3784	KCNQ1
3785	KCNQ2
3786	KCNQ3
3787	KCNS1
3788	KCNS2
3790	KCNS3
3791	KDR
3792	KEL
3795	KHK
3796	KIF2A
3797	KIF3C
3798	KIF5A
3799	KIF5B
3800	KIF5C
3801	KIFC3
3802	KIR2DL1
3803	KIR2DL2
3804	KIR2DL3
3805	KIR2DL4
3806	KIR2DS1
3808	KIR2DS3
3809	KIR2DS4
3810	KIR2DS5
3811	KIR3DL1
3812	KIR3DL2
3813	KIR3DS1
3814	KISS1
3815	KIT
3816	KLK1
3817	KLK2
3818	KLKB1
3820	KLRB1
3821	KLRC1
3822	KLRC2
3823	KLRC3
3824	KLRD1
3827	KNG1
3831	KLC1
3832	KIF11
3833	KIFC1
3834	KIF25
3835	KIF22
3836	KPNA1
3837	KPNB1
3838	KPNA2
3839	KPNA3
3840	KPNA4
3841	KPNA5
3842	TNPO1
3843	IPO5
3844	KRASP1
3845	KRAS
3846	KRTAP5-9
3848	KRT1
3849	KRT2
3850	KRT3
3851	KRT4
3852	KRT5
3853	KRT6A
3854	KRT6B
3855	KRT7
3856	KRT8
3857	KRT9
3858	KRT10
3859	KRT12
3860	KRT13
3861	KRT14
3866	KRT15
3868	KRT16
3872	KRT17
3875	KRT18
3876	KRT18P11
3879	KRT18P1
3880	KRT19
3881	KRT31
3882	KRT32
3883	KRT33A
3884	KRT33B
3885	KRT34
3886	KRT35
3887	KRT81
3888	KRT82
3889	KRT83
3890	KRT84
3891	KRT85
3892	KRT86
3895	KTN1
3897	L1CAM
3898	LAD1
3899	AFF3
3902	LAG3
3903	LAIR1
3904	LAIR2
3906	LALBA
3908	LAMA2
3909	LAMA3
3910	LAMA4
3911	LAMA5
3912	LAMB1
3913	LAMB2
3914	LAMB3
3915	LAMC1
3916	LAMP1
3918	LAMC2
3920	LAMP2
3921	RPSA
3923	RPSAP13
3924	RPSAP14
3925	STMN1
3927	LASP1
3929	LBP
3930	LBR
3931	LCAT
3932	LCK
3933	LCN1
3934	LCN2
3936	LCP1
3937	LCP2
3938	LCT
3939	LDHA
3940	LDHAP1
3945	LDHB
3947	LDHBP2
3948	LDHC
3949	LDLR
3950	LECT2
3952	LEP
3953	LEPR
3954	LETM1
3955	LFNG
3956	LGALS1
3957	LGALS2
3958	LGALS3
3959	LGALS3BP
3960	LGALS4
3963	LGALS7
3964	LGALS8
3965	LGALS9
3972	LHB
3973	LHCGR
3975	LHX1
3976	LIF
3977	LIFR
3978	LIG1
3980	LIG3
3981	LIG4
3982	LIM2
3983	ABLIM1
3984	LIMK1
3985	LIMK2
3987	LIMS1
3988	LIPA
3989	LIPB
3990	LIPC
3991	LIPE
3992	FADS1
3993	LLGL2
3995	FADS3
3996	LLGL1
3998	LMAN1
4000	LMNA
4001	LMNB1
4004	LMO1
4005	LMO2
4007	PRICKLE3
4008	LMO7
4009	LMX1A
4010	LMX1B
4012	LNPEP
4013	VWA5A
4014	LORICRIN
4015	LOX
4016	LOXL1
4017	LOXL2
4018	LPA
4019	LPAL1
4023	LPL
4025	LPO
4026	LPP
4033	IRAG2
4034	LRCH4
4035	LRP1
4036	LRP2
4037	LRP3
4038	LRP4
4040	LRP6
4041	LRP5
4043	LRPAP1
4045	LSAMP
4046	LSP1
4047	LSS
4048	LTA4H
4049	LTA
4050	LTB
4051	CYP4F3
4052	LTBP1
4053	LTBP2
4054	LTBP3
4055	LTBR
4056	LTC4S
4057	LTF
4058	LTK
4059	BCAM
4060	LUM
4061	LY6E
4062	LY6H
4063	LY9
4064	CD180
4065	LY75
4066	LYL1
4067	LYN
4068	SH2D1A
4069	LYZ
4070	TACSTD2
4071	TM4SF1
4072	EPCAM
4074	M6PR
4076	CAPRIN1
4077	NBR1
4081	MAB21L1
4082	MARCKS
4083	MARCKSP1
4084	MXD1
4085	MAD2L1
4086	SMAD1
4087	SMAD2
4088	SMAD3
4089	SMAD4
4090	SMAD5
4091	SMAD6
4092	SMAD7
4093	SMAD9
4094	MAF
4097	MAFG
4099	MAG
4100	MAGEA1
4101	MAGEA2
4102	MAGEA3
4103	MAGEA4
4104	MAGEA5P
4105	MAGEA6
4106	MAGEA7P
4107	MAGEA8
4108	MAGEA9
4109	MAGEA10
4110	MAGEA11
4111	MAGEA12
4112	MAGEB1
4113	MAGEB2
4114	MAGEB3
4115	MAGEB4
4116	MAGOH
4117	MAK
4118	MAL
4121	MAN1A1
4122	MAN2A2
4123	MAN2C1
4124	MAN2A1
4125	MAN2B1
4126	MANBA
4128	MAOA
4129	MAOB
4130	MAP1A
4131	MAP1B
4133	MAP2
4134	MAP4
4135	MAP6
4137	MAPT
4139	MARK1
4140	MARK3
4141	MARS1
4142	MAS1
4143	MAT1A
4144	MAT2A
4145	MATK
4146	MATN1
4147	MATN2
4148	MATN3
4149	MAX
4150	MAZ
4151	MB
4152	MBD1
4153	MBL2
4154	MBNL1
4155	MBP
4157	MC1R
4158	MC2R
4159	MC3R
4160	MC4R
4161	MC5R
4162	MCAM
4163	MCC
4166	CHST6
4168	MCF2
4170	MCL1
4171	MCM2
4172	MCM3
4173	MCM4
4174	MCM5
4175	MCM6
4176	MCM7
4179	CD46
4182	CD46P1
4184	SMCP
4185	ADAM11
4188	MDFI
4189	DNAJB9
4190	MDH1
4191	MDH2
4192	MDK
4193	MDM2
4194	MDM4
4199	ME1
4200	ME2
4201	MEA1
4204	MECP2
4205	MEF2A
4206	MEF2AP1
4207	BORCS8-MEF2B
4208	MEF2C
4209	MEF2D
4210	MEFV
4211	MEIS1
4212	MEIS2
4213	MEIS3P1
4214	MAP3K1
4215	MAP3K3
4216	MAP3K4
4217	MAP3K5
4218	RAB8A
4221	MEN1
4222	MEOX1
4223	MEOX2
4224	MEP1A
4225	MEP1B
4232	MEST
4233	MET
4234	METTL1
4236	MFAP1
4237	MFAP2
4238	MFAP3
4239	MFAP4
4240	MFGE8
4241	MELTF
4242	MFNG
4245	MGAT1
4246	SCGB2A1
4247	MGAT2
4248	MGAT3
4249	MGAT5
4250	SCGB2A2
4253	MIA2
4254	KITLG
4255	MGMT
4256	MGP
4257	MGST1
4258	MGST2
4259	MGST3
4261	CIITA
4267	CD99
4277	MICB
4279	MICD
4280	MICE
4281	MID1
4282	MIF
4283	CXCL9
4284	MIP
4285	MIPEP
4286	MITF
4287	ATXN3
4288	MKI67
4289	MKLN1
4291	MLF1
4292	MLH1
4293	MAP3K9
4294	MAP3K10
4295	MLN
4296	MAP3K11
4297	KMT2A
4298	MLLT1
4299	AFF1
4300	MLLT3
4301	AFDN
4302	MLLT6
4303	FOXO4
4306	NR3C2
4308	TRPM1
4311	MME
4312	MMP1
4313	MMP2
4314	MMP3
4316	MMP7
4317	MMP8
4318	MMP9
4319	MMP10
4320	MMP11
4321	MMP12
4322	MMP13
4323	MMP14
4324	MMP15
4325	MMP16
4326	MMP17
4327	MMP19
4329	ALDH6A1
4330	MN1
4331	MNAT1
4332	MNDA
4335	MNT
4336	MOBP
4337	MOCS1
4338	MOCS2
4340	MOG
4342	MOS
4343	MOV10
4345	CD200
4350	MPG
4351	MPI
4352	MPL
4353	MPO
4354	MPP1
4355	MPP2
4356	MPP3
4357	MPST
4358	MPV17
4359	MPZ
4360	MRC1
4361	MRE11
4362	MRE11P1
4363	ABCC1
4430	MYO1B
4435	CITED1
4436	MSH2
4437	MSH3
4438	MSH4
4439	MSH5
4440	MSI1
4477	MSMB
4478	MSN
4479	MSNP1
4481	MSR1
4482	MSRA
4485	MST1
4486	MST1R
4487	MSX1
4488	MSX2
4489	MT1A
4490	MT1B
4493	MT1E
4494	MT1F
4495	MT1G
4496	MT1H
4498	MT1JP
4499	MT1M
4500	MT1L
4501	MT1X
4502	MT2A
4503	MT2P1
4504	MT3
4507	MTAP
4515	MTCP1
4520	MTF1
4521	NUDT1
4522	MTHFD1
4523	MTHFD1P1
4524	MTHFR
4528	MTIF2
4531	MTL3P
4534	MTM1
4542	MYO1F
4543	MTNR1A
4544	MTNR1B
4547	MTTP
4548	MTR
4552	MTRR
4580	MTX1
4581	MTX1LP
4582	MUC1
4583	MUC2
4584	MUC3A
4585	MUC4
4586	MUC5AC
4588	MUC6
4589	MUC7
4591	TRIM37
4593	MUSK
4594	MMUT
4595	MUTYH
4597	MVD
4598	MVK
4599	MX1
4600	MX2
4601	MXI1
4602	MYB
4603	MYBL1
4604	MYBPC1
4605	MYBL2
4606	MYBPC2
4607	MYBPC3
4608	MYBPH
4609	MYC
4610	MYCL
4611	MYCLP1
4613	MYCN
4615	MYD88
4616	GADD45B
4617	MYF5
4618	MYF6
4619	MYH1
4620	MYH2
4621	MYH3
4622	MYH4
4624	MYH6
4625	MYH7
4626	MYH8
4627	MYH9
4628	MYH10
4629	MYH11
4632	MYL1
4633	MYL2
4634	MYL3
4635	MYL4
4636	MYL5
4637	MYL6
4638	MYLK
4640	MYO1A
4641	MYO1C
4642	MYO1D
4643	MYO1E
4644	MYO5A
4645	MYO5B
4646	MYO6
4647	MYO7A
4648	MYO7B
4649	MYO9A
4650	MYO9B
4651	MYO10
4653	MYOC
4654	MYOD1
4656	MYOG
4659	PPP1R12A
4660	PPP1R12B
4661	MYT1
4664	NAB1
4665	NAB2
4666	NACA
4668	NAGA
4669	NAGLU
4670	HNRNPM
4671	NAIP
4673	NAP1L1
4674	NAP1L2
4675	NAP1L3
4676	NAP1L4
4677	NARS1
4678	NASP
4680	CEACAM6
4681	NBL1
4682	NUBP1
4683	NBN
4684	NCAM1
4685	NCAM2
4686	NCBP1
4688	NCF2
4689	NCF4
4690	NCK1
4691	NCL
4692	NDN
4693	NDP
4694	NDUFA1
4695	NDUFA2
4696	NDUFA3
4697	COXFA4
4698	NDUFA5
4699	NDUFA5P1
4700	NDUFA6
4701	NDUFA7
4702	NDUFA8
4703	NEB
4704	NDUFA9
4705	NDUFA10
4706	NDUFAB1
4707	NDUFB1
4708	NDUFB2
4709	NDUFB3
4710	NDUFB4
4711	NDUFB5
4712	NDUFB6
4713	NDUFB7
4714	NDUFB8
4715	NDUFB9
4716	NDUFB10
4717	NDUFC1
4718	NDUFC2
4719	NDUFS1
4720	NDUFS2
4722	NDUFS3
4723	NDUFV1
4724	NDUFS4
4725	NDUFS5
4726	NDUFS6
4728	NDUFS8
4729	NDUFV2
4730	NDUFV2P1
4731	NDUFV3
4733	DRG1
4734	NEDD4
4735	SEPTIN2
4736	RPL10A
4738	NEDD8
4739	NEDD9
4741	NEFM
4744	NEFH
4745	NELL1
4747	NEFL
4750	NEK1
4751	NEK2
4752	NEK3
4753	NELL2
4756	NEO1
4758	NEU1
4759	NEU2
4760	NEUROD1
4761	NEUROD2
4762	NEUROG1
4763	NF1
4764	NF1P3
4768	NF1P5
4771	NF2
4772	NFATC1
4773	NFATC2
4774	NFIA
4775	NFATC3
4776	NFATC4
4778	NFE2
4779	NFE2L1
4780	NFE2L2
4781	NFIB
4782	NFIC
4783	NFIL3
4784	NFIX
4790	NFKB1
4791	NFKB2
4792	NFKBIA
4793	NFKBIB
4794	NFKBIE
4795	NFKBIL1
4796	TONSL
4798	NFRKB
4799	NFX1
4800	NFYA
4801	NFYB
4802	NFYC
4803	NGF
4804	NGFR
4807	NHLH1
4808	NHLH2
4809	SNU13
4810	NHS
4811	NID1
4814	NINJ1
4815	NINJ2
4817	NIT1
4818	NKG7
4820	NKTR
4821	NKX2-2
4824	NKX3-1
4825	NKX6-1
4826	NNAT
4828	NMB
4829	NMBR
4830	NME1
4831	NME2
4832	NME3
4833	NME4
4835	NQO2
4836	NMT1
4837	NNMT
4838	NODAL
4839	NOP2
4841	NONO
4842	NOS1
4843	NOS2
4846	NOS3
4848	CNOT2
4849	CNOT3
4850	CNOT4
4851	NOTCH1
4852	NPY
4853	NOTCH2
4854	NOTCH3
4855	NOTCH4
4856	CCN3
4857	NOVA1
4858	NOVA2
4860	PNP
4861	NPAS1
4862	NPAS2
4863	NPAT
4864	NPC1
4867	NPHP1
4868	NPHS1
4869	NPM1
4870	NPM1P1
4871	NPM1P2
4872	NPM1P3
4874	NPM1P5
4875	NPM1P6
4878	NPPA
4879	NPPB
4880	NPPC
4881	NPR1
4882	NPR2
4883	NPR3
4884	NPTX1
4885	NPTX2
4886	NPY1R
4887	NPY2R
4888	NPY6R
4889	NPY5R
4891	SLC11A2
4892	NRAP
4893	NRAS
4897	NRCAM
4898	NRDC
4899	NRF1
4900	NRGN
4901	NRL
4902	NRTN
4904	YBX1
4905	NSF
4907	NT5E
4908	NTF3
4909	NTF4
4910	NTF6A
4911	NTF6B
4912	NTF6G
4913	NTHL1
4914	NTRK1
4915	NTRK2
4916	NTRK3
4917	NTN3
4919	ROR1
4920	ROR2
4921	DDR2
4922	NTS
4923	NTSR1
4924	NUCB1
4925	NUCB2
4926	NUMA1
4927	NUP88
4928	NUP98
4929	NR4A2
4931	NVL
4935	GPR143
4938	OAS1
4939	OAS2
4940	OAS3
4942	OAT
4943	TBC1D25
4945	OATP1
4946	OAZ1
4947	OAZ2
4948	OCA2
4951	OCM2
4952	OCRL
4953	ODC1
4954	ODCP
4956	ODF1
4957	ODF2
4958	OMD
4967	OGDH
4968	OGG1
4969	OGN
4973	OLR1
4974	OMG
4975	OMP
4976	OPA1
4978	OPCML
4982	TNFRSF11B
4983	OPHN1
4985	OPRD1
4986	OPRK1
4987	OPRL1
4988	OPRM1
4990	SIX6
4991	OR1D2
4992	OR1F1
4993	OR2C1
4994	OR3A1
4995	OR3A2
4998	ORC1
4999	ORC2
5000	ORC4
5001	ORC5
5002	SLC67A1
5003	SLC67A1-AS
5004	ORM1
5005	ORM2
5007	OSBP
5008	OSM
5009	OTC
5010	CLDN11
5013	OTX1
5015	OTX2
5016	OVGP1
5017	OVOL1
5018	OXA1L
5019	OXCT1
5020	OXT
5021	OXTR
5023	P2RX1
5024	P2RX3
5025	P2RX4
5026	P2RX5
5027	P2RX7
5028	P2RY1
5029	P2RY2
5030	P2RY4
5031	P2RY6
5032	P2RY11
5033	P4HA1
5034	P4HB
5036	PA2G4
5037	PEBP1
5042	PABPC3
5043	PABX
5044	PABY
5045	FURIN
5046	PCSK6
5047	PAEP
5048	PAFAH1B1
5049	PAFAH1B2
5050	PAFAH1B3
5051	PAFAH2
5052	PRDX1
5053	PAH
5054	SERPINE1
5055	SERPINB2
5058	PAK1
5062	PAK2
5063	PAK3
5064	PALM
5066	PAM
5067	CNTN3
5068	REG3A
5069	PAPPA
5071	PRKN
5073	PARN
5074	PAWR
5075	PAX1
5076	PAX2
5077	PAX3
5078	PAX4
5079	PAX5
5080	PAX6
5081	PAX7
5082	PDCL
5083	PAX9
5087	PBX1
5088	PBX2P1
5089	PBX2
5090	PBX3
5091	PC
5092	PCBD1
5093	PCBP1
5094	PCBP2
5095	PCCA
5096	PCCB
5097	PCDH1
5098	PCDHGC3
5099	PCDH7
5100	PCDH8
5101	PCDH9
5104	SERPINA5
5105	PCK1
5106	PCK2
5108	PCM1
5110	PCMT1
5111	PCNA
5116	PCNT
5118	PCOLCE
5119	CHMP1A
5121	PCP4
5122	PCSK1
5125	PCSK5
5126	PCSK2
5127	CDK16
5128	CDK17
5129	CDK18
5130	PCYT1A
5132	PDC
5133	PDCD1
5134	PDCD2
5136	PDE1A
5137	PDE1C
5138	PDE2A
5139	PDE3A
5140	PDE3B
5141	PDE4A
5142	PDE4B
5143	PDE4C
5144	PDE4D
5145	PDE6A
5146	PDE6C
5147	PDE6D
5148	PDE6G
5149	PDE6H
5150	PDE7A
5151	PDE8A
5152	PDE9A
5153	PDE1B
5154	PDGFA
5155	PDGFB
5156	PDGFRA
5157	PDGFRL
5158	PDE6B
5159	PDGFRB
5160	PDHA1
5161	PDHA2
5162	PDHB
5163	PDK1
5164	PDK2
5165	PDK3
5166	PDK4
5167	ENPP1
5168	ENPP2
5169	ENPP3
5170	PDPK1
5172	SLC26A4
5173	PDYN
5174	PDZK1
5175	PECAM1
5176	SERPINF1
5178	PEG3
5179	PENK
5182	PEPB
5183	PEPC
5184	PEPD
5185	PEPE
5187	PER1
5188	GATB
5189	PEX1
5190	PEX6
5191	PEX7
5192	PEX10
5193	PEX12
5194	PEX13
5195	PEX14
5196	PF4
5197	PF4V1
5198	PFAS
5199	CFP
5201	PFDN1
5202	PFDN2
5203	PFDN4
5204	PFDN5
5205	ATP8B1
5207	PFKFB1
5208	PFKFB2
5209	PFKFB3
5210	PFKFB4
5211	PFKL
5212	VIT
5213	PFKM
5214	PFKP
5216	PFN1
5217	PFN2
5218	CDK14
5222	PGA5
5223	PGAM1
5224	PGAM2
5225	PGC
5226	PGD
5228	PGF
5229	PGGT1B
5230	PGK1
5231	PGK1P1
5232	PGK2
5233	PGK1P2
5236	PGM1
5238	PGM3
5239	PGM5
5241	PGR
5243	ABCB1
5244	ABCB4
5245	PHB1
5246	PHB1P1
5250	SLC25A3
5251	PHEX
5252	PHF1
5253	PHF2
5255	PHKA1
5256	PHKA2
5257	PHKB
5258	PHKBP1
5259	PHKBP2
5260	PHKG1
5261	PHKG2
5262	PHKG1P3
5264	PHYH
5265	SERPINA1
5266	PI3
5267	SERPINA4
5268	SERPINB5
5269	SERPINB6
5270	SERPINE2
5271	SERPINB8
5272	SERPINB9
5273	SERPINB10
5274	SERPINI1
5275	SERPINB13
5276	SERPINI2
5277	PIGA
5278	PIGAP1
5279	PIGC
5280	PIGCP1
5281	PIGF
5282	PIGFP1
5283	PIGH
5284	PIGR
5286	PIK3C2A
5287	PIK3C2B
5288	PIK3C2G
5289	PIK3C3
5290	PIK3CA
5291	PIK3CB
5292	PIM1
5293	PIK3CD
5294	PIK3CG
5295	PIK3R1
5296	PIK3R2
5297	PI4KA
5298	PI4KB
5300	PIN1
5301	PIN1P1
5303	PIN4
5304	PIP
5305	PIP4K2A
5306	PITPNA
5307	PITX1
5308	PITX2
5309	PITX3
5310	PKD1
5311	PKD2
5313	PKLR
5314	PKHD1
5315	PKM
5316	PKNOX1
5317	PKP1
5318	PKP2
5319	PLA2G1B
5320	PLA2G2A
5321	PLA2G4A
5322	PLA2G5
5324	PLAG1
5325	PLAGL1
5326	PLAGL2
5327	PLAT
5328	PLAU
5329	PLAUR
5330	PLCB2
5331	PLCB3
5332	PLCB4
5333	PLCD1
5334	PLCL1
5335	PLCG1
5336	PLCG2
5337	PLD1
5338	PLD2
5339	PLEC
5340	PLG
5341	PLEK
5342	PLGLB2
5343	PLGLB1
5345	SERPINF2
5346	PLIN1
5347	PLK1
5348	FXYD1
5349	FXYD3
5350	PLN
5351	PLOD1
5352	PLOD2
5354	PLP1
5355	PLP2
5356	PLRG1
5357	PLS1
5358	PLS3
5359	PLSCR1
5360	PLTP
5361	PLXNA1
5362	PLXNA2
5364	PLXNB1
5365	PLXNB3
5366	PMAIP1
5367	PMCH
5368	PNOC
5369	PMCHL1
5370	PMCHL2
5371	PML
5372	PMM1
5373	PMM2
5375	PMP2
5376	PMP22
5378	PMS1
5379	PMS2P1
5380	PMS2P2
5382	PMS2P4
5383	PMS2P5
5387	PMS2P3
5393	EXOSC9
5394	EXOSC10
5395	PMS2
5396	PRRX1
5406	PNLIP
5407	PNLIPRP1
5408	PNLIPRP2
5409	PNMT
5411	PNN
5412	UBL3
5413	SEPTIN5
5414	SEPTIN4
5420	PODXL
5422	POLA1
5423	POLB
5424	POLD1
5425	POLD2
5426	POLE
5427	POLE2
5428	POLG
5429	POLH
5430	POLR2A
5431	POLR2B
5432	POLR2C
5433	POLR2D
5434	POLR2E
5435	POLR2F
5436	POLR2G
5437	POLR2H
5438	POLR2I
5439	POLR2J
5440	POLR2K
5441	POLR2L
5442	POLRMT
5443	POMC
5444	PON1
5445	PON2
5446	PON3
5447	POR
5449	POU1F1
5450	POU2AF1
5451	POU2F1
5452	POU2F2
5453	POU3F1
5454	POU3F2
5455	POU3F3
5456	POU3F4
5457	POU4F1
5458	POU4F2
5459	POU4F3
5460	POU5F1
5462	POU5F1B
5463	POU6F1
5464	PPA1
5465	PPARA
5467	PPARD
5468	PPARG
5469	MED1
5470	PPEF2
5471	PPAT
5473	PPBP
5475	PPEF1
5476	CTSA
5478	PPIA
5479	PPIB
5480	PPIC
5481	PPID
5483	PPIAP11
5485	PPIAP13
5486	PPIAP14
5487	PPIAP15
5488	PPIAP16
5489	PPIAP7
5491	PPIAP9
5493	PPL
5494	PPM1A
5495	PPM1B
5496	PPM1G
5498	PPOX
5499	PPP1CA
5500	PPP1CB
5501	PPP1CC
5502	PPP1R1A
5504	PPP1R2
5506	PPP1R3A
5507	PPP1R3C
5509	PPP1R3D
5510	PPP1R7
5511	PPP1R8
5512	PPP1R8P1
5514	PPP1R10
5515	PPP2CA
5516	PPP2CB
5517	PPP2CBP1
5518	PPP2R1A
5519	PPP2R1B
5520	PPP2R2A
5521	PPP2R2B
5522	PPP2R2C
5523	PPP2R3A
5524	PTPA
5525	PPP2R5A
5526	PPP2R5B
5527	PPP2R5C
5528	PPP2R5D
5529	PPP2R5E
5530	PPP3CA
5531	PPP4C
5532	PPP3CB
5533	PPP3CC
5534	PPP3R1
5535	PPP3R2
5536	PPP5C
5537	PPP6C
5538	PPT1
5539	PPY
5540	NPY4R
5542	PRB1
5544	PRB3
5545	PRB4
5546	PRCC
5547	PRCP
5549	PRELP
5550	PREP
5551	PRF1
5552	SRGN
5553	PRG2
5554	PRH1
5555	PRH2
5557	PRIM1
5558	PRIM2
5562	PRKAA1
5563	PRKAA2
5564	PRKAB1
5565	PRKAB2
5566	PRKACA
5567	PRKACB
5568	PRKACG
5569	PKIA
5570	PKIB
5571	PRKAG1
5573	PRKAR1A
5574	PRKAR1AP1
5575	PRKAR1B
5576	PRKAR2A
5577	PRKAR2B
5578	PRKCA
5579	PRKCB
5580	PRKCD
5581	PRKCE
5582	PRKCG
5583	PRKCH
5584	PRKCI
5585	PKN1
5586	PKN2
5587	PRKD1
5588	PRKCQ
5589	PRKCSH
5590	PRKCZ
5591	PRKDC
5592	PRKG1
5593	PRKG2
5594	MAPK1
5595	MAPK3
5596	MAPK4
5597	MAPK6
5598	MAPK7
5599	MAPK8
5600	MAPK11
5601	MAPK9
5602	MAPK10
5603	MAPK13
5604	MAP2K1
5605	MAP2K2
5606	MAP2K3
5607	MAP2K5
5608	MAP2K6
5609	MAP2K7
5610	EIF2AK2
5611	DNAJC3
5612	THAP12
5613	PRKX
5615	PRKXP2
5616	PRKY
5617	PRL
5618	PRLR
5619	PRM1
5620	PRM2
5621	PRNP
5623	PSPN
5624	PROC
5625	PRODH
5626	PROP1
5627	PROS1
5628	PROS2P
5629	PROX1
5630	PRPH
5631	PRPS1
5634	PRPS2
5635	PRPSAP1
5636	PRPSAP2
5638	PRRG1
5639	PRRG2
5641	LGMN
5644	PRSS1
5645	PRSS2
5646	PRSS3
5648	MASP1
5649	RELN
5650	KLK7
5651	TMPRSS15
5652	PRSS8
5653	KLK6
5654	HTRA1
5655	KLK10
5657	PRTN3
5660	PSAP
5662	PSD
5663	PSEN1
5664	PSEN2
5669	PSG1
5670	PSG2
5671	PSG3
5672	PSG4
5673	PSG5
5675	PSG6
5676	PSG7
5678	PSG9
5680	PSG11
5681	PSKH1
5682	PSMA1
5683	PSMA2
5684	PSMA3
5685	PSMA4
5686	PSMA5
5687	PSMA6
5688	PSMA7
5689	PSMB1
5690	PSMB2
5691	PSMB3
5692	PSMB4
5693	PSMB5
5694	PSMB6
5695	PSMB7
5696	PSMB8
5697	PYY
5698	PSMB9
5699	PSMB10
5700	PSMC1
5701	PSMC2
5702	PSMC3
5703	PSMC3P1
5704	PSMC4
5705	PSMC5
5706	PSMC6
5707	PSMD1
5708	PSMD2
5709	PSMD3
5710	PSMD4
5711	PSMD5
5713	PSMD7
5714	PSMD8
5715	PSMD9
5716	PSMD10
5717	PSMD11
5718	PSMD12
5719	PSMD13
5720	PSME1
5721	PSME2
5723	PSPH
5724	PTAFR
5725	PTBP1
5726	TAS2R38
5727	PTCH1
5728	PTEN
5729	PTGDR
5730	PTGDS
5731	PTGER1
5732	PTGER2
5733	PTGER3
5734	PTGER4
5735	PTGER4P1
5736	PTGER4P2
5737	PTGFR
5738	PTGFRN
5739	PTGIR
5740	PTGIS
5741	PTH
5742	PTGS1
5743	PTGS2
5744	PTHLH
5745	PTH1R
5746	PTH2R
5747	PTK2
5753	PTK6
5754	PTK7
5756	TWF1
5757	PTMA
5758	PTMAP1
5759	PTMAP2
5760	PTMAP3
5761	PTMAP4
5763	PTMS
5764	PTN
5767	PTP4A2P1
5768	QSOX1
5769	PTP4A2P2
5770	PTPN1
5771	PTPN2
5774	PTPN3
5775	PTPN4
5777	PTPN6
5778	PTPN7
5780	PTPN9
5781	PTPN11
5782	PTPN12
5783	PTPN13
5784	PTPN14
5786	PTPRA
5787	PTPRB
5788	PTPRC
5789	PTPRD
5790	PTPRCAP
5791	PTPRE
5792	PTPRF
5793	PTPRG
5794	PTPRH
5795	PTPRJ
5796	PTPRK
5797	PTPRM
5798	PTPRN
5799	PTPRN2
5800	PTPRO
5801	PTPRR
5802	PTPRS
5803	PTPRZ1
5804	PTPRZ2
5805	PTS
5806	PTX3
5810	RAD1
5813	PURA
5814	PURB
5816	PVALB
5817	PVR
5818	NECTIN1
5819	NECTIN2
5820	PVT1
5822	PWP2
5824	PEX19
5825	ABCD3
5826	ABCD4
5827	PXMP2
5828	PEX2
5829	PXN
5830	PEX5
5831	PYCR1
5832	ALDH18A1
5833	PCYT2
5834	PYGB
5836	PYGL
5837	PYGM
5858	PZP
5859	QARS1
5860	QDPR
5861	RAB1A
5862	RAB2A
5863	RGL2
5864	RAB3A
5865	RAB3B
5866	RAB3IL1
5867	RAB4A
5868	RAB5A
5869	RAB5B
5870	RAB6A
5871	MAP4K2
5872	RAB13
5873	RAB27A
5874	RAB27B
5875	RABGGTA
5876	RABGGTB
5877	RABIF
5878	RAB5C
5879	RAC1
5880	RAC2
5881	RAC3
5883	RAD9A
5884	RAD17
5885	RAD21
5886	RAD23A
5887	RAD23B
5888	RAD51
5889	RAD51C
5890	RAD51B
5891	MOK
5892	RAD51D
5893	RAD52
5894	RAF1
5896	RAG1
5897	RAG2
5898	RALA
5899	RALB
5900	RALGDS
5901	RAN
5902	RANBP1
5903	RANBP2
5905	RANGAP1
5906	RAP1A
5907	RAP1AP
5908	RAP1B
5909	RAP1GAP
5910	RAP1GDS1
5911	RAP2A
5912	RAP2B
5913	RAPSN
5914	RARA
5915	RARB
5916	RARG
5917	RARS1
5918	RARRES1
5919	RARRES2
5920	PLAAT4
5921	RASA1
5922	RASA2
5923	RASGRF1
5924	RASGRF2
5925	RB1
5926	ARID4A
5927	KDM5A
5928	RBBP4
5929	RBBP5
5930	RBBP6
5931	RBBP7
5932	RBBP8
5933	RBL1
5934	RBL2
5935	RBM3
5936	RBM4
5937	RBMS1
5938	RBMS1P1
5939	RBMS2
5940	RBMY1A1
5942	RBMY1C
5944	RBMY1HP
5945	RBMY2AP
5947	RBP1
5948	RBP2
5949	RBP3
5950	RBP4
5954	RCN1
5955	RCN2
5956	OPN1LW
5957	RCVRN
5959	RDH5
5961	PRPH2
5962	RDX
5964	RDXP2
5965	RECQL
5966	REL
5967	REG1A
5968	REG1B
5969	REG1CP
5970	RELA
5971	RELB
5972	REN
5973	RENBP
5976	UPF1
5977	DPF2
5978	REST
5979	RET
5980	REV3L
5981	RFC1
5982	RFC2
5983	RFC3
5984	RFC4
5985	RFC5
5986	RFNG
5987	TRIM27
5988	RFPL1
5989	RFX1
5990	RFX2
5991	RFX3
5992	RFX4
5993	RFX5
5994	RFXAP
5995	RGR
5996	RGS1
5997	RGS2
5998	RGS3
5999	RGS4
6000	RGS7
6001	RGS10
6002	RGS12
6003	RGS13
6004	RGS16
6005	RHAG
6006	RHCE
6007	RHD
6008	RHEBP1
6009	RHEB
6010	RHO
6011	GRK1
6012	RIEG2
6013	RLN1
6014	RIT2
6015	RING1
6016	RIT1
6017	RLBP1
6018	RLF
6019	RLN2
6023	RMRP
6029	RN7SL1
6030	RN7SL4P
6031	RN7SL5P
6032	RN7SL6P
6033	RN7SL7P
6034	RN7SL8P
6035	RNASE1
6036	RNASE2
6037	RNASE3
6038	RNASE4
6039	RNASE6
6041	RNASEL
6043	SNORA63
6044	SNORA62
6045	RNF2
6046	BRD2
6047	RNF4
6048	RNF5
6049	RNF6
6050	RNH1
6051	RNPEP
6052	RNR1
6053	RNR2
6054	RNR3
6055	RNR4
6056	RNR5
6059	ABCE1
6060	RNU1-4
6063	RNVU1-2A
6066	RNU2-1
6068	SNORD3P1
6069	RNU4-7P
6070	RNU4-8P
6071	RNU6V
6072	RNU7-68P
6073	RNU7-86P
6074	RNU7-24P
6075	RNU7-55P
6076	SNORD13P1
6077	SNORD13P2
6078	SNORD13P3
6079	SNORD15A
6080	SNORA73A
6082	SNORD20
6083	SNORD21
6084	RNY1
6085	RNY3
6086	RNY4
6087	RNY4P1
6088	RNY4P2
6089	RNY4P3
6090	RNY5
6091	ROBO1
6092	ROBO2
6093	ROCK1
6094	ROM1
6095	RORA
6096	RORB
6097	RORC
6098	ROS1
6100	RP9
6101	RP1
6102	RP2
6103	RPGR
6117	RPA1
6118	RPA2
6119	RPA3
6120	RPE
6121	RPE65
6122	RPL3
6123	RPL3L
6124	RPL4
6125	RPL5
6126	RPL9P7
6128	RPL6
6129	RPL7
6130	RPL7A
6132	RPL8
6133	RPL9
6134	RPL10
6135	RPL11
6136	RPL12
6137	RPL13
6138	RPL15
6139	RPL17
6141	RPL18
6142	RPL18A
6143	RPL19
6144	RPL21
6145	RPL21P1
6146	RPL22
6147	RPL23A
6148	RPL23AP1
6150	MRPL23
6152	RPL24
6154	RPL26
6155	RPL27
6156	RPL30
6157	RPL27A
6158	RPL28
6159	RPL29
6160	RPL31
6161	RPL32
6163	RPL32P1
6164	RPL34
6165	RPL35A
6166	RPL36AL
6167	RPL37
6168	RPL37A
6169	RPL38
6170	RPL39
6171	RPL41
6172	RPL41P5
6173	RPL36A
6174	RPL7P1
6175	RPLP0
6176	RPLP1
6181	RPLP2
6182	MRPL12
6183	MRPS12
6184	RPN1
6185	RPN2
6187	RPS2
6188	RPS3
6189	RPS3A
6191	RPS4X
6192	RPS4Y1
6193	RPS5
6194	RPS6
6195	RPS6KA1
6196	RPS6KA2
6197	RPS6KA3
6198	RPS6KB1
6199	RPS6KB2
6201	RPS7
6202	RPS8
6203	RPS9
6204	RPS10
6205	RPS11
6206	RPS12
6207	RPS13
6208	RPS14
6209	RPS15
6210	RPS15A
6217	RPS16
6218	RPS17
6219	RPS17P2
6222	RPS18
6223	RPS19
6224	RPS20
6225	RPS20P3
6226	RPS20P4
6227	RPS21
6228	RPS23
6229	RPS24
6230	RPS25
6231	RPS26
6232	RPS27
6233	RPS27A
6234	RPS28
6235	RPS29
6236	RRAD
6237	RRAS
6238	RRBP1
6239	RREB1
6240	RRM1
6241	RRM2
6242	RTKN
6244	RRM2P2
6246	RRM2P4
6247	RS1
6248	RSC1A1
6249	CLIP1
6251	RSU1
6252	RTN1
6253	RTN2
6256	RXRA
6257	RXRB
6258	RXRG
6259	RYK
6260	RYKP1
6261	RYR1
6262	RYR2
6263	RYR3
6271	S100A1
6272	SORT1
6273	S100A2
6274	S100A3
6275	S100A4
6276	S100A5
6277	S100A6
6278	S100A7
6279	S100A8
6280	S100A9
6281	S100A10
6282	S100A11
6283	S100A12
6284	S100A13
6285	S100B
6286	S100P
6288	SAA1
6289	SAA2
6290	SAA3P
6291	SAA4
6293	VPS52
6294	SAFB
6295	SAG
6296	ACSM3
6297	SALL2
6299	SALL1
6300	MAPK12
6301	SARS1
6302	TSPAN31
6303	SAT1
6304	SATB1
6305	SBF1
6307	MSMO1
6308	SC4MOP
6309	SC5D
6310	ATXN1
6311	ATXN2
6314	ATXN7
6315	ATXN8OS
6317	SERPINB3
6318	SERPINB4
6319	SCD
6320	CLEC11A
6322	SCML1
6323	SCN1A
6324	SCN1B
6326	SCN2A
6327	SCN2B
6328	SCN3A
6329	SCN4A
6330	SCN4B
6331	SCN5A
6332	SCN7A
6334	SCN8A
6335	SCN9A
6336	SCN10A
6337	SCNN1A
6338	SCNN1B
6339	SCNN1D
6340	SCNN1G
6341	SCO1
6342	SCP2
6343	SCT
6344	SCTR
6345	SRL
6346	CCL1
6347	CCL2
6348	CCL3
6349	CCL3L1
6351	CCL4
6352	CCL5
6354	CCL7
6355	CCL8
6356	CCL11
6357	CCL13
6358	CCL14
6359	CCL15
6360	CCL16
6361	CCL17
6362	CCL18
6363	CCL19
6364	CCL20
6366	CCL21
6367	CCL22
6368	CCL23
6369	CCL24
6370	CCL25
6372	CXCL6
6373	CXCL11
6374	CXCL5
6375	XCL1
6376	CX3CL1
6382	SDC1
6383	SDC2
6385	SDC4
6386	SDCBP
6387	CXCL12
6388	SDF2
6389	SDHA
6390	SDHB
6391	SDHC
6392	SDHD
6396	SEC13
6397	SEC14L1
6398	SECTM1
6399	TRAPPC2
6400	SEL1L
6401	SELE
6402	SELL
6403	SELP
6404	SELPLG
6405	SEMA3F
6406	SEMG1
6407	SEMG2
6414	SELENOP
6415	SELENOW
6416	MAP2K4
6418	SET
6419	SETMAR
6421	SFPQ
6422	SFRP1
6423	SFRP2
6424	SFRP4
6425	SFRP5
6426	SRSF1
6427	SRSF2
6428	SRSF3
6429	SRSF4
6430	SRSF5
6431	SRSF6
6432	SRSF7
6433	SFSWAP
6434	TRA2B
6439	SFTPB
6440	SFTPC
6441	SFTPD
6442	SGCA
6443	SGCB
6444	SGCD
6445	SGCG
6446	SGK1
6447	SCG5
6448	SGSH
6449	SGTA
6450	SH3BGR
6451	SH3BGRL
6452	SH3BP2
6453	ITSN1
6455	SH3GL1
6456	SH3GL2
6457	SH3GL3
6458	SH3GL1P1
6459	SH3GL1P2
6461	SHB
6462	SHBG
6464	SHC1
6465	SHC1P1
6466	SHC1P2
6468	FBXW4
6469	SHH
6470	SHMT1
6471	SHMT1P1
6472	SHMT2
6473	SHOX
6474	SHOX2
6476	SI
6477	SIAH1
6478	SIAH2
6480	ST6GAL1
6482	ST3GAL1
6483	ST3GAL2
6484	ST3GAL4
6487	ST3GAL3
6489	ST8SIA1
6490	PMEL
6491	STIL
6492	SIM1
6493	SIM2
6494	SIPA1
6495	SIX1
6496	SIX3
6497	SKI
6498	SKIL
6499	SKIC2
6500	SKP1
6502	SKP2
6503	SLA
6504	SLAMF1
6505	SLC1A1
6506	SLC1A2
6507	SLC1A3
6508	SLC4A3
6509	SLC1A4
6510	SLC1A5
6511	SLC1A6
6512	SLC1A7
6513	SLC2A1
6514	SLC2A2
6515	SLC2A3
6517	SLC2A4
6518	SLC2A5
6519	SLC3A1
6520	SLC3A2
6521	SLC4A1
6522	SLC4A2
6523	SLC5A1
6524	SLC5A2
6525	SMTN
6526	SLC5A3
6527	SLC5A4
6528	SLC5A5
6529	SLC6A1
6530	SLC6A2
6531	SLC6A3
6532	SLC6A4
6533	SLC6A6
6534	SLC6A7
6535	SLC6A8
6536	SLC6A9
6538	SLC6A11
6539	SLC6A12
6540	SLC6A13
6541	SLC7A1
6542	SLC7A2
6543	SLC8A2
6545	SLC7A4
6546	SLC8A1
6547	SLC8A3
6548	SLC9A1
6549	SLC9A2
6550	SLC9A3
6551	SLC9A3P1
6553	SLC9A5
6554	SLC10A1
6555	SLC10A2
6556	SLC11A1
6557	SLC12A1
6558	SLC12A2
6559	SLC12A3
6560	SLC12A4
6561	SLC13A1
6563	SLC14A1
6564	SLC15A1
6565	SLC15A2
6566	SLC16A1
6567	SLC16A2
6568	SLC17A1
6569	SLC34A1
6570	SLC18A1
6571	SLC18A2
6572	SLC18A3
6573	SLC19A1
6574	SLC20A1
6575	SLC20A2
6576	SLC25A1
6578	SLCO2A1
6579	SLCO1A2
6580	SLC22A1
6581	SLC22A3
6582	SLC22A2
6583	SLC22A4
6584	SLC22A5
6585	SLIT1
6586	SLIT3
6588	SLN
6590	SLPI
6591	SNAI2
6594	SMARCA1
6595	SMARCA2
6596	HLTF
6597	SMARCA4
6598	SMARCB1
6599	SMARCC1
6601	SMARCC2
6602	SMARCD1
6603	SMARCD2
6604	SMARCD3
6605	SMARCE1
6606	SMN1
6607	SMN2
6608	SMO
6609	SMPD1
6610	SMPD2
6611	SMS
6612	SUMO3
6613	SUMO2
6614	SIGLEC1
6615	SNAI1
6616	SNAP25
6617	SNAPC1
6618	SNAPC2
6619	SNAPC3
6620	SNCB
6621	SNAPC4
6622	SNCA
6623	SNCG
6624	FSCN1
6625	SNRNP70
6626	SNRPA
6627	SNRPA1
6628	SNRPB
6629	SNRPB2
6631	SNRPC
6632	SNRPD1
6633	SNRPD2
6634	SNRPD3
6635	SNRPE
6636	SNRPF
6637	SNRPG
6638	SNRPN
6640	SNTA1
6641	SNTB1
6642	SNX1
6643	SNX2
6644	SRIP1
6645	SNTB2
6646	SOAT1
6647	SOD1
6648	SOD2
6649	SOD3
6650	CAPN15
6651	SON
6652	SORD
6653	SORL1
6654	SOS1
6655	SOS2
6656	SOX1
6657	SOX2
6658	SOX3
6659	SOX4
6660	SOX5
6661	SOX5P1
6662	SOX9
6663	SOX10
6664	SOX11
6665	SOX15
6666	SOX12
6667	SP1
6668	SP2
6670	SP3
6671	SP4
6672	SP100
6674	SPAG1
6675	UAP1
6676	SPAG4
6677	SPAM1
6678	SPARC
6683	SPAST
6687	SPG7
6688	SPI1
6689	SPIB
6690	SPINK1
6691	SPINK2
6692	SPINT1
6693	SPN
6694	SPP2
6695	SPOCK1
6696	SPP1
6697	SPR
6698	SPRR1A
6699	SPRR1B
6700	SPRR2A
6701	SPRR2B
6702	SPRR2C
6703	SPRR2D
6704	SPRR2E
6705	SPRR2F
6706	SPRR2G
6707	SPRR3
6708	SPTA1
6709	SPTAN1
6710	SPTB
6711	SPTBN1
6712	SPTBN2
6713	SQLE
6714	SRC
6715	SRD5A1
6716	SRD5A2
6717	SRI
6718	AKR1D1
6719	SRD5A1P1
6720	SREBF1
6721	SREBF2
6722	SRF
6723	SRM
6725	SRMS
6726	SRP9
6727	SRP14
6728	SRP19
6729	SRP54
6730	SRP68
6731	SRP72
6732	SRPK1
6733	SRPK2
6734	SRPRA
6736	SRY
6737	TRIM21
6738	RO60
6741	SSB
6742	SSBP1
6744	ITPRID2
6745	SSR1
6746	SSR2
6747	SSR3
6748	SSR4
6749	SSRP1
6750	SST
6751	SSTR1
6752	SSTR2
6753	SSTR3
6754	SSTR4
6755	SSTR5
6756	SSX1
6757	SSX2
6758	SSX5
6759	SSX4
6760	SS18
6764	DENND2B
6767	ST13
6768	ST14
6769	STAC
6770	STAR
6771	STARP1
6772	STAT1
6773	STAT2
6774	STAT3
6775	STAT4
6776	STAT5A
6777	STAT5B
6778	STAT6
6779	STATH
6780	STAU1
6781	STC1
6782	HSPA13
6783	SULT1E1
6785	ELOVL4
6786	STIM1
6787	NEK4
6788	STK3
6789	STK4
6790	AURKA
6791	AURKAP1
6792	CDKL5
6793	STK10
6794	STK11
6795	AURKC
6799	SULT1A2
6801	STRN
6803	STSP1
6804	STX1A
6809	STX3
6810	STX4
6811	STX5
6812	STXBP1
6813	STXBP2
6814	STXBP3
6815	STYX
6817	SULT1A1
6818	SULT1A3
6819	SULT1C2
6820	SULT2B1
6821	SUOX
6822	SULT2A1
6824	ETF1P1
6825	ETF1P2
6827	SUPT4H1
6829	SUPT5H
6830	SUPT6H
6832	SUPV3L1
6833	ABCC8
6834	SURF1
6835	SURF2
6836	SURF4
6837	MED22
6838	SURF6
6839	SUV39H1
6840	SVIL
6843	VAMP1
6844	VAMP2
6845	VAMP7
6846	XCL2
6847	SYCP1
6850	SYK
6853	SYN1
6854	SYN2
6855	SYP
6856	SYPL1
6857	SYT1
6860	SYT4
6861	SYT5
6862	TBXT
6863	TAC1
6865	TACR2
6866	TAC3
6867	TACC1
6868	ADAM17
6869	TACR1
6870	TACR3
6871	TADA2A
6872	TAF1
6873	TAF2
6874	TAF4
6875	TAF4B
6876	TAGLN
6877	TAF5
6878	TAF6
6879	TAF7
6880	TAF9
6881	TAF10
6882	TAF11
6883	TAF12
6884	TAF13
6885	MAP3K7
6886	TAL1
6887	TAL2
6888	TALDO1
6889	TALDO1P1
6890	TAP1
6891	TAP2
6892	TAPBP
6894	TARBP1
6895	TARBP2
6896	TARBP2P1
6897	TARS1
6898	TAT
6899	TBX1
6900	CNTN2
6901	TAFAZZIN
6902	TBCA
6903	TBCC
6904	TBCD
6905	TBCE
6906	SERPINA7
6907	TBL1X
6908	TBP
6909	TBX2
6910	TBX5
6911	TBX6
6913	TBX15
6915	TBXA2R
6916	TBXAS1
6917	TCEA1
6918	TCEA1P1
6919	TCEA2
6920	TCEA3
6921	ELOC
6922	SKP1P1
6923	ELOB
6924	ELOA
6925	TCF4
6926	TBX3
6927	HNF1A
6928	HNF1B
6929	TCF3
6932	TCF7
6934	TCF7L2
6935	ZEB1
6936	GCFC2
6938	TCF12
6939	TCF15
6940	ZNF354A
6941	TCF19
6942	TCF20
6943	TCF21
6944	VPS72
6945	MLX
6947	TCN1
6948	TCN2
6949	TCOF1
6950	TCP1
6952	TCP1P2
6953	TCP10L3
6954	TCP11
6955	TRA
6956	TRAV6
6957	TRB
6958	TRBV29OR9-2
6959	TRBV21OR9-2
6960	TRBV25OR9-2
6961	TRBV24OR9-2
6962	TRBV20OR9-2
6964	TRD
6965	TRG
6966	TRGC1
6967	TRGC2
6968	TRGJ1
6969	TRGJ2
6970	TRGJP
6971	TRGJP1
6972	TRGJP2
6973	TRGV1
6974	TRGV2
6975	TECTB
6976	TRGV3
6977	TRGV4
6978	TRGV5
6979	TRGV5P
6980	TRGV6
6981	TRGV7
6982	TRGV8
6983	TRGV9
6984	TRGV10
6985	TRGV11
6986	TRGVA
6987	TRGVB
6988	TCTA
6990	DYNLT3
6991	DYNLT2
6992	PPP1R11
6993	DYNLT1
6996	TDG
6997	CRIPTO
6998	CRIPTO3
6999	TDO2
7001	PRDX2
7002	PRDX1P1
7003	TEAD1
7004	TEAD4
7005	TEAD3
7006	TEC
7007	TECTA
7008	TEF
7009	TMBIM6
7010	TEK
7011	TEP1
7012	TERC
7013	TERF1
7014	TERF2
7015	TERT
7016	TESK1
7018	TF
7019	TFAM
7020	TFAP2A
7021	TFAP2B
7022	TFAP2C
7023	TFAP4
7024	TFCP2
7025	NR2F1
7026	NR2F2
7027	TFDP1
7029	TFDP2
7030	TFE3
7031	TFF1
7032	TFF2
7033	TFF3
7035	TFPI
7036	TFR2
7037	TFRC
7038	TG
7039	TGFA
7040	TGFB1
7041	TGFB1I1
7042	TGFB2
7043	TGFB3
7044	LEFTY2
7045	TGFBI
7046	TGFBR1
7047	TGM4
7048	TGFBR2
7049	TGFBR3
7050	TGIF1
7051	TGM1
7052	TGM2
7053	TGM3
7054	TH
7056	THBD
7057	THBS1
7058	THBS2
7059	THBS3
7060	THBS4
7062	TCHH
7064	THOP1
7066	THPO
7067	THRA
7068	THRB
7069	THRSP
7070	THY1
7071	KLF10
7072	TIA1
7073	TIAL1
7074	TIAM1
7075	TIE1
7076	TIMP1
7077	TIMP2
7078	TIMP3
7079	TIMP4
7080	NKX2-1
7082	TJP1
7083	TK1
7084	TK2
7086	TKT
7087	ICAM5
7088	TLE1
7089	TLE2
7090	TLE3
7091	TLE4
7092	TLL1
7093	TLL2
7094	TLN1
7095	SEC62
7096	TLR1
7097	TLR2
7098	TLR3
7099	TLR4
7100	TLR5
7101	NR2E1
7102	TSPAN7
7103	TSPAN8
7104	TM4SF4
7105	TSPAN6
7106	TSPAN4
7107	GPR137B
7108	TM7SF2
7109	TRAPPC10
7110	TMF1
7111	TMOD1
7112	TMPO
7113	TMPRSS2
7114	TMSB4X
7115	TMSB4XP1
7116	TMSB4XP2
7117	TMSB4XP8
7118	TMSB4XP4
7119	TMSB4XP5
7120	TMSB4XP6
7121	TMSB4XP7
7122	CLDN5
7123	CLEC3B
7124	TNF
7125	TNNC2
7126	TNFAIP1
7127	TNFAIP2
7128	TNFAIP3
7130	TNFAIP6
7132	TNFRSF1A
7133	TNFRSF1B
7134	TNNC1
7135	TNNI1
7136	TNNI2
7137	TNNI3
7138	TNNT1
7139	TNNT2
7140	TNNT3
7141	TNP1
7142	TNP2
7143	TNR
7145	TNS1
7146	TNXA
7148	TNXB
7150	TOP1
7151	TOP1P1
7152	TOP1P2
7153	TOP2A
7154	TRA-TGC7-1
7155	TOP2B
7156	TOP3A
7157	TP53
7158	TP53BP1
7159	TP53BP2
7161	TP73
7162	TPBG
7163	TPD52
7164	TPD52L1
7165	TPD52L2
7166	TPH1
7167	TPI1
7168	TPM1
7169	TPM2
7170	TPM3
7171	TPM4
7172	TPMT
7173	TPO
7174	TPP2
7175	TPR
7177	TPSAB1
7178	TPT1
7179	TPTE
7180	CRISP2
7181	NR2C1
7182	NR2C2
7183	TRC-GCA24-1
7184	HSP90B1
7185	TRAF1
7186	TRAF2
7187	TRAF3
7188	TRAF5
7189	TRAF6
7190	HSP90B2P
7192	TRD-GTC9-1
7193	TRE-TTC3-1
7195	TRG-CCC1-1
7196	TRG-GCC2-6
7197	TRG-TCC1-1
7198	TRG-GCC3-1
7200	TRH
7201	TRHR
7202	TRI-AAT9-1
7203	CCT3
7204	TRIO
7205	TRIP6
7206	TRK-TTT3-5
7207	TRL-AAG2-3
7208	TRL-TAG1-1
7209	TRNAL47P
7210	TRX-CAT1-2
7211	TRMEP1
7212	TRX-CAT2-1
7214	TRN-GTT2-7
7216	TRO
7217	TRP-AGG2-5
7218	TRP-AGG2-6
7219	TRP-TGG3-1
7220	TRPC1
7221	TRPC2
7222	TRPC3
7223	TRPC4
7224	TRPC5
7225	TRPC6
7226	TRPM2
7227	TRPS1
7228	TRQ-CTG1-5
7229	TRQ-TTG1-1
7230	TRR-TCT2-1
7231	TRR-ACG1-2
7232	TRR-TCG4-1
7233	TRR-CCG2-1
7234	TRU-TCA1-1
7235	TRU-TCA2-1
7236	TRT-TGT6-1
7237	TRT-TGT3-1
7238	TRT-AGT7-1
7239	TRV-AAC1-4
7240	TRV-CAC1-2
7241	TRV-AAC1-3
7247	TSN
7248	TSC1
7249	TSC2
7251	TSG101
7252	TSHB
7253	TSHR
7257	TSNAX
7258	TSPY1
7259	TSPYL1
7260	EIPR1
7262	PHLDA2
7263	TST
7264	GFUS
7265	TTC1
7266	DNAJC7
7267	TTC3
7268	TTC4
7270	TTF1
7272	TTK
7273	TTN
7274	TTPA
7275	TUB
7276	TTR
7277	TUBA4A
7278	TUBA3C
7280	TUBB2A
7283	TUBG1
7284	TUFM
7286	TUFT1
7287	TULP1
7288	TULP2
7289	TULP3
7290	HIRA
7291	TWIST1
7292	TNFSF4
7293	TNFRSF4
7294	TXK
7295	TXN
7296	TXNRD1
7297	TYK2
7298	TYMS
7299	TYR
7300	TYRL
7301	TYRO3
7302	TYRO3P
7305	TYROBP
7306	TYRP1
7307	U2AF1
7310	ZRSR2P1
7311	UBA52
7312	UBA52P1
7313	UBA52P2
7314	UBB
7315	UBBP1
7316	UBC
7317	UBA1
7318	UBA7
7319	UBE2A
7320	UBE2B
7321	UBE2D1
7322	UBE2D2
7323	UBE2D3
7324	UBE2E1
7325	UBE2E2
7326	UBE2G1
7327	UBE2G2
7328	UBE2H
7329	UBE2I
7332	UBE2L3
7333	UBE2L4
7334	UBE2N
7335	UBE2V1
7336	UBE2V2
7337	UBE3A
7338	UBE3AP1
7339	UBE3AP2
7341	SUMO1
7342	UBP1
7343	UBTF
7345	UCHL1
7347	UCHL3
7348	UPK1B
7349	UCN
7350	UCP1
7351	UCP2
7352	UCP3
7353	UFD1
7355	SLC35A2
7356	SCGB1A1
7357	UGCG
7358	UGDH
7360	UGP2
7361	UGT1A
7363	UGT2B4
7364	UGT2B7
7365	UGT2B10
7366	UGT2B15
7367	UGT2B17
7368	UGT8
7369	UMOD
7371	UCK2
7372	UMPS
7373	COL14A1
7374	UNG
7375	USP4
7376	NR1H2
7378	UPP1
7379	UPK2
7380	UPK3A
7381	UQCRB
7384	UQCRC1
7385	UQCRC2
7386	UQCRFS1
7388	UQCRH
7389	UROD
7390	UROS
7391	USF1
7392	USF2
7398	USP1
7399	USH2A
7401	CLRN1
7402	UTRN
7403	KDM6A
7404	UTY
7405	UVRAG
7407	VARS1
7408	VASP
7409	VAV1
7410	VAV2
7411	VBP1
7412	VCAM1
7414	VCL
7415	VCP
7416	VDAC1
7417	VDAC2
7418	VDAC1P4
7419	VDAC3
7421	VDR
7422	VEGFA
7423	VEGFB
7424	VEGFC
7425	VGF
7428	VHL
7429	VIL1
7430	EZR
7431	VIM
7432	VIP
7433	VIPR1
7434	VIPR2
7435	VIS1
7436	VLDLR
7439	BEST1
7441	VPREB1
7442	TRPV1
7443	VRK1
7444	VRK2
7447	VSNL1
7448	VTN
7450	VWF
7451	VWFP1
7453	WARS1
7454	WAS
7455	ZAN
7456	WIPF1
7458	EIF4H
7459	WBSCR2
7461	CLIP2
7462	LAT2
7464	CORO2A
7465	WEE1
7466	WFS1
7468	NSD2
7469	NELFA
7471	WNT1
7472	WNT2
7473	WNT3
7474	WNT5A
7475	WNT6
7476	WNT7A
7477	WNT7B
7478	WNT8A
7479	WNT8B
7480	WNT10B
7481	WNT11
7482	WNT2B
7483	WNT9A
7484	WNT9B
7485	GET1
7486	WRN
7490	WT1
7494	XBP1
7495	XBP1P1
7497	XCE
7498	XDH
7499	XG
7500	XGY1
7502	XIC
7503	XIST
7504	XK
7507	XPA
7508	XPC
7511	XPNPEP1
7512	XPNPEP2
7514	XPO1
7515	XRCC1
7516	XRCC2
7517	XRCC3
7518	XRCC4
7520	XRCC5
7525	YES1
7526	YES1P1
7528	YY1
7529	YWHAB
7531	YWHAE
7532	YWHAG
7533	YWHAH
7534	YWHAZ
7535	ZAP70
7536	SF1
7538	ZFP36
7539	ZFP37
7541	ZBTB14
7542	ZFPL1
7543	ZFX
7544	ZFY
7545	ZIC1
7546	ZIC2
7547	ZIC3
7549	ZNF2
7551	ZNF3
7552	ZNF711
7553	ZNF7
7554	ZNF8
7555	CNBP
7556	ZNF10
7559	ZNF12
7561	ZNF14
7562	ZNF708
7564	ZNF16
7565	ZNF17
7566	ZNF18
7567	ZNF19
7568	ZNF20
7569	ZNF182
7570	ZNF22
7571	ZNF23
7572	ZNF24
7574	ZNF26
7576	ZNF28
7577	ZNF29P
7579	ZSCAN20
7580	ZNF32
7581	ZNF33A
7582	ZNF33B
7584	ZNF35
7586	ZKSCAN1
7587	ZNF37A
7589	ZSCAN21
7592	ZNF41
7593	MZF1
7594	ZNF43
7596	ZNF45
7597	ZBTB25
7608	ZNF56P
7617	ZNF66
7618	ZNF726P1
7620	ZNF69
7621	ZNF70
7625	ZNF74
7626	ZNF75D
7627	ZNF75A
7628	ZNF75BP
7629	ZNF76
7633	ZNF79
7634	ZNF80
7637	ZNF84
7638	ZNF221
7639	ZNF85
7643	ZNF90
7644	ZNF91
7652	ZNF99
7661	ZNF90P1
7673	ZNF222
7675	ZNF121
7678	ZNF124
7681	MKRN3
7682	MKRN4P
7683	MKRN5P
7686	MKRN7P
7690	ZNF131
7691	ZNF132
7692	ZNF133
7693	ZNF134
7694	ZNF135
7695	ZNF136
7696	ZNF137P
7697	ZNF138
7699	ZNF140
7700	ZNF141
7701	ZNF142
7702	ZNF143
7703	PCGF2
7704	ZBTB16
7705	ZNF146
7706	TRIM25
7707	ZNF148
7709	ZBTB17
7710	ZNF154
7711	ZNF155
7712	ZNF157
7716	VEZF1
7718	ZNF165
7726	TRIM26
7727	ZNF174
7728	ZNF175
7730	ZNF177
7732	RNF112
7733	ZNF180
7737	RNF113A
7738	ZNF184
7739	ZNF185
7741	ZSCAN26
7743	ZNF189
7745	ZKSCAN8
7746	ZSCAN9
7748	ZNF195
7750	ZMYM2
7752	ZNF200
7753	ZNF202
7754	ZNF204P
7755	ZNF205
7756	ZNF207
7757	ZNF208
7760	ZNF213
7761	ZNF214
7762	ZNF215
7763	ZFAND5
7764	ZNF217
7766	ZNF223
7767	ZNF224
7768	ZNF225
7769	ZNF226
7770	ZNF227
7771	ZNF112
7772	ZNF229
7773	ZNF230
7775	ZNF232
7776	ZNF236
7779	SLC30A1
7780	SLC30A2
7781	SLC30A3
7782	SLC30A4
7783	ZP2
7784	ZP3
7786	MAP3K12
7789	ZXDA
7791	ZYX
7798	LUZP1
7799	PRDM2
7802	DNALI1
7803	PTP4A1
7804	LRP8
7805	LAPTM5
7809	BSND
7812	CSDE1
7813	EVI5
7818	DAP3
7827	NPHS2
7832	BTG2
7837	PXDN
7840	ALMS1
7841	MOGS
7844	RNF103
7845	PAFAH1B1P1
7846	TUBA1A
7849	PAX8
7850	IL1R2
7851	MALL
7852	CXCR4
7855	FZD5
7857	SCG2
7862	BRPF1
7866	IFRD2
7867	MAPKAPK3
7869	SEMA3B
7871	SLMAP
7873	MANF
7874	USP7
7879	RAB7A
7881	KCNAB1
7884	SLBP
7903	ST8SIA4
7905	REEP5
7913	DEK
7915	ALDH5A1
7916	PRRC2A
7917	BAG6
7918	GPANK1
7919	DDX39B
7920	ABHD16A
7922	SLC39A7
7923	HSD17B8
7932	OR2H2
7936	NELFE
7940	LST1
7941	PLA2G7
7942	TFEB
7955	RNF217-AS1
7957	EPM2A
7965	AIMP2
7975	MAFK
7976	FZD3
7978	MTERF1
7979	SEM1
7980	TFPI2
7982	ST7
7984	ARHGEF5
7988	ZNF212
7991	TUSC3
7993	UBXN8
7994	KAT6A
8000	PSCA
8001	GLRA3
8013	NR4A3
8019	BRD3
8021	NUP214
8022	LHX3
8027	STAM
8028	MLLT10
8029	CUBN
8030	CCDC6
8031	NCOA4
8034	SLC25A16
8036	SHOC2
8038	ADAM12
8045	RASSF7
8048	CSRP3
8050	PDHX
8061	FOSL1
8065	CUL5
8073	PTP4A2
8074	FGF23
8076	MFAP5
8078	USP5
8079	MLF2
8082	SSPN
8085	KMT2D
8086	AAAS
8087	FXR1
8089	YEATS4
8091	HMGA2
8092	ALX1
8099	CDK2AP1
8100	IFT88
8106	PABPN1
8110	DPF3
8111	GPR68
8115	TCL1A
8120	AP3B2
8123	PWAR5
8125	ANP32A
8128	ST8SIA2
8131	NPRL3
8139	GAN
8140	SLC7A5
8148	TAF15
8153	RND2
8161	COIL
8165	AKAP1
8170	SLC14A2
8174	MADCAM1
8175	SF3A2
8178	ELL
8187	ZNF239
8189	SYMPK
8190	MIA
8192	CLPP
8193	DPF1
8195	MKKS
8200	GDF5
8202	NCOA3
8204	NRIP1
8208	CHAF1B
8209	GATD3
8214	DGCR6
8215	DVL1P1
8216	LZTR1
8218	CLTCL1
8220	ESS2
8224	SYN3
8225	GTPBP6
8226	PUDP
8227	AKAP17A
8228	PNPLA4
8233	ZRSR2
8237	USP11
8239	USP9X
8241	RBM10
8242	KDM5C
8243	SMC1A
8251	HNRNPDP1
8260	NAA10
8263	F8A1
8266	UBL4A
8269	TMEM187
8270	LAGE3
8273	SLC10A3
8277	TKTL1
8284	KDM5D
8287	USP9Y
8288	EPX
8289	ARID1A
8290	H3-4
8291	DYSF
8292	COLQ
8293	SERF1A
8294	H4C9
8295	TRRAP
8301	PICALM
8302	KLRC4
8303	SNN
8309	ACOX2
8310	ACOX3
8312	AXIN1
8313	AXIN2
8314	BAP1
8315	BRAP
8317	CDC7
8318	CDC45
8320	EOMES
8321	FZD1
8322	FZD4
8323	FZD6
8324	FZD7
8325	FZD8
8326	FZD9
8327	GABPAP
8328	GFI1B
8329	H2AC13
8330	H2AC15
8331	H2AC14
8332	H2AC16
8333	H2AC10P
8334	H2AC6
8335	H2AC4
8336	H2AC17
8337	H2AC18
8338	H2AC20
8339	H2BC8
8340	H2BC13
8341	H2BC15
8342	H2BC14
8343	H2BC7
8344	H2BC6
8345	H2BC9
8346	H2BC10
8347	H2BC4
8348	H2BC17
8349	H2BC21
8350	H3C1
8351	H3C4
8352	H3C3
8353	H3C6
8354	H3C11
8355	H3C8
8356	H3C12
8357	H3C10
8358	H3C2
8359	H4C1
8360	H4C4
8361	H4C6
8362	H4C12
8363	H4C11
8364	H4C3
8365	H4C8
8366	H4C2
8367	H4C5
8368	H4C13
8369	H4C7
8370	H4C14
8372	HYAL3
8373	IFIT1P1
8377	LOH1CR1
8379	MAD1L1
8382	NME5
8383	OR1A1
8384	OR1D3P
8386	OR1D5
8387	OR1E1
8388	OR1E2
8389	OR1E3
8390	OR1G1
8391	OR1P1
8392	OR3A3
8394	PIP5K1A
8395	PIP5K1B
8396	PIP4K2B
8398	PLA2G6
8399	PLA2G10
8402	SLC25A11
8403	SOX14
8404	SPARCL1
8405	SPOP
8406	SRPX
8407	TAGLN2
8408	ULK1
8409	UXT
8410	RPS9P1
8411	EEA1
8412	BCAR3
8416	ANXA9
8417	STX7
8418	CMAHP
8419	BFSP2
8420	SNHG3
8424	BBOX1
8425	LTBP4
8427	ZNF282
8428	STK24
8431	NR0B2
8433	UTF1
8434	RECK
8435	SOAT2
8436	CAVIN2
8437	RASAL1
8438	RAD54L
8439	NSMAF
8440	NCK2
8443	GNPAT
8444	DYRK3
8445	DYRK2
8446	DUSP11
8447	DOC2B
8448	DOC2A
8449	DHX16
8450	CUL4B
8451	CUL4A
8452	CUL3
8453	CUL2
8454	CUL1
8455	ATRN
8456	FOXN1
8458	TTF2
8459	TPST2
8460	TPST1
8462	KLF11
8463	TEAD2
8464	SUPT3H
8467	SMARCA5
8468	FKBP6
8470	SORBS2
8471	IRS4
8473	OGT
8476	CDC42BPA
8477	GPR65
8479	HIRIP3
8480	RAE1
8481	OFD1
8482	SEMA7A
8483	CILP
8484	GALR3
8487	GEMIN2
8488	RPL3P1
8489	RPL23AP3
8490	RGS5
8491	MAP4K3
8492	PRSS12
8493	PPM1D
8495	PPFIBP2
8496	PPFIBP1
8497	PPFIA4
8498	RANBP3
8499	PPFIA2
8500	PPFIA1
8501	SLC43A1
8502	PKP4
8503	PIK3R3
8504	PEX3
8505	PARG
8506	CNTNAP1
8507	ENC1
8508	NIPSNAP1
8509	NDST2
8510	MMP23B
8511	MMP23A
8512	MBL1P
8513	LIPF
8514	KCNAB2
8515	ITGA10
8516	ITGA8
8517	IKBKG
8518	ELP1
8519	IFITM1
8520	HAT1
8521	GCM1
8522	GAS7
8525	DGKZ
8526	DGKE
8527	DGKD
8528	DDO
8529	CYP4F2
8530	CST7
8531	YBX3
8532	CPZ
8533	COPS3
8534	CHST1
8535	CBX4
8536	CAMK1
8537	BCAS1
8538	BARX2
8539	API5
8540	AGPS
8541	PPFIA3
8542	APOL1
8543	LMO4
8544	PIR
8545	CGGBP1
8546	AP3B1
8547	FCN3
8548	BLZF1
8549	LGR5
8550	MAPKAPK5
8551	INE2
8552	INE1
8553	BHLHE40
8554	PIAS1
8555	CDC14B
8556	CDC14A
8557	TCAP
8558	CDK10
8559	PRPF18
8560	DEGS1
8562	DENR
8563	THOC5
8564	KMO
8565	YARS1
8566	PDXK
8567	MADD
8568	RRP1
8569	MKNK1
8570	KHSRP
8572	PDLIM4
8573	CASK
8574	AKR7A2
8575	PRKRA
8576	STK16
8577	TMEFF1
8578	SCARF1
8580	OR8C1P
8581	LY6D
8582	OR8B1P
8583	OR7E41P
8585	OR7E4P
8586	OR7E87P
8587	OR7E2P
8588	OR7E15P
8590	OR6A2
8591	OR5G1P
8594	OR5D3
8595	OR5D2P
8596	OR4A1P
8600	TNFSF11
8601	RGS20
8602	NOP14
8603	FAM193A
8604	SLC25A12
8605	PLA2G4C
8607	RUVBL1
8608	RDH16
8609	KLF7
8611	PLPP1
8612	PLPP2
8613	PLPP3
8614	STC2
8615	USO1
8618	CADPS
8620	NPFF
8621	CDK13
8622	PDE8B
8623	ASMTL
8624	PSMG1
8625	RFXANK
8626	TP63
8629	JRK
8630	HSD17B6
8631	SKAP1
8632	DNAH17
8633	UNC5C
8634	RTCA
8635	RNASET2
8636	SSNA1
8637	EIF4EBP3
8638	OASL
8639	AOC3
8641	PCDHGB4
8642	DCHS1
8643	PTCH2
8644	AKR1C3
8645	KCNK5
8646	CHRD
8647	ABCB11
8648	NCOA1
8649	LAMTOR3
8650	NUMB
8651	SOCS1
8653	DDX3Y
8654	PDE5A
8655	DYNLL1
8658	TNKS
8659	ALDH4A1
8660	IRS2
8661	EIF3A
8662	EIF3B
8663	EIF3C
8664	EIF3D
8665	EIF3F
8666	EIF3G
8667	EIF3H
8668	EIF3I
8669	EIF3J
8671	SLC4A4
8672	EIF4G3
8673	VAMP8
8674	VAMP4
8675	STX16
8676	STX11
8677	STX10
8678	BECN1
8681	JMJD7-PLA2G4B
8682	PEA15
8683	SRSF9
8685	MARCO
8686	KRT41P
8687	KRT38
8688	KRT37
8689	KRT36
8690	JRKL
8692	HYAL2
8693	GALNT4
8694	DGAT1
8697	CDC23
8698	S1PR4
8701	DNAH11
8702	B4GALT4
8703	B4GALT3
8704	B4GALT2
8705	B3GALT4
8706	B3GALNT1
8707	B3GALT2
8708	B3GALT1
8710	SERPINB7
8711	TNK1
8712	PAGE1
8714	ABCC3
8715	NOL4
8717	TRADD
8718	TNFRSF25
8720	MBTPS1
8721	EDF1
8722	CTSF
8723	SNX4
8724	SNX3
8725	URI1
8726	EED
8727	CTNNAL1
8728	ADAM19
8729	GBF1
8731	RNMT
8732	RNGTT
8733	GPAA1
8735	MYH13
8736	MYOM1
8737	RIPK1
8738	CRADD
8739	HRK
8740	TNFSF14
8741	TNFSF13
8742	TNFSF12
8743	TNFSF10
8744	TNFSF9
8745	ADAM23
8747	ADAM21
8748	ADAM20
8749	ADAM18
8751	ADAM15
8754	ADAM9
8755	ADAM6
8756	ADAM7
8759	ADAM1A
8760	CDS2
8761	PABPC4
8763	CD164
8764	TNFRSF14
8766	RAB11A
8767	RIPK2
8771	TNFRSF6B
8772	FADD
8773	SNAP23
8774	NAPG
8775	NAPA
8776	MTMR1
8777	MPDZ
8778	SIGLEC5
8780	RIOK3
8781	PSPHP1
8784	TNFRSF18
8785	MATN4
8786	RGS11
8787	RGS9
8788	DLK1
8789	FBP2
8790	FPGT
8792	TNFRSF11A
8793	TNFRSF10D
8794	TNFRSF10C
8795	TNFRSF10B
8796	SCEL
8797	TNFRSF10A
8798	DYRK4
8799	PEX11B
8800	PEX11A
8801	SUCLG2
8802	SUCLG1
8803	SUCLA2
8804	CREG1
8805	TRIM24
8807	IL18RAP
8808	IL1RL2
8809	IL18R1
8811	GALR2
8812	CCNK
8813	DPM1
8814	CDKL1
8815	BANF1
8816	DCAF5
8817	FGF18
8818	DPM2
8819	SAP30
8820	HESX1
8821	INPP4B
8822	FGF17
8823	FGF16
8824	CES2
8825	LIN7A
8826	IQGAP1
8828	NRP2
8829	NRP1
8831	SYNGAP1
8832	CD84
8833	GMPS
8834	TMEM11
8835	SOCS2
8836	GGH
8837	CFLAR
8838	CCN6
8839	CCN5
8840	CCN4
8841	HDAC3
8842	PROM1
8843	HCAR3
8844	KSR1
8846	ALKBH1
8847	DLEU2
8848	TSC22D1
8850	KAT2B
8851	CDK5R1
8852	AKAP4
8853	ASAP2
8854	ALDH1A2
8856	NR1I2
8857	FCGBP
8858	PROZ
8859	WHR1
8861	LDB1
8862	APLN
8863	PER3
8864	PER2
8867	SYNJ1
8869	ST3GAL5
8870	IER3
8871	SYNJ2
8872	CDC123
8874	ARHGEF7
8875	VNN2
8876	VNN1
8877	SPHK1
8878	SQSTM1
8879	SGPL1
8880	FUBP1
8881	CDC16
8882	ZPR1
8883	NAE1
8884	SLC5A6
8886	DDX18
8887	TAX1BP1
8888	MCM3AP
8890	EIF2B4
8891	EIF2B3
8892	EIF2B2
8893	EIF2B5
8894	EIF2S2
8895	CPNE3
8896	BUD31
8897	MTMR3
8898	MTMR2
8899	PRP4K
8900	CCNA1
8904	CPNE1
8905	AP1S2
8906	AP1G2
8907	AP1M1
8908	GYG2
8909	ENDOU
8910	SGCE
8911	CACNA1I
8912	CACNA1H
8913	CACNA1G
8914	TIMELESS
8915	BCL10
8916	HERC3
8917	HERC2P1
8918	HERC2P6
8924	HERC2
8925	HERC1
8926	SNURF
8927	BSN
8928	FOXH1
8929	PHOX2B
8930	MBD4
8932	MBD2
8933	RTL8C
8934	RAB29
8935	SKAP2
8936	WASF1
8938	BAIAP3
8939	FUBP3
8940	TOP3B
8941	CDK5R2
8942	KYNU
8943	AP3D1
8944	SNORD73A
8945	BTRC
8968	H3C7
8969	H2AC11
8970	H2BC11
8971	H1-10
8972	MGAM
8973	CHRNA6
8974	P4HA2
8975	USP13
8976	WASL
8985	PLOD3
8986	RPS6KA4
8987	STBD1
8988	HSPB3
8989	TRPA1
8991	SELENBP1
8992	ATP6V0E1
8993	PGLYRP1
8994	LIMD1
8995	TNFSF18
8996	NOL3
8997	KALRN
8999	CDKL2
9001	HAP1
9002	F2RL3
9013	TAF1C
9014	TAF1B
9015	TAF1A
9016	SLC25A14
9019	MPZL1
9020	MAP3K14
9021	SOCS3
9022	CLIC3
9023	CH25H
9024	BRSK2
9025	RNF8
9026	HIP1R
9027	NAT8
9028	RHBDL1
9030	ERDA1
9031	BAZ1B
9032	TM4SF5
9033	PKD2L1
9034	CCRL2
9037	SEMA5A
9038	TAAR5
9039	UBA3
9040	UBE2M
9043	SPAG9
9044	BTAF1
9045	RPL14
9046	DOK2
9047	SH2D2A
9048	ARTN
9049	AIP
9050	PSTPIP2
9051	PSTPIP1
9052	GPRC5A
9053	MAP7
9054	NFS1
9055	PRC1
9056	SLC7A7
9057	SLC7A6
9058	SLC13A2
9060	PAPSS2
9061	PAPSS1
9063	PIAS2
9064	MAP3K6
9066	SYT7
9068	ANGPTL1
9069	CLDN12
9070	ASH2L
9071	CLDN10
9073	CLDN8
9074	CLDN6
9075	CLDN2
9076	CLDN1
9077	DIRAS3
9079	LDB2
9080	CLDN9
9081	PRY
9082	XKRY
9083	BPY2
9084	VCY
9085	CDY1
9086	EIF1AY
9087	TMSB4Y
9088	PKMYT1
9091	PIGQ
9092	SART1
9093	DNAJA3
9094	UNC119
9095	TBX19
9096	TBX18
9097	USP14
9098	USP6
9099	USP2
9100	USP10
9101	USP8
9103	FCGR2C
9104	RGN
9107	MTMR6
9108	MTMR7
9110	MTMR4
9111	NMI
9112	MTA1
9113	LATS1
9114	ATP6V0D1
9117	SEC22C
9118	INA
9119	KRT75
9120	SLC16A6
9121	SLC16A5
9122	SLC16A4
9123	SLC16A3
9124	PDLIM1
9125	CNOT9
9126	SMC3
9127	P2RX6
9128	PRPF4
9129	PRPF3
9130	FAM50A
9131	AIFM1
9132	KCNQ4
9133	CCNB2
9134	CCNE2
9135	RABEP1
9136	RRP9
9138	ARHGEF1
9139	CBFA2T2
9140	ATG12
9141	PDCD5
9143	SYNGR3
9144	SYNGR2
9145	SYNGR1
9146	HGS
9147	NEMF
9148	NEURL1
9149	DYRK1B
9150	CTDP1
9152	SLC6A5
9153	SLC28A2
9154	SLC28A1
9156	EXO1
9158	FIBP
9159	PCSK7
9162	DGKI
9163	AMLCR2
9166	EBAG9
9167	COX7A2L
9168	TMSB10
9169	SCAF11
9170	LPAR2
9172	MYOM2
9173	IL1RL1
9175	MAP3K13
9177	HTR3B
9179	AP4M1
9180	OSMR
9181	ARHGEF2
9182	RASSF9
9183	ZW10
9184	BUB3
9185	REPS2
9187	SLC24A1
9188	DDX21
9189	ZBED1
9191	DEDD
9194	SLC16A7
9196	KCNAB3
9197	SLC33A1
9200	HACD1
9201	DCLK1
9202	ZMYM4
9203	ZMYM3
9204	ZMYM6
9205	ZMYM5
9206	RAD17P2
9207	RAD17P1
9208	LRRFIP1
9209	LRRFIP2
9210	BMP15
9211	LGI1
9212	AURKB
9213	XPR1
9214	FCMR
9215	LARGE1
9217	VAPB
9218	VAPA
9219	MTA2
9221	NOLC1
9223	MAGI1
9227	LRAT
9228	DLGAP2
9229	DLGAP1
9230	RAB11B
9231	DLG5
9232	PTTG1
9235	IL32
9236	CCPG1
9238	TBRG4
9240	PNMA1
9241	NOG
9242	MSC
9244	CRLF1
9245	GCNT3
9246	UBE2L6
9247	GCM2
9248	GPR50
9249	DHRS3
9252	RPS6KA5
9253	NUMBL
9254	CACNA2D2
9255	AIMP1
9256	TSPOAP1
9258	MFHAS1
9260	PDLIM7
9261	MAPKAPK2
9262	STK17B
9263	STK17A
9265	CYTH3
9266	CYTH2
9267	CYTH1
9270	ITGB1BP1
9271	PIWIL1
9274	BCL7C
9275	BCL7B
9276	COPB2
9277	WDR46
9278	ZBTB22
9282	MED14
9283	GPR37L1
9284	NPIPA1
9287	TAAR2
9288	TAAR3P
9289	ADGRG1
9290	GPR55
9292	GPR53P
9293	GPR52
9294	S1PR2
9295	SRSF11
9296	ATP6V1F
9297	SNORD29
9298	SNORD31
9299	SNORD30
9300	SNORD28
9301	SNORD27
9302	SNORD26
9303	SNORD25
9304	SNORD22
9306	SOCS6
9308	CD83
9310	ZNF235
9311	ASIC3
9312	KCNB2
9313	MMP20
9314	KLF4
9315	NREP
9317	PTER
9318	COPS2
9319	TRIP13
9320	TRIP12
9321	TRIP11
9322	TRIP10
9324	HMGN3
9325	TRIP4
9326	ZNHIT3
9328	GTF3C5
9329	GTF3C4
9330	GTF3C3
9331	B4GALT6
9332	CD163
9333	TGM5
9334	B4GALT5
9337	CNOT8
9338	TCEAL1
9340	GLP2R
9341	VAMP3
9342	SNAP29
9343	EFTUD2
9344	TAOK2
9348	NDST3
9349	RPL23
9350	CER1
9351	NHERF2
9352	TXNL1
9353	SLIT2
9354	UBE4A
9355	LHX2
9356	SLC22A6
9358	ITGBL1
9360	PPIG
9361	LONP1
9362	CPNE6
9363	RAB33A
9364	RAB28
9365	KL
9366	RAB9BP1
9367	RAB9A
9368	NHERF1
9369	NRXN3
9370	ADIPOQ
9371	KIF3B
9372	ZFYVE9
9373	PLAA
9374	PPT2
9375	TM9SF2
9376	SLC22A8
9377	COX5A
9378	NRXN1
9379	NRXN2
9380	GRHPR
9381	OTOF
9382	COG1
9383	TSIX
9384	COX6CP1
9385	COX5AP1
9386	COX7CP1
9388	LIPG
9389	SLC22A14
9390	SLC22A13
9391	CIAO1
9392	TGFBRAP1
9394	HS6ST1
9397	NMT2
9398	CD101
9399	STOML1
9400	RECQL5
9401	RECQL4
9402	GRAP2
9403	SELENOF
9404	LPXN
9406	ZRANB2
9407	TMPRSS11D
9409	PEX16
9410	SNRNP40
9411	ARHGAP29
9412	MED21
9413	ENTREP1
9414	TJP2
9415	FADS2
9416	DDX23
9419	CRIPT
9420	CYP7B1
9421	HAND1
9422	ZNF264
9423	NTN1
9424	KCNK6
9425	CDYL
9426	CDY2A
9427	ECEL1
9429	ABCG2
9430	MYLKP1
9431	OR7E22P
9432	OR7E21P
9435	CHST2
9436	NCR2
9437	NCR1
9439	MED23
9440	MED17
9441	MED26
9442	MED27
9443	MED7
9444	QKI
9445	ITM2B
9446	GSTO1
9447	AIM2
9448	MAP4K4
9450	LY86
9451	EIF2AK3
9452	ITM2A
9453	GGPS1
9454	HOMER3
9455	HOMER2
9456	HOMER1
9457	FHL5
9459	ARHGEF6
9462	RASAL2
9463	PICK1
9464	HAND2
9465	AKAP7
9466	IL27RA
9467	SH3BP5
9468	PCYT1B
9469	CHST3
9470	EIF4E2
9472	AKAP6
9473	THEMIS2
9474	ATG5
9475	ROCK2
9476	NAPSA
9477	MED20
9478	CABP1
9479	MAPK8IP1
9480	ONECUT2
9481	SLC25A27
9482	STX8
9486	CHST10
9487	PIGL
9488	PIGB
9489	PGS1
9491	PSMF1
9493	KIF23
9495	AKAP5
9496	TBX4
9497	SLC4A7
9498	SLC4A8
9499	MYOT
9500	MAGED1
9501	RPH3AL
9502	XAGE2
9506	PAGE4
9507	ADAMTS4
9508	ADAMTS3
9509	ADAMTS2
9510	ADAMTS1
9512	PMPCB
9513	FXR2
9514	GAL3ST1
9515	STXBP5L
9516	LITAF
9517	SPTLC2
9518	GDF15
9519	TBPL1
9520	NPEPPS
9521	EEF1E1
9522	SCAMP1
9524	TECR
9525	VPS4B
9526	MPDU1
9527	GOSR1
9528	TMEM59
9529	BAG5
9530	BAG4
9531	BAG3
9532	BAG2
9533	POLR1C
9534	ZNF254
9535	GMFG
9536	PTGES
9537	TP53I11
9538	EI24
9540	TP53I3
9541	CIRSR
9542	NRG2
9543	IGDCC3
9545	RAB3D
9546	APBA3
9547	CXCL14
9550	ATP6V1G1
9551	ATP5MF
9552	SPAG7
9553	MRPL33
9554	SEC22B
9555	MACROH2A1
9556	ATP5MJ
9557	CHD1L
9559	VPS26A
9560	CCL4L2
9562	MINPP1
9563	H6PD
9564	BCAR1
9567	GTPBP1
9568	GABBR2
9569	GTF2IRD1
9570	GOSR2
9572	NR1D1
9573	GDF3
9575	CLOCK
9576	SPAG6
9577	BABAM2
9578	CDC42BPB
9580	SOX13
9581	PREPL
9582	APOBEC3B
9583	ENTPD4
9584	RBM39
9585	KIF20B
9586	CREB5
9587	MAD2L1BP
9588	PRDX6
9589	WTAP
9590	AKAP12
9592	IER2
9595	CYTIP
9596	OR1R1
9597	SMAD5-AS1
9600	PITPNM1
9601	PDIA4
9603	NFE2L3
9604	RNF14
9605	VPS9D1
9607	CARTPT
9609	RAB36
9610	RIN1
9611	NCOR1
9612	NCOR2
9615	GDA
9616	RNF7
9617	MTRF1
9618	TRAF4
9619	ABCG1
9620	CELSR1
9622	KLK4
9623	TCL1B
9625	AATK
9626	GUCA1C
9627	SNCAIP
9628	RGS6
9629	CLCA3P
9630	GNA14
9631	NUP155
9632	SEC24C
9633	TESMIN
9635	CLCA2
9636	ISG15
9637	FEZ2
9638	FEZ1
9639	ARHGEF10
9640	ZNF592
9641	IKBKE
9643	MORF4L2
9644	SH3PXD2A
9645	MICAL2
9646	CTR9
9647	PPM1F
9648	GCC2
9649	RALGPS1
9650	MTFR1
9651	PLCH2
9652	SKIC3
9653	HS2ST1
9654	TTLL4
9655	SOCS5
9656	MDC1
9657	IQCB1
9658	ZNF516
9659	PDE4DIP
9662	CEP135
9663	LPIN2
9665	MARF1
9666	DZIP3
9667	SAFB2
9668	ZNF432
9669	EIF5B
9670	IPO13
9671	WSCD2
9672	SDC3
9673	SLC25A44
9674	KIAA0040
9675	TTI1
9677	PPIP5K1
9678	PHF14
9679	FAM53B
9681	DEPDC5
9682	KDM4A
9683	N4BP1
9684	LRRC14
9685	CLINT1
9686	VGLL4
9687	GREB1
9688	NUP93
9689	BZW1
9690	UBE3C
9692	PRORP
9693	RAPGEF2
9694	EMC2
9695	EDEM1
9696	CROCC
9697	TRAM2
9698	PUM1
9699	RIMS2
9700	ESPL1
9701	PPP6R2
9702	CEP57
9703	BLTP2
9704	DHX34
9705	ST18
9706	ULK2
9708	PCDHGA8
9709	HERPUD1
9710	GARRE1
9711	RUBCN
9712	USP6NL
9715	FAM131B
9716	AQR
9717	SEC14L5
9718	ECE2
9719	ADAMTSL2
9720	CCDC144A
9721	GPRIN2
9722	NOS1AP
9723	SEMA3E
9724	UTP14C
9725	TMEM63A
9726	ZNF646
9727	RAB11FIP3
9728	SECISBP2L
9729	KIAA0408
9730	DCAF1
9731	CEP104
9732	DOCK4
9733	SART3
9734	HDAC9
9735	KNTC1
9736	USP34
9737	GPRASP1
9738	CCP110
9739	SETD1A
9741	LAPTM4A
9742	IFT140
9743	ARHGAP32
9744	ACAP1
9745	ZNF536
9746	CLSTN3
9747	TCAF1
9748	SLK
9749	PHACTR2
9750	RIPOR2
9751	SNPH
9752	PCDHA9
9753	ZSCAN12
9754	STARD8
9755	TBKBP1
9757	KMT2B
9758	FRMPD4
9759	HDAC4
9760	TOX
9761	MLEC
9762	LZTS3
9764	KIAA0513
9765	ZFYVE16
9766	SUSD6
9767	JADE3
9768	PCLAF
9770	RASSF2
9771	RAPGEF5
9772	TMEM94
9774	BCLAF1
9775	EIF4A3
9776	ATG13
9777	TM9SF4
9778	KIAA0232
9779	TBC1D5
9780	PIEZO1
9781	RNF144A
9782	MATR3
9783	RIMS3
9784	SNX17
9785	DHX38
9786	KIAA0586
9787	DLGAP5
9788	MTSS1
9789	SPCS2
9790	BMS1
9791	PTDSS1
9792	SERTAD2
9793	CKAP5
9794	MAML1
9796	PHYHIP
9797	TATDN2
9798	IST1
9801	MRPL19
9802	DAZAP2
9804	TOMM20
9805	SCRN1
9806	SPOCK2
9807	IP6K1
9808	KIAA0087
9810	RNF40
9811	CTIF
9812	DELE1
9813	EFCAB14
9814	SFI1
9815	GIT2
9816	URB2
9817	KEAP1
9818	NUP58
9819	TSC22D2
9820	CUL7
9821	RB1CC1
9823	ARMCX2
9824	ARHGAP11A
9825	SPATA2
9826	ARHGEF11
9827	RGP1
9828	ARHGEF17
9829	DNAJC6
9830	TRIM14
9831	ZNF623
9832	JAKMIP2
9833	MELK
9834	FAM30A
9836	LCMT2
9837	GINS1
9839	ZEB2
9840	TESPA1
9841	ZBTB24
9842	PLEKHM1
9843	HEPH
9844	ELMO1
9846	GAB2
9847	C2CD5
9848	MFAP3L
9849	ZNF518A
9851	KIAA0753
9852	EPM2AIP1
9853	RUSC2
9854	C2CD2L
9855	FARP2
9856	KIAA0319
9857	CEP350
9858	PPP1R26
9859	CEP170
9860	LRIG2
9861	PSMD6
9862	MED24
9863	MAGI2
9865	TRIL
9866	TRIM66
9867	PJA2
9868	TOMM70
9869	SETDB1
9870	AREL1
9871	SEC24D
9873	FCHSD2
9874	TLK1
9875	URB1
9877	ZC3H11A
9878	TOX4
9879	DDX46
9880	ZBTB39
9881	TRANK1
9882	TBC1D4
9883	POM121
9884	LRRC37A
9885	OSBPL2
9886	RHOBTB1
9887	SMG7
9889	ZBED4
9890	PLPPR4
9891	NUAK1
9892	SNAP91
9894	TELO2
9895	TECPR2
9896	FIG4
9897	WASHC5
9898	UBAP2L
9899	SV2B
9900	SV2A
9901	SRGAP3
9902	MRC2
9903	KLHL21
9904	RBM19
9905	SGSM2
9906	SLC35E2A
9907	AP5Z1
9908	G3BP2
9909	DENND4B
9910	RABGAP1L
9911	TMCC2
9912	ARHGAP44
9913	SUPT7L
9914	ATP2C2
9915	ARNT2
9917	FAM20B
9918	NCAPD2
9919	SEC16A
9920	KBTBD11
9921	RNF10
9922	IQSEC1
9923	ZBTB40
9924	PAN2
9925	ZBTB5
9926	LPGAT1
9927	MFN2
9928	KIF14
9929	JOSD1
9931	HELZ
9933	PUM3
9934	P2RY14
9935	MAFB
9936	CD302
9937	DCLRE1A
9938	ARHGAP25
9939	RBM8A
9940	DLEC1
9941	EXOG
9942	XYLB
9943	OXSR1
9945	GFPT2
9946	CRYZL1
9947	MAGEC1
9948	WDR1
9949	AMMECR1
9950	GOLGA5
9951	HS3ST4
9953	HS3ST3B1
9955	HS3ST3A1
9956	HS3ST2
9957	HS3ST1
9958	USP15
9959	USP12P1
9960	USP3
9961	MVP
9962	SLC23A2
9963	SLC23A1
9964	MYCLP3
9965	FGF19
9966	TNFSF15
9967	THRAP3
9968	MED12
9969	MED13
9970	NR1I3
9971	NR1H4
9972	NUP153
9973	CCS
9975	NR1D2
9976	CLEC2B
9978	RBX1
9980	DOP1B
9982	FGFBP1
9984	THOC1
9985	REC8
9986	RCE1
9987	HNRNPDL
9988	DMTF1
9989	PPP4R1
9990	SLC12A6
9991	PTBP3
9992	KCNE2
9993	DGCR2
9994	CASP8AP2
9995	ELK2BP
9997	SCO2
10000	AKT3
10001	MED6
10002	NR2E3
10003	NAALAD2
10004	NAALADL1
10005	ACOT8
10006	ABI1
10007	GNPDA1
10008	KCNE3
10009	ZBTB33
10010	TANK
10011	SRA1
10013	HDAC6
10014	HDAC5
10015	PDCD6IP
10016	PDCD6
10017	BCL2L10
10018	BCL2L11
10019	SH2B3
10020	GNE
10021	HCN4
10022	INSL5
10023	FRAT1
10024	TROAP
10025	MED16
10026	PIGK
10029	CASKP1
10031	SHROOM2P1
10033	ARSLP1
10034	ARSDP1
10036	CHAF1A
10038	PARP2
10039	PARP3
10040	TOM1L1
10042	HMGXB4
10043	TOM1
10044	SH2D3C
10045	SH2D3A
10046	MAMLD1
10047	CST8
10048	RANBP9
10049	DNAJB6
10050	SLC17A4
10051	SMC4
10052	GJC1
10053	AP1M2
10054	UBA2
10055	SAE1
10056	FARSB
10057	ABCC5
10058	ABCB6
10059	DNM1L
10060	ABCC9
10061	ABCF2
10062	NR1H3
10063	COX17
10064	VDAC1P2
10066	SCAMP2
10067	SCAMP3
10068	IL18BP
10069	RWDD2B
10071	MUC12
10072	DPP3
10073	SNUPN
10075	HUWE1
10076	PTPRU
10077	TSPAN32
10078	TSSC4
10079	ATP9A
10081	PDCD7
10082	GPC6
10083	USH1C
10084	PQBP1
10085	EDIL3
10086	HHLA1
10087	CERT1
10089	KCNK7
10090	UST
10092	ARPC5
10093	ARPC4
10094	ARPC3
10095	ARPC1B
10096	ACTR3
10097	ACTR2
10098	TSPAN5
10099	TSPAN3
10100	TSPAN2
10101	NUBP2
10102	TSFM
10103	TSPAN1
10105	PPIF
10106	CTDSP2
10107	TRIM10
10109	ARPC2
10110	SGK2
10111	RAD50
10112	KIF20A
10113	PREB
10114	HIPK3
10116	FEM1B
10117	ENAM
10120	ACTR1B
10121	ACTR1A
10123	ARL4C
10124	ARL4A
10125	RASGRP1
10126	DNAL4
10127	ZNF263
10128	LRPPRC
10129	FRY
10130	PDIA6
10131	TRAP1
10133	OPTN
10134	BCAP31
10135	NAMPT
10136	CELA3A
10137	RBM12
10138	YAF2
10139	ARFRP1
10140	TOB1
10141	LINC01587
10142	AKAP9
10143	CLEC3A
10144	FAM13A
10146	G3BP1
10147	SUGP2
10148	EBI3
10149	ADGRG2
10150	MBNL2
10151	HNRNPA3P1
10152	ABI2
10153	CEBPZ
10154	PLXNC1
10155	TRIM28
10156	RASA4
10157	AASS
10158	PDZK1IP1
10159	ATP6AP2
10160	FARP1
10161	LPAR6
10162	LPCAT3
10163	WASF2
10164	CHST4
10165	SLC25A13
10166	SLC25A15
10168	ZNF197
10169	SERF2
10170	DHRS9
10171	RCL1
10172	ZNF256
10174	SORBS3
10175	CNIH1
10178	TENM1
10179	RBM7
10180	RBM6
10181	RBM5
10184	LHFPL2
10186	LHFPL6
10187	VDAC1P5
10188	TNK2
10189	ALYREF
10190	TXNDC9
10193	RNF41
10194	TSHZ1
10195	ALG3
10196	PRMT3
10197	PSME3
10198	MPHOSPH9
10199	MPHOSPH10
10200	MPHOSPH6
10201	NME6
10202	DHRS2
10203	CALCRL
10204	NUTF2
10205	MPZL2
10206	TRIM13
10207	PATJ
10208	USPL1
10209	EIF1
10210	TOPORS
10211	FLOT1
10212	DDX39A
10213	PSMD14
10214	SSX3
10215	OLIG2
10216	PRG4
10217	CTDSPL
10218	ANGPTL7
10219	KLRG1
10220	GDF11
10221	TRIB1
10223	GPA33
10224	ZNF443
10225	CD96
10226	PLIN3
10227	SLC75A1
10228	STX6
10229	COQ7
10230	NBR2
10231	RCAN2
10232	MSLN
10233	LRRC23
10234	LRRC17
10235	RASGRP2
10236	HNRNPR
10237	SLC35B1
10238	DCAF7
10239	AP3S2
10240	MRPS31
10241	CALCOCO2
10242	KCNMB2
10243	GPHN
10244	RABEPK
10245	TIMM17B
10246	SLC17A2
10247	RIDA
10248	POP7
10249	GLYAT
10250	SRRM1
10251	SPRY3
10252	SPRY1
10253	SPRY2
10254	STAM2
10255	HCG9
10256	CNKSR1
10257	ABCC4
10260	DENND4A
10261	IGSF6
10262	SF3B4
10263	CDK2AP2
10265	IRX5
10266	RAMP2
10267	RAMP1
10268	RAMP3
10269	ZMPSTE24
10270	AKAP8
10272	FSTL3
10273	STUB1
10274	STAG1
10276	NET1
10277	UBE4B
10278	EFS
10279	PRSS16
10280	SIGMAR1
10281	DSCR4
10282	BET1
10283	CWC27
10284	SAP18
10285	SMNDC1
10286	BCAS2
10287	RGS19
10288	LILRB2
10289	EIF1B
10290	SPEG
10291	SF3A1
10293	TRAIP
10294	DNAJA2
10295	BCKDK
10296	MAEA
10297	APC2
10298	PAK4
10299	MARCHF6
10300	KATNB1
10301	DLEU1
10302	SNAPC5
10307	APBB3
10308	ZNF267
10309	CCNO
10311	VPS26C
10312	TCIRG1
10313	RTN3
10314	LANCL1
10316	NMUR1
10317	B3GALT5
10318	TNIP1
10319	LAMC3
10320	IKZF1
10321	CRISP3
10322	SMYD5
10324	KLHL41
10325	RRAGB
10326	SIRPB1
10327	AKR1A1
10328	EMC8
10329	RXYLT1
10330	CNPY2
10331	B3GNT3
10332	CLEC4M
10333	TLR6
10335	IRAG1
10336	PCGF3
10337	H4C10P
10338	H3P26
10340	H2BC16P
10341	H2AC5P
10342	TFG
10343	PKDREJ
10344	CCL26
10345	TRDN
10346	TRIM22
10347	ABCA7
10349	ABCA10
10350	ABCA9
10351	ABCA8
10352	WARS2
10354	HMGB1P5
10355	HMGB1P4
10356	HMGB1P3
10357	HMGB1P1
10360	NPM3
10361	NPM2
10362	HMG20B
10363	HMG20A
10365	KLF2
10367	MICU1
10368	CACNG3
10369	CACNG2
10370	CITED2
10371	SEMA3A
10376	TUBA1B
10379	IRF9
10380	BPNT1
10381	TUBB3
10382	TUBB4A
10383	TUBB4B
10384	BTN3A3
10385	BTN2A2
10388	SYCP2
10389	SCML2
10390	CEPT1
10391	CORO2B
10392	NOD1
10393	ANAPC10
10394	PRG3
10395	DLC1
10396	ATP8A1
10397	NDRG1
10398	MYL9
10399	RACK1
10400	PEMT
10401	PIAS3
10402	ST3GAL6
10403	NDC80
10404	CPQ
10406	WFDC2
10407	SPAG11B
10408	MYCNOS
10409	BASP1
10410	IFITM3
10411	RAPGEF3
10412	NSA2
10413	YAP1
10415	SNAI1P1
10417	SPON2
10418	SPON1
10419	PRMT5
10420	TESK2
10421	CD2BP2
10422	UBAC1
10423	CDIPT
10424	PGRMC2
10425	ARIH2
10426	TUBGCP3
10427	SEC24B
10428	CFDP1
10430	TMEM147
10432	RBM14
10434	LYPLA1
10435	CDC42EP2
10436	EMG1
10437	IFI30
10438	C1D
10439	OLFM1
10440	TIMM17A
10443	N4BP2L2
10444	ZER1
10445	MCRS1
10446	LRRN2
10447	FAM3C
10449	ACAA2
10450	PPIE
10451	VAV3
10452	TOMM40
10454	TAB1
10455	ECI2
10456	HAX1
10457	GPNMB
10458	BAIAP2
10459	MAD2L2
10460	TACC3
10461	MERTK
10462	CLEC10A
10463	SLC30A9
10464	PIBF1
10465	PPIH
10466	COG5
10467	ZNHIT1
10468	FST
10469	TIMM44
10471	PFDN6
10472	ZBTB18
10473	HMGN4
10474	TADA3
10475	TRIM38
10476	ATP5PD
10477	UBE2E3
10478	SLC25A17
10479	SLC9A6
10480	EIF3M
10481	HOXB13
10482	NXF1
10483	SEC23B
10484	SEC23A
10485	MIR9-1HG
10486	CAP2
10487	CAP1
10488	CREB3
10489	LRRC41
10490	VTI1B
10491	CRTAP
10492	SYNCRIP
10493	VAT1
10494	STK25
10495	ENOX2
10497	UNC13B
10498	CARM1
10499	NCOA2
10500	SEMA6C
10501	SEMA6B
10505	SEMA4F
10507	SEMA4D
10509	SEMA4B
10512	SEMA3C
10513	APPBP2
10514	MYBBP1A
10516	FBLN5
10517	FBXW10
10518	CIB2
10519	CIB1
10520	ZNF211
10521	DDX17
10522	DEAF1
10523	CHERP
10524	KAT5
10525	HYOU1
10526	IPO8
10527	IPO7
10528	NOP56
10529	NEBL
10531	PITRM1
10533	ATG7
10534	ZNRD2
10535	RNASEH2A
10536	P3H3
10537	UBD
10538	BATF
10539	GLRX3
10540	DCTN2
10541	ANP32B
10542	LAMTOR5
10544	PROCR
10548	TM9SF1
10549	PRDX4
10550	ARL6IP5
10551	AGR2
10552	ARPC1A
10553	HTATIP2
10554	AGPAT1
10555	AGPAT2
10556	RPP30
10557	RPP38
10558	SPTLC1
10559	SLC35A1
10560	SLC19A2
10561	IFI44
10562	OLFM4
10563	CXCL13
10564	ARFGEF2
10565	ARFGEF1
10566	AKAP3
10567	RABAC1
10568	SLC34A2
10569	SLU7
10570	DPYSL4
10572	SIVA1
10573	MRPL28
10574	CCT7
10575	CCT4
10576	CCT2
10577	NPC2
10578	GNLY
10579	TACC2
10580	SORBS1
10581	IFITM2
10584	COLEC10
10585	POMT1
10586	MAB21L2
10587	TXNRD2
10588	MTHFS
10589	DRAP1
10590	SCGN
10591	DNPH1
10592	SMC2
10594	PRPF8
10595	ERN2
10597	TRAPPC2B
10598	AHSA1
10599	SLCO1B1
10600	USP16
10602	CDC42EP3
10603	SH2B2
10605	PAIP1
10606	PAICS
10607	TBL3
10608	MXD4
10609	P3H4
10610	ST6GALNAC2
10611	PDLIM5
10612	TRIM3
10613	ERLIN1
10614	HEXIM1
10615	SPAG5
10616	RBCK1
10617	STAMBP
10618	TGOLN2
10620	ARID3B
10621	POLR3F
10622	POLR3G
10623	POLR3C
10625	IVNS1ABP
10626	TRIM16
10627	MYL12A
10628	TXNIP
10629	TAF6L
10630	PDPN
10631	POSTN
10632	ATP5MG
10633	RASL10A
10634	GAS2L1
10635	RAD51AP1
10636	RGS14
10637	LEFTY1
10638	SPHAR
10640	EXOC5
10641	NPRL2
10642	IGF2BP1
10643	IGF2BP3
10644	IGF2BP2
10645	CAMKK2
10647	SCGB1D2
10648	SCGB1D1
10650	PRELID3A
10651	MTX2
10652	YKT6
10653	SPINT2
10654	PMVK
10655	DMRT2
10656	KHDRBS3
10657	KHDRBS1
10658	CELF1
10659	CELF2
10660	LBX1
10661	KLF1
10663	CXCR6
10664	CTCF
10665	TSBP1
10666	CD226
10667	FARS2
10668	CGRRF1
10669	CGREF1
10670	RRAGA
10671	DCTN6
10672	GNA13
10673	TNFSF13B
10675	CSPG5
10677	AVIL
10678	B3GNT2
10681	GNB5
10682	EBP
10683	DLL3
10686	CLDN16
10687	PNMA2
10690	FUT9
10691	GMEB1
10692	RRH
10693	CCT6B
10694	CCT8
10695	CNPY3
10699	CORIN
10712	ENTREP3
10713	USP39
10714	POLD3
10715	CERS1
10716	TBR1
10717	AP4B1
10718	NRG3
10720	UGT2B11
10721	POLQ
10723	SLC12A7
10724	OGA
10725	NFAT5
10726	NUDC
10728	PTGES3
10730	YME1L1
10732	TCFL5
10733	PLK4
10734	STAG3
10735	STAG2
10736	SIX2
10737	RFPL3S
10738	RFPL3
10739	RFPL2
10740	RFPL1S
10741	RBBP9
10742	RAI2
10743	RAI1
10744	PTTG2
10745	PHTF1
10746	MAP3K2
10747	MASP2
10748	KLRA1P
10749	KIF1C
10750	GRAP
10751	OFD1P18Y
10752	CHL1
10753	CAPN9
10755	GIPC1
10758	TRAF3IP2
10761	PLAC1
10762	NUP50
10763	NES
10765	KDM5B
10766	TOB2
10767	HBS1L
10768	AHCYL1
10769	PLK2
10771	ZMYND11
10772	SRSF10
10773	ZBTB6
10775	POP4
10776	ARPP19
10777	ARPP21
10778	ZNF271P
10780	ZNF234
10781	ZNF266
10782	ZNF274
10783	NEK6
10785	WDR4
10786	SLC17A3
10787	NCKAP1
10788	IQGAP2
10789	NUDCP2
10790	NUDCP1
10791	VAMP5
10793	ZNF273
10794	ZNF460
10795	ZNF268
10797	MTHFD2
10798	OR5I1
10799	RPP40
10800	CYSLTR1
10801	SEPTIN9
10802	SEC24A
10803	CCR9
10804	GJB6
10806	SDCCAG8
10807	ENTR1
10808	HSPH1
10809	STARD10
10810	WASF3
10811	NOXA1
10813	UTP14A
10814	CPLX2
10815	CPLX1
10816	SPINT3
10817	FRS3
10818	FRS2
10819	OR7E14P
10820	OR7E13P
10821	OR7E12P
10822	OR7E11P
10823	OR7E10P
10824	DIAPH2-AS1
10825	NEU3
10826	FAXDC2
10827	FAM114A2
10828	NPM1P19
10829	NPM1P18
10830	NPM1P17
10831	NPM1P7
10833	NPM1P14
10834	NPM1P13
10835	NPM1P12
10836	NPM1P11
10837	NPM1P10
10838	ZNF275
10840	ALDH1L1
10841	FTCD
10842	PPP1R17
10844	TUBGCP2
10845	CLPX
10846	PDE10A
10847	SRCAP
10848	PPP1R13L
10849	POLR1G
10850	CCL27
10855	HPSE
10856	RUVBL2
10857	PGRMC1
10858	CYP46A1
10859	LILRB1
10861	SLC26A1
10863	ADAM28
10864	SLC22A7
10865	ARID5A
10866	HCP5
10867	TSPAN9
10868	USP20
10869	USP19
10870	HCST
10871	CD300C
10873	ME3
10874	NMU
10875	FGL2
10876	EDDM3A
10877	CFHR4
10878	CFHR3
10879	SMR3B
10880	ACTL7B
10881	ACTL7A
10882	C1QL1
10884	MRPS30
10885	WDR3
10886	NPFFR2
10887	PROKR1
10888	GPR83
10890	RAB10
10891	PPARGC1A
10892	MALT1
10893	MMP24
10894	LYVE1
10895	PPBPP2
10896	OCLM
10897	YIF1A
10898	CPSF4
10899	JTB
10900	RUNDC3A
10901	DHRS4
10902	BRD8
10903	MTMR11
10904	BLCAP
10905	MAN1A2
10906	TRAFD1
10907	TXNL4A
10908	PNPLA6
10910	SUGT1
10911	UTS2
10912	GADD45G
10913	EDAR
10914	PAPOLA
10915	TCERG1
10916	MAGED2
10917	BTNL3
10919	EHMT2
10920	COPS8
10921	RNPS1
10922	FASTK
10923	SUB1
10924	SMPDL3A
10926	DBF4
10927	SPIN1
10928	RALBP1
10929	SRSF8
10930	APOBEC2
10933	MORF4L1
10934	MORF4
10935	PRDX3
10936	GPR75
10938	EHD1
10939	AFG3L2
10940	POP1
10941	UGT2A1
10942	PRSS21
10943	MSL3
10944	C11ORF58
10945	KDELR1
10946	SF3A3
10947	AP3M2
10948	STARD3
10949	HNRNPA0
10950	BTG3
10951	CBX1
10952	SEC61B
10953	TOMM34
10954	PDIA5
10955	SERINC3
10956	OS9
10957	PNRC1
10959	TMED2
10960	LMAN2
10961	ERP29
10962	MLLT11
10963	STIP1
10964	IFI44L
10965	ACOT2
10966	RAB40B
10969	EBNA1BP2
10970	CKAP4
10971	YWHAQ
10972	TMED10
10973	ASCC3
10974	ADIRF
10975	UQCR11
10978	CLP1
10979	FERMT2
10980	COPS6
10981	RAB32
10982	MAPRE2
10983	CCNI
10984	KCNQ1OT1
10985	GCN1
10987	COPS5
10988	METAP2
10989	IMMT
10990	LILRB5
10991	SLC38A3
10992	SF3B2
10993	SDS
10994	HACL2
10998	SLC27A5
10999	SLC27A4
11000	SLC27A3
11001	SLC27A2
11004	KIF2C
11005	SPINK5
11006	LILRB4
11007	CCDC85B
11009	IL24
11010	GLIPR1
11011	TLK2
11012	KLK11
11013	TMSB15A
11014	KDELR2
11015	KDELR3
11016	ATF7
11017	SNRNP27
11018	TMED1
11019	LIAS
11020	IFT27
11021	RAB35
11022	TDRKH
11023	VAX1
11024	LILRA1
11025	LILRB3
11026	LILRA3
11027	LILRA2
11029	SERPINB8P1
11030	RBPMS
11031	RAB31
11033	ADAP1
11034	DSTN
11035	RIPK3
11036	GTF2A1L
11037	STON1
11039	GUSBP14
11040	PIM2
11041	B4GAT1
11042	GUSBP15
11043	MID2
11044	TENT4A
11045	UPK1A
11046	SLC35D2
11047	ADRM1
11049	NUS1P3
11051	NUDT21
11052	CPSF6
11054	OGFR
11055	ZPBP
11056	DDX52
11057	ABHD2
11059	WWP1
11060	WWP2
11061	CNMD
11062	DUS4L
11063	SOX30
11064	CNTRL
11065	UBE2C
11066	SNRNP35
11067	DEPP1
11068	CYB561D2
11069	RAPGEF4
11070	TMEM115
11072	DUSP14
11073	TOPBP1
11074	TRIM31
11075	STMN2
11076	TPPP
11077	HSF2BP
11078	TRIOBP
11079	RER1
11080	DNAJB4
11081	KERA
11082	ESM1
11083	DIDO1
11085	ADAM30
11086	ADAM29
11091	WDR5
11092	SPACA9
11093	ADAMTS13
11094	CACFD1
11095	ADAMTS8
11096	ADAMTS5
11097	NUP42
11098	PRSS23
11099	PTPN21
11100	HNRNPUL1
11101	ATE1
11102	RPP14
11103	KRR1
11104	KATNA1
11105	PRDM7
11107	PRDM5
11108	PRDM4
11112	HIBADH
11113	CIT
11116	CEP43
11117	EMILIN1
11118	BTN3A2
11119	BTN3A1
11120	BTN2A1
11122	PTPRT
11123	RCAN3
11124	FAF1
11126	CD160
11127	KIF3A
11128	POLR3A
11129	CLASRP
11130	ZWINT
11131	CAPN11
11132	CAPN10
11133	KPTN
11135	CDC42EP1
11136	SLC7A9
11137	PWP1
11138	TBC1D8
11140	CDC37
11141	IL1RAPL1
11142	PKIG
11143	KAT7
11144	DMC1
11145	PLAAT3
11146	GLMN
11147	ANKRD13C-DT
11148	HHLA2
11149	POPDC1
11151	CORO1A
11152	WDR45
11153	FICD
11154	AP4S1
11155	LDB3
11156	PTP4A3
11157	LSM6
11158	RABL2B
11159	RABL2A
11160	ERLIN2
11161	ERG28
11162	NUDT6
11163	NUDT4
11164	NUDT5
11165	NUDT3
11166	SOX21
11167	FSTL1
11168	PSIP1
11169	WDHD1
11170	FAM107A
11171	STRAP
11172	INSL6
11173	ADAMTS7
11174	ADAMTS6
11176	BAZ2A
11177	BAZ1A
11178	LZTS1
11179	ZNF277
11180	WDR6
11181	TREH
11182	SLC2A6
11183	MAP4K5
11184	MAP4K1
11185	INMT
11186	RASSF1
11187	PKP3
11188	NISCH
11189	CELF3
11190	CEP250
11191	PTENP1
11193	WBP4
11194	ABCB8
11196	SEC23IP
11197	WIF1
11198	SUPT16H
11199	ANXA10
11200	CHEK2
11201	POLI
11202	KLK8
11209	MST1P2
11211	FZD10
11212	PLPBP
11213	IRAK3
11214	AKAP13
11215	AKAP11
11216	AKAP10
11218	DDX20
11219	TREX2
11221	DUSP10
11222	MRPL3
11223	MST1L
11224	RPL35
11226	GALNT6
11227	GALNT5
11228	RASSF8
11230	PRAF2
11231	SEC63
11232	POLG2
11234	HPS5
11235	PDCD10
11236	RNF139
11237	RNF24
11238	CA5B
11240	PADI2
11243	PMF1
11244	ZHX1
11245	GPR176
11247	NXPH4
11248	NXPH3
11249	NXPH2
11250	GPR45
11251	PTGDR2
11252	PACSIN2
11253	MAN1B1
11254	SLC6A14
11255	HRH3
11257	TP53TG1
11258	DCTN3
11259	FILIP1L
11260	XPOT
11261	CHP1
11262	SP140
11264	PXMP4
11266	DUSP12
11267	SNF8
11269	DDX19B
11270	NRM
11272	PRR4
11273	ATXN2L
11274	USP18
11275	KLHL2
11276	SYNRG
11277	TREX1
11278	KLF12
11279	KLF8
11280	SCN11A
11281	POU6F2
11282	MGAT4B
11283	CYP4F8
11284	PNKP
11285	B4GALT7
11309	SLCO2B1
11311	VPS45
11313	LYPLA2
11314	CD300A
11315	PARK7
11316	COPE
11317	RBPJL
11318	ACKR5
11319	ECD
11320	MGAT4A
11321	GPN1
11322	TMC6
11325	DDX42
11326	VSIG4
11328	FKBP9
11329	STK38
11330	CTRC
11331	PHB2
11332	ACOT7
11333	PDAP1
11334	TUSC2
11335	CBX3
11336	EXOC3
11337	GABARAP
11338	U2AF2
11339	OIP5
11340	EXOSC8
11341	SCRG1
11342	RNF13
11343	MGLL
11344	TWF2
11345	GABARAPL2
11346	SYNPO
22794	CASC3
22795	NID2
22796	COG2
22797	TFEC
22798	LAMB4
22800	RRAS2
22801	ITGA11
22802	CLCA4
22803	XRN2
22806	IKZF3
22807	IKZF2
22808	MRAS
22809	ATF5
22813	CRIPTOP6
22814	CRIPTOP5
22815	CRIPTOP4
22816	CRIPTOP2
22818	COPZ1
22820	COPG1
22821	RASA3
22822	PHLDA1
22823	MTF2
22824	HSPA4L
22826	DNAJC8
22827	PUF60
22828	SCAF8
22829	NLGN4Y
22832	CEP162
22834	ZNF652
22835	ZFP30
22836	RHOBTB3
22837	COBLL1
22838	RNF44
22839	DLGAP4
22841	RAB11FIP2
22843	PPM1E
22844	FRMPD1
22845	DOLK
22846	VASH1
22847	ZNF507
22848	AAK1
22849	CPEB3
22850	ADNP2
22852	ANKRD26
22853	LMTK2
22854	NTNG1
22856	CHSY1
22858	CILK1
22859	ADGRL1
22861	NLRP1
22862	FNDC3A
22863	ATG14
22864	R3HDM2
22865	SLITRK3
22866	CNKSR2
22868	FASTKD2
22869	ZNF510
22870	PPP6R1
22871	NLGN1
22872	SEC31A
22873	DZIP1
22874	PLEKHA6
22875	ENPP4
22876	INPP5F
22877	MLXIP
22878	TRAPPC8
22879	MON1B
22880	MORC2
22881	ANKRD6
22882	ZHX2
22883	CLSTN1
22884	WDR37
22885	ABLIM3
22887	FOXJ3
22888	UBOX5
22889	KHDC4
22890	ZBTB1
22891	ZNF365
22893	BAHD1
22894	DIS3
22895	RPH3A
22897	CEP164
22898	DENND3
22899	ARHGEF15
22900	CARD8
22901	ARSG
22902	RUFY3
22903	BTBD3
22904	SBNO2
22905	EPN2
22906	TRAK1
22907	DHX30
22908	SACM1L
22909	FAN1
22911	WDR47
22913	RALY
22914	KLRK1
22915	MMRN1
22916	NCBP2
22917	ZP1
22918	CD93
22919	MAPRE1
22920	KIFAP3
22921	MSRB2
22924	MAPRE3
22925	PLA2R1
22926	ATF6
22927	HABP4
22928	SEPHS2
22929	SEPHS1
22930	RAB3GAP1
22931	RAB18
22932	POMZP3
22933	SIRT2
22934	RPIA
22936	ELL2
22937	SCAP
22938	SNW1
22941	SHANK2
22943	DKK1
22944	KIN
22945	GPAA1P1
22947	DUX4L1
22948	CCT5
22949	PTGR1
22950	SLC4A1AP
22952	CYP2G1P
22953	P2RX2
22954	TRIM32
22955	SCMH1
22969	RPL41P3
22970	RPL41P2
22971	RPL41P1
22973	LAMB2P1
22974	TPX2
22976	PAXIP1
22977	AKR7A3
22978	NT5C2
22979	EFR3B
22980	TCF25
22981	NINL
22982	DIP2C
22983	MAST1
22984	PDCD11
22985	ACIN1
22986	SORCS3
22987	SV2C
22989	MYH15
22990	PCNX1
22992	KDM2A
22993	HMGXB3
22994	CEP131
22995	CEP152
22996	TTC39A
22997	IGSF9B
22998	LIMCH1
22999	RIMS1
23001	WDFY3
23002	DAAM1
23005	MAPKBP1
23007	PLCH1
23008	KLHDC10
23011	RAB21
23012	STK38L
23013	SPEN
23014	FBXO21
23015	GOLGA8A
23016	EXOSC7
23017	FAIM2
23019	CNOT1
23020	SNRNP200
23022	PALLD
23023	TMCC1
23024	PDZRN3
23025	UNC13A
23026	MYO16
23028	KDM1A
23029	RBM34
23030	KDM4B
23031	MAST3
23032	USP33
23033	DOP1A
23034	SAMD4A
23035	PHLPP2
23036	ZNF292
23037	PDZD2
23038	WDTC1
23039	XPO7
23040	MYT1L
23041	MON2
23042	PDXDC1
23043	TNIK
23046	KIF21B
23047	PDS5B
23048	FNBP1
23049	SMG1
23051	ZHX3
23052	ENDOD1
23053	ZSWIM8
23054	NCOA6
23057	NMNAT2
23059	CLUAP1
23060	ZNF609
23061	TBC1D9B
23062	GGA2
23063	WAPL
23064	SETX
23065	EMC1
23066	CAND2
23067	SETD1B
23070	CMTR1
23071	ERP44
23072	HECW1
23074	BLTP3B
23075	SWAP70
23076	RRP1B
23077	MYCBP2
23078	VWA8
23080	AVL9
23081	KDM4C
23082	PPRC1
23085	ERC1
23086	EXPH5
23087	TRIM35
23089	PEG10
23090	ZNF423
23091	ZC3H13
23092	ARHGAP26
23093	TTLL5
23094	SIPA1L3
23095	KIF1B
23096	IQSEC2
23097	CDK19
23098	SARM1
23099	ZBTB43
23101	MCF2L2
23102	TBC1D2B
23105	FSTL4
23107	MRPS27
23108	RAP1GAP2
23109	DDN
23111	SPART
23112	TNRC6B
23113	CUL9
23114	NFASC
23116	TOGARAM1
23117	NPIPB3
23118	TAB2
23119	HIC2
23120	ATP10B
23122	CLASP2
23125	CAMTA2
23126	POGZ
23127	COLGALT2
23129	PLXND1
23130	ATG2A
23131	GPATCH8
23132	RAD54L2
23133	PHF8
23135	KDM6B
23136	EPB41L3
23137	SMC5
23138	N4BP3
23139	MAST2
23140	ZZEF1
23141	ANKLE2
23142	DCUN1D4
23143	LRCH1
23144	ZC3H3
23145	SSPOP
23148	NACAD
23149	FCHO1
23150	FRMD4B
23151	GRAMD4
23152	CIC
23154	NCDN
23155	CLCC1
23157	SEPTIN6
23158	TBC1D9
23160	WDR43
23161	SNX13
23162	MAPK8IP3
23163	GGA3
23164	MPRIP
23165	NUP205
23166	STAB1
23167	EFR3A
23168	RTF1
23169	SLC35D1
23170	TTLL12
23171	GPD1L
23172	ABRAXAS2
23173	METAP1
23174	ZCCHC14
23175	LPIN1
23176	SEPTIN8
23177	CEP68
23178	PASK
23179	RGL1
23180	RFTN1
23181	DIP2A
23184	MESD
23185	LARP4B
23186	RCOR1
23187	PHLDB1
23189	KANK1
23190	UBXN4
23191	CYFIP1
23192	ATG4B
23193	GANAB
23194	FBXL7
23195	MDN1
23196	FAM120A
23197	FAF2
23198	PSME4
23199	GSE1
23200	ATP11B
23201	FAM168A
23203	PMPCA
23204	ARL6IP1
23205	ACSBG1
23207	PLEKHM2
23208	SYT11
23209	MLC1
23210	JMJD6
23211	ZC3H4
23212	RRS1
23213	SULF1
23214	XPO6
23215	PRRC2C
23216	TBC1D1
23217	ZFR2
23218	NBEAL2
23219	FBXO28
23220	DTX4
23221	RHOBTB2
23223	RRP12
23224	SYNE2
23225	NUP210
23228	PLCL2
23229	ARHGEF9
23230	VPS13A
23231	SEL1L3
23232	TBC1D12
23233	EXOC6B
23234	DNAJC9
23235	SIK2
23236	PLCB1
23237	ARC
23239	PHLPP1
23240	TMEM131L
23241	PACS2
23242	COBL
23243	ANKRD28
23244	PDS5A
23245	ASTN2
23246	BOP1
23247	KATNIP
23248	RPRD2
23250	ATP11A
23251	MINAR1
23252	OTUD3
23253	ANKRD12
23254	KAZN
23255	MTCL1
23256	SCFD1
23258	DENND5A
23259	DDHD2
23261	CAMTA1
23262	PPIP5K2
23263	MCF2L
23264	ZC3H7B
23265	EXOC7
23266	ADGRL2
23268	DNMBP
23269	MGA
23270	TSPYL4
23271	CAMSAP2
23272	TASOR
23274	CLEC16A
23275	POFUT2
23276	KLHL18
23277	CLUH
23279	NUP160
23281	MTUS2
23283	CSTF2T
23284	ADGRL3
23286	WWC1
23287	AGTPBP1
23288	IQCE
23291	FBXW11
23293	SMG6
23294	ANKS1A
23295	MGRN1
23299	BICD2
23300	ATMIN
23301	EHBP1
23302	WSCD1
23303	KIF13B
23304	UBR2
23305	ACSL6
23306	NEMP1
23307	FKBP15
23308	ICOSLG
23309	SIN3B
23310	NCAPD3
23312	DMXL2
23313	KIAA0930
23314	SATB2
23315	SLC9A8
23316	CUX2
23317	DNAJC13
23318	TUT4
23321	TRIM2
23322	RPGRIP1L
23324	MAN2B2
23325	WASHC4
23326	USP22
23327	NEDD4L
23328	SASH1
23329	TBC1D30
23331	TTC28
23332	CLASP1
23333	DPY19L1
23334	SZT2
23335	WDR7
23336	SYNM
23338	JADE2
23339	VPS39
23341	DNAJC16
23344	ESYT1
23345	SYNE1
23347	SMCHD1
23348	DOCK9
23349	PHF24
23350	U2SURP
23351	KHNYN
23352	UBR4
23353	SUN1
23354	HAUS5
23355	VPS8
23357	ANGEL1
23358	USP24
23359	ENTREP2
23360	FNBP4
23361	ZNF629
23362	PSD3
23363	OBSL1
23365	ARHGEF12
23366	MATCAP2
23367	LARP1
23368	PPP1R13B
23369	PUM2
23370	ARHGEF18
23371	TNS2
23373	CRTC1
23376	UFL1
23378	RRP8
23379	ICE1
23380	SRGAP2
23381	SMG5
23382	AHCYL2
23383	MAU2
23384	SPECC1L
23385	NCSTN
23386	NUDCD3
23387	SIK3
23389	MED13L
23390	ZDHHC17
23392	ECPAS
23394	ADNP
23395	LARS2
23396	PIP5K1C
23397	NCAPH
23398	PPWD1
23399	CTDNEP1
23400	ATP13A2
23401	FRAT2
23403	FBXO46
23404	EXOSC2
23405	DICER1
23406	COTL1
23408	SIRT5
23409	SIRT4
23410	SIRT3
23411	SIRT1
23412	COMMD3
23413	NCS1
23414	ZFPM2
23415	KCNH4
23416	KCNH3
23417	MLYCD
23418	CRB1
23420	NOMO1
23421	ITGB3BP
23423	TMED3
23424	TDRD7
23426	GRIP1
23428	SLC7A8
23429	RYBP
23430	TPSD1
23431	AP4E1
23432	GPR161
23433	RHOQ
23434	LINC01565
23435	TARDBP
23436	CELA3B
23437	TRS-AGA2-3
23438	HARS2
23439	ATP1B4
23440	OTP
23443	SLC35A3
23446	SLC44A1
23450	SF3B3
23451	SF3B1
23452	ANGPTL2
23456	ABCB10
23457	ABCB9
23460	ABCA6
23461	ABCA5
23462	HEY1
23463	ICMT
23464	GCAT
23466	CBX6
23467	NPTXR
23468	CBX5
23469	PHF3
23471	TRAM1
23473	CAPN7
23474	ETHE1
23475	QPRT
23476	BRD4
23478	SEC11A
23479	ISCU
23480	SEC61G
23481	PES1
23483	TGDS
23484	LEPROTL1
23491	CES3
23492	CBX7
23493	HEY2
23495	TNFRSF13B
23498	HAAO
23499	MACF1
23500	DAAM2
23503	ZFYVE26
23504	RIMBP2
23505	TMEM131
23506	BICRAL
23507	LRRC8B
23508	TTC9
23509	POFUT1
23510	KCTD2
23511	NUP188
23512	SUZ12
23513	SCRIB
23514	SPIDR
23515	MORC3
23516	SLC39A14
23517	MTREX
23518	R3HDM1
23519	ANP32D
23520	ANP32CP
23521	RPL13A
23522	KAT6B
23523	CABIN1
23524	SRRM2
23526	ARHGAP45
23527	ACAP2
23528	ZNF281
23529	CLCF1
23530	NNT
23531	MMD
23532	PRAME
23533	PIK3R5
23534	TNPO3
23536	ADAT1
23538	OR52A1
23539	SLC16A8
23540	TRS-TGA4-1
23541	SEC14L2
23542	MAPK8IP2
23543	RBFOX2
23544	SEZ6L
23545	ATP6V0A2
23546	SYNGR4
23547	LILRA4
23548	TTC33
23549	DNPEP
23550	PSD4
23551	RASD2
23552	CDK20
23553	HYAL4
23554	TSPAN12
23555	TSPAN15
23556	PIGN
23557	SNAPIN
23558	WBP2
23559	WBP1
23560	GTPBP4
23562	CLDN14
23563	CHST5
23564	DDAH2
23566	LPAR3
23567	ZNF346
23568	ARL2BP
23569	PADI4
23576	DDAH1
23580	CDC42EP4
23581	CASP14
23582	CCNDBP1
23583	SMUG1
23584	VSIG2
23585	TMEM50A
23586	RIGI
23587	ELP5
23588	KLHDC2
23589	CARHSP1
23590	PDSS1
23591	FAM215A
23592	LEMD3
23593	HEBP2
23594	ORC6
23595	ORC3
23596	OPN3
23597	ACOT9
23598	PATZ1
23600	AMACR
23601	CLEC5A
23603	CORO1C
23604	DAPK2
23605	HMGN2P9
23606	HMGN2P10
23607	CD2AP
23608	MKRN1
23609	MKRN2
23610	MKRN6P
23612	PHLDA3
23613	ZMYND8
23614	PPY2P
23615	PYY2
23616	SH3BP1
23617	TSSK2
23619	ZIM2
23620	NTSR2
23621	BACE1
23623	RUSC1
23624	CBLC
23625	FAM89B
23626	SPO11
23627	PRND
23629	BRD7P3
23630	KCNE5
23632	CA14
23633	KPNA6
23635	SSBP2
23636	NUP62
23637	RABGAP1
23639	DNAAF11
23640	HSPBP1
23641	LDOC1
23642	SNHG1
23643	LY96
23644	EDC4
23645	PPP1R15A
23646	PLD3
23647	ARFIP2
23648	SSBP3
23649	POLA2
23650	TRIM29
23654	PLXNB2
23657	SLC7A11
23658	LSM5
23659	PLA2G15
23660	ZKSCAN5
23666	UBBP4
23667	UBBP3
23668	UBBP2
23670	CEMIP2
23671	TMEFF2
23673	STX12
23676	SMPX
23677	SH3BP4
23678	SGK3
23679	SELENOWP1
23682	RAB38
23683	PRKD3
23704	KCNE4
23705	CADM1
23708	GSPT2
23710	GABARAPL1
23729	SHPK
23731	TMEM245
23732	FRRS1L
23738	OFD1P17
23739	C3CER1
23741	EID1
23742	NPAP1
23743	BHMT2
23744	ATP5F1EP1
23746	AIPL1
23749	YME1L1P1
23751	TOP3BP1
23752	TSSK1A
23753	SDF2L1
23754	RPL32P5
23755	SIRPAP1
23756	RPS24P1
23757	ARSFP1
23758	SFPQP1
23759	PPIL2
23760	PITPNB
23761	PISD
23762	OSBP2
23764	MAFF
23765	IL17RA
23766	GABARAPL3
23767	FLRT3
23768	FLRT2
23769	FLRT1
23770	FKBP8
23772	CSF2RBP1
23774	BRD1
23779	ARHGAP8
23780	APOL2
23781	AP1B1P2
23782	AP1B1P1
23783	ANKRD62P1-PARP4P3
23784	POTEH
23785	ABCD1P1
23786	BCL2L13
23787	MTCH1
23788	MTCH2
24137	KIF4A
24138	IFIT5
24139	EML2
24140	FTSJ1
24141	LAMP5
24142	NAA80
24144	TFIP11
24145	PANX1
24146	CLDN15
24147	FJX1
24148	PRPF6
24149	ZNF318
24150	TP53TG3
25758	KIAA1549L
25759	SHC2
25763	H2AP
25764	HYPK
25766	PRPF40B
25769	SLC24A2
25770	C22ORF31
25771	TBC1D22A
25774	GSTT4
25775	YWHAH-AS1
25776	CBY1
25777	SUN2
25778	DSTYK
25780	RASGRP3
25782	RAB3GAP2
25786	DGCR11
25788	RAD54B
25789	TMEM59L
25790	CFAP45
25791	NGEF
25792	CIZ1
25793	FBXO7
25794	FSCN2
25796	PGLS
25797	QPCT
25798	BRI3
25799	ZNF324
25800	SLC39A6
25801	GCA
25802	LMOD1
25803	SPDEF
25804	LSM4
25805	BAMBI
25806	VAX2
25807	RHBDD3
25809	TTLL1
25812	POM121L1P
25813	SAMM50
25814	ATXN10
25816	TNFAIP8
25817	TAFA5
25818	KLK5
25819	NOCT
25820	ARIH1
25821	MTO1
25822	DNAJB5
25823	TPSG1
25824	PRDX5
25825	BACE2
25826	SNORD82
25827	FBXL2
25828	TXN2
25829	TMEM184B
25830	SULT4A1
25831	HECTD1
25832	NBPF14
25833	POU2F3
25834	MGAT4C
25836	NIPBL
25837	RAB26
25839	COG4
25840	TMT1A
25841	ABTB2
25842	ASF1A
25843	MOB4
25844	YIPF3
25845	SLC9A3-OT1
25847	ANAPC13
25849	PARM1
25850	ZNF345
25851	TECPR1
25852	ARMC8
25853	DCAF12
25854	FAM149A
25855	BRMS1
25858	CATSPERZ
25859	PART1
25861	WHRN
25862	USP49
25864	ABHD14A
25865	PRKD2
25870	SUMF2
25871	RMP64
25873	RPL36
25874	MPC2
25875	LETMD1
25876	SPEF1
25878	MXRA5
25879	DCAF13
25880	TMEM186
25884	CHRDL2
25885	POLR1A
25886	POC1A
25888	ZNF473
25890	ABI3BP
25891	PAMR1
25893	TRIM58
25894	PLEKHG4
25895	EEF1AKMT3
25896	INTS7
25897	RNF19A
25898	RCHY1
25900	IFFO1
25901	CCDC28A
25902	MTHFD1L
25903	OLFML2B
25904	CNOT10
25906	ANAPC15
25907	TMEM158
25909	AHCTF1
25911	DPCD
25912	LTAP1
25913	POT1
25914	RTTN
25915	NDUFAF3
25917	THUMPD3
25920	NELFB
25921	ZDHHC5
25923	ATL3
25924	MYRIP
25925	ZNF521
25926	NOL11
25927	CNRIP1
25928	SOSTDC1
25929	GEMIN5
25930	PTPN23
25932	CLIC4
25934	NIPSNAP3A
25936	NSL1
25937	WWTR1
25938	HEATR5A
25939	SAMHD1
25940	FAM98A
25941	TPGS2
25942	SIN3A
25943	DNAAF9
25945	NECTIN3
25946	ZNF385A
25948	KBTBD2
25949	SYF2
25950	RWDD3
25953	PNKD
25956	SEC31B
25957	PNISR
25959	KANK2
25960	ADGRA2
25961	NUDT13
25962	VIRMA
25963	TMEM87A
25966	C2CD2
25970	SH2B1
25972	UNC50
25973	PARS2
25974	MMACHC
25975	EGFL6
25976	TIPARP
25977	NECAP1
25978	CHMP2B
25979	DHRS7B
25980	AAR2
25981	DNAH1
25983	NGDN
25984	KRT23
25987	TSKU
25988	HINFP
25989	ULK3
25992	SNED1
25994	HIGD1A
25996	REXO2
25998	IBTK
25999	CLIP3
26000	TBC1D10B
26001	RNF167
26002	MOXD1
26003	GORASP2
26005	C2CD3
26007	TKFC
26009	ZZZ3
26010	SPATS2L
26011	TENM4
26012	NSMF
26013	L3MBTL1
26015	RPAP1
26017	FAM32A
26018	LRIG1
26019	UPF2
26020	LRP10
26022	TMEM98
26024	PTCD1
26025	PCDHGA12
26027	ACOT11
26030	PLEKHG3
26031	OSBPL3
26032	SUSD5
26033	ATRNL1
26034	IPCEF1
26035	GLCE
26036	ZNF451
26037	SIPA1L1
26038	CHD5
26039	SS18L1
26040	SETBP1
26043	UBXN7
26045	LRRTM2
26046	LTN1
26047	CNTNAP2
26048	ZNF500
26049	FAM169A
26050	SLITRK5
26051	PPP1R16B
26052	DNM3
26053	AUTS2
26054	SENP6
26056	RAB11FIP5
26057	ANKRD17
26058	GIGYF2
26059	ERC2
26060	APPL1
26061	HACL1
26062	HYAL6P
26063	DECR2
26064	RAI14
26065	LSM14A
26069	DKFZP586B0319
26070	MYRF-AS1
26071	RTL8A
26073	POLDIP2
26074	CFAP61
26080	FAM230C
26082	LINC02249
26083	TBC1D29P
26084	ARHGEF26
26085	KLK13
26086	GPSM1
26088	GGA1
26090	ABHD12
26091	HERC4
26092	TOR1AIP1
26093	CCDC9
26094	DCAF4
26095	PTPN20
26097	CHTOP
26098	EDRF1
26099	SZRD1
26100	WIPI2
26103	LRIT1
26105	DKFZP434C153
26106	DKFZP586K1520
26108	PYGO1
26112	CCDC69
26115	TANC2
26118	WSB1
26119	LDLRAP1
26120	DKFZP564C152
26121	PRPF31
26122	EPC2
26123	TCTN3
26127	FGFR1OP2
26128	KIFBP
26130	GAPVD1
26133	TRPC4AP
26134	RALGAPA1P1
26135	SERBP1
26136	TES
26137	ZBTB20
26138	LINC00588
26140	TTLL3
26145	IRF2BP1
26146	TRAF3IP1
26147	PHF19
26149	ZNF658
26150	RIBC2
26151	NAT9
26152	ZNF337
26153	KIF26A
26154	ABCA12
26155	NOC2L
26156	RSL1D1
26157	GIMAP2
26160	IFT172
26164	MTG2
26165	SPATA31A7
26166	RGS22
26167	PCDHB5
26168	SENP3
26173	INTS1
26175	LYSET
26184	OR1F2P
26188	OR1C1
26189	OR1A2
26190	FBXW2
26191	PTPN22
26205	GMEB2
26206	SPAG8
26207	PITPNC1
26211	OR2F1
26212	OR2B6
26219	OR1J4
26220	DGCR5
26223	FBXL21P
26224	FBXL3
26225	ARL5A
26226	FBXW4P1
26227	PHGDH
26228	STAP1
26229	B3GAT3
26230	TIAM2
26231	FBXL9P
26232	FBXO2
26233	FBXL6
26234	FBXL5
26235	FBXL4
26239	LCE2B
26240	FAM50B
26242	OR4C1P
26245	OR2M4
26246	OR2L2
26247	OR2L1P
26248	OR2K2
26249	KLHL3
26251	KCNG2
26253	CLEC4E
26254	OPTC
26255	PTTG3P
26256	CABYR
26257	NKX2-8
26258	BLOC1S6
26259	FBXW8
26260	FBXO25
26261	FBXO24
26262	TSPAN17
26263	FBXO22
26266	SLC13A4
26267	FBXO10
26268	FBXO9
26269	FBXO8
26270	FBXO6
26271	FBXO5
26272	FBXO4
26273	FBXO3
26275	HIBCH
26276	VPS33B
26277	TINF2
26278	SACS
26279	PLA2G2D
26280	IL1RAPL2
26281	FGF20
26284	ERAL1
26285	CLDN17
26286	ARFGAP3
26287	ANKRD2
26289	AK5
26290	GALNT8
26291	FGF21
26292	MYCBP
26297	SERGEF
26298	EHF
26301	GBGT1
26307	PCDHA14
26322	OR4H6P
26330	GAPDHS
26333	OR7A17
26335	OR7A15P
26338	OR5L2
26339	OR5K1
26341	OR5H1
26343	OR5E1P
26353	HSPB8
26354	GNL3
26355	FAM162A
26468	LHX6
26469	PTPN18
26470	SEZ6L2
26471	NUPR1
26472	PPP1R14B
26473	OR7E16P
26475	OR7E43P
26476	OR10J1
26478	OR7E53P
26479	OR7E62P
26492	OR8G2P
26493	OR8B8
26494	OR8G1
26495	OR9A1P
26496	OR10A3
26497	OR10D3
26499	PLEK2
26502	NARF
26503	SLC17A5
26504	CNNM4
26505	CNNM3
26507	CNNM1
26508	HEYL
26509	MYOF
26511	CHIC2
26512	INTS6
26513	RPL34P2
26514	RPL34P1
26515	TIMM10B
26516	RPS5P1
26517	TIMM13
26519	TIMM10
26520	TIMM9
26521	TIMM8B
26523	AGO1
26524	LATS2
26525	IL36RN
26526	TSPAN16
26528	DAZAP1
26529	OR12D2
26530	OR12D1
26531	OR11A1
26532	OR10H3
26533	OR10G3
26534	OR10G2
26537	OR51A1P
26538	OR10H2
26539	OR10H1
26540	OR10G1P
26541	OR10D1P
26548	ITGB1BP2
26574	AATF
26575	RGS17
26576	SRPK3
26577	PCOLCE2
26578	OSTF1
26579	MYEOV
26580	BSCL2
26581	DUX5
26583	DUX4L8
26584	DUX1
26585	GREM1
26586	CKAP2
26589	MRPL46
26590	OR8B7P
26591	OR8B6P
26592	OR8B5P
26595	OR8B2
26608	TBL2
26609	VCX
26610	ELP4
26614	OR7E66P
26628	OR7E47P
26637	OR7E36P
26640	OR7E33P
26644	OR7E29P
26645	OR7E28P
26647	OR7E25P
26648	OR7E24
26651	OR7E19P
26656	OR7D1P
26658	OR7C2
26659	OR7A5
26661	OR7A8P
26664	OR7C1
26668	OR7A3P
26669	OR7A11P
26679	OR4G3P
26680	OR4G2P
26681	OR4G1P
26682	OR4F4
26683	OR4F3
26685	OR4F1P
26686	OR4E2
26687	OR4E1
26689	OR4D1
26690	OR4B2P
26692	OR2W1
26693	OR2V1
26694	OR2U2P
26695	OR2U1P
26696	OR2T1
26701	OR2N1P
26707	OR2J2
26713	OR2H5P
26716	OR2H1
26717	OR2G1P
26719	OR2E1P
26735	OR1L3
26737	OR1L1
26740	OR1J2
26742	OR1H1P
26747	NUFIP1
26748	GAGE12I
26749	GAGE2E
26750	RPS6KC1
26751	SH3YL1
26762	HAVCR1
26765	SNORD12C
26766	RNU105C
26767	RNU105B
26768	SNORA73B
26769	SNORD81
26770	SNORD79
26771	SNORD102
26772	SNORD4B
26773	SNORD4A
26774	SNORD80
26775	SNORA72
26776	SNORA71B
26777	SNORA71A
26778	SNORA70
26779	SNORA69
26780	SNORA68
26781	SNORA67
26782	SNORA66
26783	SNORA65
26784	SNORA64
26785	SNORD63
26786	SNORD62A
26787	SNORD61
26788	SNORD60
26789	SNORD59A
26790	SNORD58B
26791	SNORD58A
26792	SNORD57
26793	SNORD56
26795	SNORD54
26796	SNORD53
26797	SNORD52
26798	SNORD51
26799	SNORD50A
26800	SNORD49A
26801	SNORD48
26802	SNORD47
26804	SNORD45B
26805	SNORD45A
26806	SNORD44
26807	SNORD43
26808	SNORD42B
26809	SNORD42A
26810	SNORD41
26811	SNORD55
26812	SNORD37
26813	SNORD36C
26814	SNORD36B
26815	SNORD36A
26816	SNORD35A
26817	SNORD34
26818	SNORD33
26819	SNORD32A
26820	SNORD24
26821	SNORA74A
26822	SNORD14A
26823	RNU12-2P
26824	RNU11
26825	RNU6-50P
26826	RNU6-6P
26827	RNU6-1
26828	RNU5F-1
26829	RNU5E-1
26830	RNU5D-1
26831	RNU5A-1
26832	RNU5B-1
26834	RNU4-2
26835	RNU4-1
26838	RNU4-6P
26839	RNU4-5P
26840	RNU4-4P
26841	RNU4-3P
26842	SNORD3P4
26843	SNORD3P3
26851	SNORD3B-1
26852	RNU2-5P
26853	RNU2-4P
26854	RNU2-3P
26855	RNU2-2
26858	RNU1-15P
26859	RNU1-14P
26860	RNVU1-2
26861	RNU1-11P
26863	RNVU1-18
26864	RNVU1-7
26865	RNU1-27P
26866	RNU1-28P
26869	RNU1-3
26870	RNU1-2
26871	RNU1-1
26872	STEAP1
26873	OPLAH
26952	SMR3A
26953	RANBP6
26957	ABCD1P4
26958	COPG2
26959	HBP1
26960	NBEA
26973	CHORDC1
26974	ZNF285
26978	PABPC1P3
26980	PABPC1P1
26982	ABCD1P3
26983	ABCD1P2
26984	SEC22A
26985	AP3M1
26986	PABPC1
26993	AKAP8L
26994	RNF11
26995	TRUB2
26996	GPR160
26998	FETUB
26999	CYFIP2
27000	DNAJC2
27002	PAFAH1B1P2
27004	TCL6
27005	USP21
27006	FGF22
27010	TPK1
27012	KCNV1
27013	CNPPD1
27018	BEX3
27019	DNAI1
27020	NPTN
27022	FOXD3
27023	FOXB1
27030	MLH3
27031	NPHP3
27032	ATP2C1
27033	ZBTB32
27034	ACAD8
27035	NOX1
27036	SIGLEC7
27037	TRMT2A
27039	PKD2L2
27040	LAT
27042	UTP25
27043	PELP1
27044	SND1
27063	ANKRD1
27065	NSG1
27067	STAU2
27068	PPA2
27069	GHITM
27071	DAPP1
27072	VPS41
27074	LAMP3
27075	TSPAN13
27076	LYPD3
27077	B9D1
27079	RPUSD2
27085	MTBP
27086	FOXP1
27087	B3GAT1
27089	UQCRQ
27090	ST6GALNAC4
27091	CACNG5
27092	CACNG4
27093	KCNMB3P1
27094	KCNMB3
27095	TRAPPC3
27097	TAF5L
27098	CLUL1
27099	SND1-IT1
27101	CACYBP
27102	EIF2AK1
27106	ARRDC2
27107	ZBTB11
27109	DMAC2L
27111	SDCBP2
27112	NALF2
27113	BBC3
27115	PDE7B
27120	DKKL1
27121	DKK4
27122	DKK3
27123	DKK2
27124	INPP5J
27125	AFF4
27127	SMC1B
27128	CYTH4
27129	HSPB7
27130	INVS
27131	SNX5
27132	CPNE7
27133	KCNH5
27134	TJP3
27136	MORC1
27141	CIDEB
27143	PALD1
27145	FILIP1
27146	FAM184B
27147	DENND2A
27148	STK36
27151	CPAMD8
27152	INTU
27153	ZNF777
27154	BRPF3
27156	RSPH14
27158	NDOR1
27159	CHIA
27160	INGX
27161	AGO2
27163	NAAA
27164	SALL3
27165	GLS2
27166	PRELID1
27170	COTL1P1
27173	SLC39A1
27175	TUBG2
27177	IL36B
27178	IL37
27179	IL36A
27180	SIGLEC9
27181	SIGLEC8
27183	VPS4A
27184	DISC2
27185	DISC1
27187	MOCS1P1
27189	IL17C
27190	IL17B
27192	TRAPPC2P6
27193	TRAPPC2P5
27194	TRAPPC2P4
27195	TRAPPC2P3
27196	TRAPPC2P2
27197	GPR82
27198	HCAR1
27199	OXGR1
27200	GPR79
27201	GPR78
27202	C5AR2
27229	TUBGCP4
27230	SERP1
27231	NMRK2
27232	GNMT
27233	SULT1C4
27235	COQ2
27236	ARFIP1
27237	ARHGEF16
27238	GPKOW
27239	GPR162
27240	SIT1
27241	BBS9
27242	TNFRSF21
27243	CHMP2A
27244	SESN1
27245	AHDC1
27246	RNF115
27247	NFU1
27248	ERLEC1
27249	MMADHC
27250	PDCD4
27252	KLHL20
27253	PCDH17
27254	CSDC2
27255	CNTN6
27257	LSM1
27258	LSM3
27259	HPLH1
27283	TINAG
27284	SULT1B1
27285	TEKT2
27286	SRPX2
27287	VENTX
27288	RBMXL2
27289	RND1
27290	SPINK4
27291	R3HCC1L
27292	DIMT1
27293	SMPDL3B
27294	DHDH
27295	PDLIM3
27296	TP53TG5
27297	CRCP
27299	ADAMDEC1
27300	ZNF544
27301	APEX2
27302	BMP10
27303	RBMS3
27304	MOCS3
27306	HPGDS
27309	ZNF330
27314	RAB30
27315	PGAP2
27316	RBMX
27319	BHLHE22
27320	TNRC18P2
27321	TNRC17
27324	TOX3
27327	TNRC6A
27328	PCDH11X
27329	ANGPTL3
27330	RPS6KA6
27332	ZNF638
27333	GOLIM4
27334	P2RY10
27335	EIF3K
27336	HTATSF1
27338	UBE2S
27339	PRPF19
27340	UTP20
27341	RRP7A
27342	RABGEF1
27343	POLL
27344	PCSK1N
27345	KCNMB4
27346	TMEM97
27347	STK39
27348	TOR1B
27349	MCAT
27350	APOBEC3C
27351	DESI1
27352	SGSM3
27429	HTRA2
27430	MAT2B
27433	TOR2A
27434	POLM
27436	EML4
27437	HSFY1P1
27439	TMEM121B
27440	HDHD5
27442	CECR3
27443	CECR2
27445	PCLO
28227	PPP2R3B
28231	SLCO4A1
28232	SLCO3A1
28234	SLCO1B3
28299	IGKV1-5
28300	IGHV3OR16-15
28301	IGHV3OR16-16
28304	IGHV3OR16-12
28305	IGHV3OR16-11
28306	IGHV3OR16-10
28307	IGHV3OR16-9
28309	IGHV3OR16-7
28312	IGHV1OR16-4
28313	IGHV1OR16-3
28314	IGHV1OR16-2
28315	IGHV1OR16-1
28316	CDH20
28317	IGHV4OR15-8
28318	IGHV3OR15-7
28320	IGHV1OR15-6
28326	IGHD5OR15-5B
28327	IGHD5OR15-5A
28328	IGHD4OR15-4B
28329	IGHD4OR15-4A
28330	IGHD3OR15-3B
28331	IGHD3OR15-3A
28332	IGHD2OR15-2B
28333	IGHD2OR15-2A
28334	IGHD1OR15-1B
28335	IGHD1OR15-1A
28337	IGHVIV-44-1
28338	IGHVIII-82
28339	IGHVIII-76-1
28340	IGHVIII-67-4
28341	IGHVIII-67-3
28342	IGHVIII-67-2
28343	IGHV8-51-1
28344	IGHVIII-47-1
28345	IGHVIII-44
28346	IGHVIII-38-1
28347	IGHVIII-26-1
28348	IGHVIII-25-1
28349	IGHVIII-22-2
28350	IGHVIII-16-1
28351	IGHVIII-13-1
28352	IGHVIII-11-1
28353	IGHVIII-5-2
28354	IGHVIII-5-1
28355	IGHVIII-2-1
28356	IGHVII-78-1
28357	IGHVII-74-1
28358	IGHVII-67-1
28359	IGHVII-65-1
28360	IGHVII-62-1
28361	IGHVII-60-1
28362	IGHVII-53-1
28363	IGHVII-51-2
28364	IGHVII-49-1
28365	IGHVII-46-1
28366	IGHVII-44-2
28367	IGHVII-43-1
28368	IGHVII-40-1
28369	IGHVII-33-1
28370	IGHVII-31-1
28371	IGHVII-30-1
28372	IGHVII-28-1
28373	IGHVII-26-2
28374	IGHVII-22-1
28375	IGHVII-20-1
28376	IGHVII-15-1
28377	IGHVII-1-1
28378	IGHV7-81
28380	IGHV7-56
28381	IGHV7-40
28382	IGHV7-34-1
28383	IGHV7-27
28385	IGHV6-1
28386	IGHV5-10-1
28387	IGHV5-78
28388	IGHV5-51
28389	IGHV4-38-2
28390	IGHV4-80
28391	IGHV4-61
28392	IGHV4-59
28393	IGHV4-55
28394	IGHV4-39
28395	IGHV4-34
28396	IGHV4-31
28397	IGHV4-30-4
28398	IGHV4-30-2
28399	IGHV4-30-1
28400	IGHV4-28
28401	IGHV4-4
28402	IGHV3-69-1
28404	IGHV3-38-3
28405	IGHV3-79
28406	IGHV3-76
28407	IGHV3-75
28408	IGHV3-74
28409	IGHV3-73
28410	IGHV3-72
28411	IGHV3-71
28412	IGHV3-66
28413	IGHV3-65
28414	IGHV3-64
28415	IGHV3-63
28416	IGHV3-62
28417	IGHV3-60
28418	IGHV3-57
28419	IGHV3-54
28420	IGHV3-53
28421	IGHV3-52
28422	IGHV3-50
28423	IGHV3-49
28424	IGHV3-48
28425	IGHV3-47
28426	IGHV3-43
28427	IGHV3-42
28428	IGHV3-41
28429	IGHV3-38
28430	IGHV3-37
28431	IGHV3-36
28432	IGHV3-35
28433	IGHV3-33-2
28434	IGHV3-33
28435	IGHV3-32
28438	IGHV3-30-2
28439	IGHV3-30
28440	IGHV3-29
28441	IGHV3-25
28442	IGHV3-23
28443	IGHV3-22
28444	IGHV3-21
28445	IGHV3-20
28446	IGHV3-19
28447	IGHV3-16
28448	IGHV3-15
28449	IGHV3-13
28450	IGHV3-11
28451	IGHV3-9
28452	IGHV3-7
28453	IGHV3-6
28454	IGHV2-70
28455	IGHV2-26
28456	IGHV2-10
28457	IGHV2-5
28458	IGHV1-69-2
28460	IGHV1-38-4
28461	IGHV1-69
28462	IGHV1-68
28463	IGHV1-67
28464	IGHV1-58
28465	IGHV1-46
28466	IGHV1-45
28467	IGHV1-24
28468	IGHV1-18
28469	IGHV1-17
28470	IGHV1-14
28471	IGHV1-12
28472	IGHV1-8
28473	IGHV1-3
28474	IGHV1-2
28475	IGHJ6
28476	IGHJ5
28477	IGHJ4
28478	IGHJ3P
28479	IGHJ3
28480	IGHJ2P
28481	IGHJ2
28482	IGHJ1P
28483	IGHJ1
28484	IGHD7-27
28485	IGHD6-25
28486	IGHD6-19
28487	IGHD6-13
28488	IGHD6-6
28489	IGHD5-24
28490	IGHD5-18
28491	IGHD5-12
28492	IGHD5-5
28493	IGHD4-23
28494	IGHD4-17
28495	IGHD4-11
28496	IGHD4-4
28497	IGHD3-22
28498	IGHD3-16
28499	IGHD3-10
28500	IGHD3-9
28501	IGHD3-3
28502	IGHD2-21
28503	IGHD2-15
28504	IGHD2-8
28505	IGHD2-2
28506	IGHD1-26
28507	IGHD1-20
28508	IGHD1-14
28509	IGHD1-7
28510	IGHD1-1
28511	NKIRAS2
28512	NKIRAS1
28513	CDH19
28514	DLL1
28516	TRDV3
28517	TRDV2
28518	TRDV1
28519	TRDJ4
28520	TRDJ3
28521	TRDJ2
28522	TRDJ1
28523	TRDD3
28524	TRDD2
28525	TRDD1
28526	TRDC
28552	TRBV23OR9-2
28555	TRBVB
28556	TRBVA
28557	TRBV30
28558	TRBV29-1
28559	TRBV28
28560	TRBV27
28561	TRBV26
28562	TRBV25-1
28563	TRBV24-1
28564	TRBV23-1
28565	TRBV22-1
28566	TRBV21-1
28567	TRBV20-1
28568	TRBV19
28569	TRBV18
28570	TRBV17
28571	TRBV16
28572	TRBV15
28573	TRBV14
28574	TRBV13
28575	TRBV12-5
28576	TRBV12-4
28577	TRBV12-3
28578	TRBV12-2
28579	TRBV12-1
28580	TRBV11-3
28581	TRBV11-2
28582	TRBV11-1
28583	TRBV10-3
28584	TRBV10-2
28585	TRBV10-1
28586	TRBV9
28587	TRBV8-2
28588	TRBV8-1
28589	TRBV7-9
28590	TRBV7-8
28591	TRBV7-7
28592	TRBV7-6
28593	TRBV7-5
28594	TRBV7-4
28595	TRBV7-3
28596	TRBV7-2
28597	TRBV7-1
28598	TRBV6-9
28599	TRBV6-8
28600	TRBV6-7
28601	TRBV6-6
28602	TRBV6-5
28603	TRBV6-4
28604	TRBV6-3
28605	TRBV6-2
28606	TRBV6-1
28607	TRBV5-8
28608	TRBV5-7
28609	TRBV5-6
28610	TRBV5-5
28611	TRBV5-4
28612	TRBV5-3
28613	TRBV5-2
28614	TRBV5-1
28615	TRBV4-3
28616	TRBV4-2
28617	TRBV4-1
28618	TRBV3-2
28619	TRBV3-1
28620	TRBV2
28621	TRBV1
28622	TRBJ2-7
28623	TRBJ2-6
28624	TRBJ2-5
28625	TRBJ2-4
28626	TRBJ2-3
28627	TRBJ2-2P
28628	TRBJ2-2
28629	TRBJ2-1
28630	TRBJ1-6
28631	TRBJ1-5
28632	TRBJ1-4
28633	TRBJ1-3
28634	TRBJ1-2
28635	TRBJ1-1
28636	TRBD2
28637	TRBD1
28638	TRBC2
28639	TRBC1
28640	TRAV41
28641	TRAV40
28642	TRAV39
28643	TRAV38-2DV8
28644	TRAV38-1
28645	TRAV37
28646	TRAV36DV7
28647	TRAV35
28648	TRAV34
28649	TRAV33
28650	TRAV32
28651	TRAV31
28652	TRAV30
28653	TRAV29DV5
28654	TRAV28
28655	TRAV27
28656	TRAV26-2
28657	TRAV26-1
28658	TRAV25
28659	TRAV24
28660	TRAV23DV6
28661	TRAV22
28662	TRAV21
28663	TRAV20
28664	TRAV19
28665	TRAV18
28666	TRAV17
28667	TRAV16
28668	TRAV15
28669	TRAV14DV4
28670	TRAV13-2
28671	TRAV13-1
28672	TRAV12-3
28673	TRAV12-2
28674	TRAV12-1
28675	TRAV11
28676	TRAV10
28677	TRAV9-2
28678	TRAV9-1
28679	TRAV8-7
28680	TRAV8-6
28681	TRAV8-5
28682	TRAV8-4
28683	TRAV8-3
28684	TRAV8-2
28685	TRAV8-1
28686	TRAV7
28688	TRAV5
28689	TRAV4
28690	TRAV3
28691	TRAV2
28692	TRAV1-2
28693	TRAV1-1
28694	TRAJ61
28695	TRAJ60
28696	TRAJ59
28697	TRAJ58
28698	TRAJ57
28699	TRAJ56
28700	TRAJ55
28701	TRAJ54
28702	TRAJ53
28703	TRAJ52
28704	TRAJ51
28705	TRAJ50
28706	TRAJ49
28707	TRAJ48
28708	TRAJ47
28709	TRAJ46
28710	TRAJ45
28711	TRAJ44
28712	TRAJ43
28713	TRAJ42
28714	TRAJ41
28715	TRAJ40
28716	TRAJ39
28717	TRAJ38
28718	TRAJ37
28719	TRAJ36
28720	TRAJ35
28721	TRAJ34
28722	TRAJ33
28723	TRAJ32
28724	TRAJ31
28725	TRAJ30
28726	TRAJ29
28727	TRAJ28
28728	TRAJ27
28729	TRAJ26
28730	TRAJ25
28731	TRAJ24
28732	TRAJ23
28733	TRAJ22
28734	TRAJ21
28735	TRAJ20
28736	TRAJ19
28737	TRAJ18
28738	TRAJ17
28739	TRAJ16
28740	TRAJ15
28741	TRAJ14
28742	TRAJ13
28743	TRAJ12
28744	TRAJ11
28745	TRAJ10
28746	TRAJ9
28747	TRAJ8
28748	TRAJ7
28749	TRAJ6
28750	TRAJ5
28751	TRAJ4
28752	TRAJ3
28753	TRAJ2
28754	TRAJ1
28755	TRAC
28757	IGLVV-66
28758	IGLVV-58
28759	IGLVIV-65
28760	IGLVIV-64
28761	IGLVIV-59
28762	IGLVIV-53
28763	IGLVI-70
28764	IGLVI-68
28765	IGLVI-63
28766	IGLVI-56
28767	IGLVI-42
28768	IGLVI-38
28769	IGLVI-20
28770	IGLV11-55
28771	IGLV10-67
28772	IGLV10-54
28773	IGLV9-49
28774	IGLV8-61
28775	IGLV7-46
28776	IGLV7-43
28777	IGLV7-35
28778	IGLV6-57
28779	IGLV5-52
28780	IGLV5-48
28781	IGLV5-45
28782	IGLV5-39
28783	IGLV5-37
28784	IGLV4-69
28785	IGLV4-60
28786	IGLV4-3
28787	IGLV3-32
28788	IGLV3-31
28789	IGLV3-30
28790	IGLV3-29
28791	IGLV3-27
28792	IGLV3-26
28793	IGLV3-25
28794	IGLV3-24
28795	IGLV3-22
28796	IGLV3-21
28797	IGLV3-19
28798	IGLV3-17
28799	IGLV3-16
28800	IGLV3-15
28801	IGLV3-13
28802	IGLV3-12
28803	IGLV3-10
28804	IGLV3-9
28805	IGLV3-7
28806	IGLV3-6
28807	IGLV3-4
28808	IGLV3-2
28809	IGLV3-1
28810	IGLV2-34
28811	IGLV2-33
28812	IGLV2-28
28813	IGLV2-23
28814	IGLV2-18
28815	IGLV2-14
28816	IGLV2-11
28817	IGLV2-8
28818	IGLV2-5
28819	IGLV1-62
28820	IGLV1-51
28821	IGLV1-50
28822	IGLV1-47
28823	IGLV1-44
28824	IGLV1-41
28825	IGLV1-40
28826	IGLV1-36
28827	IGLJ7
28828	IGLJ6
28829	IGLJ5
28830	IGLJ4
28831	IGLJ3
28832	IGLJ2
28833	IGLJ1
28834	IGLC7
28847	IGKV2OR22-4
28850	IGKV1OR22-5
28854	IGKV3OR2-5
28855	IGKV2OR2-10
28858	IGKV2OR2-4
28859	IGKV2OR2-2
28861	IGKV2OR2-1
28862	IGKV1OR2-108
28863	IGKV1OR2-11
28864	IGKV1OR2-9
28865	IGKV1OR2-6
28866	IGKV1OR2-3
28867	IGKV1OR2-0
28869	IGKV6D-41
28870	IGKV6D-21
28871	IGKV3D-34
28872	IGKV3D-31
28873	IGKV3D-25
28874	IGKV3D-20
28875	IGKV3D-15
28876	IGKV3D-11
28877	IGKV3D-7
28878	IGKV2D-40
28879	IGKV2D-38
28880	IGKV2D-36
28881	IGKV2D-30
28882	IGKV2D-29
28883	IGKV2D-28
28884	IGKV2D-26
28885	IGKV2D-24
28886	IGKV2D-23
28887	IGKV2D-19
28888	IGKV2D-18
28889	IGKV2D-14
28890	IGKV2D-10
28891	IGKV1D-43
28892	IGKV1D-42
28893	IGKV1D-39
28894	IGKV1D-37
28895	IGKV1D-35
28896	IGKV1D-33
28897	IGKV1D-32
28898	IGKV1D-27
28899	IGKV1D-22
28900	IGKV1D-17
28901	IGKV1D-16
28902	IGKV1D-13
28903	IGKV1D-12
28904	IGKV1D-8
28905	IGKV7-3
28906	IGKV6-21
28907	IGKV5-2
28908	IGKV4-1
28909	IGKV3-34
28910	IGKV3-31
28911	IGKV3-25
28912	IGKV3-20
28913	IGKV3-15
28914	IGKV3-11
28915	IGKV3-7
28916	IGKV2-40
28917	IGKV2-38
28918	IGKV2-36
28919	IGKV2-30
28920	IGKV2-29
28921	IGKV2-28
28922	IGKV2-26
28923	IGKV2-24
28924	IGKV2-23
28925	IGKV2-19
28926	IGKV2-18
28927	IGKV2-14
28928	IGKV2-10
28929	IGKV2-4
28930	IGKV1-39
28931	IGKV1-37
28932	IGKV1-35
28933	IGKV1-33
28934	IGKV1-32
28935	IGKV1-27
28936	IGKV1-22
28937	IGKV1-17
28938	IGKV1-16
28939	IGKV1-13
28940	IGKV1-12
28941	IGKV1-9
28942	IGKV1-8
28943	IGKV1-6
28946	IGKJ5
28947	IGKJ4
28948	IGKJ3
28949	IGKJ2
28950	IGKJ1
28951	TRIB2
28952	CCDC22
28954	REM1
28955	DEXI
28956	LAMTOR2
28957	MRPS28
28958	COA3
28959	TMEM176B
28960	DCPS
28962	OSTM1
28964	GIT1
28965	SLC27A6
28966	SNX24
28968	SLC6A16
28969	BZW2
28970	BKGD
28971	AAMDC
28972	SPCS1
28973	MRPS18B
28974	C19ORF53
28976	ACAD9
28977	MRPL42
28978	TMEM14A
28981	IFT81
28982	FLVCR1
28983	TMPRSS11E
28984	RGCC
28985	MCTS1
28986	MAGEH1
28987	NOB1
28988	DBNL
28989	NTMT1
28990	ASTE1
28991	COMMD5
28992	MACROD1
28996	HIPK2
28998	MRPL13
28999	KLF15
29015	SLC43A3
29018	FOXN3-AS2
29028	ATAD2
29034	CPS1-IT1
29035	HAPSTR1
29057	FAM156A
29058	TMEM230
29062	WDR91
29063	ZCCHC4
29065	ASAP1-IT1
29066	ZC3H7A
29068	ZBTB44
29070	CFAP263
29071	C1GALT1C1
29072	SETD2
29074	MRPL18
29075	LINC00652
29078	NDUFAF4
29079	MED4
29080	CCDC59
29081	METTL5
29082	CHMP4A
29083	GTPBP8
29085	PHPT1
29086	BABAM1
29087	THYN1
29088	MRPL15
29089	UBE2T
29090	TIMM21
29091	STXBP6
29092	LINC00339
29093	MRPL22
29094	LGALSL
29095	ORMDL2
29097	CNIH4
29098	RANGRF
29099	COMMD9
29100	TMEM208
29101	SSU72
29102	DROSHA
29103	DNAJC15
29104	HEMK2
29105	CFAP20
29106	SCG3
29107	NXT1
29108	PYCARD
29109	FHOD1
29110	TBK1
29113	C6ORF15
29114	TAGLN3
29115	SAP30BP
29116	MYLIP
29117	BRD7
29118	DDX25
29119	CTNNA3
29121	CLEC2D
29122	PRSS50
29123	ANKRD11
29124	LGALS13
29125	C11ORF21
29126	CD274
29127	RACGAP1
29128	UHRF1
29760	BLNK
29761	USP25
29763	PACSIN3
29765	TMOD4
29766	TMOD3
29767	TMOD2
29768	SDHDP6
29769	SDHDP5
29770	SDHDP4
29771	SDHDP3
29774	POM121L9P
29775	CARD10
29777	ABT1
29778	MAP2K1P1
29780	PARVB
29781	NCAPH2
29785	CYP2S1
29789	OLA1
29796	UQCR10
29797	POM121L8P
29798	LINC03124
29799	YPEL1
29800	ZDHHC1
29801	ZDHHC8
29802	VPREB3
29803	REPIN1
29841	GRHL1
29842	TFCP2L1
29843	SENP1
29844	TFPT
29850	TRPM5
29851	ICOS
29855	UBN1
29880	ALG5
29881	NPC1L1
29882	ANAPC2
29883	CNOT7
29886	SNX8
29887	SNX10
29888	STRN4
29889	GNL2
29890	RBM15B
29893	PSMC3IP
29894	CPSF1
29895	MYL11
29896	TRA2A
29899	GPSM2
29901	SAC3D1
29902	FAM216A
29903	CCDC106
29904	EEF2K
29906	ST8SIA5
29907	SNX15
29909	GPR171
29911	HOOK2
29914	UBIAD1
29915	HCFC2
29916	SNX11
29919	RMC1
29920	PYCR2
29922	NME7
29923	HILPDA
29924	EPN1
29925	GMPPB
29926	GMPPA
29927	SEC61A1
29928	TIMM22
29929	ALG6
29930	PCDHB1
29931	LINC00312
29933	GPR132
29934	SNX12
29935	RPA4
29937	NENF
29940	DSE
29941	PKN3
29942	PURG
29943	PADI1
29944	PNMA3
29945	ANAPC4
29946	SERTAD3
29947	DNMT3L
29948	OSGIN1
29949	IL19
29950	SERTAD1
29951	PDZRN4
29952	DPP7
29953	TRHDE
29954	POMT2
29956	CERS2
29957	SLC25A24
29958	DMGDH
29959	NRBP1
29960	MRM2
29964	PRICKLE4
29965	CDIP1
29966	STRN3
29967	LRP12
29968	PSAT1
29969	MDFIC
29970	SCHIP1
29974	A1CF
29978	UBQLN2
29979	UBQLN1
29980	DONSON
29982	NRBF2
29984	RHOD
29985	SLC39A3
29986	SLC39A2
29988	SLC2A8
29989	OBP2B
29990	PILRB
29991	OBP2A
29992	PILRA
29993	PACSIN1
29994	BAZ2B
29995	LMCD1
29997	NOP53
29998	BICRA
29999	FSCN3
30000	TNPO2
30001	ERO1A
30008	EFEMP2
30009	TBX21
30010	NXPH1
30011	SH3KBP1
30012	TLX3
30014	SPANXA1
30061	SLC40A1
30062	RAX
30811	HUNK
30812	SOX8
30813	VSX1
30814	PLA2G2E
30815	ST6GALNAC6
30816	ERVW-1
30817	ADGRE2
30818	KCNIP3
30819	KCNIP2
30820	KCNIP1
30827	CXXC1
30832	ZNF354C
30833	NT5C
30834	POLR1H
30835	CD209
30836	DNTTIP2
30837	SOCS7
30844	EHD4
30845	EHD3
30846	EHD2
30847	CECR9
30848	CTAG2
30849	PIK3R4
30850	CDR2L
30851	TAX1BP3
30968	STOML2
43847	KLK14
43849	KLK12
49854	ZBTB21
49855	SCAPER
49856	WRAP73
49860	CRNN
49861	CLDN20
50484	RRM2B
50485	SMARCAL1
50486	G0S2
50487	PLA2G3
50488	MINK1
50489	CD207
50506	DUOX2
50507	NOX4
50508	NOX3
50509	COL5A3
50511	SYCP3
50512	PODXL2
50514	DELEC1
50515	CHST11
50516	PPP1R14BP1
50604	IL20
50612	CXCL1P1
50613	UBQLN3
50614	GALNT9
50615	IL21R
50616	IL22
50617	ATP6V0A4
50618	ITSN2
50619	DEF6
50624	CUZD1
50626	ZFTRAF1
50628	GEMIN4
50631	YBX1P1
50632	CALY
50636	ANO7
50639	MBL3P
50640	PNPLA8
50649	ARHGEF4
50650	ARHGEF3
50651	SLC45A1
50652	PCA3
50674	NEUROG3
50700	RDH8
50717	DCAF8
50801	KCNK4
50802	IGK
50804	MYEF2
50805	IRX4
50807	ASAP1
50808	AK3
50809	HP1BP3
50810	HDGFL3
50813	COPS7A
50814	NSDHL
50831	TAS2R3
50832	TAS2R4
50833	TAS2R16
50834	TAS2R1
50835	TAS2R9
50836	TAS2R8
50837	TAS2R7
50838	TAS2R13
50839	TAS2R10
50840	TAS2R14
50846	DHH
50848	F11R
50852	TRAT1
50853	VILL
50854	SNHG32
50855	PARD6A
50856	CLEC4A
50858	TTTY1
50859	SPOCK3
50861	STMN3
50862	RNF141
50863	NTM
50865	HEBP1
50937	CDON
50939	IMPG2
50940	PDE11A
50943	FOXP3
50944	SHANK1
50945	TBX22
50951	MMVP1
50964	SOST
50999	TMED5
51000	SLC35B3
51001	MTERF3
51002	TPRKB
51003	MED31
51004	COQ6
51005	AMDHD2
51006	SLC35H1
51008	ASCC1
51009	DERL2
51010	EXOSC3
51011	FAHD2A
51012	PRELID3B
51013	EXOSC1
51014	TMED7
51015	ISOC1
51016	EMC9
51018	RRP15
51019	WASHC3
51020	HDDC2
51021	MRPS16
51022	GLRX2
51023	MRPS18C
51024	FIS1
51025	PAM16
51026	GOLT1B
51027	BOLA1
51028	VPS36
51029	DESI2
51030	TVP23B
51031	GLOD4
51032	CELA2B
51035	UBXN1
51042	ZNF593
51043	ZBTB7B
51046	ST8SIA3
51050	PI15
51052	PRLH
51053	GMNN
51054	PLEKHA8P1
51056	LAP3
51057	WDPCP
51058	ZNF691
51059	FAM135B
51060	TXNDC12
51061	TXNDC11
51062	ATL1
51063	CALHM2
51065	RPS27L
51066	SSUH2
51067	YARS2
51068	NMD3
51069	MRPL2
51070	NOSIP
51071	DERA
51072	MEMO1
51073	MRPL4
51074	APIP
51075	TMX2
51076	CUTC
51077	FCF1
51078	THAP4
51079	NDUFA13
51081	MRPS7
51082	POLR1D
51083	GAL
51084	CRYL1
51085	MLXIPL
51086	TNNI3K
51087	YBX2
51088	KLHL5
51090	PLLP
51091	SEPSECS
51092	SIDT2
51093	METTL25B
51094	ADIPOR1
51095	TRNT1
51096	UTP18
51097	SCCPDH
51098	IFT52
51099	ABHD5
51100	SH3GLB1
51101	ZC2HC1A
51102	MECR
51103	NDUFAF1
51104	ABHD17B
51105	PHF20L1
51106	TFB1M
51107	APH1A
51108	METTL9
51109	RDH11
51110	LACTB2
51111	KMT5B
51112	TRAPPC12
51114	ZDHHC9
51115	RMDN1
51116	MRPS2
51117	COQ4
51118	UTP11
51119	SBDS
51121	RPL26L1
51122	COMMD2
51123	ZNF706
51124	IER3IP1
51125	GOLGA7
51126	NAA20
51127	TRIM17
51128	SAR1B
51129	ANGPTL4
51130	ASB3
51131	PHF11
51132	RLIM
51133	KCTD3
51134	CEP83
51135	IRAK4
51136	RNFT1
51138	COPS4
51141	INSIG2
51142	CHCHD2
51143	DYNC1LI1
51144	HSD17B12
51145	PBX3-DT
51146	A4GNT
51147	ING4
51148	CERCAM
51149	MRNIP
51150	SDF4
51151	SLC45A2
51152	LINC00328
51154	MRTO4
51155	JPT1
51156	SERPINA10
51157	ZNF580
51160	VPS28
51161	C3ORF18
51162	EGFL7
51163	DBR1
51164	DCTN4
51166	AADAT
51167	CYB5R4
51168	MYO15A
51170	HSD17B11
51171	HSD17B14
51172	NAGPA
51174	TUBD1
51175	TUBE1
51176	LEF1
51177	PLEKHO1
51179	HAO2
51181	DCXR
51182	HSPA14
51184	GPN3
51185	CRBN
51186	TCEAL9
51187	RSL24D1
51188	SS18L2
51191	HERC5
51192	CKLF
51193	ZNF639
51194	IPO11
51195	RAPGEFL1
51196	PLCE1
51198	CDKN2A-AS1
51199	NIN
51200	CPA4
51201	ZDHHC2
51202	DDX47
51203	NUSAP1
51204	TACO1
51205	ACP6
51206	GP6
51207	DUSP13B
51208	CLDN18
51209	RAB9B
51213	LUZP4
51214	IGF2-AS
51218	GLRX5
51222	ZNF219
51224	ELOA2
51225	ABI3
51226	COPZ2
51227	PIGP
51228	GLTP
51230	PHF20
51231	VRK3
51232	CRIM1
51233	DRICH1
51234	EMC4
51236	HGH1
51237	MZB1
51239	ANKRD39
51241	COX16
51244	CCDC174
51246	SHISA5
51247	PAIP2
51248	PDZD11
51249	TMEM69
51250	MTRES1
51251	NT5C3A
51252	FAM178B
51253	MRPL37
51255	RNF181
51256	TBC1D7
51257	MARCHF2
51258	MRPL51
51259	TMEM216
51260	PBDC1
51263	MRPL30
51264	MRPL27
51265	CDKL3
51266	CLEC1B
51267	CLEC1A
51268	PIPOX
51270	TFDP3
51271	UBAP1
51272	BET1L
51274	KLF3
51275	MAPKAPK5-AS1
51276	ZNF571
51277	DNAJC27
51278	IER5
51279	C1RL
51280	GOLM1
51281	ANKMY1
51282	SCAND1
51283	BFAR
51284	TLR7
51285	RASL12
51286	CEND1
51287	COA4
51289	RXFP3
51290	ERGIC2
51291	GMIP
51292	GMPR2
51293	CD320
51294	PCDH12
51295	ECSIT
51296	SLC15A3
51297	BPIFA1
51298	SPMAP2
51299	NRN1
51300	TIMMDC1
51301	GCNT4
51302	CYP39A1
51303	FKBP11
51304	ZDHHC3
51305	KCNK9
51306	FAM13B
51307	FAM53C
51308	REEP2
51309	ARMCX1
51310	SLC22A17
51311	TLR8
51312	SLC25A37
51313	GASK1B
51314	NME8
51315	KRCC1
51316	PLAC8
51317	PHF21A
51318	MRPL35
51319	RSRC1
51320	MEX3C
51321	AMZ2
51322	WAC
51324	SPG21
51326	ARL17A
51327	AHSP
51329	ARL6IP4
51330	TNFRSF12A
51332	SPTBN5
51333	ZNF771
51334	PRR16
51335	NGRN
51337	THEM6
51338	MS4A4A
51339	DACT1
51340	CRNKL1
51341	ZBTB7A
51343	FZR1
51347	TAOK3
51348	KLRF1
51350	KRT76
51351	ZNF117
51352	WT1-AS
51359	ERVH-4
51360	MBTPS2
51361	HOOK1
51362	CDC40
51363	CHST15
51364	ZMYND10
51365	PLA1A
51366	UBR5
51367	POP5
51368	TEX264
51371	POMP
51372	TMA7
51373	MRPS17
51374	ATRAID
51375	SNX7
51377	UCHL5
51378	ANGPT4
51379	CRLF3
51380	CSAD
51382	ATP6V1D
51384	WNT16
51385	ZNF589
51386	EIF3L
51388	NIP7
51389	RWDD1
51390	AIG1
51393	TRPV2
51397	COMMD10
51398	WDR83OS
51399	TRAPPC4
51400	PPME1
51406	NOL7
51409	HEMK1
51411	BIN2
51412	ACTL6B
51421	AMOTL2
51422	PRKAG2
51426	POLK
51427	ZNF107
51428	DDX41
51429	SNX9
51430	SUCO
51433	ANAPC5
51434	ANAPC7
51435	SCARA3
51438	MAGEC2
51439	FAM8A1
51440	HPCAL4
51441	YTHDF2
51442	VGLL1
51444	RNF138
51447	IP6K2
51449	PCYOX1
51450	PRRX2
51451	LCMT1
51454	GULP1
51455	REV1
51458	RHCG
51460	SFMBT1
51463	GPR89B
51465	UBE2J1
51466	EVL
51471	NAT8B
51473	DCDC2
51474	LIMA1
51475	CABP2
51477	ISYNA1
51478	HSD17B7
51479	ANKFY1
51480	VCX2
51481	VCX3A
51490	SPOUT1
51491	NOP16
51493	RTCB
51495	HACD3
51496	CTDSPL2
51497	NELFCD
51499	TRIAP1
51501	HIKESHI
51503	CWC15
51504	TRMT112
51506	UFC1
51507	RTF2
51510	CHMP5
51512	GTSE1
51513	ETV7
51514	DTL
51517	NCKIPSD
51520	LARS1
51522	TMEM14C
51523	CXXC5
51524	TMEM138
51526	OSER1
51527	GSKIP
51528	JKAMP
51529	ANAPC11
51530	ZC3HC1
51531	TRMO
51533	PHF7
51534	VTA1
51535	PPHLN1
51537	MTFP1
51538	ZCCHC17
51540	SCLY
51542	VPS54
51545	ZNF581
51547	SIRT7
51548	SIRT6
51550	CINP
51552	RAB14
51554	ACKR4
51555	PEX5L
51557	LGSN
51559	NT5DC3
51560	RAB6B
51561	IL23A
51562	MBIP
51564	HDAC7
51566	ARMCX3
51567	TDP2
51569	UFM1
51571	CYRIB
51573	GDE1
51574	LARP7
51575	ESF1
51581	ERVH-6
51582	AZIN1
51585	PCF11
51586	MED15
51588	PIAS4
51592	TRIM33
51593	SRRT
51594	NBAS
51596	CUTA
51599	LSR
51601	LIPT1
51602	NOP58
51603	METTL13
51604	PIGT
51605	TRMT6
51606	ATP6V1H
51608	GET4
51611	DPH5
51614	ERGIC3
51616	TAF9B
51617	NSG2
51619	UBE2D4
51621	KLF13
51622	CCZ1
51626	DYNC2LI1
51629	SLC25A39
51631	LUC7L2
51633	OTUD6B
51634	RBMX2
51635	DHRS7
51637	RTRAF
51639	SF3B6
51642	MRPL48
51643	TMBIM4
51645	PPIL1
51646	YPEL5
51647	CIAO2B
51649	MRPS23
51650	MRPS33
51651	PTRH2
51652	CHMP3
51654	CDK5RAP1
51655	RASD1
51657	STYXL1
51659	GINS2
51660	MPC1
51661	FKBP7
51663	ZFR
51665	ASB1
51666	ASB4
51667	NUB1
51668	IFT25
51669	SARAF
51673	TPPP3
51676	ASB2
51678	PALS2
51684	SUFU
51686	OAZ3
51690	LSM7
51691	LSM8
51692	CPSF3
51693	TRAPPC2L
51696	HECA
51699	VPS29
51700	CYB5R2
51701	NLK
51702	PADI3
51703	ACSL5
51704	GPRC5B
51705	EMCN
51706	CYB5R1
51710	ZNF44
51714	SELENOT
51715	RAB23
51716	CES1P1
51719	CAB39
51720	UIMC1
51725	FBXO40
51726	DNAJB11
51727	CMPK1
51728	POLR3K
51729	WBP11
51733	UPB1
51734	MSRB1
51735	RAPGEF6
51738	GHRL
51741	WWOX
51742	ARID4B
51744	CD244
51747	LUC7L3
51750	RTEL1
51751	HIGD1B
51752	ERAP1
51754	TMEM8B
51755	CDK12
51759	C9ORF78
51760	SYT17
51761	ATP8A2
51762	RAB8B
51763	INPP5K
51764	GNG13
51765	STK26
51768	TM7SF3
51773	RSF1
51776	MAP3K20
51778	MYOZ2
51780	KDM3B
51802	ASIC5
51804	SIX4
51805	COQ3
51806	CALML5
51807	TUBA8
51808	PHAX
51809	GALNT7
51816	ADA2
53335	BCL11A
53336	CPXCR1
53338	CAPZA1P1
53339	BTBD1
53340	SPA17
53342	IL17D
53343	NUDT9
53344	CHIC1
53345	TM6SF2
53346	TM6SF1
53347	UBASH3A
53349	ZFYVE1
53353	LRP1B
53354	PANK1
53358	SHC3
53371	NUP54
53373	TPCN1
53383	MCUR1P1
53400	SMG6-IT1
53405	CLIC5
53407	STX18
53409	ATP5MGP3
53410	ATP5MGP2
53411	ATP5MGP1
53615	MBD3
53616	ADAM22
53630	BCO1
53632	PRKAG3
53635	PTOV1
53637	S1PR5
53820	RIPPLY3
53822	FXYD7
53826	FXYD6
53827	FXYD5
53828	FXYD4
53829	P2RY13
53831	GPR84
53832	IL20RA
53833	IL20RB
53834	FGFRL1
53836	GPR87
53838	C11ORF24
53840	TRIM34
53841	CDHR5
53842	CLDN22
53844	COPG2IT1
53904	MYO3A
53905	DUOX1
53916	RAB4B
53917	RAB24
53918	PELO
53919	SLCO1C1
53938	PPIL3
53940	FTHL17
53942	CNTN5
53944	CSNK1G1
53947	A4GALT
53981	CPSF2
54012	ZNF299P
54014	BRWD1
54015	VDAC2P1
54016	TUBAP1
54019	SLC6A6P1
54020	SLC37A1
54021	SRSF9P1
54022	RPS5P3
54024	RPS26P1
54025	RPS20P1
54026	RPL34P3
54027	RPL31P1
54028	RPL23P2
54029	RPL23AP4
54031	RIMKLBP1
54032	RBPMSLP
54033	RBM11
54034	RAD23BP3
54035	PSMD4P1
54036	PPP1R2P2
54038	POLR2CP1
54039	PCBP3
54041	VN1R8P
54043	MYL6P1
54044	KRT18P2
54045	IMMTP1
54047	HSPD1P7
54048	HMGN1P2
54049	H2AZP1
54050	GAPDHP14
54051	FDPSP6
54052	EIF4A1P1
54053	EIF3FP1
54054	EEF1A1P1
54055	CYP4F29P
54058	C21ORF58
54059	YBEY
54064	LINC00160
54065	SMIM11
54067	EPCIP-AS1
54069	MIS18A
54072	LINC00158
54075	LINC03147
54082	TSPEAR-AS1
54084	TSPEAR
54088	LINC00113
54089	LINC00112
54090	LINC00111
54093	SETD4
54097	FAM3B
54098	C1QBPP1
54099	FBXW11P1
54101	RIPK4
54102	CLIC6
54103	GSAP
54106	TLR9
54107	POLE3
54108	CHRAC1
54112	GPR88
54143	LINC00308
54145	H2BC12L
54147	BACH1-IT3
54148	MRPL39
54149	C21ORF91
54165	DCUN1D1
54187	NANS
54205	CYCS
54206	ERRFI1
54207	KCNK10
54209	TREM2
54210	TREM1
54212	SNTG1
54221	SNTG2
54328	GPR173
54329	GPR85
54331	GNG2
54332	GDAP1
54344	DPM3
54345	SOX18
54346	UNC93A
54360	CYTL1
54361	WNT4
54363	HAO1
54386	TERF2IP
54407	SLC38A2
54413	NLGN3
54414	SIAE
54429	TAS2R5
54431	DNAJC10
54432	YIPF1
54433	GAR1
54434	SSH1
54435	HCG4
54436	SH3TC1
54437	SEMA5B
54438	GFOD1
54439	RBM27
54440	SASH3
54441	STAG3L1
54442	KCTD5
54443	ANLN
54453	RIN2
54454	ATAD2B
54455	FBXO42
54456	MOV10L1
54457	TAF7L
54458	PRR13
54460	MRPS21
54461	FBXW5
54462	CCSER2
54463	RETREG1
54464	XRN1
54465	ETAA1
54466	SPIN2A
54467	ANKIB1
54468	MIOS
54469	ZFAND6
54470	ARMCX6
54471	MIEF1
54472	TOLLIP
54474	KRT20
54475	NLE1
54476	RNF216
54477	PLEKHA5
54478	PIMREG
54480	CHPF2
54482	TRMT13
54487	DGCR8
54490	UGT2B28
54491	OTULINL
54492	NEURL1B
54494	C11ORF71
54495	TMX3
54496	PRMT7
54497	HEATR5B
54498	SMOX
54499	TMCO1
54502	RBM47
54503	ZDHHC13
54504	CPVL
54505	DHX29
54507	ADAMTSL4
54508	EPB41L4A-DT
54509	RHOF
54510	PCDH18
54511	HMGCLL1
54512	EXOSC4
54514	DDX4
54516	MTRF1L
54517	PUS7
54518	APBB1IP
54520	CCDC93
54521	WDR44
54522	ANKRD16
54529	ASNSD1
54531	MIER2
54532	USP53
54534	MRPL50
54535	CCHCR1
54536	EXOC6
54537	SHLD2
54538	ROBO4
54539	NDUFB11
54540	FAM193B
54541	DDIT4
54542	RC3H2
54543	TOMM7
54544	CRCT1
54545	MTMR12
54546	RNF186
54549	SDK2
54550	NECAB2
54551	MAGEL2
54552	GNL3L
54553	MIR4453HG
54554	WDR5B
54555	DDX49
54556	ING3
54557	SGTB
54558	SPATA6
54566	EPB41L4B
54567	DLL4
54568	UGT2B29P
54569	UGT2B27P
54570	UGT2B26P
54571	UGT2B25P
54572	UGT2B24P
54573	UGT1A12P
54574	UGT1A11P
54575	UGT1A10
54576	UGT1A8
54577	UGT1A7
54578	UGT1A6
54579	UGT1A5
54580	UGT1A2P
54581	SCAND2P
54583	EGLN1
54584	GNB1L
54585	LZTFL1
54586	EQTN
54587	MXRA8
54596	L1TD1
54600	UGT1A9
54602	NDFIP2
54606	DDX56
54617	INO80
54619	CCNJ
54620	FBXL19
54621	VSIG10
54622	ARL15
54623	PAF1
54625	PARP14
54626	HES2
54627	MAP10
54629	MINDY2
54657	UGT1A4
54658	UGT1A1
54659	UGT1A3
54660	PCDHB18P
54661	PCDHB17P
54662	TBC1D13
54663	WDR74
54664	TMEM106B
54665	RSBN1
54674	LRRN3
54675	CRLS1
54676	GTPBP2
54677	CROT
54680	ZNHIT6
54681	P4HTM
54682	MANSC1
54700	RRN3
54704	PDP1
54707	GPN2
54708	MARCHF5
54714	CNGB3
54715	RBFOX1
54716	SLC6A20
54718	BTN2A3P
54726	OTUD4
54729	NKX1-1
54732	TMED9
54733	SLC35F2
54734	RAB39A
54737	MPHOSPH8
54738	FEV
54739	XAF1
54741	LEPROT
54742	LY6K
54749	EPDR1
54751	FBLIM1
54752	FNDC8
54753	ZNF853
54754	NUTM2F
54756	IL17RD
54757	FAM20A
54758	KLHDC4
54760	PCSK4
54762	GRAMD1C
54763	ROPN1
54764	ZRANB1
54765	TRIM44
54766	BTG4
54768	HYDIN
54769	DIRAS2
54776	PPP1R12C
54777	CFAP46
54778	RNF111
54780	NSMCE4A
54784	ALKBH4
54785	BORCS6
54788	DNAJB12
54790	TET2
54793	KCTD9
54795	TRPM4
54796	BNC2
54797	MED18
54798	DCHS2
54799	MBTD1
54800	KLHL24
54801	HAUS6
54802	TRIT1
54805	CNNM2
54806	AHI1
54807	ZNF586
54808	DYM
54809	SAMD9
54810	GIPC2
54811	ZNF562
54812	AFTPH
54813	KLHL28
54814	QPCTL
54815	GATAD2A
54816	ZNF280D
54819	ZCCHC10
54820	NDE1
54821	ERCC6L
54822	TRPM7
54823	SWT1
54825	CDHR2
54826	GIN1
54827	NXPE4
54828	BCAS3
54829	ASPN
54830	NUP62CL
54831	BEST2
54832	VPS13C
54834	GDAP2
54836	BSPRY
54838	WBP1L
54839	LRRC49
54840	APTX
54841	BIVM
54842	MFSD6
54843	SYTL2
54845	ESRP1
54847	SIDT1
54848	ARHGEF38
54849	DEF8
54850	FBXL12
54851	ANKRD49
54852	PAQR5
54853	WDR55
54854	FAM83E
54855	TENT5C
54856	GON4L
54857	GDPD2
54858	PGPEP1
54859	ELP6
54860	MS4A12
54861	SNRK
54862	CC2D1A
54863	TOR4A
54865	GPATCH4
54866	PPP1R14D
54867	TMEM214
54868	SLC38A12
54869	EPS8L1
54870	QRICH1
54872	PIGG
54873	PALMD
54874	FNBP1L
54875	CNTLN
54876	DCAF16
54877	ZCCHC2
54878	DPP8
54879	ST7L
54880	BCOR
54881	TEX10
54882	ANKHD1
54883	CWC25
54884	RETSAT
54885	TBC1D8B
54886	PLPPR1
54887	BLTP3A
54888	NSUN2
54890	ALKBH5
54891	INO80D
54892	NCAPG2
54893	MTMR10
54894	RNF43
54896	SLC66A1
54897	CASZ1
54898	ELOVL2
54899	PXK
54900	LAX1
54901	CDKAL1
54902	TTC19
54903	MKS1
54904	NSD3
54905	CYP2W1
54906	TASOR2
54908	SPDL1
54910	SEMA4C
54913	RPP25
54914	FOCAD
54915	YTHDF1
54916	TMEM260
54918	CMTM6
54919	DNAAF5
54920	DUS2
54921	CHTF8
54922	RASIP1
54923	LIME1
54925	ZSCAN32
54926	UBE2R2
54927	CHCHD3
54928	BPNT2
54929	TMEM161A
54930	HAUS4
54931	TRMT10C
54932	EXD3
54933	RHBDL2
54934	KANSL2
54935	DUSP23
54936	ADPRS
54937	SOHLH2
54938	SARS2
54939	COMMD4
54940	OCIAD1
54941	RNF125
54942	ABITRAM
54943	DNAJC28
54944	LINC01521
54946	SLC41A3
54947	LPCAT2
54948	MRPL16
54949	SDHAF2
54951	COMMD8
54952	TRNAU1AP
54953	ODR4
54954	FAM120C
54955	AIRIM
54956	PARP16
54957	TXNL4B
54958	TMEM160
54959	ODAM
54960	GEMIN8
54961	SSH3
54962	TIPIN
54963	UCKL1
54964	C1ORF56
54965	PIGX
54967	CT55
54968	TMEM70
54969	HPF1
54970	TTC12
54971	BANP
54972	TMEM132A
54973	INTS11
54974	THG1L
54976	ADISSP
54977	SLC25A38
54978	SLC35F6
54979	PLAAT2
54980	C2ORF42
54981	NMRK1
54982	CLN6
54984	PINX1
54985	HCFC1R1
54986	ULK4
54987	CZIB
54988	ACSM5
54989	ZNF770
54991	C1ORF159
54993	ZSCAN2
54994	GID8
54995	OXSM
54996	MTARC2
54997	TESC
54998	AURKAIP1
55000	TUG1
55001	TTC22
55002	SLC9D1
55003	PAK1IP1
55004	LAMTOR1
55005	RMND1
55006	TRMT61B
55007	FAM118A
55008	HERC6
55009	FAM174C
55010	PARPBP
55011	PIH1D1
55012	PPP2R3C
55013	MCUB
55014	STX17
55015	PRPF39
55016	MARCHF1
55017	C14ORF119
55018	ANKRD40CL
55020	TTC38
55022	PID1
55023	PHIP
55024	BANK1
55026	TMEM255A
55027	HEATR3
55028	MTNAP1
55030	FBXO34
55031	USP47
55032	SLC35A5
55033	FKBP14
55034	MOCOS
55035	NOL8
55036	CCDC40
55037	PTCD3
55038	CDCA4
55039	TYW2
55040	EPN3
55041	PLEKHB2
55048	VPS37C
55049	REX1BD
55051	NRDE2
55052	MRPL20
55054	ATG16L1
55055	ZWILCH
55056	GABPB1-IT1
55057	CRYBG2
55061	SUSD4
55062	WIPI1
55063	ZCWPW1
55064	SPATA6L
55065	SLC52A1
55066	PDPR
55068	ENOX1
55069	TMEM248
55070	DET1
55071	C9ORF40
55072	RNF31
55073	LRRC37A4P
55074	OXR1
55075	UACA
55076	TMEM45A
55079	FEZF2
55080	TAPBPL
55081	IFT57
55082	ARGLU1
55083	KIF26B
55084	SOBP
55086	RADX
55088	CCDC186
55089	SLC38A4
55090	MED9
55092	TMEM51
55093	NTAQ1
55094	GPATCH1
55095	SAMD4B
55096	EBLN2
55100	WDR70
55101	DMAC2
55102	ATG2B
55103	RALGPS2
55105	GPATCH2
55106	SLFN12
55107	ANO1
55108	BSDC1
55109	AGGF1
55110	MAGOHB
55111	PLEKHJ1
55112	DYNC2I1
55113	XKR8
55114	ARHGAP17
55116	TMEM39B
55117	SLC6A15
55118	CRTAC1
55119	PRPF38B
55120	FANCL
55122	AKIRIN2
55124	PIWIL2
55125	CEP192
55127	HEATR1
55128	TRIM68
55129	ANO10
55130	ODAD2
55131	RBM28
55132	LARP1B
55133	SRBD1
55135	WRAP53
55137	FIGN
55138	FAM90A1
55139	ANKZF1
55140	ELP3
55142	HAUS2
55143	CDCA8
55144	LRRC8D
55145	THAP1
55146	ZDHHC4
55147	RBM23
55148	UBR7
55149	MTPAP
55150	C19ORF73
55151	TMEM38B
55152	DALRD3
55153	SDAD1
55154	MSTO1
55156	ARMC1
55157	DARS2
55159	RFWD3
55160	ARHGEF10L
55161	TMEM33
55163	PNPO
55164	SHQ1
55165	CEP55
55166	CENPQ
55167	MSL2
55168	MRPS18A
55170	PRMT6
55171	TBCCD1
55172	DNAAF2
55173	MRPS10
55174	INTS10
55175	KLHL11
55176	SEC61A2
55177	RMDN3
55178	MRM3
55179	FAIM
55180	LINS1
55181	SMG8
55182	RNF220
55183	RIF1
55184	DZANK1
55186	SLC25A36
55187	VPS13D
55188	RIC8B
55190	NUDT11
55191	NADSYN1
55192	DNAJC17
55193	PBRM1
55194	EVA1B
55195	CCDC198
55196	RESF1
55197	RPRD1A
55198	APPL2
55199	FAM86C1P
55200	PLEKHG6
55201	MAP1S
55203	LGI2
55204	GOLPH3L
55205	ZNF532
55206	SBNO1
55207	ARL8B
55208	DCUN1D2
55209	SETD5
55210	ATAD3A
55211	DPPA4
55212	BBS7
55213	RCBTB1
55214	P3H2
55215	FANCI
55216	NKAPD1
55217	TMLHE
55218	EXD2
55219	MACO1
55220	KLHDC8A
55222	LRRC20
55223	TRIM62
55224	ETNK2
55225	RAVER2
55226	NAT10
55227	LRRC1
55228	PNMA8A
55229	PANK4
55230	USP40
55231	CCDC87
55233	MOB1A
55234	SMU1
55236	UBA6
55237	VRTN
55238	SLC38A7
55239	OGFOD1
55240	STEAP3
55243	KIRREL1
55244	SLC47A1
55245	UQCC1
55246	CCDC25
55247	NEIL3
55248	PACC1
55249	YY1AP1
55250	ELP2
55251	PCMTD2
55252	ASXL2
55253	TYW1
55254	TMEM39A
55255	WDR41
55256	ADI1
55257	MRGBP
55258	THNSL2
55259	DNAI7
55260	TMEM143
55262	TRAPPC14
55266	TMEM19
55267	PRR34
55268	ECHDC2
55269	PSPC1
55270	NUDT15
55272	IMP3
55273	TMEM100
55274	PHF10
55275	VPS53
55276	PGM2
55277	FGGY
55278	QRSL1
55279	ZNF654
55280	CWF19L1
55281	TMEM140
55282	LRRC36
55283	MCOLN3
55284	UBE2W
55285	RBM41
55286	PGCKA1
55287	TMEM40
55288	RHOT1
55289	ACOXL
55290	BRF2
55291	PPP6R3
55293	UEVLD
55294	FBXW7
55295	KLHL26
55296	TBC1D19
55297	CCDC91
55298	RNF121
55299	BRIX1
55300	PI4K2B
55301	OLAH
55303	GIMAP4
55304	SPTLC3
55308	DDX19A
55311	ZNF444
55312	RFK
55313	CPPED1
55314	TMEM144
55315	SLC29A3
55316	RSAD1
55317	AP5S1
55319	TMA16
55320	MIS18BP1
55321	TMEM74B
55322	C5ORF22
55323	LARP6
55324	ABCF3
55325	UFSP2
55326	AGPAT5
55327	LIN7C
55328	RNLS
55329	MNS1
55330	BLOC1S4
55331	ACER3
55332	DRAM1
55333	SYNJ2BP
55334	SLC39A9
55335	NIPSNAP3B
55336	FBXL8
55337	SHFL
55338	LINC01949
55339	WDR33
55340	GIMAP5
55341	LSG1
55342	STRBP
55343	SLC35C1
55344	PLCXD1
55345	ZGRF1
55346	TCP11L1
55347	ABHD10
55349	CHDH
55350	VNN3P
55351	STK32B
55352	COPRS
55353	LAPTM4B
55355	HJURP
55356	SLC22A15
55357	TBC1D2
55359	STYK1
55361	PI4K2A
55362	TMEM63B
55363	HEMGN
55364	IMPACT
55365	TMEM176A
55366	LGR4
55367	PIDD1
55370	PPP4R1L
55374	TMCO6
55379	LRRC59
55380	EPS15P1
55384	MEG3
55388	MCM10
55421	NCBP3
55422	ZNF331
55423	SIRPG
55425	GPALPP1
55432	YOD1
55435	AP1AR
55437	STRADB
55449	DHRS4-AS1
55450	CAMK2N1
55451	LINC00216
55454	CSGALNACT2
55466	DNAJA4
55471	NDUFAF7
55472	RBM12B-AS1
55486	PARL
55500	ETNK1
55501	CHST12
55502	HES6
55503	TRPV6
55504	TNFRSF19
55505	NOP10
55506	MACROH2A2
55507	GPRC5D
55508	SLC35E3
55509	BATF3
55510	DDX43
55511	SAGE1
55512	SMPD3
55515	ASIC4
55520	ELAC1
55521	TRIM36
55526	DHTKD1
55527	FEM1A
55529	PIP4P2
55530	SVOP
55531	ELMOD1
55532	SLC30A10
55534	MAML3
55536	CDCA7L
55539	KCNQ1DN
55540	IL17RB
55544	RBM38
55545	MSX2P1
55547	HAB1
55552	ZNF823
55553	SOX6
55554	KLK15
55556	ENOSF1
55558	PLXNA3
55559	HAUS7
55561	CDC42BPG
55565	ZNF821
55567	DNAH3
55568	GALNT10
55571	CNOT11
55572	FOXRED1
55573	CDV3
55576	STAB2
55577	NAGK
55578	SUPT20H
55582	KIF27
55584	CHRNA9
55585	UBE2Q1
55586	MIOX
55588	MED29
55589	BMP2K
55591	VEZT
55592	GOLGA2P5
55593	OTUD5
55596	ZCCHC8
55599	RNPC3
55600	ITLN1
55601	DDX60
55602	CDKN2AIP
55603	TENT5A
55604	CARMIL1
55605	KIF21A
55607	PPP1R9A
55608	ANKRD10
55609	ZNF280C
55610	VPS50
55611	OTUB1
55612	FERMT1
55613	MTMR8
55614	KIF16B
55615	PRR5
55616	ASAP3
55617	TASP1
55619	DOCK10
55620	STAP2
55621	TRMT1
55622	TTC27
55623	THUMPD1
55624	POMGNT1
55625	ZDHHC7
55626	AMBRA1
55627	SMPD4
55628	ZNF407
55629	PNRC2
55630	SLC39A4
55631	LRRC40
55632	G2E3
55633	TBC1D22B
55634	KRABD4
55635	DEPDC1
55636	CHD7
55638	SYBU
55640	FLVCR2
55643	BTBD2
55644	OSGEP
55646	LYAR
55647	RAB20
55650	PIGV
55651	NHP2
55652	SLC48A1
55653	BCAS4
55654	TMEM127
55655	NLRP2
55656	INTS8
55657	ZNF692
55658	RNF126
55659	ZNF416
55660	PRPF40A
55661	DDX27
55662	HIF1AN
55663	ZNF446
55664	CDC37L1
55665	URGCP
55666	NPLOC4
55667	DENND4C
55668	GPATCH2L
55669	MFN1
55670	PEX26
55671	PPP4R3A
55672	NBPF1
55676	SLC30A6
55677	IWS1
55679	LIMS2
55680	RUFY2
55681	SCYL2
55683	KANSL3
55684	RABL6
55686	MREG
55687	TRMU
55689	YEATS2
55690	PACS1
55691	FRMD4A
55692	LUC7L
55693	KDM4D
55695	NSUN5
55696	RBM22
55697	VAC14
55698	RADIL
55699	IARS2
55700	MAP7D1
55701	ARHGEF40
55702	YJU2
55703	POLR3B
55704	CCDC88A
55705	IPO9
55706	NDC1
55707	NECAP2
55709	KBTBD4
55711	FAR2
55713	ZNF334
55714	TENM3
55715	DOK4
55716	LMBR1L
55717	WDR11
55718	POLR3E
55719	SLF2
55720	TSR1
55721	IQCC
55722	CEP72
55723	ASF1B
55726	INTS13
55727	BTBD7
55728	N4BP2
55729	ATF7IP
55731	FAM222B
55732	FIRRM
55733	HHAT
55734	ZFP64
55735	DNAJC11
55737	VPS35
55738	ARFGAP1
55739	NAXD
55740	ENAH
55741	EDEM2
55742	PARVA
55743	CHFR
55744	COA1
55745	AP5M1
55746	NUP133
55748	CNDP2
55749	CCAR1
55750	AGK
55751	TMEM184C
55752	SEPTIN11
55753	OGDHL
55754	TMEM30A
55755	CDK5RAP2
55756	INTS9
55757	UGGT2
55758	RCOR3
55759	WDR12
55760	DHX32
55761	TTC17
55762	ZNF701
55763	EXOC1
55764	IFT122
55765	INAVA
55766	H2AJ
55768	NGLY1
55769	ZNF83
55770	EXOC2
55771	PRR11
55773	TBC1D23
55775	TDP1
55776	SAYSD1
55777	MBD5
55778	ZNF839
55779	CFAP44
55780	ERMARD
55781	RIOK2
55783	CMTR2
55784	MCTP2
55785	FGD6
55786	ZNF415
55787	TXLNG
55788	LMBRD1
55789	DEPDC1B
55790	CSGALNACT1
55791	LRIF1
55793	MINDY1
55794	DDX28
55795	PCID2
55796	MBNL3
55798	METTL2B
55799	CACNA2D3
55800	SCN3B
55801	IL26
55802	DCP1A
55803	ADAP2
55805	LRP2BP
55806	HR
55808	ST6GALNAC1
55809	TRERF1
55810	FOXJ2
55811	ADCY10
55812	SPATA7
55813	UTP6
55814	BDP1
55815	TSNAXIP1
55816	DOK5
55818	KDM3A
55819	RNF130
55821	ALLC
55823	VPS11
55824	PAG1
55825	PECR
55827	DCAF6
55829	SELENOS
55830	GLT8D1
55831	EMC3
55832	CAND1
55833	UBAP2
55835	CPAP
55837	EAPP
55839	CENPN
55840	EAF2
55841	WWC3
55843	ARHGAP15
55844	PPP2R2D
55845	BRK1
55846	ITFG2
55847	CISD1
55848	PLGRKT
55850	USE1
55851	PSENEN
55852	TEX2
55853	IDI2-AS1
55854	ZC3H15
55855	DENND10P1
55856	ACOT13
55857	KIZ
55858	TMEM165
55859	BEX1
55860	ACTR10
55861	DBNDD2
55862	ECHDC1
55863	TMEM126B
55867	SLC22A11
55869	HDAC8
55870	ASH1L
55871	ZNG1A
55872	PBK
55876	GSDMB
55879	GABRQ
55884	WSB2
55885	LMO3
55888	ZKSCAN7
55889	GOLGA6B
55890	GPRC5C
55891	LENEP
55892	MYNN
55893	ZNF395
55894	DEFB103B
55897	MESP1
55898	UNC45A
55900	ZNF302
55901	THSD1
55902	ACSS2
55904	KMT2E
55905	RNF114
55906	ZC4H2
55907	CMAS
55908	ANGPTL8
55909	BIN3
55911	APOBR
55914	ERBIN
55915	LANCL2
55916	NXT2
55917	CTTNBP2NL
55920	RCC2
55922	NKRF
55924	INKA2
55929	DMAP1
55930	MYO5C
55937	APOM
55954	ZMAT5
55957	LIN37
55958	KLHL9
55959	SULF2
55964	SEPTIN3
55966	AJAP1
55967	NDUFA12
55968	NSFL1C
55969	RAB5IF
55970	GNG12
55971	BAIAP2L1
55972	SLC25A40
55973	BCAP29
55974	SLC50A1
55975	KLHL7
55997	CFC1
55998	NXF5
55999	NXF4
56000	NXF3
56001	NXF2
56005	MYDGF
56006	SMG9
56033	BARX1
56034	PDGFC
56052	ALG1
56061	UBFD1
56062	KLHL4
56063	TMEM234
56097	PCDHGC5
56098	PCDHGC4
56099	PCDHGB7
56100	PCDHGB6
56101	PCDHGB5
56102	PCDHGB3
56103	PCDHGB2
56104	PCDHGB1
56105	PCDHGA11
56106	PCDHGA10
56107	PCDHGA9
56108	PCDHGA7
56109	PCDHGA6
56110	PCDHGA5
56111	PCDHGA4
56112	PCDHGA3
56113	PCDHGA2
56114	PCDHGA1
56115	PCDHG@
56116	PCDHB@
56117	PCDHA@
56118	PCDHGCT
56119	PCDHACT
56120	PCDHGB8P
56121	PCDHB15
56122	PCDHB14
56123	PCDHB13
56124	PCDHB12
56125	PCDHB11
56126	PCDHB10
56127	PCDHB9
56128	PCDHB8
56129	PCDHB7
56130	PCDHB6
56131	PCDHB4
56132	PCDHB3
56133	PCDHB2
56134	PCDHAC2
56135	PCDHAC1
56136	PCDHA13
56137	PCDHA12
56138	PCDHA11
56139	PCDHA10
56140	PCDHA8
56141	PCDHA7
56142	PCDHA6
56143	PCDHA5
56144	PCDHA4
56145	PCDHA3
56146	PCDHA2
56147	PCDHA1
56154	TEX15
56155	TEX14
56156	TEX13B
56157	TEX13A
56158	TEX12
56159	TEX11
56160	NSMCE3
56163	RNF17
56164	STK31
56165	TDRD1
56167	MTCO1P1
56168	MTND2P2
56169	GSDMC
56171	DNAH7
56172	ANKH
56180	MOSPD1
56181	MTFR1L
56203	LMOD3
56204	ATOSA
56241	SUSD2
56242	ZNF253
56243	KIAA1217
56244	BTNL2
56245	EPCIP
56246	MRAP
56252	YLPM1
56253	CRTAM
56254	RNF20
56255	TMX4
56256	SERTAD4
56257	MEPCE
56259	CTNNBL1
56260	C8ORF44
56261	GPCPD1
56262	LRRC8A
56265	CPXM1
56267	KYAT3
56269	IRGC
56270	WDR45B
56271	BEX4
56286	DAD1P1
56287	GKN1
56288	PARD3
56300	IL36G
56301	SLC7A10
56302	TRPV5
56311	ANKRD7
56339	METTL3
56341	PRMT8
56342	PPAN
56344	CABP5
56413	LTB4R2
56474	CTPS2
56475	RPRM
56476	ABCB10P1
56477	CCL28
56478	EIF4ENIF1
56479	KCNQ5
56521	DNAJC12
56547	MMP26
56548	CHST7
56603	CYP26B1
56604	TUBB7P
56605	ERO1B
56606	SLC2A9
56616	DIABLO
56623	INPP5E
56624	ASAH2
56647	BCCIP
56648	EIF5A2
56649	TMPRSS4
56650	CLDND1
56651	LINC00470
56652	TWNK
56654	NPDC1
56655	POLE4
56656	OR2S2
56658	TRIM39
56659	KCNK13
56660	KCNK12
56662	VTRNA1-3
56663	VTRNA1-2
56664	VTRNA1-1
56666	PANX2
56667	MUC13
56670	SUCNR1
56672	AKIP1
56673	C11ORF16
56674	TMEM9B
56675	NRIP3
56676	ASCL3
56677	FABP3P2
56681	SAR1A
56683	CFAP298
56704	JPH1
56729	RETN
56731	SLC2A4RG
56751	BARHL1
56776	FMN2
56829	ZC3HAV1
56832	IFNK
56833	SLAMF8
56834	GPR137
56848	SPHK2
56849	TCEAL7
56850	GRIPAP1
56851	EMC7
56852	RAD18
56853	CELF4
56882	CDC42SE1
56884	FSTL5
56886	UGGT1
56888	KCMF1
56889	TM9SF3
56890	MDM1
56891	LGALS14
56892	TCIM
56893	UBQLN4
56894	AGPAT3
56895	AGPAT4
56896	DPYSL5
56897	WRNIP1
56898	BDH2
56899	ANKS1B
56900	TMEM167B
56901	COXFA4L2
56902	PNO1
56903	PAPOLB
56904	SH3GLB2
56905	C15ORF39
56906	THAP10
56907	SPIRE1
56910	STARD7
56911	MAP3K7CL
56912	IFT46
56913	C1GALT1
56914	OTOR
56915	EXOSC5
56916	SMARCAD1
56917	MEIS3
56918	SLC19A4P
56919	DHX33
56920	SEMA3G
56922	MCCC1
56923	NMUR2
56924	PAK6
56925	LXN
56926	NCLN
56927	GPR108
56928	SPPL2B
56929	FEM1C
56931	DUS3L
56934	CA10
56935	SMCO4
56936	CCDC177
56937	PMEPA1
56938	BMAL2
56940	DUSP22
56941	HMCES
56942	CMC2
56943	ENY2
56944	OLFML3
56945	MRPS22
56946	EMSY
56947	MFF
56948	SDR39U1
56949	XAB2
56950	SMYD2
56951	C5ORF15
56952	PRTFDC1
56953	NT5M
56954	NIT2
56955	MEPE
56956	LHX9
56957	OTUD7B
56961	SHD
56963	RGMA
56964	WDR93
56965	PARP6
56967	C14ORF132
56969	RPL23AP32
56970	ATXN7L3
56971	CEACAM19
56975	FAM20C
56977	STOX2
56978	PRDM8
56979	PRDM9
56980	PRDM10
56981	PRDM11
56983	POGLUT1
56984	PSMG2
56985	ADPRM
56986	DTWD1
56987	BBX
56990	CDC42SE2
56992	KIF15
56993	TOMM22
56994	CHPT1
56995	TULP4
56996	SLC12A9
56997	COQ8A
56998	CTNNBIP1
56999	ADAMTS9
57000	GSN-AS1
57001	SDHAF3
57002	YAE1
57003	CCDC47
57004	UNGP1
57005	UNGP2
57007	ACKR3
57008	RLFP1
57010	CABP4
57016	AKR1B10
57017	COQ9
57018	CCNL1
57019	CIAPIN1
57020	VPS35L
57026	PDXP
57030	SLC17A7
57035	RSRP1
57037	ANKMY2
57038	RARS2
57045	TWSG1
57047	PLSCR2
57048	PLSCR3
57050	UTP3
57053	CHRNA10
57054	DAZ3
57055	DAZ2
57057	TBX20
57060	PCBP4
57061	HYMAI
57062	DDX24
57082	KNL1
57084	SLC17A6
57085	AGTRAP
57088	PLSCR4
57089	ENTPD7
57091	CASS4
57092	PCNP
57093	TRIM49
57094	CPA6
57095	PITHD1
57096	RPGRIP1
57097	PARP11
57099	AVEN
57101	ANO2
57102	FERRY3
57103	TIGAR
57104	PNPLA2
57105	CYSLTR2
57106	NAT14
57107	PDSS2
57108	KMT5AP1
57109	REXO4
57110	PLAAT1
57111	RAB25
57113	TRPC7
57115	PGLYRP4
57116	ZNF695
57117	INTS12
57118	CAMK1D
57119	EPPIN
57120	GOPC
57121	LPAR5
57122	NUP107
57124	CD248
57125	PLXDC1
57126	CD177
57127	RHBG
57128	LYRM4
57129	MRPL47
57130	ATP13A1
57132	CHMP1B
57134	MAN1C1
57135	DAZ4
57136	APMAP
57139	RGL3
57140	RNPEPL1
57142	RTN4
57143	ADCK1
57144	PAK5
57146	LDAF1
57147	SCYL3
57148	RALGAPB
57149	LYRM1
57150	SMIM8
57151	LYZL6
57152	SLURP1
57153	SLC44A2
57154	SMURF1
57156	TMEM63C
57157	PHTF2
57158	JPH2
57159	TRIM54
57160	TBX23P
57161	PELI2
57162	PELI1
57165	GJC2
57167	SALL4
57168	ASPHD2
57169	ZNFX1
57171	DOLPP1
57172	CAMK1G
57175	CORO1B
57176	VARS2
57178	ZMIZ1
57179	KIAA1191
57180	ACTR3B
57181	SLC39A10
57182	ANKRD50
57184	FAM219B
57185	NIPAL3
57186	RALGAPA2
57187	THOC2
57188	ADAMTSL3
57189	DENND11
57190	SELENON
57191	VN1R1
57192	MCOLN1
57194	ATP10A
57198	ATP8B2
57205	ATP10D
57209	ZNF248
57210	SLC45A4
57211	ADGRG6
57212	GFOD3P
57213	SPRYD7
57214	CEMIP
57215	THAP11
57216	VANGL2
57217	TTC7A
57221	ARFGEF3
57222	ERGIC1
57223	PPP4R3B
57224	NHSL1
57226	LYRM2
57228	SMAGP
57231	SNX14
57232	ZNF630
57234	LINC00869
57282	SLC4A10
57289	IGHV7-4-1
57290	IGHV3-30-3
57291	DANCR
57292	KIR2DL5A
57325	KAT14
57326	PBXIP1
57332	CBX8
57333	RCN3
57335	ZNF286A
57336	ZNF287
57337	SENP7
57338	JPH3
57343	ZNF304
57348	TTYH1
57369	GJD2
57379	AICDA
57380	MRS2
57381	RHOJ
57393	CLTRN
57396	CLK4
57402	S100A14
57403	RAB22A
57404	CYP20A1
57405	SPC25
57406	ABHD6
57407	NMRAL1
57408	LRTM1
57409	MIF4GD
57410	SCYL1
57412	AS3MT
57413	TMIGD3
57414	RHBDD2
57415	CEP15
57418	WDR18
57419	SLC24A3
57446	NDRG3
57447	NDRG2
57448	BIRC6
57449	PLEKHG5
57451	TENM2
57452	GALNT16
57453	DSCAML1
57455	REXO1
57456	KIAA1143
57458	TMCC3
57459	GATAD2B
57460	PPM1H
57461	ISY1
57462	MYORG
57463	AMIGO1
57464	STRIP2
57465	TBC1D24
57466	SCAF4
57467	HHATL
57468	SLC12A5
57469	PNMA8B
57470	LRRC47
57471	ERMN
57472	CNOT6
57473	ZNF512B
57474	ZNF490
57475	PLEKHH1
57476	GRAMD1B
57477	SHROOM4
57478	USP31
57479	PRR12
57480	PLEKHG1
57481	KIAA1210
57482	CRACD
57484	RNF150
57486	NLN
57488	ESYT2
57489	ODF2L
57491	AHRR
57492	ARID1B
57493	HEG1
57494	RIMKLB
57495	NWD2
57496	MRTFB
57497	LRFN2
57498	KIDINS220
57501	CFAP92
57502	NLGN4X
57504	MTA3
57505	AARS2
57506	MAVS
57507	ZNF608
57508	INTS2
57509	MTUS1
57510	XPO5
57511	COG6
57512	GPR158
57513	CASKIN2
57514	ARHGAP31
57515	SERINC1
57519	STARD9
57520	HECW2
57521	RPTOR
57522	SRGAP1
57523	NYNRIN
57524	CASKIN1
57526	PCDH19
57528	KCTD16
57529	RTL9
57530	CGN
57531	HACE1
57532	NUFIP2
57533	TBC1D14
57534	MIB1
57535	ELAPOR1
57536	KIAA1328
57537	SORCS2
57538	ALPK3
57539	WDR35
57540	DISP3
57541	ZNF398
57542	KLHL42
57544	TXNDC16
57545	CC2D2A
57546	PDP2
57547	ZNF624
57549	IGSF9
57551	TAOK1
57552	NCEH1
57553	MICAL3
57554	LRRC7
57555	NLGN2
57556	SEMA6A
57558	USP35
57559	STAMBPL1
57560	IFT80
57561	ARRDC3
57562	CEP126
57563	KLHL8
57565	KLHL14
57567	ZNF319
57568	SIPA1L2
57569	ARHGAP20
57570	TRMT5
57571	CARNS1
57572	DOCK6
57573	ZNF471
57574	MARCHF4
57575	PCDH10
57576	KIF17
57577	CCDC191
57578	UNC79
57579	FAM135A
57580	PREX1
57582	KCNT1
57583	TMEM181
57584	ARHGAP21
57585	CRAMP1
57586	SYT13
57587	CFAP97
57589	RIC1
57590	WDFY1
57591	MRTFA
57592	ZNF687
57593	EBF4
57594	HOMEZ
57595	PDZD4
57596	BEGAIN
57597	BAHCC1
57599	WDR48
57600	FNIP2
57602	USP36
57604	TRMT9B
57605	PITPNM2
57606	SLAIN2
57608	JCAD
57609	DIP2B
57610	RANBP10
57611	ISLR2
57612	ERV3-2
57613	FAM234B
57614	RELCH
57615	ZNF492
57616	TSHZ3
57617	VPS18
57619	SHROOM3
57620	STIM2
57621	ZBTB2
57622	LRFN1
57623	ZFAT
57624	NYAP2
57626	KLHL1
57628	DPP10
57630	SH3RF1
57631	LRCH2
57633	LRRN1
57634	EP400
57636	ARHGAP23
57639	CCDC146
57642	COL20A1
57643	ZSWIM5
57644	MYH7B
57645	POGK
57646	USP28
57647	DHX37
57648	NHSL3
57649	PHF12
57650	CIP2A
57653	SUGT1P4-STRA6LP-CCDC180
57654	UVSSA
57655	GRAMD1A
57657	HCN3
57658	CALCOCO1
57659	ZBTB4
57661	PHRF1
57662	CAMSAP3
57663	USP29
57664	PLEKHA4
57665	RDH14
57666	FBRSL1
57669	EPB41L5
57670	KIAA1549
57673	BEND3
57674	RNF213
57677	ZFP14
57678	GPAM
57679	ALS2
57680	CHD8
57683	ZDBF2
57684	ZBTB26
57685	CACHD1
57687	VAT1L
57688	ZSWIM6
57689	LRRC4C
57690	TNRC6C
57691	KIAA1586
57692	MAGEE1
57693	ZNF317
57695	USP37
57696	DDX55
57697	FANCM
57698	SHTN1
57699	CPNE5
57700	FHIP2A
57701	NCKAP5L
57703	CWC22
57704	GBA2
57705	WDFY4
57706	DENND1A
57707	MEAK7
57708	MIER1
57709	SLC7A14
57710	KIAA1614
57711	ZNF529
57713	SFMBT2
57715	SEMA4G
57716	PRX
57717	PCDHB16
57718	PPP4R4
57719	ANO8
57720	GPR107
57721	METTL14
57722	IGDCC4
57724	EPG5
57727	NCOA5
57728	WDR19
57730	ANKRD36B
57731	SPTBN4
57732	ZFYVE28
57733	GBA3
57758	SCUBE2
57761	TRIB3
57763	ANKRA2
57786	RBAK
57787	MARK4
57794	SUGP1
57795	BRINP2
57798	GATAD1
57799	RAB40C
57801	HES4
57804	POLD4
57805	CCAR2
57817	HAMP
57818	G6PC2
57819	LSM2
57820	CCNB1IP1
57821	CCDC181
57822	GRHL3
57823	SLAMF7
57824	HMHB1
57826	RAP2C
57827	C6ORF47
57828	CATSPERG
57829	ZP4
57830	KRTAP5-8
57834	CYP4F11
57835	SLC4A5
57862	ZNF410
57863	CADM3
57864	SLC46A2
57876	MUC3B
58155	PTBP2
58157	NGB
58158	NEUROD4
58160	NFE4
58163	RBPJP4
58164	RBPJP3
58189	WFDC1
58190	CTDSP1
58191	CXCL16
58472	SQOR
58473	PLEKHB1
58475	MS4A7
58476	TP53INP2
58477	SRPRB
58478	ENOPH1
58480	RHOU
58483	LINC00474
58484	NLRC4
58485	TRAPPC1
58486	ZBED5
58487	CREBZF
58488	PCTP
58489	ABHD17C
58490	RPRD1B
58491	ZNF71
58492	ZNF77
58493	INIP
58494	JAM2
58495	OVOL2
58496	LY6G5B
58497	PRUNE1
58498	MYL7
58499	ZNF462
58500	ZNF250
58503	OPRPN
58504	ARHGAP22
58505	OSTC
58506	SCAF1
58508	KMT2C
58509	CACTIN
58510	PRODH2
58511	DNASE2B
58512	DLGAP3
58513	EPS15L1
58515	SELENOK
58516	SINHCAF
58517	RBM25
58524	DMRT3
58525	WIZ
58526	MID1IP1
58527	ABRACL
58528	RRAGD
58529	MYOZ1
58530	LY6G6D
58531	PRM3
58533	SNX6
58538	MPP4
58985	IL22RA1
58986	PGAP6
59067	IL21
59082	CARD18
59084	ENPP5
59269	HIVEP3
59271	EVA1C
59272	ACE2
59274	TLNRD1
59277	NTN4
59283	CACNG8
59284	CACNG7
59285	CACNG6
59286	UBL5
59307	SIGIRR
59335	PRDM12
59336	PRDM13
59338	PLEKHA1
59339	PLEKHA2
59340	HRH4
59341	TRPV4
59342	SCPEP1
59343	SENP2
59344	ALOXE3
59345	GNB4
59347	TPT1P8
59348	ZNF350
59349	KLHL12
59350	RXFP1
59351	PBOV1
59352	LGR6
59353	TMEM35A
60312	AFAP1
60313	GPBP1L1
60314	MYG1
60343	FAM3A
60358	ERVK-5
60359	ERVK-4
60370	AVPI1
60385	TSKS
60386	SLC25A19
60401	EDA2R
60412	EXOC4
60436	TGIF2
60437	CDH26
60439	TTTY2
60467	BPESC1
60468	BACH2
60481	ELOVL5
60482	SLC5A7
60484	HAPLN2
60485	SAV1
60487	TRMT11
60488	MRPS35
60489	APOBEC3G
60490	PPCDC
60491	NIF3L1
60492	CCDC90B
60493	FASTKD5
60494	CCDC81
60495	HPSE2
60496	AASDHPPT
60506	NYX
60509	AGBL5
60526	LDAH
60528	ELAC2
60529	ALX4
60558	GUF1
60559	SPCS3
60560	NAA35
60561	RINT1
60592	SCOC
60598	KCNK15
60625	DHX35
60626	RIC8A
60672	MIIP
60673	ATG101
60674	GAS5
60675	PROK2
60676	PAPPA2
60677	CELF6
60678	EEFSEC
60680	CELF5
60681	FKBP10
60682	SMAP1
60684	TRAPPC11
60685	ZFAND3
60686	C14ORF93
63027	SLC22A23
63035	BCORL1
63036	CELA2A
63826	SRR
63827	BCAN
63874	ABHD4
63875	MRPL17
63876	PKNOX2
63877	FAM204A
63891	RNF123
63892	THADA
63893	UBE2O
63894	VIPAS39
63895	PIEZO2
63897	HEATR6
63898	SH2D4A
63899	NSUN3
63901	FAM111A
63904	DUSP21
63905	MANBAL
63906	GPATCH3
63908	NAPB
63910	SLC17A9
63914	LINC01590
63915	BLOC1S5
63916	ELMO2
63917	GALNT11
63920	FAM200C
63922	CHTF18
63923	TNN
63924	CIDEC
63925	ZNF335
63926	ANKEF1
63928	CHP2
63929	XPNPEP3
63930	LINC01749
63931	MRPS14
63932	STEEP1
63933	MCUR1
63934	ZNF667
63935	PCIF1
63939	FAM217B
63940	GPSM3
63941	NECAB3
63943	FKBPL
63946	DMRTC2
63947	DMRTC1
63948	DMRTB1
63950	DMRTA2
63951	DMRTA1
63967	CLSPN
63970	TP53AIP1
63971	KIF13A
63973	NEUROG2
63974	NEUROD6
63976	PRDM16
63977	PRDM15
63978	PRDM14
63979	FIGNL1
63982	ANO3
64002	PCGEM1
64005	MYO1G
64006	ERVK-6
64061	TSPYL2
64062	RBM26
64063	PRSS22
64064	OXCT2
64065	PERP
64066	MMP27
64067	NPAS3
64072	CDH23
64073	C19ORF33
64077	LHPP
64078	SLC28A3
64080	RBKS
64081	PBLD
64083	GOLPH3
64084	CLSTN2
64087	MCCC2
64089	SNX16
64090	GAL3ST2
64091	POPDC2
64092	SAMSN1
64093	SMOC1
64094	SMOC2
64096	GFRA4
64097	EPB41L4A
64098	PARVG
64100	ELSPBP1
64101	LRRC4
64102	TNMD
64105	CENPK
64106	NPFFR1
64108	RTP4
64109	CRLF2
64110	MAGEF1
64111	NPVF
64112	MOAP1
64114	TMBIM1
64115	VSIR
64116	SLC39A8
64118	DUS1L
64121	RRAGC
64122	FN3K
64123	ADGRL4
64127	NOD2
64129	TINAGL1
64130	LIN7B
64131	XYLT1
64132	XYLT2
64135	IFIH1
64137	ABCG4
64145	RBSN
64146	PDF
64147	KIF9
64149	C17ORF75
64150	DIO3OS
64151	NCAPG
64167	ERAP2
64168	NECAB1
64170	CARD9
64172	OSGEPL1
64174	DPEP2
64175	P3H1
64180	DPEP3
64184	EDDM3B
64207	IRF2BPL
64208	POPDC3
64210	MMS19
64211	LHX5
64215	DNAJC1
64216	TFB2M
64218	SEMA4A
64219	PJA1
64220	STRA6
64221	ROBO3
64222	TOR3A
64223	MLST8
64224	HERPUD2
64225	ATL2
64231	MS4A6A
64232	MS4A5
64236	PDLIM2
64240	ABCG5
64241	ABCG8
64282	TENT4B
64283	ARHGEF28
64284	RAB17
64285	RHBDF1
64288	ZSCAN31
64318	NOC3L
64319	FBRS
64320	RNF25
64321	SOX17
64324	NSD1
64326	COP1
64327	LMBR1
64328	XPO4
64332	NFKBIZ
64333	ARHGAP9
64342	HS1BP3
64343	AZI2
64344	HIF3A
64359	NXN
64374	SIL1
64375	IKZF4
64376	IKZF5
64377	CHST8
64386	MMP25
64388	GREM2
64393	ZMAT3
64395	GMCL1
64396	GMCL2
64397	ZNF106
64398	PALS1
64399	HHIP
64400	AKTIP
64403	CDH24
64405	CDH22
64407	RGS18
64409	GALNT17
64410	KLHL25
64411	ARAP3
64412	GZF1
64417	TMEM267
64418	TMEM168
64419	MTMR14
64420	SUSD1
64421	DCLRE1C
64422	ATG3
64423	INF2
64425	POLR1E
64426	SUDS3
64427	TTC31
64428	CIAO3
64429	ZDHHC6
64430	PCNX4
64431	ACTR6
64432	MRPS25
64433	LINC00244
64434	NOM1
64446	DNAI2
64478	CSMD1
64493	LINC00235
64499	TPSB2
64506	CPEB1
64518	TEKT3
64577	ALDH8A1
64579	NDST4
64581	CLEC7A
64582	GPR135
64591	TSPY2
64593	RBMY3AP
64595	TTTY15
64596	PSMA6P1
64598	MOSPD3
64599	GIGYF1
64600	PLA2G2F
64601	VPS16
64641	EBF2
64645	SLC71A1
64648	SPANXD
64651	CSRNP1
64663	SPANXC
64682	ANAPC1
64689	GORASP1
64693	CTAGE1
64699	TMPRSS3
64708	COPS7B
64710	NUCKS1
64711	HS3ST6
64714	PDIA2
64717	TRG-CCC2-2
64718	UNKL
64725	RPS3AP2
64726	RPS20P2
64730	TJP1P1
64735	LINC00254
64743	WDR13
64744	SMAP2
64745	METTL17
64746	ACBD3
64747	MFSD1
64748	PLPPR2
64750	SMURF2
64753	CCDC136
64754	SMYD3
64755	RUSF1
64756	ATPAF1
64757	MTARC1
64759	TNS3
64760	FHIP2B
64761	PARP12
64762	GAREM1
64763	ZNF574
64764	CREB3L2
64766	S100PBP
64768	IPPK
64769	MEAF6
64770	CCDC14
64771	ILRUN
64772	ENGASE
64773	PCED1A
64776	CFAP68
64777	RMND5B
64778	FNDC3B
64779	MTHFSD
64780	MICAL1
64781	CERK
64782	AEN
64783	RBM15
64784	CRTC3
64785	GINS3
64786	TBC1D15
64787	EPS8L2
64788	LMF1
64789	EXO5
64792	IFT22
64793	CEP85
64794	DDX31
64795	RMND5A
64798	DEPTOR
64799	IQCH
64800	EFCAB6
64801	ARV1
64802	NMNAT1
64805	P2RY12
64806	IL25
64816	CYP3A43
64834	ELOVL1
64837	KLC2
64838	FNDC4
64839	FBXL17
64840	PORCN
64841	GNPNAT1
64843	ISL2
64844	MARCHF7
64847	SPATA20
64848	YTHDC2
64849	SLC13A3
64850	ETNPPL
64852	TUT1
64853	AIDA
64854	USP46
64855	NIBAN2
64856	VWA1
64857	PLEKHG2
64858	DCLRE1B
64859	NABP1
64860	ARMCX5
64863	METTL4
64864	RFX7
64866	CDCP1
64881	PCDH20
64895	PAPOLG
64897	C12ORF43
64900	LPIN3
64901	RANBP17
64902	AGXT2
64919	BCL11B
64921	CASD1
64922	LRRC19
64924	SLC30A5
64925	CCDC71
64926	RASAL3
64927	TTC23
64928	MRPL14
64940	STAG3L4
64943	NT5DC2
64946	CENPH
64949	MRPS26
64951	MRPS24
64960	MRPS15
64963	MRPS11
64965	MRPS9
64968	MRPS6
64969	MRPS5
64975	MRPL41
64976	MRPL40
64978	MRPL38
64979	MRPL36
64981	MRPL34
64983	MRPL32
65003	MRPL11
65005	MRPL9
65008	MRPL1
65009	NDRG4
65010	SLC26A6
65012	SLC26A10P
65018	PINK1
65055	REEP1
65056	GPBP1
65057	ACD
65059	RAPH1
65061	CDK15
65062	TMEM237
65065	NBEAL1
65072	CFLAR-AS1
65078	RTN4R
65080	MRPL44
65082	VPS33A
65083	NOL6
65084	TMEM135
65094	JMJD4
65095	KRI1
65108	MARCKSL1
65109	UPF3B
65110	UPF3A
65117	RSRC2
65121	PRAMEF1
65122	PRAMEF2
65123	INTS3
65124	SOWAHC
65125	WNK1
65217	PCDH15
65220	NADK
65243	ZFP69B
65244	SPATS2
65249	ZSWIM4
65250	CPLANE1
65251	ZNF649
65258	MPPE1
65260	COA7
65263	PYCR3
65264	UBE2Z
65265	C8ORF33
65266	WNK4
65267	WNK3
65268	WNK2
65944	OR2B8
65975	STK33
65977	PLEKHA3
65979	PHACTR4
65980	BRD9
65981	CAPRIN2
65982	ZSCAN18
65983	GRAMD2B
65985	AACS
65986	ZBTB10
65987	KCTD14
65988	ZNF747
65989	DLK2
65990	ANTKMT
65991	FUNDC2
65992	DDRGK1
65993	MRPS34
65996	CENPBD2P
65997	RASL11B
65998	ZFTA
65999	LRRC61
66000	TMEM108
66002	CYP4F12
66004	LYNX1
66005	CHID1
66008	TRAK2
66035	SLC2A11
66036	MTMR9
66037	BOLL
78986	DUSP26
78987	CRELD1
78988	MRPL57
78989	COLEC11
78990	OTUB2
78991	PCYOX1L
78992	YIPF2
78994	PRR14
78995	HROB
78996	CYREN
78997	GDAP1L1
78998	RHPN1-AS1
78999	LRFN4
79000	AUNIP
79001	VKORC1
79002	TRIR
79003	MIS12
79004	CUEDC2
79005	SCNM1
79006	METRN
79007	DBNDD1
79008	SLX1B
79009	DDX50
79012	CAMKV
79016	DDA1
79017	GGCT
79018	GID4
79019	CENPM
79020	C7ORF25
79022	TMEM106C
79023	NUP37
79024	SMIM2
79025	FNDC11
79026	AHNAK
79027	ZNF655
79029	AFG2B
79031	PDCL3
79033	ERI3
79034	INTS15
79035	NABP2
79036	KXD1
79037	PVRIG
79038	ZFYVE21
79039	DDX54
79041	TMEM38A
79042	TSEN34
79047	KCTD15
79048	SECISBP2
79050	NOC4L
79053	ALG8
79054	TRPM8
79055	PSMA2P3
79056	PRRG4
79057	PRRG3
79058	ASPSCR1
79064	TMEM223
79065	ATG9A
79066	METTL16
79068	FTO
79070	POGLUT2
79071	ELOVL6
79072	FASTKD3
79073	TMEM109
79074	C2ORF49
79075	DSCC1
79077	DCTPP1
79078	C1ORF50
79080	CCDC86
79081	LBHD1
79083	MLPH
79084	WDR77
79085	SLC25A23
79086	SMIM7
79087	ALG12
79088	ZNF426
79089	TMUB2
79090	TRAPPC6A
79091	METTL22
79092	CARD14
79094	CHAC1
79095	BBLN
79096	CSTPP1
79097	TRIM48
79098	C1ORF116
79100	LINC00626
79101	TAF1D
79102	RNF26
79104	MEG8
79109	MAPKAP1
79132	DHX58
79133	NDUFAF5
79134	TMEM185B
79135	APOO
79136	LY6G6E
79137	RETREG2
79139	DERL1
79140	CCDC28B
79142	PHF23
79143	MBOAT7
79144	PPDPF
79145	CHCHD7
79147	FKRP
79148	MMP28
79149	ZSCAN5A
79152	FA2H
79153	GDPD3
79154	DHRS11
79155	TNIP2
79156	PLEKHF1
79157	MFSD11
79158	GNPTAB
79159	NOL12
79160	LINC01711
79161	TMEM243
79165	LENG1
79166	LILRP2
79167	LILRP1
79168	LILRA6
79169	C1ORF35
79170	PRR15L
79171	RBM42
79172	CENPO
79173	BRME1
79174	CRELD2
79175	ZNF343
79176	FBXL15
79177	ZNF576
79178	THTPA
79180	EFHD2
79183	TTPAL
79184	BRCC3
79187	FSD1
79188	TMEM43
79190	IRX6
79191	IRX3
79192	IRX1
79228	THOC6
79230	ZNF557
79231	ZNF33CP
79232	ZNF37CP
79258	MMEL1
79269	DCAF10
79272	OR52X1P
79273	OR7E94P
79274	OR52L2P
79282	OR7E93P
79283	OR5P1P
79289	OR5H8
79290	OR13A1
79291	OR5H7P
79294	OR4C7P
79295	OR5H6
79296	OR52E1
79297	OR5H5P
79299	OR5H4P
79300	OR51P1P
79301	OR9L1P
79302	OR52J1P
79306	OR4K7P
79308	OR4P1P
79309	OR5H3P
79310	OR5H2
79312	OR1AA1P
79313	OR2AD1P
79314	OR4K6P
79315	OR7E91P
79316	OR8B9P
79317	OR4K5
79318	OR4K4P
79321	OR6M3P
79322	OR4N1P
79323	OR6E1P
79324	OR51G1
79331	OR2AF1P
79334	OR11H2
79336	OR5AH1P
79339	OR51B4
79342	OR51B3P
79345	OR51B2
79346	OR4C5
79363	CPLANE2
79364	ZXDC
79365	BHLHE41
79366	HMGN5
79368	FCRL2
79369	B3GNT4
79370	BCL2L14
79400	NOX5
79411	GLB1L
79412	KREMEN2
79413	ZBED2
79414	LRFN3
79415	CYBC1
79441	HAUS3
79442	LRRC2
79443	FYCO1
79444	BIRC7
79446	WDR25
79447	PAGR1
79465	ULBP3
79469	DLEU2L
79470	OR51J1
79473	OR52N1
79476	OR5AL2P
79482	OR5AL1
79483	OR5BD1P
79488	OR10D5P
79490	OR10G6
79491	OR5BM1P
79492	OR7E97P
79494	OR8K2P
79498	OR8I1P
79499	OR7L1P
79501	OR4F5
79504	OR4G4P
79508	OR5M7P
79512	OR5M6P
79513	OR10R1P
79514	OR10T1P
79515	OR10G5P
79518	OR5M4P
79521	OR52S1P
79523	OR5M2P
79525	OR51A5P
79526	OR4C10P
79528	OR4R1P
79529	OR52J2P
79530	OR4C9P
79532	OR51A3P
79533	OR52E3P
79534	OR4V1P
79537	OR7E90P
79538	OR13I1P
79540	OR7E89P
79541	OR2A4
79544	OR4K1
79546	OR6M2P
79547	OR2AL1P
79549	OR6J1
79550	OR4C4P
79567	RIPOR1
79568	MAIP1
79570	NKAIN1
79571	GCC1
79572	ATP13A3
79573	TTC13
79574	EPS8L3
79575	ABHD8
79576	NKAP
79577	CDC73
79581	SLC52A2
79582	SPAG16
79583	TMEM231
79585	CORO7
79586	CHPF
79587	CARS2
79589	RNF128
79590	MRPL24
79591	ARMH3
79594	MUL1
79595	SAP130
79596	OBI1
79598	CEP97
79600	TCTN1
79602	ADIPOR2
79603	CERS4
79605	PGBD5
79607	FAM118B
79608	RIC3
79609	VCPKMT
79611	ACSS3
79612	NAA16
79613	TANGO6
79616	CCNJL
79618	HMBOX1
79621	RNASEH2B
79622	SNRNP25
79623	GALNT14
79624	DCPH1
79625	NDNF
79626	TNFAIP8L2
79627	OGFRL1
79628	SH3TC2
79629	OCEL1
79630	C1ORF54
79631	EFL1
79632	FAM184A
79633	FAT4
79634	SCRN3
79635	CCDC121
79637	ARMC7
79639	TMEM53
79640	C22ORF46P
79641	ROGDI
79642	ARSJ
79643	CHMP6
79644	SRD5A3
79645	CLXN
79646	PANK3
79647	AKIRIN1
79648	MCPH1
79649	MAP7D3
79650	USB1
79651	RHBDF2
79652	TMEM204
79654	HECTD3
79656	BEND5
79657	RPAP3
79658	ARHGAP10
79659	DYNC2H1
79660	PPP1R3B
79661	NEIL1
79663	HSPBAP1
79664	ICE2
79665	DHX40
79666	PLEKHF2
79667	KLF3-AS1
79668	PARP8
79669	C3ORF52
79670	TUT7
79671	NLRX1
79672	FN3KRP
79673	ZNF329
79674	VEPH1
79675	FASTKD1
79676	OGFOD2
79677	SMC6
79679	VTCN1
79680	RTL10
79682	CENPU
79683	ZDHHC14
79684	MSANTD2
79685	SAP30L
79689	STEAP4
79690	GAL3ST4
79691	QTRT2
79692	ZNF322
79693	YRDC
79694	MANEA
79695	GALNT12
79696	ZC2HC1C
79697	RIOX1
79698	ZMAT4
79699	ZYG11B
79701	OGFOD3
79703	TOP6BL
79705	LRRK1
79706	PRKRIP1
79707	NOL9
79709	COLGALT1
79710	MORC4
79711	IPO4
79712	QTMAN
79713	IGFLR1
79714	CCDC51
79716	NPEPL1
79717	PPCS
79718	TBL1XR1
79719	AAGAB
79720	VPS37B
79722	ANKRD55
79723	SUV39H2
79724	ZNF768
79725	THAP9
79726	WDR59
79727	LIN28A
79728	PALB2
79729	SH3D21
79730	NSUN7
79731	NARS2
79733	E2F8
79734	KCTD17
79735	TBC1D17
79736	TEFM
79738	BBS10
79739	TTLL7
79740	ZBBX
79741	CCDC7
79742	DIPK2B
79744	ZNF419
79745	CLIP4
79746	ECHDC3
79747	ADGB
79748	LMAN1L
79750	ZNF385D
79751	SLC25A22
79752	ZFAND1
79753	SNIP1
79754	ASB13
79755	ZNF750
79758	DHRS12
79759	ZNF668
79760	GEMIN7
79762	C1ORF115
79763	ISOC2
79767	ELMO3
79768	KATNBL1
79770	TXNDC15
79772	MCTP1
79774	GRTP1
79776	ZFHX4
79777	ACBD4
79778	MICALL2
79780	CCDC82
79781	DRC11
79782	LRRC31
79783	SUGCT
79784	MYH14
79785	RERGL
79786	KLHL36
79788	ZNF665
79789	CLMN
79791	FBXO31
79792	GSDMD
79794	SPRING1
79796	ALG9
79797	ZNF408
79798	ARMC5
79799	UGT2A3
79800	CARF
79801	SHCBP1
79802	HHIPL2
79803	HPS6
79804	HAND2-AS1
79805	VASH2
79807	GSTCD
79809	TTC21B
79810	PTCD2
79811	SLTM
79812	MMRN2
79813	EHMT1
79814	AGMAT
79815	NIPAL2
79816	TLE6
79817	MOB3B
79818	ZNF552
79819	DNAI4
79820	CATSPERB
79822	ARHGAP28
79823	CAMKMT
79825	EFCC1
79827	CLMP
79828	METTL8
79829	NAA40
79830	ZMYM1
79831	KDM8
79832	QSER1
79833	GEMIN6
79834	PEAK1
79836	LONRF3
79837	PIP4K2C
79838	TMC5
79839	CCDC102B
79840	NHEJ1
79841	AGBL2
79842	ZBTB3
79843	FAM124B
79844	ZDHHC11
79845	RNF122
79846	CFAP69
79847	SLC68A1
79848	CSPP1
79849	NHERF4
79850	TLCD3A
79852	EPHX3
79853	TM4SF20
79854	LINC00115
79856	SNX22
79858	NEK11
79861	TUBAL3
79862	ZNF669
79863	RBFA
79864	JHY
79865	TREML2
79866	BORA
79867	TCTN2
79868	ALG13
79869	CPSF7
79870	BAALC
79871	RPAP2
79872	CBLL1
79873	NUDT18
79874	RABEP2
79875	THSD4
79876	UBA5
79877	DCAKD
79879	CCDC134
79882	ZC3H14
79883	PODNL1
79884	MAP9
79885	HDAC11
79886	CAAP1
79887	PLBD1
79888	LPCAT1
79890	RIN3
79891	ZNF671
79892	MCMBP
79893	GGNBP2
79894	ZNF672
79895	ATP8B4
79896	THNSL1
79897	RPP21
79898	ZNF613
79899	PRR5L
79901	CYBRD1
79902	NUP85
79903	NAA60
79905	TMC7
79906	MORN1
79908	BTNL8
79912	PYROXD1
79913	ACTR5
79915	ATAD5
79917	MAGIX
79918	SETD6
79919	MAB21L4
79921	TCEAL4
79922	MRM1
79923	NANOG
79924	ADM2
79925	SPEF2
79927	FAM110D
79929	MAP6D1
79930	DOK3
79931	TNIP3
79932	KIAA0319L
79933	SYNPO2L
79934	COQ8B
79935	CCNP
79937	CNTNAP3
79939	SLC35E1
79940	LINC00472
79943	ZNF696
79944	L2HGDH
79946	C10ORF95
79947	DHDDS
79948	PLPPR3
79949	PLEKHS1
79953	SYNDIG1
79954	NOL10
79955	PDZD7
79956	ERMP1
79957	PAQR6
79958	DENND1C
79959	CEP76
79960	JADE1
79961	DENND2D
79962	DNAJC22
79963	ABCA11P
79966	SCD5
79968	WDR76
79969	ATAT1
79970	ZNF767P
79971	WLS
79973	ZNF442
79974	CPED1
79977	GRHL2
79979	TRMT2B
79980	DSN1
79981	FRMD1
79982	DNAJB14
79983	POF1B
79986	ZNF702P
79987	SVEP1
79989	IFT56
79990	PLEKHH3
79991	STN1
79992	AGPAT4-IT1
79993	ELOVL7
79998	ANKRD53
79999	GRAPL-AS1
80000	GREB1L
80003	PCNX2
80004	ESRP2
80005	DOCK5
80006	TRAPPC13
80007	C10ORF88
80008	TMEM156
80010	RMI1
80011	PSME3IP1
80012	PHC3
80013	MINDY3
80014	WWC2
80017	DGLUCY
80018	NAA25
80019	UBTD1
80020	FOXRED2
80021	TMEM62
80022	MYO15B
80023	NRSN2
80024	SLC8B1
80025	PANK2
80028	FBXL18
80031	SEMA6D
80032	ZNF556
80034	CSRNP3
80035	ANP32A-IT1
80036	TRPM3
80039	FAM106A
80045	GPR157
80052	RPS2P45
80054	CEBPA-DT
80055	PGAP1
80059	LRRTM4
80060	GNL3LP1
80063	ATF7IP2
80067	DCAF17
80069	LINC00574
80070	ADAMTS20
80071	CCDC15
80072	HEXA-AS1
80078	LCAL1
80086	TUBA4B
80094	BIN3-IT1
80095	ZNF606
80097	MZT2B
80099	PKD1L1-AS1
80108	ZFP2
80110	ZNF614
80111	C3ORF36
80114	BICC1
80115	BAIAP2L2
80117	ARL14
80119	PIF1
80122	MAP3K19
80124	VCPIP1
80125	CCDC33
80127	BBOF1
80128	TRIM46
80129	CCDC170
80131	LRRC8E
80133	MROH9
80135	RPF1
80139	ZNF703
80142	PTGES2
80143	SIKE1
80144	FRAS1
80145	THOC7
80146	UXS1
80148	SLC66A2
80149	ZC3H12A
80150	ASRGL1
80152	CENPT
80153	EDC3
80154	GOLGA2P10
80155	NAA15
80157	CWH43
80161	ASMTL-AS1
80162	PGGHG
80164	PRR36
80167	ABHD18
80168	MOGAT2
80169	CTC1
80173	IFT74
80174	DBF4B
80176	SPSB1
80177	MYCT1
80178	TEDC2
80179	MYO19
80183	RUBCNL
80184	CEP290
80185	TTI2
80194	TMEM134
80195	TMEM254
80196	RNF34
80198	MUS81
80199	FUZ
80201	HKDC1
80204	FBXO11
80205	CHD9
80206	FHOD3
80207	OPA3
80208	SPG11
80209	PROSER1
80210	ARMC9
80212	CCDC92
80213	TM2D3
80215	RUNX1-IT1
80216	ALPK1
80217	CFAP43
80218	NAA50
80219	COQ10B
80221	ACSF2
80222	TARS2
80223	RAB11FIP1
80224	NUBPL
80227	PAAF1
80228	ORAI2
80230	RUFY1
80231	TASL
80232	WDR26
80233	FAAP100
80235	PIGZ
80237	ELL3
80243	PREX2
80254	CEP63
80255	SLC35F5
80256	ATOSB
80258	EFHC2
80262	PHAF1
80263	TRIM45
80264	ZNF430
80267	EDEM3
80270	HSD3B7
80271	ITPKC
80273	GRPEL1
80274	SCUBE1
80279	CDK5RAP3
80298	MTERF2
80301	PLEKHO2
80303	EFHD1
80304	WDCP
80305	TRABD
80306	MED28
80307	FER1L4
80308	FLAD1
80309	SPHKAP
80310	PDGFD
80311	KLHL15
80312	TET1
80313	LRRC27
80314	EPC1
80315	CPEB4
80316	PPP1R2C
80317	ZKSCAN3
80318	GKAP1
80319	CXXC4
80320	SP6
80321	CEP70
80323	CCDC68
80324	PUS1
80325	ABTB1
80326	WNT10A
80327	MAPRE1P1
80328	ULBP2
80329	ULBP1
80331	DNAJC5
80332	ADAM33
80333	KCNIP4
80335	WDR82
80336	PABPC1L
80339	PNPLA3
80341	BPIFB2
80342	TRAF3IP3
80343	SEL1L2
80344	DCAF11
80345	ZSCAN16
80346	REEP4
80347	COASY
80349	SKIC8
80350	LPAL2
80351	TNKS2
80352	RNF39
80380	PDCD1LG2
80381	CD276
80700	UBXN6
80701	AKR1D1P1
80704	SLC19A3
80705	TSGA10
80709	AKNA
80712	ESX1
80713	MTIF2P1
80714	PBX4
80723	SLC35G2
80724	ACAD10
80725	SRCIN1
80726	IQCN
80727	TTYH3
80728	ARHGAP39
80731	THSD7B
80736	SLC44A4
80737	VWA7
80739	MPIG6B
80740	LY6G6C
80741	LY6G5C
80742	PRR3
80745	THUMPD2
80746	TSEN2
80755	AARSD1
80757	TMEM121
80758	PRR7
80759	KHDC1
80760	ITIH5
80762	NDFIP1
80763	SPX
80764	THAP7
80765	STARD5
80772	CPTP
80774	LIMD2
80775	TMEM177
80776	B9D2
80777	CYB5B
80778	ZNF34
80781	COL18A1
80789	INTS5
80790	CMIP
80816	ASXL3
80817	CEP44
80818	ZNF436
80820	EEPD1
80821	DDHD1
80823	GPRASP3
80824	DUSP16
80829	ZFP91
80830	APOL6
80831	APOL5
80832	APOL4
80833	APOL3
80834	TAS1R2
80835	TAS1R1
80851	SH3BP5L
80852	GRIP2
80853	KDM7A
80854	SETD7
80856	LNPK
80862	POLR1HASP
80863	PRRT1
80864	EGFL8
80868	HCG4B
80895	ILKAP
80896	NPL
80975	TMPRSS5
81025	GJA9
81027	TUBB1
81029	WNT5B
81030	ZBP1
81031	SLC2A10
81033	KCNH6
81034	SLC25A32
81035	COLEC12
81037	CLPTM1L
81047	OR5BJ1P
81050	OR5AC2
81061	OR11H1
81075	OR5BH1P
81076	OR5AW1P
81077	OR4W1P
81078	OR4K12P
81079	OR4K11P
81081	OR7A18P
81090	OR1AB1P
81099	OR4F17
81104	OR4Q1P
81109	OR11K1P
81110	OR11J2P
81111	OR11J1P
81113	OR11H3P
81114	OR7K1P
81115	OR7E106P
81116	OR7E105P
81126	OR4K16P
81127	OR4K15
81136	OR7E111P
81137	OR7E104P
81138	OR7E101P
81140	OR9R1P
81153	OR9M1P
81155	OR9I3P
81156	OR9I2P
81159	OR9G3P
81160	OR9G2P
81162	OR8R1P
81163	OR8Q1P
81164	OR8L1P
81166	OR8K4P
81168	OR8J3
81169	OR8J2
81175	OR7E128P
81176	OR7E126P
81182	OR5W1P
81185	OR5P4P
81187	OR5M13P
81188	OR5M12P
81191	OR5G5P
81192	OR5G4P
81193	OR5G3
81194	OR5F2P
81196	OR5D17P
81198	OR5D15P
81201	OR5BR1P
81202	OR5BQ1P
81203	OR5BP1P
81204	OR5BN1P
81205	OR5BL1P
81207	OR5BE1P
81208	OR5BC1P
81209	OR5BB1P
81210	OR5BA1P
81211	OR5B19P
81215	OR5B15P
81221	OR5AQ1P
81223	OR5AP1P
81224	OR5AN2P
81226	OR5AM1P
81228	OR5AK3P
81230	OR5AK1P
81236	OR56A7P
81240	OR52Y1P
81242	OR52V1P
81243	OR52U1P
81244	OR52T1P
81246	OR52Q1P
81248	OR52P1
81251	OR52N3P
81261	OR52H2P
81264	OR52E7P
81270	OR52B5P
81274	OR52B1P
81278	OR51K1P
81282	OR51G2
81285	OR51E2
81295	OR51A10P
81298	OR4R3P
81299	OR4R2P
81300	OR4P4
81304	OR4D7P
81309	OR4C15
81310	OR4C14P
81315	OR4A8
81316	OR4A7P
81318	OR4A5
81320	OR4A3P
81322	OR4A21P
81324	OR4A19P
81325	OR4A18P
81327	OR4A16
81328	OR4A15
81329	OR4A14P
81330	OR4A13P
81331	OR4A12P
81336	OR2AH1P
81340	OR10Y1P
81341	OR10W1
81342	OR10V3P
81343	OR10V2P
81345	OR10Q2P
81352	OR7M1P
81353	OR7E115P
81354	OR7E110P
81356	OR6L2P
81358	OR7E116P
81363	OR7E108P
81366	OR2AM1P
81377	OR13C7
81382	OR9P1P
81383	OR9N1P
81390	OR4F7P
81392	OR2AE1
81399	OR4F16
81406	OR2W6P
81407	OR2W4P
81419	OR7E99P
81421	OR5M14P
81428	OR7E122P
81430	OR7E100P
81431	OR5AC1
81438	OR4G6P
81439	OR9H1
81440	OR6R1P
81442	OR6N2
81448	OR6K2
81449	OR6K1P
81458	OR2T7
81462	OR2L9P
81465	OR2L6P
81466	OR2L5
81469	OR2G3
81470	OR2G2
81472	OR2C3
81473	OR2AS1P
81474	OR2AQ1P
81479	OR11I1P
81486	OR10AE1P
81487	OR10AA1P
81488	POLR2M
81490	PTDSS2
81491	GPR63
81492	RSPH6A
81493	SYNC
81494	CFHR5
81501	DCSTAMP
81502	HM13
81532	MOB2
81533	ITFG1
81537	SGPP1
81539	SLC38A1
81542	TMX1
81543	LRRC3
81544	GDPD5
81545	FBXO38
81550	TDRD3
81551	STMN4
81552	VOPP1
81553	CYRIA
81554	RCC1L
81555	YIPF5
81556	INTS14
81557	MAGED4B
81558	FAM117A
81559	TRIM11
81562	LMAN2L
81563	C1ORF21
81565	NDEL1
81566	CSRNP2
81567	TXNDC5
81569	ACTL8
81570	CLPB
81571	MIR600HG
81572	PDRG1
81573	ANKRD13C
81575	APOLD1
81576	YJU2B
81577	GFOD2
81578	COL21A1
81579	PLA2G12A
81602	CDADC1
81603	TRIM8
81605	URM1
81606	LBH
81607	NECTIN4
81608	FIP1L1
81609	SNX27
81610	FAM83D
81611	ANP32E
81614	NIPA2
81615	TMEM163
81616	ACSBG2
81617	CAB39L
81618	ITM2C
81619	TSPAN14
81620	CDT1
81621	KAZALD1
81622	UNC93B1
81623	DEFB126
81624	DIAPH3
81626	SHCBP1L
81627	TRMT1L
81628	TSC22D4
81629	TSSK3
81631	MAP1LC3B
81669	CCNL2
81671	VMP1
81688	C6ORF62
81689	ISCA1
81691	REXO5
81693	AMN
81694	OR2W2P
81695	OR2B7P
81696	OR5V1
81697	OR2B2
81698	LINC00597
81704	DOCK8
81706	PPP1R14C
81786	TRIM7
81788	NUAK2
81789	TIGD6
81790	RNF170
81792	ADAMTS12
81793	TLR10
81794	ADAMTS10
81796	SLCO5A1
81797	OR12D3
81831	NETO2
81832	NETO1
81833	SPACA1
81839	VANGL1
81844	TRIM56
81846	SBF2
81847	RNF146
81848	SPRY4
81849	ST6GALNAC5
81850	KRTAP1-3
81851	KRTAP1-1
81853	TMEM14B
81854	ZNF205-AS1
81855	SFXN3
81856	ZNF611
81857	MED25
81858	SHARPIN
81870	KRTAP9-9
81871	KRTAP4-6
81872	KRTAP2-1
81873	ARPC5L
81875	ISG20L2
81876	RAB1B
81887	LAS1L
81888	HYI
81889	FAHD1
81890	QTRT1
81892	SLIRP
81893	SLC7A5P1
81894	SLC25A28
81926	ABHD17A
81928	CABLES2
81929	SEH1L
81930	KIF18A
81931	ZNF93
81932	HDHD3
81993	COX17P1
82500	PKP2P1
83259	PCDH11Y
83394	PITPNM3
83401	ELOVL3
83416	FCRL5
83417	FCRL4
83439	TCF7L1
83440	ADPGK
83442	SH3BGRL3
83443	SF3B5
83444	INO80B
83445	GSG1
83446	CCDC70
83447	SLC25A31
83448	PUS7L
83449	PMFBP1
83450	DRC3
83451	ABHD11
83452	RAB33B
83460	EMC6
83461	CDCA3
83463	MXD3
83464	APH1B
83468	GLT8D2
83473	KATNAL2
83475	DOHH
83478	ARHGAP24
83479	DDX59
83480	PUS3
83481	EPPK1
83482	SCRT1
83483	PLVAP
83528	CYP51A1P1
83530	CYP51A1P2
83538	ODAD4
83539	CHST9
83540	NUF2
83541	FAM110A
83543	AIF1L
83544	DNAL1
83546	RTBDN
83547	RILP
83548	COG3
83549	UCK1
83550	GPR101
83551	TAAR8
83552	MFRP
83590	TMUB1
83591	THAP2
83592	AKR1E2
83593	RASSF5
83594	NUDT12
83595	SOX7
83596	BCL2L12
83597	RTP3
83598	LRRC2-AS1
83604	TMEM47
83605	CCM2
83606	GUCD1
83607	AMMECR1L
83608	RMP24
83636	C19ORF12
83637	ZMIZ2
83638	C11ORF68
83639	TEX101
83640	RAMAC
83641	FAM107B
83642	SELENOO
83643	CCDC3
83647	LINC00529
83648	FAM167A
83650	SLC35G5
83655	LINC00208
83656	FAM167A-AS1
83657	DYNLRB2
83658	DYNLRB1
83659	TEKT1
83660	TLN2
83661	MS4A8
83666	PARP9
83667	SESN2
83690	CRISPLD1
83692	CD99L2
83693	HSDL1
83694	RPS6KL1
83695	RHNO1
83696	TRAPPC9
83697	SLC4A9
83698	CALN1
83699	SH3BGRL2
83700	JAM3
83706	FERMT3
83707	TRPT1
83714	NRIP2
83715	ESPN
83716	CRISPLD2
83719	YPEL3
83723	TLCD3B
83729	INHBE
83732	RIOK1
83733	SLC25A18
83734	ATG10
83737	ITCH
83740	H2AB3
83741	TFAP2D
83742	MARVELD1
83743	GRWD1
83744	ZNF484
83746	L3MBTL2
83752	LONP2
83755	KRTAP4-12
83756	TAS1R3
83757	CYP2G2P
83758	RBP5
83759	RBM4B
83786	FRMD8
83787	ARMC10
83795	KCNK16
83844	USP26
83849	SYT15
83850	ESYT3
83851	SYT16
83852	SETDB2
83853	ROPN1L
83854	ANGPTL6
83855	KLF16
83856	FSD1L
83857	TMTC1
83858	ATAD3B
83860	TAF3
83861	RSPH3
83862	TMEM120A
83863	TTTY5
83864	TTTY9A
83866	TTTY11
83867	TTTY12
83868	TTTY13
83869	TTTY14
83871	RAB34
83872	HMCN1
83873	GPR61
83874	TBC1D10A
83875	BCO2
83876	MRO
83877	TM2D2
83878	USHBP1
83879	CDCA7
83880	EIF3FP2
83881	MIXL1
83882	TSPAN10
83884	SLC25A2
83886	PRSS27
83887	TTLL2
83888	FGFBP2
83889	WDR87
83890	SPATA9
83891	SNX25
83892	KCTD10
83893	SPATA16
83894	TTC29
83895	KRTAP1-5
83896	KRTAP3-1
83897	KRTAP3-2
83899	KRTAP9-2
83900	KRTAP9-3
83901	KRTAP9-8
83902	KRTAP17-1
83903	HASPIN
83930	STARD3NL
83931	STK40
83932	SPRTN
83933	HDAC10
83937	RASSF4
83938	LRMDA
83939	EIF2A
83940	TATDN1
83941	TM2D1
83942	TSSK1B
83943	IMMP2L
83953	FCAMR
83955	NACA4P
83956	RACGAP1P1
83957	FRMD8P1
83959	SLC4A11
83982	IFI27L2
83983	TSSK6
83985	SPNS1
83986	FAM234A
83987	CCDC8
83988	NCALD
83989	ARB2A
83990	BRIP1
83992	CTTNBP2
83998	REG4
83999	KREMEN1
84000	TMPRSS13
84002	B3GNT5
84033	OBSCN
84034	EMILIN2
84054	PCDHB19P
84055	PCDHGB9P
84056	KATNAL1
84057	MND1
84058	WDR54
84059	ADGRV1
84060	RBM48
84061	MAGT1
84062	DTNBP1
84063	KIRREL2
84064	HDHD2
84065	TMEM222
84066	TEX35
84067	FHIP1B
84068	SLC10A7
84069	PLEKHN1
84070	FAM186B
84071	ARMC2
84072	HORMAD1
84073	MYCBPAP
84074	QRICH2
84075	FSCB
84076	TKTL2
84077	C3ORF20
84078	KBTBD7
84079	ANKRD27
84080	ENKD1
84081	NSRP1
84083	ZRANB3
84084	RAB6C
84085	FBXO30
84086	IGLCOR22-2
84087	IGLVIVOR22-2
84088	IGLVIVOR22-1
84089	IGLVVII-41-1
84090	IGLVVI-25-1
84091	IGLVVI-22-1
84096	IGLCOR22-1
84097	IGLVIV-66-1
84099	ID2B
84100	ARL6
84101	USP44
84102	SLC41A2
84103	C4ORF17
84105	PCBD2
84106	PRAM1
84107	ZIC4
84108	PCGF6
84109	QRFPR
84124	ZNF394
84125	LRRIQ1
84126	ATRIP
84128	WDR75
84129	ACAD11
84131	CEP78
84132	USP42
84133	ZNRF3
84134	TOMM40L
84135	UTP15
84138	SLC7A6OS
84140	FAM161A
84141	EVA1A
84142	ABRAXAS1
84144	SYDE2
84146	ZNF644
84148	KAT8
84152	PPP1R1B
84153	RNASEH2C
84154	RPF2
84159	ARID5B
84162	BLTP1
84163	GTF2IRD2
84164	ASCC2
84166	NLRC5
84167	C19ORF44
84168	ANTXR1
84171	LOXL4
84172	POLR1B
84173	ELMOD3
84174	SLA2
84176	MYH16
84179	SLC49A3
84181	CHD6
84182	MINDY4
84186	ZCCHC7
84187	TMEM164
84188	FAR1
84189	SLITRK6
84190	METTL25
84191	CIAO2A
84193	SETD3
84196	USP48
84197	POMK
84203	TXNDC2
84206	MEX3B
84210	ANKRD20A1
84214	LINC03129
84215	ZNF541
84216	TMEM117
84217	ZMYND12
84218	TBC1D3F
84219	WDR24
84220	RGPD5
84221	SPATC1L
84222	TMEM191A
84223	DRC9
84224	NBPF3
84225	ZMYND15
84226	SPATA31H1
84229	DRC7
84230	LRRC8C
84231	TRAF7
84232	MAF1
84233	TMEM126A
84236	RHBDD1
84239	ATP13A4
84240	ZCCHC9
84243	ZDHHC18
84245	MRI1
84246	MED10
84247	RTL6
84248	FYTTD1
84249	PSD2
84250	SLF1
84251	SGIP1
84253	GARNL3
84254	CAMKK1
84255	SLC37A3
84256	FLYWCH1
84258	SYT3
84259	DCUN1D5
84260	TCHP
84261	FBXW9
84262	PSMG3
84263	HSDL2
84264	HAGHL
84265	POLR3GL
84266	ALKBH7
84267	QNG1
84268	RPAIN
84269	CHCHD5
84270	CARD19
84271	POLDIP3
84272	YIPF4
84273	NOA1
84274	COQ5
84275	SLC25A33
84276	NICN1
84277	DNAJC30
84278	SLC71A3P
84279	PRADC1
84280	BTBD10
84281	AKAP19
84282	RNF135
84283	TMEM79
84284	NTPCR
84285	EIF1AD
84286	TMEM175
84287	ZDHHC16
84288	DRC8
84289	ING5
84290	CAPNS2
84292	WDR83
84293	PRXL2A
84294	UTP23
84295	PHF6
84296	GINS4
84298	LLPH
84299	MIEN1
84300	UQCC2
84301	DDI2
84302	PGAP4
84303	CHCHD6
84304	NUDT22
84305	PYM1
84306	PDCD2L
84307	ZNF397
84309	NUDT16L1
84310	CHLSN
84311	MRPL45
84312	BRMS1L
84313	VPS25
84314	TMEM107
84315	MON1A
84316	NAA38
84317	VMA22
84318	CCDC77
84319	CMSS1
84320	ACBD6
84321	THOC3
84322	ZBTB7C-AS2
84324	SARNP
84326	METTL26
84327	ZBED3
84328	LZIC
84329	HVCN1
84330	ZNF414
84331	MCRIP2
84332	DYDC2
84333	PCGF5
84334	COA8
84335	AKT1S1
84336	TMEM101
84337	ELOF1
84340	GFM2
84342	COG8
84343	HPS3
84364	ARFGAP2
84365	NIFK
84366	PRAC1
84376	HOOK3
84417	ECRG4
84418	CYSTM1
84419	COXFA4L3
84432	PROK1
84433	CARD11
84435	ADGRA1
84436	ZNF528
84437	MSANTD4
84439	HHIPL1
84440	RAB11FIP4
84441	MAML2
84443	FRMPD3
84444	DOT1L
84445	LZTS2
84446	BRSK1
84447	SYVN1
84448	ABLIM2
84449	ZNF333
84450	ZNF512
84451	MAP3K21
84455	EFCAB7
84456	L3MBTL3
84457	PHYHIPL
84458	LCOR
84460	ZMAT1
84461	NEURL4
84464	SLX4
84465	MEGF11
84466	MEGF10
84467	FBN3
84498	FAM120B
84501	SPIRE2
84502	JPH4
84503	ZNF527
84504	NKX6-2
84513	PLPP5
84514	GHDC
84515	MCM8
84516	DCTN5
84517	ACTRT3
84518	CNFN
84519	ACRBP
84520	GON7
84522	JAGN1
84524	ZC3H8
84525	HOPX
84527	ZNF559
84528	RHOXF2
84529	CDIN1
84530	SRRM4
84532	ACSS1
84536	LINC01547
84539	MCHR2
84541	KBTBD8
84542	SANBR
84545	MRPL43
84546	SNORD35B
84547	PGBD1
84548	TMEM185A
84549	MAK16
84552	PARD6G
84553	FAXC
84557	MAP1LC3A
84559	GOLGA2P2Y
84560	MT4
84561	SLC12A8
84569	LYZL1
84570	COL25A1
84572	GNPTG
84612	PARD6B
84614	ZBTB37
84616	KRTAP4-4
84617	TUBB6
84618	NT5C1A
84619	ZGPAT
84620	ST6GAL2
84622	ZNF594
84623	KIRREL3
84624	FNDC1
84626	KRABD3
84627	ZNF469
84628	NTNG2
84629	TNRC18
84630	TTBK1
84631	SLITRK2
84632	AFAP1L2
84634	KISS1R
84636	GPR174
84639	IL1F10
84640	USP38
84641	SLC71A2
84643	KIF2B
84645	C22ORF23
84647	PLA2G12B
84648	LCE3D
84649	DGAT2
84650	EBPL
84651	SPINK7
84654	SPZ1
84656	GLYR1
84657	LINC00852
84658	ADGRE3
84659	RNASE7
84660	CCDC62
84661	DPY30
84662	GLIS2
84664	CSPG4P2Y
84665	MYPN
84666	RETNLB
84667	HES7
84668	HYCC1
84669	USP32
84671	ZNF347
84672	TTTY6
84673	TTTY8
84674	CARD6
84675	TRIM55
84676	TRIM63
84677	DSCR8
84678	KDM2B
84679	SLC9A7
84680	ACCS
84681	HINT2
84684	INSM2
84687	PPP1R9B
84688	SPMIP6
84689	MS4A14
84690	SPATA22
84691	GARIN1B
84692	CCDC54
84693	MCEE
84694	GJA10
84695	LOXL3
84696	ABHD1
84698	CAPS2
84699	CREB3L3
84700	MYO18B
84701	COX4I2
84705	GTPBP3
84706	GPT2
84707	BEX2
84708	LNX1
84709	MGARP
84717	HDGFL2
84719	LINC00260
84720	PIGO
84722	PSRC1
84725	PLEKHA8
84726	PRRC2B
84727	SPSB2
84733	CBX2
84734	FAM167B
84735	CNDP1
84740	AFAP1-AS1
84747	UNC119B
84749	USP30
84750	POFUT3
84752	B3GNT9
84759	PCGF1
84765	ZNF577
84766	CRACR2A
84767	TRIM51
84769	MPV17L2
84771	DDX11L2
84773	TMEM276
84775	ZNF607
84777	DLGAP1-AS2
84779	NAA11
84787	KMT5C
84790	TUBA1C
84791	LINC00467
84792	FAM220A
84793	FOXD2-AS1
84795	PYROXD2
84798	C19ORF48P
84803	GPAT3
84804	SLC67A2
84807	NFKBID
84808	PERM1
84809	CROCCP2
84811	BUD13
84812	PLCD4
84814	PLPP7
84816	RTN4IP1
84817	TXNDC17
84818	IL17RC
84820	POLR2J4
84823	LMNB2
84824	FCRLA
84826	SFT2D3
84830	ADTRP
84832	ANKRD36BP1
84833	ATP5MK
84836	ABHD14B
84837	ARHGAP5-AS1
84838	ZNF496
84839	RAX2
84842	HPDL
84844	PHF5A
84847	LINC00525
84848	MIR503HG
84850	GLIS3-AS1
84851	TRIM52
84852	ATP1A1-AS1
84856	LINC00839
84858	ZNF503
84859	LRCH3
84861	KLHL22
84864	RIOX2
84865	CCDC142
84866	TMEM25
84867	PTPN5
84868	HAVCR2
84869	CBR4
84870	RSPO3
84871	AGBL4
84872	ZC3H10
84873	ADGRG7
84874	ZNF514
84875	PARP10
84876	ORAI1
84878	ZBTB45
84879	MFSD2A
84881	RPUSD4
84883	AIFM2
84885	ZDHHC12
84886	C1ORF198
84888	SPPL2A
84889	SLC7A3
84890	ADO
84891	ZSCAN10
84892	POMGNT2
84893	FBH1
84894	LINGO1
84895	MIGA2
84896	ATAD1
84897	TBRG1
84898	PLXDC2
84899	TMTC4
84900	RNFT2
84901	NFATC2IP
84902	CEP89
84904	ARHGEF39
84905	ZNF341
84908	FAM136A
84909	AOPEP
84910	TMEM87B
84911	ZNF382
84912	SLC35B4
84913	ATOH8
84914	ZNF587
84915	FAM222A
84916	UTP4
84918	LRP11
84919	PPP1R15B
84920	ALG10
84922	FIZ1
84923	VCF1
84924	ZNF566
84925	SLC49A4
84926	SPRYD3
84928	TMEM209
84929	FIBCD1
84930	MASTL
84931	LINC01101
84932	RAB2B
84933	C8ORF76
84934	RITA1
84935	MEDAG
84936	ZFYVE19
84937	ZNRF1
84938	ATG4C
84939	PWWP3A
84940	CORO6
84941	HSH2D
84942	WDR73
84944	MAEL
84945	ABHD13
84946	LTV1
84947	SERAC1
84948	TIGD5
84950	PRPF38A
84951	TNS4
84952	CGNL1
84954	MPND
84955	NUDCD1
84957	RELT
84958	SYTL1
84959	UBASH3B
84960	CCDC183
84961	FBXL20
84962	AJUBA
84964	ALKBH6
84966	IGSF21
84967	LSM10
84968	PNMA6A
84969	TOX2
84970	C1ORF94
84971	ATG4D
84973	SNHG7
84975	SLC61A1
84976	DISP1
84978	FRMD5
84981	MIR22HG
84983	FAM222A-AS1
84984	CEP19
84985	FAM83A
84986	ARHGAP19
84987	COX14
84988	PPP1R16A
84989	JMJD1C-AS1
84991	RBM17
84992	PIGY
84993	UBL7
84996	URB1-AS1
85002	FAM86B1
85003	BFSP2-AS1
85004	RERG
85007	PHYKPL
85012	TCEAL3
85013	TMEM128
85014	TMEM141
85015	USP45
85016	CFAP300
85019	SLC35D4
85021	REPS1
85025	TMEM60
85026	ARRDC1-AS1
85027	SMIM3
85028	SNHG12
85235	H2AC12
85236	H2BC12
85280	KRTAP9-4
85285	KRTAP4-1
85289	KRTAP4-5
85290	KRTAP4-3
85291	KRTAP4-2
85293	KRTAP3-3
85294	KRTAP2-4
85300	ATCAY
85301	COL27A1
85302	FBF1
85303	H2AC3P
85313	PPIL4
85314	ERVE-1
85315	PAQR8
85317	BAGE4
85318	BAGE3
85319	BAGE2
85320	ABCC11
85329	LGALS12
85340	KRT90P
85343	KRTAP2-5P
85344	KRT89P
85345	KRTAP3-4P
85347	KRTAP9-11P
85348	KRT88P
85349	KRT87P
85352	SHISAL1
85354	KRTAP4-16
85358	SHANK3
85359	DGCR6L
85360	SYDE1
85363	TRIM5
85364	ZCCHC3
85365	ALG2
85366	MYLK2
85369	STRIP1
85376	RIMBP3
85377	MICALL1
85378	TUBGCP6
85379	KIAA1671
85388	SNORD14B
85389	SNORD14C
85390	SNORD14D
85391	SNORD14E
85395	SLX9
85397	RGS8
85403	EAF1
85406	DNAJC14
85407	NKD1
85409	NKD2
85413	SLC22A16
85414	SLC45A3
85415	RHPN2
85416	ZIC5
85417	CCNB3
85437	ZCRB1
85438	CABS1
85439	STON2
85440	DOCK7
85441	HELZ2
85442	KNDC1
85443	DCLK3
85444	LRRCC1
85445	CNTNAP4
85446	ZFHX2
85449	KIAA1755
85450	ITPRIP
85451	UNK
85452	CFAP74
85453	TSPYL5
85455	DISP2
85456	TNKS1BP1
85457	CIPC
85458	DIXDC1
85459	CEP295
85460	ZNF518B
85461	TANC1
85462	FHDC1
85463	ZC3H12C
85464	SSH2
85465	SELENOI
85474	LBX2
85476	GFM1
85477	SCIN
85478	DRC2
85479	DNAJC5B
85480	TSLP
85481	PSKH2
85486	RPS19P1
85487	RPS19P2
85495	RPPH1
85508	SCRT2
85509	MBD3L1
85569	GALP
85824	RPL12P12
85865	GTPBP10
86123	YWHAZP5
86614	HSFY1
86781	RPS2P7
87171	ARPC3P1
87178	PNPT1
87688	RPL7AP50
87769	GGACT
88455	ANKRD13A
88745	RRP36
89122	TRIM4
89758	LINC01621
89761	NUFIP1P1
89765	RSPH1
89766	UMODL1
89770	IGHV3-30-5
89777	SERPINB12
89778	SERPINB11
89780	WNT3A
89781	HPS4
89782	LMLN
89790	SIGLEC10
89792	GAL3ST3
89795	NAV3
89796	NAV1
89797	NAV2
89801	PPP1R3F
89822	KCNK17
89832	CHRFAM7A
89837	ULK4P3
89838	ULK4P1
89839	ARHGAP11B
89845	ABCC10
89846	FGD3
89848	FCHSD1
89849	ATG16L2
89853	MVB12B
89857	KLHL6
89858	SIGLEC12
89866	SEC16B
89869	PLCZ1
89870	TRIM15
89872	AQP10
89874	SLC25A21
89876	CFAP91
89882	TPD52L3
89883	OR6W1P
89884	LHX4
89885	FATE1
89886	SLAMF9
89887	ZNF628
89890	KBTBD6
89891	DYNC2I2
89894	TMEM116
89910	UBE3B
89927	BMERB1
89932	PAPLN
89941	RHOT2
89944	GLB1L2
89953	KLC4
89958	SAPCD2
89970	RSPRY1
89978	DPH6
90007	MIDN
90011	KIR3DX1
90019	SYT8
90024	PPP3CA-DT
90025	UBE3D
90050	FAM181A
90060	CCDC120
90070	LACRT
90075	ZNF30
90102	PHLDB2
90113	VWA5B2
90120	TMEM250
90121	TSR2
90133	KRT8P12
90134	KCNH7
90135	BTBD6
90139	TSPAN18
90141	EFCAB11
90161	HS6ST2
90167	FRMD7
90187	EMILIN3
90193	RPL7P6
90196	SYS1
90199	WFDC8
90203	SNX21
90204	ZSWIM1
90226	UCN2
90231	KIAA2013
90233	ZNF551
90249	UNC5A
90268	OTULIN
90271	OLMALINC
90273	CEACAM21
90288	EFCAB12
90293	KLHL13
90313	TP53I13
90316	TGIF2LX
90317	ZNF616
90321	ZNF766
90324	CCDC97
90326	THAP3
90332	EXOC3L2
90333	ZNF468
90338	ZNF160
90342	FER1L5
90352	MAGOH3P
90353	CTU1
90355	MACIR
90362	FAM110B
90378	SAMD1
90379	DCAF15
90381	TICRR
90390	MED30
90407	TMEM41A
90410	IFT20
90411	MCFD2
90416	CCDC32
90417	KNSTRN
90423	ATP6V1E2
90427	BMF
90441	ZNF622
90459	ERI1
90480	GADD45GIP1
90485	ZNF835
90488	TMEM263
90499	FAM95A
90506	LRRC46
90507	SCRN2
90522	YIF1B
90523	MLIP
90525	SHF
90527	DUOXA1
90529	STPG1
90550	MCU
90557	CCDC74A
90576	ZNF799
90580	TIMM29
90586	AOC4P
90589	ZNF625
90592	ZNF700
90594	ZNF439
90624	LYRM7
90625	ERVH48-1
90627	STARD13
90632	LINC00473
90634	N4BP2L1
90637	ZFAND2A
90639	COX19
90649	ZNF486
90655	TGIF2LY
90665	TBL1Y
90668	CARMIL3
90673	PPP1R3E
90678	LRSAM1
90693	CCDC126
90701	SEC11C
90736	VCF2
90737	PAGE5
90768	TENM3-AS1
90780	PYGO2
90799	CEP95
90806	ANGEL2
90809	PIP4P1
90826	PRMT9
90827	ZNF479
90835	CFAP119
90843	TCEAL8
90850	ZNF598
90853	SPOCD1
90859	NT5C3AP1
90861	JPT2
90864	SPSB3
90865	IL33
90871	DMAC1
90874	ZNF697
90933	TRIM41
90952	ESAM
90956	ADCK2
90957	DHX57
90987	ZNF251
90990	KIFC2
90993	CREB3L1
91010	FMNL3
91012	CERS5
91039	DPP9
91050	CCDC149
91056	AP5B1
91057	CCDC34
91074	ANKRD30A
91107	TRIM47
91120	ZNF682
91133	L3MBTL4
91137	SLC25A46
91147	TMEM67
91149	RAPGEF4-AS1
91151	TIGD7
91156	IGFN1
91179	SCARF2
91181	NUP210L
91219	ABHD17AP5
91227	GGTLC2
91252	SLC39A13
91272	BOD1
91283	MSANTD3
91289	LMF2
91298	RLIG1
91300	R3HDM4
91304	TMEM259
91316	GUSBP11
91319	DERL3
91351	DDX60L
91353	IGLL3P
91355	LRP5L
91368	CDKN2AIPNL
91369	ANKRD40
91370	LIF-AS2
91373	UAP1L1
91380	SNORD107
91392	ZNF502
91404	SESTD1
91405	PLEKHA3P1
91408	BTF3L4
91409	CCDC74B
91419	ATP23
91433	RCCD1
91442	FAAP24
91445	RNF185
91452	ACBD5
91461	PKDCC
91464	ISX
91522	COL23A1
91523	PCED1B
91526	ANKRD44
91543	RSAD2
91544	UBXN11
91548	NEK2-DT
91561	RPS2P40
91574	MTRFR
91582	RPS19BP1
91584	PLXNA4
91603	ZNF830
91607	SLFN11
91608	RASL10B
91612	CHURC1
91614	DEPDC7
91624	NEXN
91646	TDRD12
91647	ATPAF2
91653	BOC
91661	ZNF765
91662	NLRP12
91663	MYADM
91664	ZNF845
91683	SYT12
91687	CENPL
91689	SMDT1
91694	LONRF1
91695	RRP7BP
91703	ACY3
91734	IDI2
91746	YTHDC1
91748	MIDEAS
91749	SLC60A2
91750	LIN52
91752	ZNF804A
91754	NEK9
91768	CABLES1
91775	NXPE3
91782	CHMP7
91801	ALKBH8
91807	MYLK3
91828	EXOC3L4
91833	WDR20
91851	CHRDL1
91860	CALML4
91862	MARVELD3
91869	RFT1
91875	TTC5
91893	FDXACB1
91894	C11ORF52
91937	TIMD4
91942	NDUFAF2
91947	ARRDC4
91948	LINC00923
91949	COG7
91966	EOLA1
91975	ZNF300
91977	MYOZ3
91978	TPGS1
92002	CCNQ
92014	SLC25A51
92017	SNX29
92070	CTBP1-DT
92086	GGTLC1
92092	ZC3HAV1L
92104	IFT70A
92105	INTS4
92106	OXNAD1
92126	DSEL
92129	RIPPLY1
92140	MTDH
92154	MTSS2
92162	TMEM88
92170	MTG1
92181	UBTD2
92196	DAPL1
92211	CDHR1
92235	STYXL2
92241	RCSD1
92249	LINC01278
92255	LMBRD2
92259	KGD4
92270	ATP6AP1L
92283	ZNF461
92285	ZNF585B
92291	CAPN13
92292	GLYATL1
92293	TMEM132C
92304	SCGB3A1
92305	TMEM129
92312	MEX3A
92335	STRADA
92340	PRR29
92342	METTL18
92344	GORAB
92345	NAF1
92346	C1ORF105
92359	CRB3
92369	SPSB4
92370	PXYLP1
92399	MRRF
92400	RBM18
92421	CHMP4C
92427	RPS2P4
92482	BBIP1
92483	LDHAL6B
92507	RPS4XP2
92521	SPECC1
92552	ATXN3L
92558	BICDL1
92565	FANK1
92579	G6PC3
92591	ASB16
92595	ZNF764
92597	MOB1B
92609	TIMM50
92610	TIFA
92659	MILIP
92667	MGME1
92675	DTD1
92682	RPS15AP1
92689	FAM114A1
92691	TMEM169
92703	TMEM183A
92714	ARRDC1
92715	DPH7
92736	OTOP2
92737	DNER
92745	SLC38A5
92747	BPIFB1
92749	DRC1
92755	TUBBP1
92797	HELB
92799	SHKBP1
92806	CENPBD1P
92815	H2AC25
92822	ZNF276
92840	REEP6
92856	IMP4
92906	HNRNPLL
92912	UBE2Q2
92922	CCDC102A
92935	MARS2
92949	ADAMTSL1
92960	PEX11G
92979	MARCHF9
92999	ZBTB47
93010	B3GNT7
93034	NT5C1B
93035	PKHD1L1
93058	COQ10A
93081	TEX30
93082	NEURL3
93099	DMKN
93100	NAPRT
93107	KCNG4
93109	TMEM44
93129	ORAI3
93134	ZNF561
93144	RPS10P5
93145	OLFM2
93164	HTR7P1
93166	PRDM6
93183	PIGM
93185	IGSF8
93190	CFAP107
93202	TXNP1
93210	PGAP3
93233	ODAD1
93273	LEMD1
93323	HAUS8
93343	MVB12A
93349	SP140L
93377	OPALIN
93380	MMGT1
93408	MYL10
93426	SYCE1
93429	LOC93429
93432	MGAM2
93436	ARMC6
93474	ZNF670
93487	MAPK1IP1L
93492	TPTE2
93517	SDR42E1
93550	ZFAND4
93556	EGFEM1P
93587	TRMT10A
93589	CACNA2D4
93594	TBC1D31
93611	FBXO44
93621	MRFAP1
93622	MRFAP1L2
93624	TADA2B
93627	TBCK
93643	TJAP1
93649	MYOCD
93650	ACP4
93653	ST7-AS1
93654	ST7-AS2
93655	ST7-OT3
93659	CGB5
93661	CAPZA3
93663	ARHGAP18
93664	CADPS2
93668	HPYR1
93948	RPS23P1
93953	GCNA
93973	ACTR8
93974	ATP5IF1
93978	CLEC6A
93979	CPA5
93986	FOXP2
93993	NDUFB3P1
93994	NDUFB3P2
93995	NDUFB3P4
93996	NDUFB3P3
93997	NDUFB3P5
94005	PIGS
94009	SERHL
94015	TTYH2
94017	TRS-TGA2-1
94025	MUC16
94026	POM121L2
94027	CGB7
94030	LRRC4B
94031	HTRA3
94032	CAMK2N2
94033	FTMT
94039	ZNF101
94056	SYAP1
94059	LENG9
94081	SFXN1
94086	HSPB9
94097	SFXN5
94101	ORMDL1
94103	ORMDL3
94104	PAXBP1
94107	TMEM203
94115	CGB8
94120	SYTL3
94121	SYTL4
94122	SYTL5
94134	ARHGAP12
94137	RP1L1
94144	CDRT2
94145	CDRT3
94148	CDRT5
94150	CDRT7
94151	CDRT8
94153	CDRT10
94154	CDRT11
94155	CDRT12
94156	CDRT13
94158	CDRT15P1
94160	ABCC12
94161	SNORD46
94162	SNORD38A
94163	SNORD38B
94233	OPN4
94234	FOXQ1
94235	GNG8
94236	DNAJA1P5
94239	H2AZ2
94240	EPSTI1
94241	TP53INP1
94274	PPP1R14A
94297	PPP1R11P1
94298	PPP1R11P2
94299	TP53BP2P1
94302	PPP1R14BP4
94304	PPP1R1AP1
94310	PPP1R2P8
95681	CEP41
96459	FNIP1
96597	TBC1D27P
96610	BMS1P20
96626	LIMS3
96764	TGS1
103910	MYL12B
103911	RPS27AP1
112398	EGLN2
112399	EGLN3
112401	BIRC8
112464	CAVIN3
112476	PRRT2
112479	ERI2
112483	SAT2
112487	DTD2
112495	GTF3C6
112574	SNX18
112597	CYTOR
112609	MRAP2
112611	RWDD2A
112616	CMTM7
112703	GARIN5A
112714	TUBA3E
112724	RDH13
112744	IL17F
112752	IFT43
112755	STX1B
112770	GLMP
112802	KRT71
112812	FDX2
112817	HOGA1
112840	WDR89
112846	RBM8B
112849	L3HYPDH
112858	TP53RK
112869	SGF29
112885	PHF21B
112936	VPS26B
112937	GLB1L3
112939	NACC1
112942	CFAP36
112950	MED8
112970	KTI12
113000	RPUSD1
113026	PLCD3
113091	PTH2
113115	MTFR2
113130	CDCA5
113146	AHNAK2
113157	RPLP0P2
113174	SAAL1
113177	IZUMO4
113178	SCAMP4
113179	ADAT3
113189	CHST14
113201	GOLM2
113220	KIF12
113230	MISP3
113235	SLC46A1
113246	C12ORF57
113251	LARP4
113263	GLCCI1
113277	TMEM106A
113278	SLC52A3
113402	SFT2D1
113419	TEX261
113444	SMIM12
113451	AZIN2
113452	TMEM54
113457	TUBA3D
113510	HELQ
113540	CMTM1
113612	CYP2U1
113622	ADPRHL1
113655	SLC33A2
113675	SDSL
113691	TUBA3FP
113730	KLHDC7B
113746	CIMAP1A
113763	ZBED10P
113791	PIK3IP1
113802	HENMT1
113828	FAM83F
113829	SLC35A4
113835	ZNF257
113878	DTX2
114026	ZIM3
114034	TOE1
114036	LINC00310
114038	LINC00313
114041	B3GALT5-AS1
114042	LINC00334
114044	MCM3AP-AS1
114049	BUD23
114088	TRIM9
114112	TXNRD3
114131	UCN3
114132	SIGLEC11
114134	SLC2A13
114181	FAM8A5P
114182	FAM8A6P
114184	SIGLEC18P
114185	SIGLEC26P
114186	SIGLEC27P
114187	SIGLEC28P
114188	SIGLEC29P
114189	SIGLEC31P
114190	SIGLEC30P
114192	SIGLEC20P
114194	SIGLEC21P
114195	SIGLEC22P
114196	SIGLEC24P
114198	SIGLEC25P
114294	LACTB
114327	EFHC1
114335	CGB1
114336	CGB2
114548	NLRP3
114569	MAL2
114571	SLC22A9
114599	SNORD15B
114609	TIRAP
114614	MIR155HG
114625	ERMAP
114655	SNORD73B
114657	COX7BP1
114659	LRRC37B
114757	CYGB
114758	CSPG4P1Y
114760	TTTY3
114761	TTTY4
114769	CARD16
114770	PGLYRP2
114771	PGLYRP3
114780	PKD1L2
114781	BTBD9
114783	LMTK3
114784	CSMD2
114785	MBD6
114786	XKR4
114787	GPRIN1
114788	CSMD3
114789	SLC25A25
114790	STK11IP
114791	TUBGCP5
114792	KLHL32
114793	FMNL2
114794	ELFN2
114795	TMEM132B
114796	PSMG3-AS1
114798	SLITRK1
114799	ESCO1
114800	CCDC85A
114801	TMEM200A
114803	MYSM1
114804	RNF157
114805	GALNT13
114814	GNRHR2
114815	SORCS1
114817	CSPG4P5
114818	KLHL29
114819	CROCCP3
114821	SCAND3
114822	RHPN1
114823	LENG8
114824	PNMA5
114825	PWWP2A
114826	SMYD4
114827	FHAD1
114836	SLAMF6
114876	OSBPL1A
114879	OSBPL5
114880	OSBPL6
114881	OSBPL7
114882	OSBPL8
114883	OSBPL9
114884	OSBPL10
114885	OSBPL11
114897	C1QTNF1
114898	C1QTNF2
114899	C1QTNF3
114900	C1QTNF4
114902	C1QTNF5
114904	C1QTNF6
114905	C1QTNF7
114907	FBXO32
114908	TMEM123
114915	EPB41L4A-AS1
114926	SMIM19
114928	GPRASP2
114932	MRFAP1L1
114960	TSGA13
114971	PTPMT1
114984	FLYWCH2
114987	WDR31
114990	VASN
114991	ZNF618
115004	CGAS
115019	SLC26A9
115024	NT5C3B
115098	CCDC124
115106	HAUS1
115110	TNFRSF14-AS1
115111	SLC26A7
115123	MARCHF3
115196	ZNF554
115201	ATG4A
115207	KCTD12
115209	OMA1
115265	DDIT4L
115273	RAB42
115286	SLC25A26
115290	FBXO17
115294	PCMTD1
115330	GPR146
115350	FCRL1
115352	FCRL3
115353	LRRC42
115361	GBP4
115362	GBP5
115399	LRRC56
115416	MALSU1
115426	UHRF2
115509	ZNF689
115548	FCHO2
115557	ARHGEF25
115560	ZNF501
115572	TENT5B
115584	SLC5A11
115650	TNFRSF13C
115653	KIR3DL3
115677	NOSTRIN
115701	ALPK2
115703	ARHGAP33
115704	EVI5L
115708	TRMT61A
115727	RASGRP4
115749	C12ORF56
115752	DIS3L
115761	ARL11
115795	FANCD2OS
115811	DRC10
115817	DHRS1
115825	WDFY2
115827	RAB3C
115861	NXNL1
115908	CTHRC1
115939	TSR3
115948	ODAD3
115950	ZNF653
115992	RNF166
116028	RMI2
116039	OSR2
116064	LRRC58
116068	LYSMD3
116071	BATF2
116085	SLC22A12
116092	DNTTIP1
116093	DIRC1
116113	FOXP4
116115	ZNF526
116123	FMO9P
116135	LRRC3B
116138	KLHDC3
116143	DNAAF10
116149	RPL12P4
116150	NUS1
116151	FAM210B
116154	PHACTR3
116159	CYYR1
116173	CMTM5
116179	TGM7
116211	TM4SF19
116224	PABIR1
116225	ZMYND19
116228	COX20
116236	ABHD15
116238	TLCD1
116254	GINM1
116255	MOGAT1
116285	ACSM1
116328	C8ORF34
116337	PANX3
116349	EXOC3-AS1
116362	RBP7
116369	SLC26A8
116372	LYPD1
116379	IL22RA2
116412	ZNF837
116437	LINC01257
116441	TM4SF18
116442	RAB39B
116443	GRIN3A
116444	GRIN3B
116447	TOP1MT
116448	OLIG1
116449	CLNK
116461	TSEN15
116496	NIBAN1
116511	MAS1L
116512	MRGPRD
116519	APOA5
116534	MRGPRE
116535	MRGPRF
116540	MRPL53
116541	MRPL54
116710	FRA18C
116729	PPP1R27
116730	RPL37P2
116809	RPL38P1
116828	N4BP2L2-IT2
116832	RPL39L
116835	HSPA12B
116840	CNTROB
116841	SNAP47
116842	LEAP2
116843	SLC18B1
116844	LRG1
116931	MED12L
116935	RPL3P2
116936	SNORD139
116937	SNORD83A
116938	SNORD83B
116966	WDR17
116969	ART5
116983	ACAP3
116984	ARAP2
116985	ARAP1
116986	AGAP2
116987	AGAP1
116988	AGAP3
117143	TADA1
117144	CATSPER1
117145	THEM4
117151	SLC31A1P1
117154	DACH2
117155	CATSPER2
117156	SCGB3A2
117157	SH2D1B
117159	DCD
117166	WFIKKN1
117177	RAB3IP
117178	SSX2IP
117194	MRGPRX2
117195	MRGPRX3
117196	MRGPRX4
117245	PLAAT5
117246	FTSJ3
117247	SLC16A10
117248	GALNT15
117283	IP6K3
117285	DEFB118
117286	CIB3
117289	TAGAP
117531	TMC1
117532	TMC2
117579	RLN3
117581	TWIST2
117583	PARD3B
117584	RFFL
117608	ZNF354B
117852	TRIM78P
117854	TRIM6
118421	LINC00161
118424	UBE2J2
118425	PCAT4
118426	BORCS5
118427	OLFM3
118429	ANTXR2
118430	MUCL1
118432	RPL29P2
118433	RPL23AP7
118442	GPR62
118460	EXOSC6
118461	C10ORF71
118471	PRAP1
118472	ZNF511
118487	CHCHD1
118490	MSS51
118491	CFAP70
118611	C10ORF90
118663	BTBD16
118670	FAM24A
118672	PSTK
118738	ZNF488
118788	PIK3AP1
118812	MORN4
118813	ZFYVE27
118856	MMP21
118881	COMTD1
118924	FRA10AC1
118932	ANKRD22
118945	CTSLP1
118980	SFXN2
118987	PDZD8
119016	AGAP4
119032	BORCS7
119180	LYZL2
119358	SNRPD2P1
119369	NUDT9P1
119385	AGAP11
119391	GSTO2
119392	SFR1
119395	CALHM3
119437	CTAGE7P
119467	CLRN3
119504	ANAPC16
119548	PNLIPRP3
119559	SFXN4
119587	CPXM2
119678	OR52E2
119679	OR52J3
119682	OR51L1
119687	OR51A7
119692	OR51S1
119694	OR51F2
119695	OR52R1
119696	OR51N1P
119710	IFTAP
119722	KRT18P14
119749	OR4C46
119750	OR4C2P
119764	OR4X2
119765	OR4B1
119772	OR52M1
119774	OR52K2
119775	OR52P2P
120065	OR5P2
120066	OR5P3
120071	LARGE2
120103	SLC36A4
120114	FAT3
120126	UBTFL2
120146	TRIM64
120224	TMEM45B
120227	CYP2R1
120237	DBX1
120318	RPS6P17
120321	CSNK1A1P2
120364	HNRNPA1P60
120376	POU2AF3
120379	PIH1D2
120400	NXPE1
120406	NXPE2
120425	JAML
120449	CTBP2P6
120526	DNAJC24
120528	CYCSP25
120534	ARL14EP
120586	OR8I2
120775	OR2D3
120776	OR2D2
120787	OR52W1
120793	OR56A4
120796	OR56A1
120824	TRIM51G
120863	DEPDC4
120872	RPL7P38
120892	LRRK2
120935	CCDC38
120939	TMEM52B
121006	FAM186A
121014	TUBB8P5
121026	CYCSP30
121053	NOPCHAP1
121054	KRT18P20
121129	OR2AP1
121130	OR10P1
121131	PSMB3P1
121214	SDR9C7
121227	LRIG3
121256	TMEM132D
121260	SLC15A4
121268	RHEBL1
121270	OR11M1P
121273	C12ORF54
121274	ZNF641
121275	OR10AD1
121278	TPH2
121328	GGTA2P
121340	SP7
121355	GTSF1
121360	OR9K1P
121364	OR10A7
121391	KRT74
121441	NEDD1
121456	SLC9A7P1
121457	IKBIP
121498	LDHAL6CP
121504	H4C16
121506	ERP27
121512	FGD4
121520	GOT2P4
121536	AEBP2
121549	ASCL4
121551	ABTB3
121599	SPIC
121601	ANO4
121642	ALKBH2
121643	FOXN4
121665	SPPL3
121727	PEX12P1
121793	TEX29
121838	NRAD1
121906	PSMA6P4
121916	CYCSP35
121952	METTL21EP
121981	PPIAP26
122011	CSNK1A1L
122038	TOMM22P3
122042	RXFP2
122046	TEX26
122060	SLAIN1
122145	RIOK3P1
122183	PRR20A
122199	LGMNP1
122258	SPACA7
122335	PPIAP24
122402	TDRD9
122409	RPL21P12
122416	ANKRD9
122449	RPS29P1
122481	AK7
122509	IFI27L1
122525	DORIP1
122552	PPIAP4
122553	TRAPPC6B
122589	RPLP0P3
122592	KRT18P6
122616	CLBA1
122618	PLD4
122622	ADSS1
122631	CEND1P1
122651	RNASE11
122664	TPPP2
122665	RNASE8
122704	MRPL52
122706	PSMB11
122740	OR4K14
122742	OR4L1
122748	OR11H6
122769	LRR1
122773	KLHDC1
122786	FRMD6
122809	SOCS4
122830	NAA30
122837	UBA52P3
122842	PPIAP5
122867	COX4I1P1
122876	GPHB5
122888	PTBP1P
122942	FXNP1
122945	NOXRED1
122950	CYCSP1
122953	JDP2
122961	ISCA2
122970	ACOT4
123016	TTC8
123036	TC2N
123041	SLC24A4
123096	SLC25A29
123099	DEGS2
123103	KLHL33
123169	LEO1
123207	C15ORF40
123228	SENP8
123263	MTFMT
123264	SLC51B
123283	TARS3
123346	HIGD2B
123355	LRRC28
123591	TMEM266
123606	NIPA1
123624	AGBL1
123688	HYKK
123720	WHAMM
123722	FSD2
123745	PLA2G4E
123775	C16ORF46
123787	PRSS29P
123803	NTAN1
123811	CEP20
123872	DNAAF1
123876	ACSM2A
123879	DCUN1D3
123904	NRN1L
123920	CMTM3
123970	C16ORF78
124044	SPATA2L
124045	SPATA33
124056	NOXO1
124093	CCDC78
124149	ANKRD26P1
124152	IQCK
124199	EEF1A1P38
124220	ZG16B
124221	PRSS30P
124222	PAQR4
124245	ZC3H18
124274	GPR139
124359	CDYL2
124401	ANKS3
124402	UBALD1
124404	SEPTIN12
124411	KRABD5
124446	TMEM219
124454	EARS2
124460	SNX20
124491	TMEM170A
124496	ATP5PBP7
124512	METTL23
124535	HSF5
124538	OR4D2
124540	MSI2
124565	SLC38A10
124583	CANT1
124590	USH1G
124599	CD300LB
124602	KIF19
124626	ZPBP2
124637	CYB5D1
124641	OVCA2
124685	MYL6P5
124739	USP43
124751	KRABD2
124773	CHCT1
124783	SPATA32
124790	HEXIM2
124801	LSM12
124808	CCDC43
124817	CNTD1
124842	TMEM132E
124857	WFIKKN2
124872	B4GALNT2
124912	SPACA3
124923	RSKR
124925	SEZ6
124930	ANKRD13B
124935	SLC43A2
124936	CYB5D2
124944	BACC1
124961	ZFP3
124974	TXNP4
124975	GGT6
124976	SPNS2
124989	EFCAB13
124995	MRPL10
124997	WDR81
125050	RN7SK
125058	TBC1D16
125061	AFMID
125111	GJD3
125113	KRT222
125115	KRT40
125144	SNHG29
125150	ZSWIM7
125170	MIEF2
125206	SLC5A10
125208	RPS2P46
125228	FAM210A
125242	KRT18P8
125336	LOXHD1
125371	RPL22P1
125476	INO80C
125488	TTC39C
125704	DIPK1C
125875	CLDND2
125893	ZNF816
125919	ZNF543
125931	CEACAM20
125950	RAVER1
125958	OR7D4
125962	OR7G1
125963	OR1M1
125965	COX6B2
125972	CALR3
125981	ACER1
125988	MICOS13
125997	MBD3L2
126003	TRAPPC5
126006	PCP2
126014	OSCAR
126017	ZNF813
126037	EEF1DP1
126052	TGIF1P1
126068	ZNF441
126069	ZNF491
126070	ZNF440
126074	SWSAP1
126075	CCDC159
126119	JOSD2
126123	IZUMO2
126129	CPT1C
126133	ALDH16A1
126147	NTN5
126170	PPIAP58
126204	NLRP13
126205	NLRP8
126206	NLRP5
126208	ZNF787
126231	ZNF573
126235	RPS4XP21
126242	AKR1B1P7
126248	WDR88
126259	TMIGD2
126272	EID2B
126282	TNFAIP8L1
126295	ZNF57
126298	IRGQ
126299	ZNF428
126306	JSRP1
126308	MOB3A
126321	MFSD12
126326	GIPC3
126328	NDUFA11
126353	MISP
126364	LRRC25
126370	OR1I1
126374	WTIP
126375	ZNF792
126382	NR2C2AP
126393	HSPB6
126402	TEKTL1
126410	CYP4F22
126432	RINL
126433	FBXO27
126506	SNX6P1
126520	PLK5
126526	C19ORF47
126536	LINC00661
126541	OR10H4
126549	ANKLE1
126567	C2CD4C
126581	MRPL57P1
126626	GABPB2
126637	TCHHL1
126638	RPTN
126661	CCDC163
126668	TDRD10
126669	SHE
126695	KDF1
126731	CCSAP
126755	LRRC38
126767	AADACL3
126789	PUSL1
126792	B3GALT6
126811	KRT8P21
126820	DNAI3
126823	KLHDC9
126826	TGIF2P1
126859	AXDND1
126868	MAB21L3
126917	IFFO2
126961	H3C14
126969	SLC44A3
127002	ATXN7L2
127003	CFAP276
127018	LYPLAL1
127059	OR2M5
127062	OR2M3
127064	OR2T12
127066	OR14C36
127068	OR2T34
127069	OR2T10
127074	OR2T4
127077	OR2T11
127086	XRCC6P3
127099	RPLP1P3
127124	ATP6V1G3
127247	ASB17
127253	TYW3
127254	ERICH3
127255	LRRIQ3
127262	TPRG1L
127281	PRXL2B
127294	MYOM3
127295	RPL36P5
127343	DMBX1
127385	OR10J5
127391	TMCO2
127396	ZNF684
127406	RPSAP20
127428	TCEANC2
127435	PODN
127481	S100A7P1
127495	LRRC39
127534	GJB4
127540	HMGB4
127544	RNF19B
127545	RPL18AP4
127550	A3GALT2
127579	DCST2
127602	DNAH14
127608	OR2AJ1
127617	OR14L1
127623	OR2B11
127665	ZNF648
127670	TEDDM1
127671	TEDDM2P
127687	C1ORF122
127700	OSCP1
127703	C1ORF216
127707	KLHDC7A
127731	VWA5B1
127733	UBXN10
127795	C1ORF87
127829	ARL8A
127833	SYT2
127841	LINC00628
127845	GOLT1A
127933	UHMK1
127943	FCRLB
128025	WDR64
128061	FSAF1
128077	LIX1L
128102	HSD3BP4
128153	SPATA17
128178	EDARADD
128192	PPIAP35
128209	KLF17
128218	TMEM125
128229	TSACC
128239	IQGAP3
128240	NAXE
128272	ARHGEF19
128308	MRPL55
128312	H2BC26
128322	NUTF2P4
128338	DRAM2
128344	CIMAP3
128346	C1ORF162
128360	OR10T2
128366	OR6P1
128367	OR10X1
128368	OR10Z1
128370	OR6K4P
128371	OR6K6
128372	OR6N1
128387	TATDN3
128408	BHLHE23
128414	NKAIN4
128434	VSTM2L
128439	SNHG11
128467	RPL12P11
128481	RPL27AP
128486	FITM2
128488	WFDC12
128497	SPATA25
128500	RPL13P2
128506	OCSTAMP
128553	TSHZ2
128580	RPS4XP3
128602	CIMIP1
128609	MRPS16P2
128611	ZNF831
128615	PIEZO1P1
128637	TBC1D20
128646	SIRPD
128653	C20ORF141
128668	RPL7AP12
128674	PROKR2
128676	RPS18P1
128709	RPL23AP6
128710	SLX4IP
128718	RPS11P1
128745	RPLP0P1
128748	RPL7AP13
128756	RPL15P1
128760	RPL21P3
128770	EIF4E2P1
128774	MRPS11P1
128790	SLC25A6P1
128817	CSTL1
128820	CST9LP1
128821	CST9L
128822	CST9
128826	MIR1-1HG
128848	DKKL1P1
128853	DUSP15
128854	TSPY26P
128859	BPIFB6
128861	BPIFA3
128862	RPL12P3
128864	C20ORF144
128866	CHMP4B
128869	PIGU
128872	HMGB3P1
128876	FAM83C
128879	HMGB3P2
128954	GAB4
128977	C22ORF39
128989	TANGO2
128997	SLC9A3P2
129025	ZNF280A
129049	SGSM1
129080	EMID1
129099	CPSF1P1
129138	ANKRD54
129285	PPP1R21
129293	TRABD2A
129303	TMEM150A
129401	NUP35
129402	LIN28AP1
129446	XIRP2
129450	TYW5
129521	NMS
129522	RALBP1P2
129530	LYG1
129531	MITD1
129560	AHCYP4
129563	DIS3L2
129607	CMPK2
129642	MBOAT2
129656	CRTC1P1
129684	CNTNAP5
129685	TAF8
129787	TMEM18
129804	FBLN7
129807	NEU4
129831	RBM45
129841	RPSAP25
129852	CIMIP6
129868	TRIM43
129870	UBTFL3
129880	BBS5
129881	CFAP210
130013	ACMSD
130026	ICA1L
130074	FAM168B
130075	OR9A4
130106	CIB4
130120	REG3G
130132	RFTN2
130162	CLHC1
130195	HSPA8P6
130271	PLEKHH2
130340	AP1S3
130355	C2ORF76
130367	SGPP2
130399	ACVR1C
130429	RPSAP27
130497	OSR1
130500	CISD1P1
130502	TTC32
130507	UBR3
130535	KCTD18
130540	FLACC1
130557	ZNF513
130560	SPATA3
130574	LYPD6
130576	LYPD6B
130589	GALM
130612	TMEM198
130617	ZFAND2B
130678	RPLP1P5
130700	PSMB3P2
130728	RPL7P13
130733	TMEM178A
130749	CPO
130752	MDH1B
130773	RPL23AP37
130802	DNMT3AP1
130813	CIMIP5
130814	SLC66A3
130827	TMEM182
130865	RPL26P13
130872	AHSA2P
130888	FBXO36
130916	MTERF4
130940	CCDC148
130951	M1AP
131034	CPNE4
131054	RALBP1P1
131055	PPIAP74
131076	MIX23
131096	KCNH8
131118	DNAJC19
131149	OTOL1
131177	FAM3D
131185	RAD23BP1
131368	ZPLD1
131375	LYZL4
131377	KLHL40
131405	TRIM71
131408	FAM131A
131450	CD200R1
131474	CHCHD4
131540	ZDHHC19
131544	CRYBG3
131566	DCBLD2
131572	MESTP4
131578	LRRC15
131583	FAM43A
131601	TPRA1
131616	TMEM42
131669	UROC1
131831	ERICH6
131870	NUDT16
131873	COL6A6
131890	GRK7
131909	ARB2BP
131920	TMEM207
131961	IMPDH1P8
131965	METTL6
131973	RHBDF1P1
132001	TAMM41
132014	IL17RE
132112	RTP1
132141	IQCF1
132158	GLYCTK
132160	PPM1M
132200	C3ORF49
132203	SNTN
132204	SYNPR
132228	LSMEM2
132241	RPL32P3
132243	H1-8
132299	OCIAD2
132320	SCLT1
132321	C4ORF33
132332	SMIM43
132391	KRT18P21
132430	PABPC4L
132556	BTF3P13
132612	ADAD1
132625	ZFP42
132660	LIN54
132671	SPATA18
132719	TUBB8P3
132720	FAM241A
132724	TMPRSS11B
132789	GNPDA2
132817	RBM48P1
132851	SPATA4
132864	CPEB2
132884	EVC2
132946	ARL9
132949	AASDH
132954	PDCL2
132989	C4ORF36
133015	PACRGL
133022	TRAM1L1
133060	OTOP1
133083	PMPCAP1
133121	ENPP6
133150	SULT1D1P
133283	EEF1A1P13
133308	SLC9B2
133383	SETD9
133396	IL31RA
133418	EMB
133482	SLCO6A1
133491	C5ORF47
133522	PPARGC1B
133558	MROH2B
133569	RPS10P12
133584	EGFLAM
133609	RPLP1P7
133615	MRPS5P3
133619	PRRC1
133629	RPL11P2
133686	NADK2
133688	UGT3A1
133690	CAPSL
133746	JMY
133748	RPL7AP32
133789	RAB5CP2
133790	RPS18P7
133874	C5ORF58
133923	ZNF474
133957	CCDC127
134008	MRPL11P2
134082	OR2AI1P
134083	OR2Y1
134111	UBE2QL1
134121	CFAP90
134145	ATPSCKMT
134147	CMBL
134187	POU5F2
134218	DNAJC21
134265	AFAP1L1
134266	GRPEL2
134285	TMEM171
134288	TMEM174
134353	LSM11
134359	POC5
134391	GPR151
134429	STARD4
134430	WDR36
134466	ZNF300P1
134490	MRPL57P6
134492	NUDCD2
134505	EIF3KP1
134510	UBLCP1
134526	ACOT12
134548	SOWAHA
134549	SHROOM1
134553	C5ORF24
134637	ADAT2
134701	RIPPLY2
134728	IRAK1BP1
134756	RPL29P1
134829	CLVS2
134860	TAAR9
134864	TAAR1
134957	STXBP5
134997	PPIAP29
135112	NCOA7
135114	HINT3
135138	PACRG
135152	B3GAT2
135154	SDHAF4
135228	CD109
135250	RAET1E
135270	COPS5P1
135293	PM20D2
135295	SRSF12
135398	C6ORF141
135458	HUS1B
135644	TRIM40
135656	MUCL3
135886	TMEM270
135892	TRIM50
135924	OR9A2
135927	LLCFC1
135932	TMEM139
135935	NOBOX
135941	OR2A14
135942	OR2A15P
135946	OR6B1
135948	OR2F2
136051	ZNF786
136157	SSU72L6
136227	COL26A1
136242	PRSS37
136259	KLF14
136263	SSMEM1
136288	C7ORF57
136306	SVOPL
136307	IMPDH1P3
136319	MTPN
136332	LRGUK
136371	ASB10
136540	PRSS3P3
136541	PRSS58
136647	MPLKIP
136853	SSC4D
136895	SPMIP4
136991	ASZ1
137012	PPM1AP1
137075	CLDN23
137107	RPL10AP3
137133	PSAT1P1
137196	CCDC26
137209	ZNF572
137290	MRPL9P1
137362	GOT1L1
137392	CIBAR1
137406	MRPS16P1
137492	VPS37A
137529	CKS1BP7
137682	NDUFAF6
137695	TMEM68
137735	ABRA
137797	LYPD2
137814	NKX2-6
137835	TMEM71
137868	SGCZ
137872	ADHFE1
137886	UBXN2B
137902	PXDNL
137964	GPAT4
137970	UNC5D
137994	LETM2
138009	DCAF4L2
138046	RALYL
138050	HGSNAT
138065	RNF183
138151	NACC2
138159	PAEPP1
138162	PIERCE1
138199	CARNMT1
138234	ATP5PDP2
138240	C9ORF57
138241	C9ORF85
138255	CFAP95
138307	LCN8
138311	DIPK1B
138412	SLC25A6P2
138428	PTRH1
138429	PIP5KL1
138474	TAF1L
138639	PTPDC1
138649	ANKRD19P
138652	PRSS47P
138715	ARID3C
138716	RPP25L
138724	SPATA31G1
138799	OR13C5
138802	OR13C8
138803	OR13C3
138804	OR13C4
138805	OR13F1
138864	ATP5PDP3
138881	OR1L8
138882	OR1N2
138883	OR1N1
138916	SYNGR2P2
138948	DBH-AS1
138971	DPP3P2
139060	KRT18P68
139061	PLLPP1
139065	SLITRK4
139067	SPANXN3
139081	MAGEC3
139105	BEND2
139135	PASD1
139163	SALL1P1
139170	DCAF12L1
139189	DGKK
139201	MAP2K4P1
139212	DNAAF6
139221	PWWP3B
139231	FAM199X
139249	FAM47DP
139285	AMER1
139322	APOOL
139324	HDX
139334	IMPDH1P4
139341	FUNDC1
139363	MAGEA13P
139378	ADGRG4
139411	PTCHD1
139420	PPP4R3C
139422	MAGEB10
139425	DCAF8L1
139431	FTH1P14
139452	RPL6P30
139516	AKAP17BP
139538	VENTXP1
139542	E2F6P4
139562	OTUD6A
139596	UPRT
139599	MAGEE2
139604	MAGEB16
139628	FOXR2
139716	GAB3
139728	PNCK
139735	ZFP92
139741	ACTRT1
139748	KRT18P44
139760	GPR119
139793	PAGE3
139804	RBMXL3
139818	DOCK11
139886	SPIN4
139952	LIMK2P1
139957	PAFAH1B2P1
140004	TUBB1P2
140028	GAPDHP19
140032	RPS4Y2
140043	CDY10P
140100	RBMY2KP
140101	RBMY2MP
140123	RBMY2CP
140258	KRTAP13-1
140290	TCP10L
140432	RNF113B
140453	MUC17
140456	ASB11
140458	ASB5
140459	ASB6
140460	ASB7
140461	ASB8
140462	ASB9
140464	PISRT1
140465	MYL6B
140467	ZNF358
140468	COX11P1
140469	MYO3B
140545	RNF32
140564	APOBEC3D
140576	S100A16
140578	CHODL
140596	DEFB104A
140597	TCEAL2
140603	COX6B1P1
140606	SELENOM
140609	NEK7
140612	ZFP28
140623	FAUP1
140625	ACTRT2
140628	GATA5
140660	RPL21P4
140678	MLLT10P1
140679	SLC32A1
140680	C20ORF96
140683	BPIFA2
140685	ZBTB46
140686	WFDC3
140687	GCNT7
140688	NOL4L
140689	CBLN4
140690	CTCFL
140691	TRIM69
140692	COX7BP2
140695	RPL7P2
140696	RPL37P1
140697	RPL36P1
140699	MROH8
140700	SAMD10
140701	ABHD16B
140706	CCM2L
140707	BRI3BP
140710	MTCL2
140711	TLDC2
140713	RPS3AP3
140714	RPS27AP3
140715	RPL21P2
140716	RPL35AP
140717	RPL37AP1
140718	RPL31P3
140719	RPL39P
140730	RIMS4
140731	ANKRD60
140732	SUN5
140733	MACROD2
140735	DYNLL2
140738	TMEM37
140739	UBE2F
140748	RPL17P1
140749	RPL5P2
140750	RPL36P4
140751	RPL36P2
140752	RPS27AP2
140753	RPL31P2
140754	RPS3P1
140755	RPS2P1
140756	RPL7AP14
140757	RSL24D1P6
140758	RPS10P2
140759	RPL19P1
140760	RPL24P2
140761	RPS3P2
140766	ADAMTS14
140767	NRSN1
140771	SMCR5
140775	SMCR8
140801	RPL10L
140803	TRPM6
140807	KRT72
140809	SRXN1
140823	ROMO1
140825	NEURL2
140828	LINC00261
140831	ZSWIM3
140832	WFDC10A
140834	LINC01620
140836	BANF2
140838	NANP
140846	FAM83C-AS1
140848	MACROD2-IT1
140850	DEFB127
140851	MT1P3
140856	SCP2D1
140857	RPL7P3
140862	ISM1
140863	SPINT5P
140865	LINC00686
140870	WFDC6
140871	CFTRP1
140873	C20ORF173
140875	LINC00028
140876	RIPOR3
140880	CST11
140881	DEFB129
140883	ZNF280B
140885	SIRPA
140886	PABPC5
140890	SREK1
140893	RBBP8NL
140894	CNBD2
140895	HSPE1P1
140901	STK35
140902	R3HDML
140909	MTCO2P1
140913	PPIAP10
140921	PPP2R5CP
140947	DCANP1
142678	MIB2
142679	DUSP19
142680	SLC34A3
142683	ITLN2
142684	RAB40A
142685	ASB15
142686	ASB14
142689	ASB12
142827	ACSM6
142891	SAMD8
142910	LIPJ
142913	CFL1P1
142940	TRUB1
143098	MPP7
143162	FRMPD2
143187	VTI1A
143241	DYDC1
143244	EIF5AL1
143279	HECTD2
143282	FGFBP3
143286	LOC143286
143341	EIF3LP2
143371	YWHAZP3
143379	SPMIP5
143384	CACUL1
143425	SYT9
143458	LDLRAD3
143471	PSMA8
143496	OR52B4
143501	C11ORF40
143502	OR52I2
143503	OR51E1
143506	SSU72L3
143543	RBMXP3
143570	XRRA1
143630	UBQLNL
143662	MUC15
143678	FREY1
143684	FAM76B
143686	SESN3
143689	PIWIL4
143872	ARHGAP42
143879	KBTBD3
143884	CWF19L2
143888	POGLUT3
143903	LAYN
143941	TTC36
144097	SPINDOC
144100	PLEKHA7
144106	ST13P5
144108	SPTY2D1
144110	TMEM86A
144124	OR10A5
144125	OR2AG1
144132	DNHD1
144165	PRICKLE1
144193	AMDHD1
144195	SLC2A14
144203	OVOS2P
144233	BCDIN3D
144245	ALG10B
144321	GLIPR1L2
144347	RFLNA
144348	ZNF664
144360	LINC00477
144363	ETFRF1
144383	IFITM3P2
144402	CPNE8
144404	TMEM120B
144406	CFAP251
144423	GLT1D1
144448	TSPAN19
144453	BEST3
144455	E2F7
144481	SOCS2-AS1
144486	CEP83-DT
144501	KRT80
144535	CFAP54
144568	A2ML1
144571	A2M-AS1
144577	KICS2
144581	RPL14P1
144608	C12ORF60
144638	ST13P3
144699	FBXL14
144712	HMGA1P3
144715	RAD9B
144717	PHETA1
144742	LINC00934
144766	LINC00355
144776	LINC00410
144809	FAM216B
144811	LACC1
144817	LINC00330
144832	ESRRAP2
144847	ESRRAP1
144920	LINC00343
144983	HNRNPA1L2
145165	ST13P4
145173	B3GLCT
145195	LINC02691
145200	LINC00239
145216	PPP1R13B-DT
145226	RDH12
145235	RPL24P3
145241	ADAM21P1
145249	LINC00618
145258	GSC
145259	RPSAP4
145264	SERPINA12
145270	PRIMA1
145282	MIPOL1
145370	RPL21P7
145375	NUP50P1
145376	PPP1R36
145389	SLC38A6
145407	ARMH4
145438	FRMD6-AS1
145447	ABHD12B
145482	PTGR2
145483	FAM161B
145497	LRRC74A
145499	RPLP1P1
145501	ISM2
145508	CEP128
145553	MDP1
145567	TTC7B
145581	LRFN5
145624	PWAR1
145645	TERB2
145694	KIF23-AS1
145741	C2CD4A
145748	LYSMD4
145767	RPS3AP6
145773	FAM81A
145781	GCOM1
145783	TCF12-DT
145788	PIERCE2
145814	PGPEP1L
145820	LINC00924
145837	DRAIC
145853	C15ORF61
145858	C15ORF32
145864	HAPLN3
145873	MESP2
145942	TMCO5A
145946	SPATA8
145957	NRG4
145978	LINC00052
145989	FSCN1P1
146050	ZSCAN29
146053	RPS3AP47
146057	TTBK2
146059	CDAN1
146110	RPL7P47
146167	SLC38A8
146177	VWA3A
146183	OTOA
146198	ZFP90
146206	CARMIL2
146212	KCTD19
146223	CMTM4
146225	CMTM2
146227	BEAN1
146279	TEKT5
146310	RNF151
146325	PRR35
146330	FBXL16
146336	SSTR5-AS1
146378	C16ORF92
146395	GSG1L
146429	SLC22A31
146433	IL34
146434	ZNF597
146439	BICDL2
146456	TMED6
146481	FRG2DP
146513	LINC02135
146540	ZNF785
146542	ZNF688
146547	PRSS36
146556	C16ORF89
146562	DNAAF8
146664	MGAT5B
146691	TOM1L2
146705	TEPSIN
146712	QTGAL
146713	RBFOX3
146722	CD300LF
146723	CD300LD-AS1
146754	DNAH2
146760	RTN4RL1
146771	TCAM1P
146779	EFCAB3
146795	LINC02003
146802	SLC47A2
146822	CDRT15
146845	CFAP52
146849	CCDC42
146850	PIK3R6
146852	ODF4
146853	C17ORF50
146857	SLFN13
146861	SLC35G3
146862	UNC45B
146880	ARHGAP27P1
146894	CD300LG
146909	KIF18B
146923	RUNDC1
146956	EME1
147004	ASIC2-AS1
147007	VMA12
147011	PROCA1
147015	DHRS13
147040	KCTD11
147081	LINC02210
147093	LINC00974
147111	NOTUM
147138	TMC8
147150	UPF3AP2
147166	TRIM16L
147172	LRRC37BP1
147179	WIPF2
147183	KRT25
147184	KRT10-AS1
147199	SCGB1C1
147226	UPF3AP1
147228	KRT17P1
147276	C18ORF15
147323	STARD6
147339	ARK2N
147372	CCBE1
147381	CBLN2
147407	SLC25A52
147409	DSG4
147429	AQP4-AS1
147463	ANKRD29
147468	WBP2P1
147495	APCDD1
147525	LINC00526
147645	VSIG10L
147646	C19ORF84
147650	SPACA6
147657	ZNF480
147658	ZNF534
147660	ZNF578
147664	ERVV-1
147670	SMIM17
147685	C19ORF18
147686	ZNF418
147687	ZNF417
147694	ZNF548
147699	PPM1N
147700	KLC3
147710	IGSF23
147711	ZNF285BP
147719	LYPD4
147727	ILF3-DT
147741	ZNF560
147744	TMEM190
147746	HIPK4
147798	TMC4
147804	TPM3P9
147807	ZNF524
147808	ZNF784
147837	ZNF563
147841	SPC24
147872	KASH5
147906	DACT3
147912	SIX5
147920	IGFL2
147923	ZNF420
147929	ZNF565
147945	NLRP4
147947	ZNF542P
147948	ZNF582
147949	ZNF583
147965	FAM98C
147968	CAPN12
147991	DPY19L3
148003	LGALS16
148014	TTC9B
148022	TICAM1
148046	CIRBP-AS1
148066	ZNRF4
148103	ZNF599
148109	FAM187B
148113	CILP2
148137	PROSER3
148145	LINC00906
148156	ZNF558
148170	CDC42EP5
148189	LINC00662
148198	ZNF98
148203	ZNF738
148206	ZNF714
148213	ZNF681
148223	C19ORF25
148229	ATP8B3
148231	LINC00905
148252	DIRAS1
148254	ZNF555
148266	ZNF569
148268	ZNF570
148281	SYT6
148300	SONP1
148304	C1ORF74
148327	CREB3L4
148330	MRPS33P1
148345	CIROZ
148362	BROX
148398	SAMD11
148413	MRPL20-AS1
148418	SAMD13
148423	C1ORF52
148479	PHF13
148523	CIART
148534	TLCD4
148545	NBPF4
148581	UBE2U
148641	SLC35F3
148645	ICMT-DT
148709	ACTG1P25
148713	PTPRVP
148738	HJV
148741	ANKRD35
148753	FAM163A
148756	OVAAL
148789	B3GALNT2
148808	SLC60A1
148811	PM20D1
148818	HSD17B7P1
148823	GCSAML
148824	GCSAML-AS1
148867	SLC30A7
148870	CCDC27
148898	ZNF436-AS1
148930	KNCN
148932	MOB3C
148979	GLIS1
149013	NBPF12
149018	LELP1
149041	RC3H1
149069	DCDC2B
149076	ZNF362
149086	LDC1P
149095	DCST1
149111	CNIH3
149134	LINC01341
149175	MANEAL
149224	RPS7P4
149233	IL23R
149281	NTMT2
149297	FAM78B
149345	SHISA4
149371	EXOC8
149373	TRIM67-AS1
149420	PDIK1L
149428	BNIPL
149461	CLDN19
149465	CFAP57
149466	C1ORF210
149473	CCDC24
149478	BTBD19
149483	CCDC17
149499	LRRC71
149501	KRT8P45
149563	SRARP
149603	RNF187
149620	CHIAP2
149628	PYHIN1
149643	SPATA45
149647	GARIN4
149685	ADIG
149699	GTSF1L
149708	WFDC5
149773	APCDD1L-DT
149775	GNAS-AS1
149830	PRNT
149837	LINC00654
149840	SHLD1
149844	SYNCRIPP1
149934	NCOR1P1
149935	CDK5RAP3P1
149950	NOL4L-DT
149951	COMMD7
149954	BPIFB4
149986	LSM14B
149992	ANKRD30BP2
149998	LIPI
150000	ABCC13
150051	TIAM1-AS1
150082	LCA5L
150084	IGSF5
150094	SIK1
150135	LINC00479
150142	ZNF295-AS1
150147	UMODL1-AS1
150159	SLC9B1
150160	CCT8L2
150165	XKR3
150185	LINC00895
150197	LINC00896
150209	AIFM3
150221	RIMBP3C
150223	YDJC
150244	ZDHHC8BP
150248	C22ORF15
150274	HSCB
150275	CCDC117
150280	HORMAD2
150290	DUSP18
150291	MORC2-AS1
150297	C22ORF42
150350	ENTHD1
150353	DNAJB7
150356	CHADL
150365	MEI1
150368	PHETA2
150372	NFAM1
150379	PNPLA5
150383	CDPF1
150384	GTSE1-DT
150417	SNRPA1P2
150465	TTL
150468	CKAP2L
150472	ZNG1B
150478	SNRPA1P1
150483	TEKT4
150527	PRSS40A
150538	SATB2-AS1
150554	YWHAZP2
150568	LINC01102
150572	SMYD1
150577	LINC01104
150590	C2ORF15
150596	LINC01931
150622	SILC1
150677	OTOS
150678	COPS9
150681	OR6B3
150684	COMMD1
150696	PROM2
150709	ANKAR
150726	FBXO41
150737	IFT70B
150759	LINC00342
150763	GPAT2
150771	ITPRIPL1
150776	SMPD4BP
150786	RAB6D
150864	FAM117B
150921	TCF23
150928	PTMAP5
150946	GAREM2
150947	PPIL1P1
150962	PUS10
150967	LINC01963
150992	LINC00309
151009	LINC01106
151011	SEPTIN10
151050	KANSL1L
151056	PLB1
151112	ZSWIM2
151121	LINC01854
151126	ZNF385B
151171	LINC01107
151174	LINC02610
151176	ERFE
151188	ARL6IP6
151194	METTL21A
151195	CCNYL1
151230	KLHL23
151234	SULT1C5P
151242	PPP1R1C
151246	SGO2
151254	CATSPERT
151258	SLC38A11
151276	TXNP5
151278	CCDC140
151295	SLC23A3
151300	LINC00608
151306	GPBAR1
151313	FAHD2B
151325	MYADML
151354	LRATD1
151393	RMDN2
151449	GDF7
151457	DRG1P1
151473	SLC16A14
151475	LINC01907
151477	LINC00471
151484	GCSIR
151507	MSL3B
151516	ASPRV1
151525	WDSUB1
151531	UPP2
151534	LBX2-AS1
151556	GPR155
151579	BZW1P2
151613	TTC14
151636	DTX3L
151645	PSMC1P1
151647	TAFA4
151648	SGO1
151649	PP2D1
151651	EFHB
151658	LINC00635
151742	PPM1L
151790	WDR49
151825	KRT18P43
151827	LRRC34
151835	CPNE9
151842	PP1P
151871	DPPA2
151877	MAGI1-IT1
151887	CCDC80
151888	BTLA
151903	CCDC12
151963	MB21D2
151987	PPP4R2
152002	XXYLT1
152006	RNF38
152007	GLIPR2
152015	ROPN1B
152024	LINC00691
152048	GOLGA4-AS1
152065	C3ORF22
152078	SLC66A1LP
152098	ZCWPW2
152100	CMC1
152101	VENTXP4
152110	NEK10
152118	LINC02877
152137	CCDC50
152138	PYDC2
152185	SPICE1
152189	CMTM8
152195	NUDT16L2P
152206	CCDC13
152217	NCBP2AS2
152225	RDUR
152273	FGD5
152274	LINC02011
152286	LOC152286
152302	CIDECP1
152330	CNTN4
152404	IGSF11
152405	TEX55
152485	ZNF827
152503	SH3D19
152518	NFXL1
152519	NIPAL1
152559	PAQR3
152573	SHISA3
152578	LINC01618
152579	SCFD2
152586	MGAT4D
152641	WWC2-AS2
152663	RPL7AP27
152667	FAM192BP
152687	ZNF595
152709	ARL4AP2
152742	LINC01085
152756	FAM218A
152789	JAKMIP1
152815	THAP6
152816	ODAPH
152831	KLB
152877	FAM53A
152905	RTN3P1
152926	PPM1K
152940	SPMIP2
152992	TRMT44
153020	RASGEF1B
153090	DAB2IP
153129	SLC38A9
153163	SNCAIP-AS3
153201	SLC36A2
153218	SPINK13
153222	CREBRF
153241	CEP120
153328	SLC25A48
153339	TMEM167A
153364	MBLAC2
153396	TMEM161B
153443	SRFBP1
153469	JAKMIP2-AS1
153478	PLEKHG4B
153527	ZMAT2
153562	MARVELD2
153571	IRX2-DT
153572	IRX2
153579	BTNL9
153642	ARSK
153643	FAM81B
153657	TTC23L
153684	ANXA2R-AS1
153733	CCDC112
153743	PPP1R2B
153745	GARIN3
153768	PRELID2
153769	SH3RF2
153770	PLAC8L1
153830	RNF145
153842	SEM1P1
153918	ZC2HC1B
153932	SRP72P2
154007	SNRNP48
154043	CNKSR3
154064	RAET1L
154075	SAMD3
154089	LINC01312
154091	SLC2A12
154092	LINC01010
154141	MBOAT1
154150	HDGFL1
154197	PNLDC1
154214	RNF217
154215	NKAIN2
154288	KHDC3L
154313	CFAP206
154386	LINC01600
154442	POPDC1-AS1
154467	CCDC167
154661	RUNDC3B
154664	ABCA13
154743	SAMTOR
154754	PRSS3P2
154790	CLEC2L
154791	FMC1
154796	AMOT
154807	VKORC1L1
154810	AMOTL1
154822	LINC00689
154860	FEZF1-AS1
154865	IQUB
154872	LINC03043
154881	KCTD7
154907	LINC02903
155006	TMEM213
155019	ST13P7
155038	GIMAP8
155051	CRYGN
155054	ZNF425
155061	ZNF746
155066	ATP6V0E2
155100	CCT8L1P
155184	SLC2A7
155185	AMZ1
155340	OR7E136P
155368	METTL27
155370	SBDSP1
155382	VPS37D
155400	NSUN5P1
155435	RBM33
155465	AGR3
157206	RPL21P11
157285	PRAG1
157310	PEBP4
157313	CDCA2
157317	CYCSP55
157376	FER1L6-AS2
157378	TMEM65
157381	LINC00964
157489	SDAD1P1
157503	LOC157503
157506	RDH10
157530	ST13P6
157542	TMEM276-ZFTRAF1
157556	BAALC-AS2
157562	LOC157562
157567	ANKRD46
157570	ESCO2
157574	FBXO16
157627	MIR124-1HG
157638	LRATD2
157657	CFAP418
157667	MYL12AP1
157680	VPS13B
157693	FAM87A
157695	TDRP
157697	ERICH1
157708	SEC11B
157713	LYPLA1P3
157724	SLC7A13
157739	TDH
157753	TMEM74
157769	FAM91A1
157773	C8ORF48
157777	MCMDC2
157807	CLVS1
157848	NKX6-3
157855	KCNU1
157860	LOC157860
157869	SBSPON
157916	IL6RP1
157922	CAMSAP1
157927	LINC02907
157931	LOC157931
157956	CDC20P1
157983	DOCK8-AS1
158011	IFNA12P
158035	REXO6P
158038	LINGO2
158046	NXNL2
158055	C9ORF163
158056	MAMDC4
158062	LCN6
158067	AK8
158078	EEF1A1P5
158104	RPS10P3
158131	OR1Q1
158135	TTLL11
158158	RASEF
158160	HSD17B7P2
158172	SERPINH1P1
158219	TTC39B
158222	LDHAP4
158228	FAM201A
158234	TRMT10B
158248	TTC16
158257	LINC02603
158293	FAM120AOS
158297	SAXO1
158314	LINC00475
158326	FREM1
158345	RPL4P5
158358	BRD10
158373	YBX1P10
158376	SPAAR
158381	ATP8B5P
158383	YWHAZP6
158399	ZNF483
158401	SHOC1
158405	KIAA1958
158427	TSTD2
158431	ZNF782
158452	ASS1P3
158471	PRUNE2
158506	CBLL2
158511	CSAG1
158521	FMR1NB
158572	USP27X-DT
158584	FAAH2
158586	ZXDB
158674	RPSAP3
158724	FAM47A
158747	MOSPD2
158763	ARHGAP36
158781	YWHAZP10
158787	RIBC1
158798	AKAP14
158800	RHOXF1
158801	NKAPP1
158809	MAGEB6
158830	CXORF65
158833	AWAT1
158835	AWAT2
158863	LOC158863
158866	ZDHHC15
158880	USP51
158905	PHF10P1
158931	TCEAL6
158948	PRKCIP1
158960	ATP6AP1-DT
158983	H2BW1
159007	AKR7A2P2
159013	CXORF38
159090	PABIR2
159091	PABIR3
159119	HSFY2
159125	RBMY2EP
159162	RBMY2FP
159163	RBMY1F
159195	USP54
159296	NKX2-3
159371	SLC35G1
159686	CFAP58
159770	CBX3P1
159963	SLC5A12
159989	DEUP1
160065	PATE1
160140	C11ORF65
160287	LDHAL6A
160298	C11ORF42
160313	KRT19P2
160335	TMTC2
160364	CLEC12A
160365	CLECL1
160410	PSMC6P2
160418	TMTC3
160419	C12ORF50
160428	ALDH1L2
160492	LMNTD1
160518	DENND5B
160622	TAMALIN
160728	SLC5A8
160760	PPTC7
160762	CCDC63
160777	CCDC60
160824	SP3P
160851	DGKH
160857	CCDC122
160897	GPR180
161003	STOML3
161142	GARIN2
161145	TMEM229B
161159	ACTN1-DT
161176	SYNE3
161198	CLEC14A
161247	FITM1
161253	REM2
161271	OR4H12P
161291	TMEM30B
161342	LINC00519
161357	MDGA2
161394	SAMD15
161406	RPL7AP10
161424	NOP9
161436	EML5
161497	STRC
161502	CFAP161
161514	TBC1D21
161582	DNAAF4
161635	CSNK1A1P1
161725	OTUD7A
161742	SPRED1
161753	CIMAP1C
161779	PGBD4
161823	MAPDA
161829	EXD1
161835	FSIP1
161882	ZFPM1
161931	ADAD2
162073	ITPRIPL2
162083	C16ORF82
162239	ZFP1
162282	ANKFN1
162333	MARCHF10
162387	MFSD6L
162394	SLFN5
162417	NAGS
162427	RETREG3
162461	TMEM92
162466	PHOSPHO1
162494	RHBDL3
162514	TRPV3
162515	SLC16A11
162517	FBXO39
162540	SPPL2C
162605	KRT28
162632	USP32P1
162655	ZNF519
162681	C18ORF54
162699	ELOA3P
162962	ZNF836
162963	ZNF610
162966	ZNF600
162967	ZNF320
162968	ZNF497
162972	ZNF550
162979	ZNF296
162989	DEDD2
162993	ZNF846
162998	OR7D2
163007	CYP2T3P
163033	ZNF579
163049	ZNF791
163050	ZNF564
163051	ZNF709
163059	ZNF433
163071	ZNF114
163081	ZNF567
163087	ZNF383
163088	TAF9P3
163115	ZNF781
163126	EID2
163131	ZNF780B
163154	PRR22
163175	LGI4
163183	SYNE4
163223	ZNF676
163227	ZNF100
163255	ZNF540
163259	DENND2C
163351	GBP6
163404	PLPPR5
163479	FNDC7
163486	DENND1B
163589	TDRD5
163590	TOR1AIP2
163688	CALML6
163702	IFNLR1
163720	CYP4Z2P
163732	CITED4
163742	SLC25A3P1
163747	CIMAP2
163778	SPRR4
163782	KANK4
163786	SASS6
163859	SDE2
163882	CNST
163933	FAM43B
164045	HFM1
164091	PAQR7
164118	TTC24
164127	CCDC185
164153	UBL4B
164237	WFDC13
164284	APCDD1L
164312	LRRN4
164380	CST13P
164395	TTLL9
164592	CCDC116
164633	CABP7
164656	TMPRSS6
164668	APOBEC3H
164684	WBP2NL
164714	TTLL8
164781	DAW1
164832	LONRF2
164837	CYCSP7
165055	CCDC138
165082	ADGRF3
165100	TEX44
165140	OXER1
165186	TOGARAM2
165215	FAM171B
165257	C1QL2
165324	UBXN2A
165530	CLEC4F
165545	DQX1
165631	PARP15
165679	SPTSSB
165721	DNAJB8
165829	GPR156
165904	XIRP1
165918	RNF168
166012	CHST13
166336	PRICKLE2
166348	KBTBD12
166378	AFG2A
166379	BBS12
166614	DCLK2
166647	ADGRA3
166655	TRIM60
166752	FREM3
166785	MMAA
166793	ZBTB49
166815	TIGD2
166824	RASSF6
166863	RBM46
166929	SGMS2
166968	MIER3
166979	CDC20B
167127	UGT3A2
167153	TENT2
167227	DCP2
167359	NIM1K
167410	LIX1
167465	ZNF366
167555	FAM151B
167681	PRSS35
167691	LCA5
167826	OLIG3
167838	TXLNB
168002	DACT2
168090	C6ORF118
168330	PRSS3P1
168374	ZNF92
168391	GALNTL5
168400	DDX53
168417	ZNF679
168433	RNF133
168448	CDC14C
168451	THAP5
168455	CCDC71L
168474	SEPHS1P1
168507	PKD1L1
168537	GIMAP7
168544	ZNF467
168620	BHLHA15
168667	BMPER
168741	PER3P1
168850	ZNF800
168975	CNBD1
169026	SLC30A8
169044	COL22A1
169166	SNX31
169200	TMEM64
169270	ZNF596
169355	IDO2
169436	STKLD1
169522	KCNV2
169611	OLFML2A
169693	TMEM252
169714	QSOX2
169792	GLIS3
169834	ZNF883
169841	ZNF169
169966	TENT5D
169981	SPIN3
170062	FAM47B
170067	SUPT20HL2
170082	TCEANC
170261	ZCCHC12
170302	ARX
170370	FAM170B
170371	TMEM273
170384	POFUT4
170392	OIT3
170393	LINC02870
170394	PWWP2B
170425	LINC00858
170463	SSBP4
170482	CLEC4C
170485	ARF4P2
170487	ACTL10
170503	CDC42P1
170504	COX6CP2
170506	DHX36
170510	EIF4EBP2P1
170511	ENSAP1
170513	FAT1P1
170514	FTLP1
170516	GAPDHP2
170517	GCNT1P1
170522	GLRXP1
170523	GSTM3P1
170524	HNRNPA1P3
170526	HNRNPA3P2
170527	KRT18P3
170529	RPSAP1
170533	PA2G4P2
170535	PGAM3P
170536	PPIAP21
170537	PPIAP2
170539	PPIAP3
170540	PPIAP17
170541	PSMD10P1
170542	PTMAP6
170543	RNF11P2
170547	AIMP1P1
170548	SF3A3P1
170550	SNRPFP1
170552	SRMP1
170554	DYNLT3P1
170555	TPM3P2
170556	UBE2V1P1
170559	XPOTP1
170572	HTR3C
170575	GIMAP1
170589	GPHA2
170591	S100Z
170622	COMMD6
170626	XAGE3
170627	XAGE5
170679	PSORS1C1
170680	PSORS1C2
170685	NUDT10
170688	NUDT4P2
170689	ADAMTS15
170690	ADAMTS16
170691	ADAMTS17
170692	ADAMTS18
170712	COX7B2
170825	GSX2
170850	KCNG3
170949	DEFT1P
170954	PPP1R18
170958	ZNF525
170959	ZNF431
170960	ZNF721
170961	ANKRD24
171017	ZNF384
171019	ADAMTS19
171022	BICDL3P
171023	ASXL1
171024	SYNPO2
171169	SPACA4
171176	NICN2P
171177	RHOV
171220	DSTNP2
171221	DNAJB1P1
171222	UBE2L5
171389	NLRP6
171391	GATD1-DT
171392	ZNF675
171416	TXNP2
171418	GLRXP2
171419	TXNP3
171420	HSPE1P28
171421	HSPE1P16
171422	CRPP1
171423	PDIA3P1
171424	SPA17P1
171425	CLYBL
171427	CYP2F2P
171472	SRSF10P2
171482	FAM9A
171483	FAM9B
171484	FAM9C
171523	CYP2T1P
171546	SPTSSA
171558	PTCRA
171559	HMGA1P2
171560	TXNP6
171568	POLR3H
171586	ABHD3
191585	PLAC4
192111	PGAM5
192127	SLC20A1P1
192128	SLC20A1P2
192130	GOLGA4P3
192131	GOLGA4P1
192132	GOLGA4P2
192133	RPS8P1
192134	B3GNT6
192146	DDX50P1
192217	OXCT2P1
192286	HIGD2A
192666	KRT24
192668	CYS1
192669	AGO3
192670	AGO4
192683	SCAMP5
193629	LINC00189
195814	SDR16C5
195827	PRXL2C
195828	ZNF367
195977	ANTXRL
196047	EMX2OS
196051	PLPP4
196074	METTL15
196120	SSU72L5
196188	RPS2P38
196264	MPZL3
196294	IMMP1L
196335	OR56B4
196374	KRT78
196383	RILPL2
196385	DNAH10
196394	AMN1
196403	DTX3
196410	TMT1B
196415	LINC02909
196441	ZFC3H1
196446	MYRFL
196463	PLBD2
196472	GARIN6
196475	RMST
196477	CCER1
196483	EEF2KMT
196500	PIANP
196513	DCP1B
196527	ANO6
196528	ARID2
196541	METTL21C
196549	EEF1DP3
196740	VSTM4
196743	PAOX
196792	FAM24B
196872	VESTAR
196883	ADCY4
196913	LINC01599
196951	FAM227B
196968	DNM1P46
196993	CT62
196996	GRAMD2A
197021	LCTL
197131	UBR1
197135	PATL2
197187	SNAI3-AS1
197196	LINC00311
197257	LDHD
197258	FCSK
197259	MLKL
197320	ZNF778
197322	ACSF3
197331	TUBB8P7
197335	WDR90
197342	EME2
197350	CASP16P
197358	NLRC3
197370	NSMCE1
197407	ZNF48
198437	LKAAEAR1
199221	DZIP1L
199223	TTC21A
199675	MCEMP1
199692	ZNF627
199699	DAND5
199704	ZNF585A
199713	NLRP7
199720	GGN
199731	CADM4
199745	THAP8
199746	U2AF1L4
199777	ZNF626
199786	NIBAN3
199800	ADM5
199827	RNASEH1P3
199834	LCE4A
199857	ALG14
199870	FAM76A
199882	PDE4DIPP3
199899	LINC00466
199900	MRPS21P1
199920	FYB2
199953	TMEM201
199964	TMEM61
199974	CYP4Z1
199990	FAAP20
200008	CDCP2
200010	SLC5A9
200014	CC2D1B
200025	PFN1P3
200030	NBPF11
200035	NUDT17
200081	TXLNA
200132	DYNLT5
200149	TUBB8P6
200150	PLD5
200159	SPMIP3
200162	SPAG17
200172	SLFNL1
200185	KRTCAP2
200186	CRTC2
200197	TMEM51-AS1
200205	IBA57
200232	FAM209A
200261	LINC00656
200298	LINC00528
200312	RNF215
200315	APOBEC3A
200316	APOBEC3F
200350	FOXD4L1
200373	CFAP221
200403	VWA3B
200407	CREG2
200420	ALMS1P1
200424	TET3
200504	GKN2
200523	SPMIP9
200539	ANKRD23
200558	APLF
200575	CRYGEP
200576	PIKFYVE
200609	LOC200609
200634	KRTCAP3
200726	FAM237A
200728	TMEM17
200734	SPRED2
200765	TIGD1
200772	UICLM
200810	ALG1L1P
200830	LOC200830
200844	CFAP20DC
200845	KCTD6
200879	LIPH
200894	ARL13B
200895	DHFR2
200909	HTR3D
200916	RPL22L1
200931	SLC51A
200933	FBXO45
200942	KLHDC8B
200958	MUC20
200959	GABRR3
201134	CEP112
201140	DHRS7C
201158	TVP23C
201161	CENPV
201163	FLCN
201164	PLD6
201176	ARHGAP27
201181	ZNF385C
201191	SAMD14
201229	LYRM9
201232	SLC16A13
201243	SPEM2
201254	CENPX
201255	LRRC45
201259	RPL32P31
201266	SLC39A11
201283	AMZ2P1
201288	NOS2P2
201292	TRIM65
201294	UNC13D
201299	RDM1
201305	SPNS3
201456	FBXO15
201475	RAB12
201477	DLGAP1-AS3
201501	ZBTB7C
201514	ZNF584
201516	ZSCAN4
201562	HACD2
201595	STT3B
201617	LINC00870
201625	DNAH12
201626	PDE12
201627	DENND6A
201633	TIGIT
201651	AADACP1
201725	C4ORF46
201780	SLC10A4
201798	TIGD4
201799	TMEM154
201853	LINC00504
201895	SMIM14
201931	TMEM192
201965	RWDD4
201973	PRIMPOL
201989	GK6P
202018	TAPT1
202020	TAPT1-AS1
202051	SPATA24
202052	DNAJC18
202122	RPL27P10
202134	FAM153B
202151	RANBP3L
202181	SIMC1P1
202227	PPIAP78
202243	CCDC125
202299	LINC01554
202309	GAPT
202333	CMYA5
202374	STK32A
202459	OSTCP1
202500	DRC5
202559	KHDRBS2
202658	TRIM39-RPP21
202781	PAXIP1-DT
202789	RPL17P27
202861	OR2A3P
202865	C7ORF33
202915	TMEM184A
203054	ADCK5
203062	TSNARE1
203068	TUBB
203069	R3HCC1
203074	PRSS55
203076	C8ORF74
203100	HTRA4
203102	ADAM32
203111	ERICH5
203190	LGI3
203197	TMEM268
203228	C9ORF72
203238	CCDC171
203245	NAIF1
203259	FAM219A
203260	CCDC107
203274	LINC00537
203286	ANKS6
203328	SUSD3
203413	CT83
203414	LINC01560
203427	SLC25A43
203429	FAM226A
203430	RTL3
203447	NRK
203477	HMGA1P1
203510	HMGB3P30
203522	INTS6L
203523	ZNF449
203547	VMA21
203562	TMEM31
203569	PAGE2
203611	CDY2B
203859	ANO5
204010	RPSAP52
204219	CERS3
204474	PDILT
204777	IGLJCOR18
204800	ARPC1AP2
204801	NLRP11
204851	HIPK1
204962	SLC44A5
205147	AMER3
205251	MTLN
205272	CNN2P8
205327	C2ORF69
205428	DIPK2A
205564	SENP5
205655	NBPF21P
205717	USF3
205860	TRIML2
206338	LVRN
206358	SLC36A1
206412	C6ORF163
206426	PIP5K1P1
207032	RPL36AP52
207063	DHRSX
207107	SFTA1P
207147	PRSS59P
207148	PRSS3P5
219285	SAMD9L
219287	AMER2
219293	ATAD3C
219333	USP12
219347	TMEM254-AS1
219348	PLAC9
219402	MTIF3
219409	GSX1
219417	OR8U1
219428	OR4C16
219429	OR4C11
219431	OR4S2
219432	OR4C6
219436	OR5D14
219437	OR5L1
219438	OR5D18
219445	OR7E5P
219447	OR5AS1
219453	OR8K5
219464	OR5T2
219469	OR8H1
219473	OR8K3
219477	OR8J1
219479	OR8U3
219482	OR5M3
219484	OR5M8
219487	OR5M11
219493	OR5AR1
219525	OR5AK4P
219527	LRRC55
219537	SMTNL1
219539	YPEL4
219541	MED19
219557	TEX47
219578	ZNF804B
219595	FOLH1B
219621	CABCOCO1
219623	TMEM26
219654	ZCCHC24
219670	ENKUR
219681	ARMC3
219688	LOC219688
219699	UNC5B
219731	PROSER2-AS1
219736	STOX1
219738	FAM241B
219743	TYSND1
219749	ZNF25
219752	TACC1P1
219770	GJD4
219771	CCNY
219790	RTKN2
219793	TBATA
219833	KCNJ5-AS1
219844	HYLS1
219854	TMEM218
219855	SLC37A2
219858	OR8B12
219865	OR8G5
219869	OR10G8
219870	OR10G9
219873	OR10S1
219874	OR6T1
219875	OR4D5
219899	TBCEL
219902	TLCD5
219927	MRPL21
219931	TPCN2
219938	SPATA19
219952	OR6Q1
219954	OR9I1
219956	OR9Q1
219957	OR9Q2
219958	OR1S2
219959	OR1S1
219960	OR10Q1
219965	OR5B17
219968	OR5B21
219970	GLYATL2
219972	MPEG1
219981	OR5A2
219982	OR5A1
219983	OR4D6
219986	OR4D11
219988	PATL1
219990	OOSP2
219995	MS4A15
220001	VWCE
220002	CYB561A3
220004	SAXO4
220032	GDPD4
220042	DDIAS
220047	CCDC83
220064	LTO1
220070	SHANK2-AS3
220074	LRTOMT
220081	ERICH6B
220082	CBY2
220107	DLEU7
220108	FAM124A
220112	CTAGE3P
220115	TPTE2P3
220134	SKA1
220136	CFAP53
220147	CTBP2P3
220158	GTSCR1
220164	DOK6
220202	ATOH7
220213	OTUD1
220296	HEPACAM
220323	OAF
220359	TIGD3
220382	FAM181B
220388	CCDC89
220416	LRRC63
220429	CTAGE10P
220433	RPS4XP16
220441	RNF152
220594	USP32P2
220717	RPLP0P6
220729	SDHAP4
220786	CDK7P1
220793	FUNDC2P1
220832	FABP5P3
220869	ZNG1E
220885	RPSAP15
220906	WAC-AS1
220929	ZNF438
220930	ZEB1-AS1
220959	KRT8P16
220963	SLC16A9
220965	FAM13C
220972	MARCHF8
220974	OR6D1P
220979	ZNF22-AS1
220980	TMEM72-AS1
220988	HNRNPA3
220992	ZNF485
221002	RASGEF1A
221017	CEP57L1P1
221035	REEP3
221037	JMJD1C
221044	UCMA
221060	RPP38-DT
221061	FAM171A1
221074	SLC39A12
221078	NSUN6
221079	ARL5B
221091	LRRN4CL
221092	HNRNPUL2
221120	ALKBH3
221122	LINC02685
221143	EEF1AKMT1
221150	SKA3
221154	MICU2
221178	SPATA13
221180	CYCSP33
221184	CPNE2
221188	ADGRG5
221191	PRSS54
221223	CES5A
221241	LINC00305
221262	CCDC162P
221264	AK9
221294	NT5DC1
221301	CALHM4
221302	ZUP1
221303	FAM162B
221322	TBC1D32
221336	BEND6
221357	GSTA5
221391	OPN5
221393	ADGRF4
221395	ADGRF5
221400	TDRD6
221409	SPATS1
221416	LINC03040
221421	RSPH9
221424	LRRC73
221438	TREML5P
221442	ADCY10P1
221443	OARD1
221458	KIF6
221468	TMEM217
221472	FGD2
221476	PI16
221477	C6ORF89
221481	ARMC12
221491	SMIM29
221496	LEMD2
221504	ZBTB9
221527	ZBTB12
221545	C6ORF136
221547	RANP1
221584	ZSCAN12P1
221613	H2AC1
221656	KDM1B
221662	RBM24
221687	RNF182
221692	PHACTR1
221710	SMIM13
221711	SYCP2L
221717	MRPL48P1
221718	LINC00518
221749	PXDC1
221756	SERPINB9P1
221785	ZSCAN25
221786	FAM200A
221806	VWDE
221814	LOC221814
221823	PRPS1L1
221830	POLR1F
221833	SP8
221838	EEF1A1P6
221883	HOXA11-AS
221895	JAZF1
221908	PPP1R35
221914	GPC2
221927	BRAT1
221935	SDK1
221937	FOXK1
221938	MMD2
221955	DAGLB
221960	CCZ1B
221981	THSD7A
222005	SLC25A5P3
222008	VSTM2A
222052	TTC4P1
222068	TMED4
222166	MTURN
222171	PRR15
222183	SRRM3
222194	RSBN1L
222223	ELAPOR2
222229	LRWD1
222234	FAM185A
222235	FBXL13
222236	NAPEPLD
222255	ATXN7L1
222256	CDHR3
222389	BEND7
222484	LNX2
222487	ADGRG3
222537	HS3ST5
222545	GPRC6A
222546	RFX6
222553	SLC35F1
222584	FAM83B
222611	ADGRF2P
222642	TSPO2
222643	UNC5CL
222658	KCTD20
222659	PXT1
222662	LHFPL5
222663	SCUBE3
222696	ZSCAN23
222698	NKAPL
222699	TOB2P1
222701	ZKSCAN8P2
222826	FAM217A
222865	TMEM130
222894	FERD3L
222901	RPL23P8
222950	NYAP1
222962	SLC29A4
222967	RSPH10B
223075	ITPRID1
223082	ZNRF2
223117	SEMA3D
225689	MAPK15
245711	SPDYA
245802	MS4A6E
245806	VGLL2
245812	CNPY4
245908	DEFB105A
245909	DEFB106A
245910	DEFB107A
245911	DEFB108B
245912	DEFB109A
245913	DEFB110
245915	DEFB112
245927	DEFB113
245928	DEFB114
245929	DEFB115
245930	DEFB116
245931	DEFB117
245932	DEFB119
245934	DEFB121
245935	DEFB122
245936	DEFB123
245937	DEFB124
245938	DEFB125
245939	DEFB128
245940	DEFB130A
245972	ATP6V0D2
245973	ATP6V1C2
246100	CTAG1A
246112	TAF13P1
246119	TTTY10
246122	TTTY7
246123	ZNF736P3Y
246126	TXLNGY
246135	TAF9BP1
246175	CNOT6L
246176	GAS2L2
246181	AKR7L
246182	AKR7A2P1
246184	CDC26
246210	IKBKGP1
246213	SLC17A8
246243	RNASEH1
246269	AFG1L
246283	TRBV22OR9-2
246285	TRBV26OR9-2
246286	TRBVAOR9-2
246312	C21ORF91-OT1
246318	FLJ13773
246329	STAC3
246330	PELI3
246704	LINC00315
246705	LINC00314
246714	CKS1BP2
246715	CKS1BP3
246716	YWHAQP2
246717	ELOBP1
246719	UBE2SP1
246720	DYNLL1P1
246721	POLR2J2
246723	ATP5PDP4
246731	PPIHP1
246734	NPCDR1
246737	YWHAZP4
246744	STH
246777	SPESP1
246778	IL27
246784	SMU1P1
246785	OLA1P1
252839	TMEM9
252840	SRP68P2
252841	SRP68P1
252884	ZNF396
252946	FAM197Y2
252948	TTTY16
252949	TTTY17A
252950	TTTY18
252951	TTTY20
252952	TTTY19
252954	TTTY22
252955	TTTY23
252956	TPM3P1
252968	TNPO1P2
252969	NEIL2
252983	STXBP4
252995	FNDC5
253012	HEPACAM2
253013	RPL31P8
253017	TECRL
253018	HCG27
253039	CUTALP
253044	LINGO1-AS1
253128	LINC00612
253143	PRR14L
253152	EPHX4
253175	CDY1B
253190	SERHL2
253260	RICTOR
253264	ZNF503-AS1
253272	PCGF7P
253314	EIF4E1B
253430	IPMK
253461	ZBTB38
253512	SLC25A30
253558	LCLAT1
253559	CADM2
253573	LINC02052
253582	TMEM244
253635	GPATCH11
253639	ZNF620
253650	ANKRD18A
253665	ELOBP2
253714	MMS22L
253724	TTC41P
253725	WASHC2C
253738	EBF3
253769	WDR27
253782	CERS6
253827	MSRB3
253832	ZDHHC20
253868	CRMA
253933	OR7E39P
253935	ANGPTL5
253943	YTHDF3
253959	RALGAPA1
253962	CACNA1G-AS1
253970	SFTA3
253980	KCTD13
253982	ASPHD1
253986	RPL10AP2
254013	ETFBKMT
254028	RNASE11-AS1
254042	METAP1D
254048	UBN2
254050	LRRC43
254065	BRWD3
254099	LINC01342
254100	ZNRD2-DT
254102	EHBP1L1
254122	SNX32
254128	NIFK-AS1
254158	CXORF58
254170	FBXO33
254173	TTLL10
254187	TSGA10IP
254225	RNF169
254228	CALHM5
254240	BPIFC
254251	LCORL
254263	CNIH2
254268	AKNAD1
254272	TBC1D28
254295	PHYHD1
254312	LINC00710
254359	ZDHHC24
254394	MCM9
254398	ARHGAP42P4
254427	PROSER2
254428	SLC41A1
254439	C11ORF86
254528	MEIOB
254531	LPCAT4
254552	NUDT8
254559	MIR9-3HG
254664	MAPK6P2
254700	USP12PX
254773	LYG2
254778	VXN
254783	OR6C74
254786	OR6C3
254827	NAALADL2
254863	TMEM256
254879	OR2T6
254887	ZDHHC23
254910	LCE5A
254948	RPL9P8
254950	KRTAP15-1
254956	MORN5
254958	REXO1L1P
254973	OR1L4
255022	CALHM1
255025	LINC00879
255027	MPV17L
255031	LINC00957
255043	TMEM86B
255057	CBARP
255061	TAC4
255082	CASC2
255101	CFAP65
255104	TMCO4
255119	CFAP299
255130	IGFBP7-AS1
255167	LINC01018
255180	GOLGA2P11
255187	SH3TC2-DT
255189	PLA2G4F
255193	CSNK1G2-AS1
255208	TUBB8P9
255220	TXNDC8
255231	MCOLN2
255239	ANKK1
255252	LRRC57
255275	MYADML2
255308	EIF2S3B
255313	CT47A11
255324	EPGN
255330	NUP210P1
255349	LHFPL7
255374	MBLAC1
255394	TCP11L2
255403	ZNF718
255411	SPMIP11
255426	RASGEF1C
255480	TBX5-AS1
255488	RNF144B
255512	TOLLIP-DT
255520	ELMOD2
255620	UNC93B6
255626	H2BC1
255631	COL24A1
255649	OOSP1
255654	LINC01743
255725	OR52B2
255738	PCSK9
255743	NPNT
255758	DYNLT2B
255762	PDZD9
255783	INAFM1
255798	SMCO1
255809	C19ORF38
255812	SDHAP1
255877	BCL6B
255919	CNEP1R1
255926	ADAM5
255928	SYT14
255967	PAN3
256006	ANKRD31
256021	LINC01619
256051	ZNF549
256076	COL6A5
256085	GET1P1
256126	SYCE2
256130	TMEM196
256144	OR4C3
256148	OR4S1
256158	HMCN2
256190	OR4C50P
256223	CDRT15L2
256227	STEAP1B
256236	NAPSB
256281	NUDT14
256297	PTF1A
256302	NATD1
256309	CCDC110
256329	LMNTD2
256355	RPS2P32
256356	GK5
256364	EML3
256369	CCDC197
256374	PPIAP72
256380	SCML4
256394	SERPINA11
256435	ST6GALNAC3
256471	MFSD8
256472	TMEM151A
256536	TCERG1L
256586	LYSMD2
256643	BCLAF3
256646	NUTM1
256691	MAMDC2
256710	GLIPR1L1
256714	MAP7D2
256764	WDR72
256815	C10ORF67
256880	H2AZ1-DT
256892	OR51F1
256933	NPB
256949	KANK3
256957	HEATR9
256979	SUN3
256987	SERINC5
257000	TINCR
257019	FRMD3
257044	CATSPERE
257062	CATSPERD
257068	PLCXD2
257093	PSME2P1
257101	ZNF683
257106	ARHGAP30
257144	GCSAM
257160	RNF214
257169	C9ORF43
257177	CFAP126
257194	NEGR1
257202	GPX6
257203	DSCR9
257218	SHPRH
257236	CFAP184
257240	KLHL34
257313	UTS2B
257358	LINC01366
257364	SNX33
257396	MOCS2-DT
257397	TAB3
257407	C2ORF72
257415	FAM133B
257468	MEIS3P2
257629	ANKS4B
258010	SVIP
259173	ALS2CL
259197	NCR3
259215	LY6G6F
259217	HSPA12A
259230	SGMS1
259232	NALCN
259234	DSCR10
259236	TMIE
259239	WFDC11
259240	WFDC9
259249	MRGPRX1
259266	ASPM
259282	BOD1L1
259283	MDS2
259285	TAS2R39
259286	TAS2R40
259287	TAS2R41
259289	TAS2R43
259290	TAS2R31
259291	TAS2R45
259292	TAS2R46
259293	TAS2R30
259294	TAS2R19
259295	TAS2R20
259296	TAS2R50
259307	IL4I1
259308	SPATA31F1
260293	CYP4X1
260294	NSUN5P2
260330	ALPPP
260332	ECEL1P3
260334	TUBB8B
260335	ELF2P2
260336	ELF2P3
260337	UHRF2P1
260338	TUBB8P4
260340	TFAMP2
260341	TFAMP1
260342	COPS8P1
260421	ARPC1AP3
260422	ARPC1AP4
260425	MAGI3
260429	PRSS33
260434	PYDC1
260436	FDCSP
261726	TIPRL
261729	STEAP2
261734	NPHP4
261735	TVP23CP2
266553	OFCC1
266619	NOS2P4
266621	DGCR7
266623	SLC25A5P1
266625	NDUFA9P1
266626	CLCP1
266629	SEC14L3
266643	EDDM3CP
266655	BRD3OS
266656	TAS2R12P
266657	TAS2R15P
266661	TAS2R22P
266665	TAS2R33
266666	TAS2R36
266667	TAS2R37P
266671	MAGI2-IT1
266673	ZNF402P
266675	BEST4
266683	EIF3MP1
266693	EZH2P1
266694	EEDP1
266695	PHF2P1
266697	POM121L4P
266698	ARHGAP42P3
266699	FABP5P11
266700	BMP6P1
266701	SOCS2P2
266703	ASH2LP1
266722	HS6ST3
266723	PSMC6P1
266724	HSPA9P1
266727	MDGA1
266740	MAGEA2B
266743	NPAS4
266747	RGL4
266783	PSMD2P1
266785	NUP50P2
266786	NUP50P3
266812	NAP1L5
266919	LINC00307
266920	AK2P1
266954	CABYRP1
266971	PIPSL
266977	ADGRF1
267002	PGBD2
267004	PGBD3
267005	PGBD3P1
267006	PGBD3P2
267007	PGBD3P3
267008	PGBD3P4
267009	RPS9P2
267010	RNU12
267012	DAOA
267013	HLA-DPA3
267014	HLA-N
267015	HLA-S
267016	HLA-X
267017	HLA-Z
267020	ATP5MGL
276719	SOCS2P1
280636	SELENOH
280637	PSMD7P1
280644	PSMD10P2
280655	IGBP1P1
280657	SSX6P
280658	SSX7
280659	SSX8P
280660	SSX9P
280661	EIF1AXP1
280664	WFDC10B
282566	LINC00515
282569	BACE2-IT1
282616	IFNL2
282617	IFNL3
282618	IFNL1
282679	AQP11
282694	NASPP1
282697	DIS3L2P1
282706	DAOA-AS1
282754	OR7E103P
282756	OR7E149P
282763	OR51B5
282769	OR10AF1P
282770	OR10AG1
282775	OR5J2
282776	OR8V1P
282786	OR8G7P
282790	OR5BT1P
282791	OR8T1P
282795	OR11P1P
282801	OR7E148P
282808	RAB40AL
282809	POC1B
282890	ZNF311
282966	C10ORF53
282967	MAPK6P6
282969	FUOM
282973	JAKMIP3
282974	STK32C
282980	LINC00700
282991	BLOC1S2
282996	RBM20
282997	PDCD4-AS1
283008	NUTM2E
283014	EIF2S2P3
283025	LINC01553
283033	LINC00841
283050	ZMIZ1-AS1
283075	LOC283075
283078	MKX
283080	C10ORF126
283089	WDR11-DT
283092	OR4C13
283093	OR4C12
283102	KRT8P41
283104	SBF2-AS1
283106	CSNK2A3
283110	OR52Z1P
283111	OR51V1
283112	LOC283112
283114	RPS25P1
283116	TRIM49B
283120	H19
283129	MAJIN
283130	SLC25A45
283131	NEAT1
283140	LINC02762
283143	LINC00900
283149	BCL9L
283150	FOXR1
283152	DRC12
283159	OR8D1
283160	OR8D2
283162	OR8B4
283165	KIRREL3-AS3
283171	LINC02873
283177	B3GAT1-DT
283189	OR9G4
283193	OR5AZ1P
283194	GLYATL1-AS1
283197	LINC00301
283208	P4HA3
283209	PGM2L1
283212	KLHL35
283214	DGAT2-DT
283219	KCTD21
283226	FNTAP1
283229	CRACR2B
283232	TMEM80
283234	CCDC88B
283236	EEF1DP8
283237	TTC9C
283238	SLC22A24
283248	RCOR2
283254	HARBI1
283257	TRIM51FP
283267	LINC00294
283270	LOC283270
283284	IGSF22
283297	OR10A4
283298	OLFML1
283303	MRGPRG-AS1
283310	OTOGL
283314	C1RL-AS1
283316	CD163L1
283320	HSPD1P12
283332	LINC02396
283335	TNS2-AS1
283337	ZNF740
283345	RPL13P5
283349	RASSF3
283352	TMEM132D-AS1
283357	LOC283357
283358	B4GALNT3
283365	OR6C6
283373	ANKRD52
283375	SLC39A5
283377	SPRYD4
283383	ADGRD1
283385	MORN3
283392	TRHDE-AS1
283398	SUCLG2P2
283403	LINC02874
283404	LINC00592
283412	RPL29P12
283416	LINC01465
283417	DPY19L2
283420	CLEC9A
283422	LINC01559
283431	GAS2L3
283432	LINC00485
283435	LINC02825
283440	ITFG2-AS1
283446	MYO1H
283450	HECTD4
283455	KSR2
283458	NME2P1
283459	GATC
283460	HNF1A-AS1
283461	REDIC1
283463	MUC19
283464	GXYLT1
283471	TMPRSS12
283475	LOC283475
283480	FGF14-IT1
283481	FGF14-AS2
283483	ARGLU1-DT
283484	LOC283484
283486	LINC00567
283487	PRECSIT
283489	CHAMP1
283491	OR7E156P
283507	SUGT1P3
283514	SIAH3
283516	LOC283516
283518	KCNRG
283521	TMEM272
283523	TERF1P5
283537	SLC46A3
283547	LINC00639
283551	LINC01588
283553	LINC00640
283554	GPR137C
283556	UBE2L1
283562	RPL21P9
283571	PROX2
283575	LINC02288
283576	ZDHHC22
283578	TMED8
283579	SLIRP-OT1
283585	LINC01148
283587	HISLA
283592	FAM181A-AS1
283596	SNHG10
283598	LINC02914
283600	SLC25A47
283601	LINC00523
283603	RPL26P4
283617	OR4K3
283624	LINC00641
283629	TSSK4
283631	BTF3P2
283635	FAM177A1
283638	CEP170B
283643	TEDC1
283651	HMGN2P46
283652	SLC24A5
283659	PRTG
283663	LINC00926
283665	ALDH1A2-AS1
283673	EWSAT1
283674	LOC283674
283677	REC114
283682	LINC01579
283685	GOLGA6L2
283687	ST20-AS1
283688	LINC00927
283692	CPEB1-AS1
283693	ACTG1P17
283694	OR4N4
283698	SYNGR2P1
283710	LINC03034
283711	UBE2CP4
283713	LOC283713
283726	SAXO2
283728	LOC283728
283738	NTRK3-AS1
283742	FAM98B
283745	LOC283745
283747	ELOCP2
283748	PLA2G4D
283755	HERC2P3
283761	LINC00928
283767	GOLGA6L1
283768	GOLGA8G
283777	FAM169BP
283796	GOLGA8IP
283807	FBXL22
283820	NOMO2
283847	TERB1
283848	CES4A
283849	EXOC3L1
283854	CASC22
283856	GNAO1-DT
283860	LINC00304
283867	LINC00922
283869	NPW
283870	BRICD5
283871	PGP
283875	GREP1
283876	LINC00921
283887	LINC02175
283888	IL21R-AS1
283897	C16ORF54
283899	INO80E
283902	HCCAT5
283911	LOC283911
283914	LINC01566
283922	PDPR2P
283927	NUDT7
283932	FBXL19-AS1
283933	ZNF843
283948	NHLRC4
283951	UQCC4
283953	TMEM114
283955	PKD1P2
283970	PDXDC2P-NPIPB14P
283971	CLEC18C
283981	LINC00685
283982	LINC00469
283985	FADS6
283987	HID1
283989	TSEN54
283991	UBALD2
283994	LINC00868
283999	TMEM235
284001	CCDC57
284004	HEXD
284013	VMO1
284018	C17ORF58
284021	MILR1
284023	RNF227
284029	LINC00324
284034	LINC00670
284040	CDRT4
284047	CCDC144BP
284058	KANSL1
284064	RPL29P31
284067	CFAP97D1
284069	FAM171A2
284071	MEIOC
284076	TTLL6
284080	PICART1
284085	KRT18P55
284086	NEK8
284098	PIGW
284099	C17ORF78
284100	YWHAEP7
284106	CISD3
284110	GSDMA
284111	SLC13A5
284112	LOC284112
284114	TMEM102
284116	KRT42P
284119	CAVIN1
284123	FAM27E5
284129	SLC26A11
284131	ENDOV
284161	GDPD1
284167	POLRMTP1
284184	NDUFAF8
284185	LINC00482
284186	TMEM105
284194	LGALS9B
284196	KRT17P6
284203	RNASEH1P1
284207	METRNL
284215	DLGAP1-AS5
284217	LAMA1
284230	RPL36AP49
284232	ANKRD20A9P
284233	CYP4F35P
284241	CTDP1-DT
284252	KCTD1
284254	DYNAP
284257	BOD1L2
284260	LINC00907
284266	SIGLEC15
284273	PTGR3
284274	SMIM21
284276	LINC00908
284288	RSL24D1P11
284293	HMSD
284294	LINC01924
284297	SSC5D
284306	ZNF547
284307	ZIK1
284309	ZNF776
284312	ZSCAN1
284323	ZNF780A
284325	ACTMAP
284338	PRR19
284339	TMEM145
284340	CXCL17
284346	ZNF575
284348	LYPD5
284349	ZNF283
284352	PPP1R37
284353	NKPD1
284355	TPRX1
284358	MAMSTR
284359	IZUMO1
284361	EMC10
284365	TMEM277P
284366	KLK9
284367	SIGLEC17P
284369	SIGLECL1
284370	ZNF615
284371	ZNF841
284382	ACTL9
284383	OR2Z1
284385	ZNF561-AS1
284390	ZNF763
284391	ZNF844
284393	RPL10P16
284395	VSTM2B-DT
284402	SCGB2B2
284403	WDR62
284406	ZFP82
284408	ZNF790-AS1
284415	VSTM1
284417	TMEM150B
284418	GARIN5B
284422	SMIM24
284424	MIR7-3HG
284427	SLC25A41
284428	MBD3L5
284433	OR10H5
284434	NWD1
284439	SLC25A42
284440	LINC00663
284441	ACTR2P2
284443	ZNF493
284451	CIMAP1D
284454	MIR23AHG
284459	ZNF875
284467	TAFA3
284485	RIIAD1
284486	THEM5
284498	C1ORF167
284513	LOC284513
284521	OR2L13
284525	SLC9C2
284532	OR14A16
284541	CYP4A22
284546	C1ORF185
284551	LINC01226
284561	LINC02806
284565	NBPF15
284570	LOC284570
284573	LINC00303
284576	LEMD1-AS1
284577	LEMD1-DT
284578	SLC60A1-AS1
284581	PM20D1-AS1
284593	FAM41C
284611	EEIG2
284612	SYPL2
284613	CYB561D1
284615	ANKRD34A
284618	RUSC1-AS1
284630	LOC284630
284632	LINC02800
284648	LINC01686
284649	SMG7-AS1
284654	RSPO1
284656	EPHA10
284661	LINC01777
284669	LOC284669
284672	PTGES3P1
284677	SNHG28
284680	SPATA46
284685	EWSR1P1
284688	LINC01142
284695	ZNF326
284697	BTBD8
284716	RIMKLA
284723	SLC25A34
284729	ESPNP
284739	C20ORF204
284749	LINC00494
284751	LINC01270
284757	MIR646HG
284759	SIRPB2
284764	FTLP3
284800	FAM182A
284801	MIR663AHG
284802	FRG1BP
284805	C20ORF203
284821	RPL13AP7
284825	LINC01697
284827	KRTAP13-4
284835	LINC00323
284836	LINC00319
284837	AATBC
284865	LINC02891
284889	MIF-AS1
284898	LOC284898
284900	TTC28-AS1
284904	SEC14L4
284930	EPIC1
284942	RPL23AP82
284948	SH2D6
284958	NT5DC4
284988	RHOQP3
284992	CCDC150
284996	RNF149
285000	LINC02946
285003	MRPL36P1
285016	ALKAL2
285025	CCDC141
285033	STARD7-AS1
285043	LINC01936
285045	LINC00486
285051	STPG4
285053	RPL18AP6
285074	ANAPC1P2
285084	LINC01305
285093	RTP5
285095	FAM240C
285103	MED15P9
285116	AHCTF1P1
285126	DNAJC5G
285141	ERICH2
285148	IAH1
285154	CYP1B1-AS1
285172	HYCC2
285175	UNC80
285176	RPL10P6
285178	LOC285178
285180	RUFY4
285181	LOC285181
285189	PLGLA
285190	RGPD4
285193	DUSP28
285194	TUSC7
285195	SLC9A9
285203	EOGT
285205	LINC00636
285220	EPHA6
285224	DNAJB8-AS1
285231	FBXW12
285237	C3ORF38
285242	HTR3E
285260	RPL31P18
285266	ENTPD3-AS1
285267	ZNF619
285268	ZNF621
285282	RABL3
285286	LINC00877
285296	UNC93B3
285303	FAM151AP1
285311	PRR23E
285313	IGSF10
285314	PABPC1P10
285315	C3ORF33
285326	LINC00692
285329	UBQLN4P1
285331	CCDC66
285335	SLC9C1
285343	TCAIM
285346	ZNF852
285349	ZNF660
285352	KIF9-AS1
285359	PDCL3P4
285362	SUMF1
285367	RPUSD3
285368	PRRT3
285370	LINC00606
285375	LINC00620
285378	LOC285378
285381	DPH3
285382	C3ORF70
285386	TPRG1
285389	LINC02028
285401	LINC00698
285407	ALG1L9P
285412	TOX4P1
285415	MRPL42P1
285419	LINC01091
285423	IQCM
285429	DCAF4L1
285440	CYP4V2
285441	F11-AS1
285456	RPL34-DT
285463	CTBP1-AS
285464	CRIPAK
285484	JAKMIP1-DT
285489	DOK7
285492	LINC00955
285498	RNF212
285500	AGA-DT
285501	LINC01098
285505	GASK1B-AS1
285512	FAM13A-AS1
285513	GPRIN3
285521	COX18
285525	YIPF7
285527	FRYL
285533	RNF175
285540	SEPSECS-DT
285547	LINC01097
285548	LINC01096
285550	FAM200B
285555	STPG2
285556	C4ORF54
285577	LINC01019
285588	EFCAB9
285590	SH3PXD2B
285593	LINC02995
285596	FAM153A
285598	ARL10
285600	KIAA0825
285601	GPR150
285605	DTWD2
285613	RELL2
285622	NBPF22P
285626	IL12B-AS1
285627	LINC01845
285629	LINC02159
285634	INTS6P1
285636	RIMOC1
285641	SLC36A3
285643	KIF4B
285647	SUDS3P1
285659	OR2V2
285668	LINC03122
285671	RNF180
285672	SREK1IP1
285676	ZNF454
285679	SPATA31J1
285692	LINC02112
285696	BASP1-AS1
285697	TAF11L1
285704	RGMB
285706	CRLF3P2
285708	LINC00491
285735	LINC00326
285736	FLJ35700
285737	ACKR4P1
285740	PHACTR2-AS1
285741	TPT1P4
285753	CEP57L1
285755	PPIL6
285758	MROCKI
285759	LINC02880
285761	DCBLD1
285766	LINC03066
285768	LINC01622
285780	LY86-AS1
285782	CAGE1
285785	RPL39P3
285796	PACRG-AS1
285800	PRR18
285829	SUMO2P1
285830	HLA-F-AS1
285834	HCG22
285848	PNPLA1
285849	COX6A1P2
285852	TREML4
285855	RPL7L1
285857	LINC02537
285872	THAP5P1
285877	POM121L12
285878	VSTM2A-OT1
285888	CNPY1
285893	ARAFP3
285900	RPL6P20
285905	INTS4P1
285908	LINC00174
285941	LINC02860
285943	HOXA-AS2
285954	INHBA-AS1
285955	SPDYE1
285957	LOC285957
285958	SNHG15
285961	SEPTIN7P9
285962	WEE2-AS1
285965	EPHA1-AS1
285966	TCAF2
285971	ZNF775
285972	LINC00996
285973	ATG9B
285987	DLX6-AS1
285989	ZNF789
286002	SLC26A4-AS1
286006	LSMEM1
286016	TPI1P2
286042	FAM86B3P
286043	MRPS18CP2
286046	XKR6
286053	NSMCE2
286058	LOC286058
286059	TNFRSF10B-AS1
286065	MAPK6P4
286068	LOC286068
286071	LOC286071
286075	ZNF707
286076	LINC02878
286077	FAM83H
286094	LINC01591
286097	MICU3
286101	ZNF252P
286102	TMED10P1
286103	ZNF252P-AS1
286114	LINC02153
286121	LOC286121
286122	LY6S-AS1
286128	ZFP41
286133	SCARA5
286135	LINC02209
286140	RNF5P1
286144	TRIQK
286148	DPY19L4
286150	RPS2P33
286151	FBXO43
286156	MAPK6P5
286157	PCBP2P2
286178	LINC03018
286183	NKAIN3
286184	LINC01289
286186	LINC01299
286187	PPP1R42
286189	C8ORF34-AS1
286190	LACTB2-AS1
286191	LOC286191
286204	CRB2
286205	SCAI
286207	CFAP157
286234	SPATA31E1
286238	LINC02843
286239	ME2P1
286256	LCN12
286257	PAXX
286262	TPRN
286272	LOC286272
286310	LCN1P1
286319	TUSC1
286333	FAM225A
286336	FAM78A
286343	LURAP1L
286348	RPL7P33
286362	OR13C9
286365	OR13D1
286370	MIR4290HG
286380	FOXD4L3
286382	LOC286382
286410	ATP11C
286411	LINC00632
286423	MRRFP1
286430	NLRP2B
286436	H2BW2
286442	LINC01281
286444	RPS2P55
286451	YIPF6
286453	CSGALNACT2P1
286456	NAB1P1
286460	FAM3C2P
286464	CFAP47
286467	FIRRE
286472	RAC1P4
286480	UBE2E4P
286494	BRAFP1
286495	TTC3P1
286499	FAM133A
286512	EIF4A2P4
286514	MAGEB18
286527	TMSB15B
286528	SSU72P1
286530	P2RY8
286544	MXRA5Y
286550	CYCSP46
286554	BCORP1
286555	TBL1YP1
286556	CDY3P
286557	RBMY1A3P
286568	RPL41P6
286570	RPL41P7
286573	TPTE2P4
286676	ILDR1
286749	STON1-GTF2A1L
286753	TRARG1
286754	LEFTY3P
286826	LIN9
286827	TRIM59
286828	CSN1S2AP
286887	KRT6C
286967	FAM223B
287015	TRIM42
317648	NOP14-AS1
317649	EIF4E3
317662	FAM149B1
317671	RFESD
317684	MAPK6P3
317686	MAPK6P1
317687	BANF1P1
317691	VN1R9P
317701	VN1R2
317702	VN1R3
317703	VN1R4
317705	VN1R5
317716	BPIFA4P
317719	KLHL10
317726	HMGN2P2
317729	BLZF2P
317749	DHRS4L2
317751	MESTIT1
317753	PSMD12P1
317754	POTED
317760	ADAM20P1
317761	C14ORF39
317762	CCDC85C
317767	SCOCP1
317768	HOMER2P1
317769	HOMER2P2
317772	H2AC21
317774	SEPTIN7P1
317775	CHORDC2P
317778	SYF2P1
317780	CKS1BP1
317781	DDX51
317784	COILP1
319085	ITPK1-AS1
319087	COX5AP2
319089	TTC6
319093	RHOQP1
319098	COX7A2P1
319099	DDX18P1
319100	TAAR6
319101	KRT73
319102	ARHGAP16P
319103	SNORD8
319111	DNAJC8P1
319112	EEF1A1P2
319114	ENSAP2
319115	EIF2S2P1
319116	ATP6V1G1P1
319117	EIF3LP1
319118	EIF4BP1
319119	ATP5MC2P2
319120	YWHAZP1
319121	YWHAQP1
319122	UNGP3
319123	ZFP64P1
319127	NARS1P1
319128	PPIAP6
319129	RPSAP5
319130	HMGB1P14
319131	HMGN1P1
319132	HMGN2P1
319133	HNRNPCP1
319134	HNRNPUP1
319135	RPL10AP1
319136	ATP5MC1P1
319137	ATP5MC1P2
319138	BNIP3P1
319139	SNORD56B
319140	GCATP1
319142	RPL12P5
319143	RPL21P10
319144	RPL21P13
319145	RPL21P8
326105	UBE2CP1
326106	TUBBP3
326107	STK16P1
326268	ABI1P1
326269	SRMP2
326272	SNRPGP1
326275	RPL12P7
326276	SF3B4P1
326277	SETP2
326278	RPL13AP2
326279	RPL15P2
326286	RPL17P3
326288	RPL17P4
326289	RPL18AP1
326291	RPL18P1
326292	RPL22P2
326293	RPL23AP10
326294	RPL23AP11
326295	EIF4EBP1P1
326296	HSBP1P1
326297	RPL26P2
326298	RPL26P3
326299	RPL27P1
326300	HSPE1P2
326301	RPL36AP2
326302	NEK2P1
326303	RPL36P3
326304	RPL36AP4
326305	MOCS3P1
326306	RPL39P2
326307	RPL3P4
326308	RPL41P4
326309	RPL7AP5
326310	RPL7AP6
326311	RPL9P6
326312	RPS12P1
326315	PTTG1P1
326316	RPS15AP2
326317	RPS15AP3
326320	RPS18P2
326321	RPS24P2
326322	RPS24P3
326323	RPS27AP4
326325	RPS2P2
326326	RPS2P3
326337	SSX14P
326339	SSX15P
326340	ZAR1
326341	SSX13P
326342	ADGRE4P
326343	MT1DP
326586	SSX19P
326587	SSX16P
326590	SSX17P
326591	MORF4L1P1
326593	MORF4L1P3
326594	MORF4L1P2
326596	MAD2L1P1
326603	MTCO1P2
326605	NCOA4P1
326606	NDUFB8P1
326607	NMNAT1P1
326608	NPM1P20
326609	NT5CP1
326611	NT5CP2
326613	NUTF2P2
326614	PEBP1P1
326615	MED15P1
326616	PDLIM1P1
326617	PSMA3P1
326624	RAB37
326625	MMAB
326626	PTMAP7
326627	RANBP20P
326628	RPA2P1
327657	SERPINA9
327658	PUDPP1
327659	PUDPP2
333926	PPM1J
333929	SNAI3
333932	H3C15
337867	UBAC2
337872	H2BC27P
337873	H2BC20P
337874	H2BC19P
337875	H2BP1
337876	CHSY3
337878	KRTAP7-1
337879	KRTAP8-1
337880	KRTAP11-1
337882	KRTAP19-1
337959	KRTAP13-2
337960	KRTAP13-3
337963	KRTAP23-1
337964	KRTAP13-5P
337965	KRTAP13-6P
337966	KRTAP6-1
337967	KRTAP6-2
337968	KRTAP6-3
337969	KRTAP19-2
337970	KRTAP19-3
337971	KRTAP19-4
337972	KRTAP19-5
337973	KRTAP19-6
337974	KRTAP19-7
337975	KRTAP20-1
337976	KRTAP20-2
337977	KRTAP21-1
337978	KRTAP21-2
337979	KRTAP22-1
337980	KRTAP8-2P
337981	KRTAP8-3P
337982	KRTAP19-9P
337983	KRTAP19-10P
337984	KRTAP19-11P
337985	KRTAP20-3
337986	KRTAP21-4P
338002	LINC00524
338004	LINC00226
338005	LINC00221
338017	KRT8P1
338069	ST7-OT4
338091	PSMD10P3
338094	FAM151A
338095	PSME2P3
338096	PSME2P4
338097	PSME2P5
338098	PSME2P6
338099	PSME2P2
338321	NLRP9
338322	NLRP10
338323	NLRP14
338324	S100A7A
338328	GPIHBP1
338339	CLEC4D
338376	IFNE
338382	RAB7B
338388	MRPS16P3
338389	MRPS24P1
338390	MRPS25P1
338391	H2BP2
338396	TAS2R2
338398	TAS2R60
338399	TAS2R62P
338412	TAS2R64P
338413	TAS2R63P
338414	TAS2R18P
338427	SNORD108
338428	SNORD109A
338429	SNORD109B
338433	SNORD115-1
338436	BLACE
338440	ANO9
338442	HCAR2
338448	GTF2IP2
338470	MESTP1
338557	FFAR4
338567	KCNK18
338579	ANKRD30BP3
338588	LINC00705
338591	CHCHD3P1
338596	ST8SIA6
338599	DUSP29
338611	RPS26P40
338637	OR52M2P
338645	LUZP2
338651	KRTAP5-AS1
338653	KCNQ1-AS1
338657	CENATAC
338661	TMEM225
338662	OR8D4
338667	VSIG10L2
338674	OR5F1
338675	OR5AP2
338692	ANKRD13D
338699	ANKRD42
338707	B4GALNT4
338739	CSTF3-DT
338751	OR52L1
338755	OR2AG2
338758	ATP2B1-AS1
338761	C1QL4
338773	TMEM119
338785	KRT79
338797	LINC02370
338799	LINC01089
338805	ST13P8
338811	TAFA2
338817	LINC01252
338821	SLCO1B7
338862	LINC00550
338864	LINC00347
338870	RPS12P23
338872	C1QTNF9
338879	RNASE10
338917	VSX2
338949	TMEM202
339005	WHAMMP3
339039	PKD1P3
339044	PKD1P1
339059	PIEZO1-AS1
339105	PRSS53
339122	RAB43
339123	JMJD8
339145	CIBAR2
339168	TMEM95
339175	METTL2A
339184	CCDC144NL
339186	KRT17P4
339192	FMNL1-DT
339201	ASB16-AS1
339210	C17ORF67
339221	ENPP7
339229	OXLD1
339230	CCDC137
339231	ARL16
339240	KRT17P5
339241	KRT17P2
339244	KRT16P4
339256	NOS2P3
339257	TNPO1P3
339258	KRT17P7
339263	LINC02693
339287	MSL1
339290	LINC00667
339291	LRRC30
339302	CPLX4
339318	ZNF181
339324	ZNF260
339327	ZNF546
339344	MYPOP
339345	NANOS2
339366	ADAMTSL5
339390	CLEC4G
339396	NEFHP1
339398	LINGO4
339403	RXFP4
339416	ANKRD45
339442	LINC01343
339448	C1ORF174
339451	KLHL17
339453	TMEM240
339456	TMEM52
339468	LINC02796
339476	ERVMER61-1
339479	BRINP3
339483	MTMR9LP
339487	ZBTB8OS
339488	TFAP2E
339500	ZNF678
339501	PRSS38
339505	LINC01141
339512	CCDC190
339521	CCNQP1
339524	LINC01140
339529	LINC02774
339535	LINC01139
339541	ARMH1
339559	ZFP69
339562	IGKV1OR2-118
339568	LINC01734
339622	LINC01692
339665	SLC35E4
339669	CIMIP4
339674	SMIM45
339736	AK2P2
339742	FAM201B
339745	SPOPL
339751	MAP3K20-AS1
339761	CYP27C1
339766	MROH2A
339768	ESPNL
339778	CIMIP2C
339779	PRR30
339781	KRT18P19
339789	LINC00299
339799	EIF3FP3
339804	C2ORF74
339807	LINC02579
339822	LINC01115
339829	CCDC39
339834	IHO1
339843	WWP1P1
339845	ASS1P7
339855	KY
339862	BALR6
339874	NUDT16-DT
339879	ALG1L6P
339881	EIF4BP8
339883	APRG1
339894	LINC00880
339896	GADL1
339897	CNN2P6
339906	PRSS42P
339910	MRPS35P1
339926	EHHADH-AS1
339929	LPP-AS2
339942	H1-10-AS1
339965	CCDC158
339967	TMPRSS11A
339970	POLR2MP1
339976	TRIML1
339977	LRRC66
339978	LINC02260
339983	NAT8L
339988	LINC02481
340017	LINC02433
340024	SLC6A19
340037	PRR7-AS1
340061	STING1
340069	FAM170A
340073	LINC02900
340074	SLC25A48-AS1
340075	ARSI
340085	LOC340085
340094	LINC01020
340096	H3Y2
340107	LINC02239
340113	LINC02120
340120	ANKRD34B
340146	SLC35D3
340152	ZC3H12D
340156	MYLK4
340168	DPPA5
340192	IQCB2P
340198	IFITM4P
340204	CLPSL1
340205	TREML1
340206	TREML3P
340217	NANOGP3
340221	TNRC18P3
340252	ZNF680
340260	UNCX
340267	COL28A1
340268	CPAMD8P1
340273	ABCB5
340274	ASS1P11
340277	FAM221A
340286	CFAP144P1
340307	CTAGE6
340335	LOC340335
340348	TSPAN33
340351	AGBL3
340357	LINC03019
340359	KLHL38
340371	NRBP2
340385	ZNF517
340390	WDR97
340393	CATSPERQ
340419	RSPO2
340441	POTEA
340443	RPS5P5
340451	CPP
340460	KRT18P24
340481	ZDHHC21
340485	ACER2
340499	IMPDH1P1
340501	TCEA1P3
340508	GAS2L1P2
340515	LINC01501
340526	RTL5
340527	NHSL2
340529	PABPC1L2A
340533	NEXMIF
340542	BEX5
340543	TCEAL5
340544	MORF4L2-AS1
340547	VSIG1
340554	ZC3H12B
340562	SATL1
340569	ORC1P1
340571	SIAH1P1
340578	DCAF12L2
340581	LINC02243
340591	CA5BP1
340595	RTL4
340596	LHFPL1
340598	KRT18P48
340600	ATF4P2
340602	EZHIP
340618	FAM41AY1
340654	LIPM
340665	CYP26C1
340706	VWA2
340719	NANOS1
340745	LRIT2
340749	RPL7AP8
340780	IMPDH1P5
340784	HMX3
340811	AKR1C8
340844	AHCYP1
340888	AKR1B10P1
340895	MALRD1
340900	EBLN1
340947	EIF3LP3
340970	TRIM53CP
340980	OR52B6
340990	OTOG
341019	DCDC1
341032	POU2AF2
341056	SAE1P1
341112	WARS1P1
341116	MS4A10
341128	OR7E1P
341148	CYCSP27
341152	OR2AT4
341208	HEPHL1
341230	ASS1P13
341276	OR10A2
341277	OVCH2
341315	PABPC1P4
341333	HNRNPA1P70
341346	SMCO2
341350	OVCH1
341356	RPL31P50
341359	SYT10
341392	ACSM4
341405	ANKRD33
341416	OR6C2
341418	OR6C4
341457	PPIAP8
341469	MRPS7P2
341511	RPL23AP14
341567	H1-7
341568	OR8S1
341604	RPL35P7
341640	FREM2
341674	RPL5P31
341676	NEK5
341689	CTAGE16P
341757	MRPS31P2
341784	EIF4A1P7
341799	OR6S1
341880	SLC35F4
341883	LRRC9
341947	COX8C
341965	VDAC3P1
342035	GLDN
342096	GOLGA6A
342125	TMC3
342132	ZNF774
342184	FMN1
342293	ABCA3P1
342346	C16ORF96
342357	ZKSCAN2
342358	CYCSP39
342371	ATXN1L
342372	PKD1L3
342374	KRT18P18
342419	KRT8P22
342426	KRABD5P1
342510	CD300E
342527	SMTNL2
342538	NACA2
342541	PPIAP55
342574	KRT27
342618	SLFN14
342666	LRRC37A11P
342667	STAC2
342705	PGDP1
342732	KRT8P5
342776	MRPS17P7
342808	RPS2P6
342850	ANKRD62
342865	VSTM2B
342892	ZNF850
342897	NCCRP1
342898	SYCN
342900	LEUTX
342908	ZNF404
342909	ZNF284
342918	C19ORF81
342926	ZNF677
342931	RFPL4A
342933	ZSCAN5B
342945	ZSCAN22
342977	NANOS3
342979	PALM3
342994	RPL34P34
343035	RD3
343045	CYCSP51
343066	AADACL4
343068	PRAMEF5
343069	HNRNPCL1
343070	PRAMEF9
343071	PRAMEF10
343099	CCDC18
343169	OR6F1
343170	OR14K1
343171	OR2W3
343172	OR2T8
343173	OR2T3
343184	RPS2P11
343263	MYBPHL
343296	ADH5P2
343301	RPL10AP4
343326	KRT18P28
343332	FDPSP1
343338	GAPDHP20
343381	NBPF2P
343406	OR10R2
343409	OR10J8P
343413	FCRL6
343450	KCNT2
343472	BARHL2
343477	HSP90B3P
343495	RPL6P2
343505	NBPF7P
343508	ACO2P2
343515	ATP6V1E1P1
343521	DYNLT4
343563	OR2T29
343578	ARHGAP40
343637	RSPO4
343641	TGM6
343702	XKR7
343727	CYCSP42
343819	MRPL51P2
343851	RPS10P30
343901	MRPS18CP6
343930	MSGN1
343981	GLULP6
343990	CRACDL
344018	FIGLA
344022	NOTO
344065	ZNF892
344148	NCKAP5
344167	FOXI3
344178	RPL5P7
344191	EVX2
344320	KRT8P10
344328	ST13P2
344332	FABP5P10
344371	SLC25A5P2
344387	CDKL4
344405	PRORSD1P
344423	RPS12P3
344454	AOX2P
344462	KRT18P39
344471	RPL12P17
344558	SH3RF3
344561	GPR148
344593	PTPN11P1
344595	DUBR
344653	ABCF2P1
344657	LRRIQ4
344658	SAMD7
344697	HNRNPA1P21
344709	GPATCH11P1
344729	OR7E140P
344741	HNRNPA1P20
344752	AADACL2
344758	GPR149
344760	VN2R1P
344787	ZNF860
344805	TMPRSS7
344807	CD200R1L
344813	GSTO3P
344838	PAQR9
344866	KRT18P17
344875	COL6A4P1
344887	NMRAL2P
344892	RTP2
344901	OSTN
344905	ATP13A5
344978	ACTN4P1
344988	SAR1AP3
345016	PES1P1
345041	HSPD1P5
345051	REELD1
345062	PRSS48
345079	SOWAHB
345193	LRIT3
345222	MSANTD1
345258	BIN2P1
345274	SLC10A6
345275	HSD17B13
345430	KRT18P41
345456	PFN3
345462	ZNF879
345557	PLCXD3
345611	IRGM
345630	FBLL1
345643	MCIDAS
345645	PSMC1P4
345651	ACTBL2
345757	FAM174A
345778	MTX3
345829	BTF3P10
345895	RSPH4A
345930	ECT2L
346007	EYS
346085	GAPDHP72
346116	MRPL42P2
346157	ZNF391
346171	ZFP57
346288	SEPTIN14
346296	IGF2BP3P2
346389	MACC1
346470	MRPL42P4
346517	OR6V1
346524	OR2Q1P
346525	OR2A12
346528	OR2A1
346547	ERVFC1-1
346562	GNAT3
346606	MOGAT3
346653	GARIN1A
346673	STRA8
346689	KLRG2
346702	PRSS51
346708	OR7E8P
346711	MRPL49P2
346950	RPL37P6
346990	H2AZP2
347028	AFG3L2P1
347051	SLC10A5
347088	ADGRD2
347127	SPATA31D5P
347148	QRFP
347168	OR1J1
347169	OR1B1
347193	PES1P2
347240	KIF24
347252	IGFBPL1
347265	KRT8P11
347273	CAVIN4
347275	ACNATP
347281	TOPORSLP
347292	RPL36P14
347333	KRT8P14
347344	ZNF81
347359	BMP2KL
347363	KIF4CP
347365	ITIH6
347376	H3P44
347402	NLRP3P1
347404	LANCL3
347411	MPC1L
347422	TRMT1P1
347442	DCAF8L2
347454	SOWAHD
347468	OR13H1
347475	CCDC160
347487	CXORF66
347509	RPL7L1P11
347516	DGAT2L6
347517	RAB41
347527	ARSH
347541	MAGEB5
347544	RPL18AP16
347549	CENPVL3
347584	TSPY11P
347587	MRPL57P10
347598	RBMY2DP
347613	PARP4P1
347673	EIF2S2P2
347675	EIF2S2P5
347686	SNORD64
347687	GNG5B
347688	TUBB8
347689	SOX2-OT
347694	ECEL1P2
347701	S100A11P2
347702	MRPS36P4
347703	MRPS36P5
347704	MRPS36P3
347705	MRPS36P1
347706	MRPS36P2
347707	MRPS36P6
347716	USP32P3
347717	SRP68P3
347720	COTL1P2
347730	LRRTM1
347731	LRRTM3
347732	CATSPER3
347733	TUBB2B
347734	SLC35B2
347735	SERINC2
347736	NME9
347741	OTOP3
347744	C6ORF52
347745	PWAR4
347746	PWARSN
347853	TBX10
347862	GATD1
347894	MRPL2P1
347902	AMIGO2
347918	EP400P1
347933	NLRP9P1
348013	TMEM255B
348021	LINC00442
348093	RBPMS2
348094	ANKDD1A
348110	ARPIN
348120	LINC01193
348156	PKD1P5
348158	ACSM2B
348174	CLEC18A
348180	CTU2
348235	SKA2
348249	CCL15-CCL14
348254	CCDC144CP
348262	MCRIP1
348303	SELENOV
348327	ZNF530
348378	SHISAL2A
348487	FAM131C
348567	TERF1P1
348645	MIR3667HG
348654	GEN1
348751	FTCDNL1
348761	SPATA3-AS1
348793	WDR53
348801	LNP1
348807	CFAP100
348808	NPHP3-AS1
348825	TPRXL
348840	ANKRD18DP
348910	RAF1P1
348926	FAM86EP
348932	SLC6A18
348938	NIPAL4
348980	HCN1
348995	NUP43
349075	ZNF713
349114	LINC00265
349136	WDR86
349149	GJC3
349152	DPY19L2P2
349158	CYCSP20
349196	LINC00965
349198	CYCSP3
349334	FOXD4L4
349372	NANOGP10
349386	NANOGP9
349391	CYCSP44
349408	TLR8-AS1
349448	TUBB1P1
349565	NMNAT3
349633	PLET1
349667	RTN4RL2
349814	VENTXP3
349842	MRPS18CP4
350297	MRPS21P8
350383	GPR142
351143	MRPL50P1
351449	MRPS31P1
351773	MRPL51P1
352290	MRPS23P1
352852	CYCSP45
352887	GYG2P1
352896	GPR143YP
352905	CTBP2P1
352909	DNAAF3
352954	CASTOR3P
352957	MICF
352961	HCG26
352962	HLA-V
352963	HLA-P
352964	HLA-T
352965	HLA-U
352966	HLA-W
352967	MICG
352990	HCP5B
352999	C6ORF58
353001	HCG4P3
353002	HCG4P4
353003	HCG4P5
353004	HCG4P7
353005	HCG4P8
353013	RPL7AP7
353014	HCG4P9
353019	HCG9P5
353020	HCG4P11
353088	ZNF429
353089	RAET1F
353091	RAET1G
353094	RAET1M
353116	RILPL1
353131	LCE1A
353132	LCE1B
353133	LCE1C
353134	LCE1D
353135	LCE1E
353137	LCE1F
353139	LCE2A
353140	LCE2C
353141	LCE2D
353142	LCE3A
353143	LCE3B
353144	LCE3C
353145	LCE3E
353149	TBC1D26
353163	CAP2P1
353164	TAS2R42
353174	ZACN
353189	SLCO4C1
353194	KRT16P6
353196	KRT16P5
353219	KAAG1
353238	PADI6
353267	RAMACL
353274	ZNF445
353288	KRT26
353299	RGSL1
353322	ANKRD37
353323	KRTAP12-2
353324	SPATA12
353329	PSIP1P1
353332	KRTAP12-1
353333	KRTAP10-10
353345	GPR141
353355	ZNF233
353376	TICAM2
353497	POLN
353500	BMP8A
353511	PKD1P6
353512	PKD1P4
353513	VCY1B
353514	LILRA5
353515	XKRYP7
359710	BPIFB3
359724	RNA18SP2
359729	MRPL57P2
359730	MRPL57P3
359731	MRPL57P7
359732	MRPL57P8
359733	MRPL57P9
359734	MRPL11P3
359735	MRPL14P1
359736	MRPL15P1
359737	MRPL20P1
359738	MRPL22P1
359739	MRPL3P1
359740	MRPL30P1
359741	MRPL32P1
359742	MRPL35P1
359743	MRPL35P2
359744	MRPL35P3
359745	MRPL35P4
359746	MRPL42P3
359747	MRPL45P1
359748	MRPL49P1
359749	MRPL50P2
359750	MRPL50P3
359751	MRPL50P4
359752	MRPL53P1
359753	MRPS10P1
359754	MRPS10P5
359755	MRPS15P1
359756	MRPS15P2
359757	MRPS17P3
359758	MRPS17P5
359759	MRPS17P6
359760	MRPS17P9
359761	MRPS18AP1
359762	MRPS18BP1
359763	MRPS18BP2
359764	MRPS18CP3
359765	MRPS18CP5
359766	MRPS21P2
359767	MRPS21P3
359768	MRPS21P4
359769	MRPS21P5
359770	MRPS21P6
359771	MRPS21P7
359772	MRPS21P9
359773	MRPS22P1
359774	DAP3P2
359775	MRPS33P2
359776	MRPS33P3
359777	MRPS33P4
359778	MRPS35P2
359779	MRPS35P3
359780	MRPS6P1
359781	MRPS6P2
359782	MRPS6P4
359783	MRPS7P1
359787	DPPA3
359791	MED14P1
359792	EIF4A1P2
359793	AGKP1
359794	TUSC2P1
359795	NEFLP1
359796	KDM5DP1
359797	MRPS5P4
359798	UBE2V1P3
359799	USP12PY
359800	VDAC1P6
359802	MRPS10P2
359803	MRPS17P1
359804	DAP3P1
359805	PCNAP2
359806	PCNAP1
359809	PEG13
359817	MRPL30P2
359821	MRPL42P5
359822	KCNIP4-IT1
359844	PRDX2P1
359845	RFLNB
359941	CDK4P1
359948	IRF2BP2
359996	SERBP1P2
359997	ATP5PFP1
359998	CHRFAM7AP2
359999	CHRFAM7AP1
360001	IFNWP18
360002	TAF9P1
360003	TAF9P2
360008	GAPDHP17
360009	CYCSP49
360014	DLGAP5P1
360015	RFTN1P1
360016	CICP2
360017	CICP1
360018	PRRC2CP1
360019	KRT18P10
360020	PPP1R12BP2
360021	PPP1R12BP1
360022	PSIP1P2
360023	ZBTB41
360024	GOLGA6L11P
360025	GOLGA6L12P
360026	GOLGA6L13P
360027	GOLGA6L14P
360028	TMEM167AP1
360029	FAM199YP
360030	NANOGNB
360132	FKBP9P1
360155	CYCSP52
360156	CYCSP53
360157	CYCSP4
360158	CYCSP5
360159	CYCSP6
360160	CYCSP8
360163	CYCTP
360165	COXFA4P1
360166	CYCSP10
360167	CYCSP11
360168	CYCSP12
360170	CYCSP14
360171	CYCSP16
360172	CYCSP17
360173	CYCSP18
360174	CYCSP19
360175	CYCSP22
360176	CYCSP23
360177	CYCSP24
360178	CYCSP26
360179	CYCSP28
360180	CYCSP29
360181	CYCSP32
360182	CYCSP34
360183	CYCSP2
360184	CYCSP38
360185	CYCSP40
360186	CYCSP41
360187	CYCSP43
360188	CYCSP48
360200	TMPRSS9
360203	GLT6D1
360205	PRAC2
360226	PRSS41
360227	OTUD4P1
373156	GSTK1
373159	WHR1B
373509	USP50
373856	USP41P
373861	H1-9P
373863	DND1
374286	FBXW10B
374291	NDUFS7
374308	PTCHD3
374354	NHLRC2
374355	CCDC172
374378	GALNT18
374383	NCR3LG1
374387	LINC02716
374393	FAM111B
374395	TMEM179B
374403	TBC1D10C
374407	DNAJB13
374454	KRT77
374462	PTPRQ
374470	C12ORF42
374491	TPTE2P6
374500	THSD1P1
374569	ASPG
374618	TEX9
374650	GOLGA6L5P
374654	KIF7
374655	ZNF710
374659	HDDC3
374666	WASH3P
374677	WASH4P
374739	SPMIP8
374768	SPEM1
374786	EFCAB5
374819	LRRC37A3
374860	ANKRD30B
374864	CCDC178
374868	ATP9B
374872	PEAK3
374875	HSD11B1L
374877	SAXO5
374879	ZNF699
374882	TMEM205
374887	YJEFN3
374890	LINC01785
374897	SBSN
374899	ZNF829
374900	ZNF568
374907	B3GNT8
374918	IGFL1
374920	ZSWIM9
374928	ZNF773
374946	DRAXIN
374955	SPATA21
374969	SVBP
374973	TEX38
374977	MROH7
374986	MIGA1
374987	NEXN-AS1
375027	S100A7P2
375033	PEAR1
375035	SFT2D2
375056	MIA3
375057	STUM
375061	FAM89A
375133	PI4KAP2
375189	PFN4
375190	FAM228B
375248	ANKRD36
375260	WASH2P
375287	RBM43
375295	LINC01116
375298	CERKL
375307	CATIP
375316	RBM44
375318	AQP12A
375323	LHFPL4
375337	TOPAZ1
375341	C3ORF62
375346	STIMATE
375350	COPS8P2
375387	NRROS
375444	C5ORF34
375449	MAST4
375484	SIMC1
375513	GUSBP4
375519	GJB7
375567	VWC2
375593	TRIM73
375601	OR7E31P
375607	NAT16
375611	SLC26A5
375612	LHFPL3
375616	KCP
375686	SPATC1
375690	WASH5P
375704	ENHO
375719	AQP7P1
375743	PTAR1
375748	ERCC6L2
375757	SWI5
375759	C9ORF50
375775	PNPLA7
375790	AGRN
375791	CYSRT1
375850	RBMY2BP
375940	DMBT1L1
376132	LRRC10
376267	RAB15
376412	RNF126P1
376497	SLC27A1
376693	RPS10P7
376818	E2F6P2
376844	SDC4P
376940	ZC3H6
377007	KLHL30
377047	PRSS45P
377381	RPL24P4
377630	USP17L2
377677	CA13
377841	ENTPD8
377997	TSPY12P
378001	TSPY13P
378008	CDY5P
378009	OFD1P1Y
378010	OFD1P2Y
378011	CDY9P
378013	TSPY14P
378014	CDY11P
378108	TRIM74
378706	RN7SL2
378707	RN7SL3
378708	CENPS
378805	LINC-PINT
378807	CATSPER4
378810	SNX19P1
378818	RPL37P3
378819	RPL37P4
378825	PICSAR
378828	LINC00317
378832	COL18A1-AS1
378881	MIR381HG
378884	NHLRC1
378925	RNF148
378938	MALAT1
378948	RBMY1B
378949	RBMY1D
378950	RBMY1E
378951	RBMY1J
378952	RBMY2GP
378953	RBMY2HP
378955	RBMY2JP
378956	RBMY2NP
379005	RBMY2OP
379006	RBMY2QP
379007	RBMY2SP
379008	RBMY2TP
379009	RBMY2UP
379010	RBMY2VP
379011	RBMY2WP
379012	RBMY2XP
379013	RNF138P1
379024	RBMY2YP
379025	PSMA3-AS1
379027	TSPY5P
379028	XKRYP1
379029	XKRYP2
379030	XKRYP3
379031	XKRYP4
379032	XKRYP5
379033	XKRYP6
379034	LINC01181
386593	CHKB-CPT1B
386597	GRASLND
386607	ZFP91-CNTF
386608	RNASEH2CP1
386610	E2F6P1
386617	KCTD8
386618	KCTD4
386627	SAP30L-AS1
386653	IL31
386654	OSTF1P1
386665	AURKAP2
386672	KRTAP10-4
386674	KRTAP10-6
386675	KRTAP10-7
386676	KRTAP10-9
386677	KRTAP10-1
386678	KRTAP10-11
386679	KRTAP10-2
386680	KRTAP10-5
386681	KRTAP10-8
386682	KRTAP10-3
386683	KRTAP12-3
386684	KRTAP12-4
386685	KRTAP10-12
386687	OFD1P3Y
386688	OFD1P4Y
386689	OFD1P5Y
386690	OFD1P6Y
386691	OFD1P7Y
386692	OFD1P8Y
386693	OFD1P9Y
386694	OFD1P10Y
386695	OFD1P11Y
386696	OFD1P12Y
386697	OFD1P13Y
386698	OFD1P14Y
386699	OFD1P15Y
386724	AMIGO3
386725	FAM8A7P
386726	FAM8A4P
386727	FAM8A9P
386728	FAM8A10P
386729	CDY4P
386730	CDY6P
386731	CDY7P
386732	CDY8P
386734	CDY12P
386735	CDY13P
386736	CDY14P
386737	CDY15P
386738	CDY16P
386739	CDY17P
386740	CDY18P
386741	CDY19P
386742	CDY20P
386743	CDY21P
386744	CDY22P
386745	CDY23P
386746	MRGPRG
386757	SLC6A10P
386758	ZNF582-DT
387032	ZKSCAN4
387036	GUSBP2
387039	HTATSF1P1
387043	RPL13AP
387044	RPL13P
387046	RPL8P1
387055	LINC00533
387063	HMGA1P5
387065	HMGA1P7
387066	SNHG5
387071	FAM136BP
387074	RPL35AP3
387082	SUMO4
387090	RPL36AP5
387101	RPL29P4
387103	CENPW
387104	MTCL3
387107	ATP5MFP2
387111	LINC00222
387117	UBQLN1P1
387119	CEP85L
387122	WASF5P
387129	NPSR1
387254	SLC7A5P2
387263	C6ORF120
387264	KRTAP5-1
387266	KRTAP5-3
387267	KRTAP5-4
387273	KRTAP5-10
387275	KRTAP5-13P
387276	KRTAP5-14P
387315	MTND2P1
387316	VN1R10P
387317	VN1R11P
387319	H2AC2P
387320	VN1R14P
387321	VN1R12P
387322	VN1R13P
387323	H2AC9P
387325	H1-12P
387328	ZNF322P1
387332	TBPL2
387338	NSUN4
387357	THEMIS
387359	USP9YP4
387361	USP9YP34
387362	USP9YP1
387363	USP9YP2
387364	USP9YP3
387486	LINC00320
387491	GAPDHP16
387492	DSTNP1
387494	RPL18AP2
387495	RPS26P5
387496	RASL11A
387503	HCG4P1
387504	HCG4P2
387505	HCG9P1
387506	HCG9P2
387507	HCG9P3
387509	GPR153
387521	PEDS1
387522	PEDS1-UBE2V1
387553	DNM1P18
387554	DNM1P19
387559	FGF7P1
387590	TPTEP1
387597	ILDR2
387601	SLC22A25
387612	RAC1P1
387615	MAP1LC3P
387628	FGF7P6
387640	SKIDA1
387644	FAM238C
387646	LRRC37A6P
387647	PTCHD3P1
387680	WASHC2A
387684	ARL4AP1
387694	SH2D4B
387695	GPR15LG
387700	SLC16A12
387703	XRCC6P1
387707	CC2D2B
387712	ENO4
387715	ARMS2
387718	TEX36
387723	C10ORF143
387733	IFITM5
387742	FAM99A
387745	FAM86GP
387747	OR52B3P
387748	OR56B1
387751	GVINP1
387753	RPL21P97
387755	INSC
387758	FIBIN
387763	C11ORF96
387775	SLC22A10
387778	SPDYC
387787	LIPT2
387804	VSTM5
387810	LINC02764
387815	OR8G3
387820	DNAJB6P1
387836	CLEC2A
387837	CLEC12B
387841	RPL13AP20
387845	EEF1A1P16
387849	REP15
387853	OR7A19P
387856	CCDC184
387867	RPSAP12
387882	C12ORF75
387885	CFAP73
387890	TMEM233
387893	KMT5A
387895	LINC00944
387911	C1QTNF9B
387914	SHISA2
387921	NHLRC3
387923	SERP2
387924	OGFOD1P1
387933	HNRNPA3P5
387934	FABP5P1
387978	LINC01551
387990	TOMM20L
388007	SERPINA13P
388011	LINC01550
388015	RTL1
388021	TMEM179
388076	RPS8P10
388077	IGHV1OR15-1
388104	TMEM183AP3
388112	NANOGP8
388115	CCDC9B
388121	TNFAIP8L3
388122	RPSAP55
388125	C2CD4B
388132	RPL17P5
388135	INSYN1
388152	GOLGA2P7
388165	UBE2Q2P1
388181	FAM149B1P1
388182	SPATA41
388199	PRR25
388228	SBK1
388254	HERC2P5
388255	IGHV3OR16-8
388272	C16ORF87
388275	HNRNPA1P7
388276	LINC02911
388282	LOC388282
388284	C16ORF86
388323	GLTPD2
388324	INCA1
388325	SCIMP
388327	C17ORF100
388333	SPDYE4
388335	TMEM220
388336	SHISA6
388339	RPS18P12
388341	LRRC75A
388344	RPL13P12
388363	RPS7P1
388364	TMIGD1
388372	CCL4L1
388381	SPMAP1
388387	LINC00671
388389	DNAAF19
388394	RPRML
388401	RPL7P48
388403	YPEL2
388406	LINC01999
388407	LINC02875
388419	BTBD17
388428	PVALEF
388439	FLJ12120
388456	LINC01904
388460	RPL6P22
388468	POTEC
388474	RPL7AP66
388478	ENTR1P1
388499	LYPLA2P2
388503	C3P1
388507	ZNF788P
388512	CLEC17A
388514	CYP4F24P
388523	ZNF728
388524	RPSA2
388531	RGS9BP
388532	RPL21P131
388533	KRTDAP
388536	ZNF790
388550	CEACAM22P
388551	CEACAM16
388552	BLOC1S3
388553	MEIOSIN
388555	IGFL3
388556	RPS9P4
388558	ZNF808
388559	ZNF888
388561	ZNF761
388564	TMEM238
388566	ZNF470
388567	ZNF749
388569	ZNF324B
388574	RPL23AP87
388579	TUBB8P11
388581	C1QTNF12
388585	HES5
388588	SMIM1
388591	RNF207
388595	TMEM82
388605	HS6ST1P1
388606	SDHDP7
388610	TRNP1
388611	CD164L2
388621	RPL21P20
388630	TRABD2B
388633	LDLRAD1
388646	GBP7
388649	C1ORF146
388650	DIPK1A
388662	SLC6A17
388667	LINC02868
388677	NOTCH2NLA
388685	LINC01138
388692	LINC02591
388695	LYSMD1
388697	HRNR
388698	FLG2
388699	LINC00302
388701	CFAP141
388707	RPSAP18
388714	FMO6P
388719	LINC00272
388722	C1ORF53
388730	TMEM81
388734	PRELID1P5
388743	CAPN8
388753	COA6
388759	LINC02897
388761	OR14A2
388762	OR2M1P
388780	LINC03086
388789	SMIM26
388795	EFCAB8
388796	SNHG17
388799	FAM209B
388813	LOC388813
388815	MIR99AHG
388818	KRTAP26-1
388820	SMIM34
388830	LINC00316
388849	CCDC188
388882	FAM230I
388885	RPS10P29
388886	LRRC75B
388906	OGFRP1
388907	RPL5P34
388910	LINC00207
388925	PSMC1P10
388931	MFSD2B
388939	PCARE
388942	LINC01913
388946	TMEM247
388948	LINC01118
388951	TSPYL6
388955	PRELID1P6
388960	C2ORF78
388962	BOLA3
388963	C2ORF81
388965	FUNDC2P2
388969	C2ORF68
389000	SLC9B1P2
389015	SLC9A4
389023	DPP10-AS1
389033	PLAC9P1
389043	LINC01120
389053	HNRNPKP2
389058	SP5
389072	PLEKHM3
389073	C2ORF80
389075	RESP18
389084	SNORC
389090	OR6B2
389101	RPL23AP43
389112	RPS27P4
389114	ZNF662
389118	CDHR4
389119	INKA1
389120	ACTL11P
389123	IQCF2
389124	IQCF5
389125	MUSTN1
389127	RPS10P10
389136	VGLL3
389137	ARMC10P1
389141	RPSAP29
389144	OR7E130P
389151	PRR23B
389152	PRR23C
389156	RPL21P39
389158	PLSCR5
389160	CPHL1P
389161	ANKUB1
389168	SETP14
389170	LEKR1
389177	TMEM212
389179	EEF1A1P8
389180	HTR3C2P
389197	C4ORF50
389199	LOC389199
389203	SMIM20
389206	BEND4
389207	GRXCR1
389208	TMPRSS11F
389217	SETP20
389223	EEF1A1P35
389240	NACA3P
389246	VTI1BP2
389247	ING2-DT
389257	LRRC14B
389273	LINC02213
389289	ANXA2R
389293	ISCA1P1
389320	SPMIP10
389322	HNRNPKP1
389332	SMIM32
389333	PROB1
389336	C5ORF46
389337	ARHGEF37
389342	RPL10P9
389362	PSMG4
389376	SFTA2
389383	CLPSL2
389384	BNIP5
389386	LAP3P2
389395	HNRNPA3P4
389396	GLYATL3
389400	GFRAL
389404	RPL9P18
389405	LOC389405
389416	BDH2P1
389421	LIN28B
389424	PA2G4P5
389428	RPL5P18
389432	SAMD5
389434	IYD
389435	RPL27AP6
389458	RBAKDN
389465	SSBL5P
389472	RPS26P32
389493	NUPR2
389524	GTF2IRD2B
389537	OR7E38P
389541	LAMTOR4
389549	FEZF1
389558	FAM180A
389599	STRADBP1
389602	LOC389602
389610	XKR5
389611	FAM90A3
389616	OR7E125P
389618	FAM90A6P
389626	OR7E161P
389630	FAM90A15
389631	ZNF705CP
389633	FAM90A25P
389634	LINC00937
389641	TNFRSF10A-DT
389643	NUGGC
389644	RPL5P22
389649	LINC03042
389652	ASNSP1
389655	RPL29P19
389658	ALKAL1
389662	SEPTIN10P1
389668	XKR9
389672	RPSAP47
389674	HNRNPA1P4
389676	LINC02906
389677	RBM12B
389690	MROH5
389692	MAFA
389715	SPATA31F2P
389727	FKBP4P2
389730	SPATA31A6
389740	ADGRF5P1
389741	GLIDR
389747	MEP1AP3
389756	AQP7P2
389761	SPATA31D4
389762	SPATA31D3
389763	SPATA31D1
389766	C9ORF153
389787	TPT1P9
389791	PTGES2-DT
389792	IER5L
389799	CFAP77
389812	LCN15
389813	AJM1
389816	LRRC26
389827	MYMK
389831	LOC389831
389840	MAP3K15
389842	RANBP1P1
389844	FTH1P19
389849	GAPDHP65
389852	SPACA5
389856	USP27X
389857	CENPVL1
389860	PAGE2B
389866	SERBP1P1
389873	SEPHS1P4
389874	ZCCHC13
389884	PA2G4P1
389895	HAPSTR2
389898	UBE2NL
389901	XRCC6P2
389903	CSAG3
389932	AKR1C6P
389935	PRPF38AP1
389941	C1QL3
389948	MKNK2P1
389970	GAPDHP21
389976	ACTBP14
389990	RPA2P2
389992	RPL7P34
389997	NIP7P1
390003	GUCY2GP
390006	PPIAP19
390007	TOMM22P5
390010	NKX1-2
390012	OR6L1P
390028	OR4F2P
390030	OR55B1P
390031	SSU72L2
390033	SSU72L1
390034	OR51R1P
390035	OR52K3P
390036	OR52K1
390037	OR52I1
390038	OR51D1
390039	OR51A9P
390040	OR51F5P
390041	OR51C4P
390043	OR51F3P
390044	OR51F4P
390046	OR51A6P
390053	OR52A4P
390054	OR52A5
390058	OR51B6
390059	OR51M1
390061	OR51Q1
390063	OR51I1
390064	OR51I2
390066	OR52D1
390067	OR52H1
390072	OR52N4
390073	OR56B2
390075	OR52N5
390077	OR52N2
390078	OR52E6
390079	OR52E8
390081	OR52E4
390082	OR52E5
390083	OR56A3
390084	OR56A5
390091	OR10AB1P
390093	OR10A6
390098	MRGPRX6P
390099	MRGPRX5P
390101	MRGPRX10P
390102	PCNAP4
390107	RPS24P15
390110	ACCSL
390113	OR4X1
390116	OR4A40P
390117	OR4A43P
390131	OR4A6P
390133	OR4A2P
390134	OR4A4P
390136	OR4A11P
390137	OR4A9P
390138	OR4A10P
390139	OR4A17P
390142	OR5D13
390144	OR5D16
390148	OR5W2
390151	OR8H2
390152	OR8H3
390154	OR5T3
390155	OR5T1
390157	OR8K1
390158	RPL5P29
390162	OR5M9
390166	OR5M5P
390167	OR5M10
390168	OR5M1
390174	OR9G1
390181	OR5AK2
390183	RPS4XP13
390186	OR5B10P
390190	OR5B2
390191	OR5B12
390195	OR5AN1
390197	OR4D10
390199	OR4D9
390201	OR10V1
390203	SRD5A3P1
390205	LRRC10B
390206	RPS2P37
390211	KRT8P26
390212	GPR152
390213	DOC2GP
390215	OR7E145P
390218	IFITM9P
390221	FOLR1P1
390224	OR2AT2P
390225	OR2AT1P
390226	GUCY2EP
390228	RPL7AP54
390231	TRIM77
390233	TRIM64FP
390239	NDUFB11P1
390243	IZUMO1R
390245	KDM4E
390259	BSX
390260	OR6X1
390261	OR6M1
390264	OR10G4
390265	OR10G7
390266	OR10D4P
390267	OR10N1P
390269	OR8F1P
390271	OR8B3
390273	OR8A2P
390274	OR8B10P
390275	OR8A1
390283	RPL31P10
390284	SRP14P1
390288	OR7E84P
390294	HNRNPABP1
390297	PSMC1P8
390298	TIMM17BP1
390301	ST13P9
390306	RPL7AP74
390311	PHB1P18
390313	OR5BS1
390314	ADISSPP1
390318	OR10U1P
390320	OR6C5P
390321	OR6C1
390322	OR6C7P
390323	OR6C75
390324	OR6C71P
390326	OR6C76
390327	OR6C70
390329	OR6U2P
390340	PDCL3P7
390345	RPL10P13
390352	EEF1A1P33
390354	RPL18AP3
390363	CLIC1P1
390378	PPIAP28
390394	EIF4A1P5
390402	AKR1B1P4
390403	ABITRAMP1
390407	EIF4A1P6
390411	NPM1P22
390413	RPL7P44
390415	CCT5P2
390418	KRT18P27
390419	PPIAP23
390421	GAPDHP22
390423	ARF4P3
390424	ATP5MC1P5
390429	OR4N2
390431	OR4K2
390432	OR4Q2
390433	OR4K13
390434	OR4U1P
390435	OR4T1P
390436	OR4K17
390437	OR4N5
390438	OR11G1P
390439	OR11G2
390440	OR11H5P
390441	OR11H7
390442	OR11H4
390443	RNASE9
390445	OR5AU1
390472	KRT8P2
390482	AKR1B1P5
390483	SALL4P7
390501	MPPE1P1
390502	SERPINA2
390503	ADIPOR1P2
390530	IGHV1OR21-1
390531	IGHV1OR15-9
390535	GOLGA8EP
390538	OR4M2
390539	OR4N3P
390561	HERC2P10
390572	PRELID1P4
390576	RPS15P8
390578	RPLP0P10
390581	ATP5PDP1
390594	KBTBD13
390595	UBAP1L
390597	LETM1P1
390598	SKOR1
390601	KRT8P9
390610	KRT8P23
390612	RPL18P11
390616	ANKRD34C
390617	TFDP1P3
390618	RPL7L1P15
390627	CSPG4P10
390634	KRT18P47
390637	GDPGP1
390643	PGAM1P12
390648	OR4F6
390649	OR4F15
390650	OR4F14P
390651	OR4F13P
390652	OR4F28P
390660	ADAMTS7P1
390664	C1QTNF8
390667	PTX4
390671	RPL18P12
390688	CDC37P1
390714	IGHV3OR16-17
390729	RPL10P14
390730	PHB1P21
390732	CES1P2
390735	RPS15AP34
390748	PABPN1L
390756	OR3A4P
390760	LOC390760
390766	RNASEH1P2
390788	CCL3P1
390790	ARL5C
390791	PPIAP54
390792	KRT39
390800	RPL7L1P5
390806	FAM136DP
390811	POLR3KP2
390816	THA1P
390831	PMM2P1
390834	FEM1AP2
390836	OR4K8P
390843	EIF4A3P1
390844	ARIH2P1
390848	RPS15AP35
390856	RPL29P32
390857	RPSAP57
390858	OACYLP
390860	RPLP0P12
390872	OR4F8P
390874	ONECUT3
390876	RPL35P10
390877	LOC390877
390882	OR7G2
390883	OR7G3
390885	OR7E18P
390886	OR7H1P
390892	OR7A10
390894	OR7A2P
390895	OR7A1P
390904	KRT18P40
390916	NUDT19
390924	EEF1A1P7
390927	ZNF793
390928	ACP7
390937	ERFL
390940	PINLYP
390948	HNRNPMP2
390949	RPL23AP80
390956	PPIAP59
390963	ZNF818P
390980	ZNF805
390992	HES3
390993	RPL7AP18
390996	CFL1P6
390997	SBF1P2
390998	RPL10P17
390999	PRAMEF12
391002	PRAMEF8
391003	PRAMEF18
391004	PRAMEF17
391012	DYNLL1P3
391013	PLA2G2C
391019	RPL29P6
391020	IFITM3P7
391026	ACTN4P2
391033	MKRN8P
391037	SKINT1L
391039	CFL1P2
391040	BTF3L4P3
391044	PHB1P3
391045	SLC2A3P2
391048	CHORDC1P5
391051	UOX
391053	CAPNS1P1
391059	FRRS1
391069	GAPDHP64
391073	GAPDHP74
391075	GAPDHP23
391076	HSD3BP1
391077	GAPDHP58
391081	HSD3BP5
391099	KRT8P28
391102	RPLP0P4
391104	VHLL
391106	VDAC1P9
391107	OR10K2
391109	OR10K1
391110	OR10R3P
391112	OR6Y1
391114	OR6K3
391115	OR6K5P
391117	OR10J2P
391119	OR10J7P
391120	OR10J9P
391121	OR10J4
391123	VSIG8
391124	RPL27AP2
391126	RPL26P12
391130	RPS17P6
391135	RPL4P3
391137	RPS15P3
391139	GOT2P2
391140	RPL13P7
391151	RPL10P4
391155	KRT8P29
391158	TFDP1P1
391160	ARPC3P2
391162	GAPDHP24
391165	RPS26P17
391168	RPS3AP7
391169	CDKN2AIPNLP1
391171	TUBB8P10
391174	CIAO2AP2
391175	RPL23AP15
391179	KRT18P32
391181	RPL6P3
391183	RSL24D1P4
391189	OR11L1
391190	OR2L8
391191	OR2AK2
391192	OR2L3
391194	OR2M2
391195	OR2T33
391196	OR2M7
391211	OR2G6
391230	LOC391230
391239	VTCN1P1
391242	PUDPP3
391253	SPINT4
391256	KRT18P4
391257	SUMO1P1
391266	CNN2P7
391267	ANKRD20A11P
391269	ANKRD20A18P
391276	THUMPD1P1
391279	OR7E23P
391282	RPL23AP12
391322	LOC391322
391334	ACTBP15
391349	PIK3CDP1
391356	PTRHD1
391358	TRMT112P6
391359	EMP2P1
391365	SULT6B1
391367	GAPDHP25
391370	RPS12P4
391378	HNRNPA1P66
391383	WDR4P2
391387	RPSAP28
391428	SEPHS1P7
391436	MED15P5
391448	MANEALP1
391458	KRT18P46
391462	RPSAP24
391465	STUB1P1
391467	IMPDH1P7
391470	AHCYP5
391472	BICD1P1
391475	DYTN
391485	KRT8P30
391490	RPL23AP26
391491	GAMTP1
391496	OR5S1P
391504	RPL23AP38
391508	PGAM1P4
391518	VENTXP7
391524	THRAP3P1
391526	IGBP1P3
391530	SALL4P6
391532	PPIAP47
391533	FLT1P1
391538	ALDOAP1
391539	RPS25P4
391548	OR7E55P
391552	AGGF1P3
391556	RBBP4P7
391559	VTI1BP1
391560	RPL32P7
391562	EZRP1
391566	H2BP3
391576	OR7E129P
391578	MAF1P1
391581	RPL31P23
391584	KRT18P35
391587	PPIAP73
391589	KRT18P34
391592	BZW1P1
391595	RPL32P10
391598	RPSAP31
391600	TEDDM3P
391603	NMNAT1P3
391622	USP17L6P
391627	USP17L9P
391630	OR7E83P
391632	OR7E35P
391634	HSP90AB2P
391636	C9ORF78P2
391642	IGBP1P5
391647	KRT18P25
391655	RPL17P20
391656	RPS15AP17
391657	DPP3P1
391670	HNRNPA1P56
391672	IGBP1P4
391679	RPL6P14
391681	EXOC7P1
391686	LYPLA1P2
391696	TECRP2
391697	ZSWIM5P3
391698	EEF1GP8
391701	RPS23P2
391703	KRT18P51
391706	RPS3AP18
391712	TRIM61
391714	TRIM75
391718	TSEN2P1
391719	RPL19P8
391722	MYL12BP2
391723	HELT
391738	RPL29P13
391739	CCT6P2
391742	TAF11L2
391744	H3P18
391746	TAF11L4
391747	TAF11L6
391765	H3P21
391769	H3Y1
391771	PTPN11P4
391777	RPS4XP6
391803	KRT18P45
391804	RBMX2P5
391811	POLD2P1
391819	KRT18P42
391825	RPL23AP44
391827	KRT18P16
391828	RPL28P3
391833	RPS10P11
391834	ANKRD49P3
391836	RPL10AP10
391845	RPS15P6
391850	RPL7AP33
392027	RRBP1P1
392100	PSMC1P3
392106	OR9A3P
392132	OR2R1P
392133	OR10AC1
392138	OR2A25
392140	OR2A13P
392181	RPL23AP96
392188	USP17L8
392193	RPL19P13
392194	OR7E158P
392197	USP17L7
392206	RPL10AP11
392209	HSPA8P11
392214	KRT18P37
392221	CHCHD2P10
392225	PDCL3P1
392232	TRPA2P
392242	REXO1L8P
392255	GDF6
392256	RPS26P6
392262	RPSAP48
392265	CDK5P1
392267	IMPDH1P6
392271	RPL32P20
392275	SMPD5
392281	GPS2P1
392282	RPS5P6
392285	PPIAP33
392288	MAP1LC3BP1
392292	IFNWP5
392298	CTAGE12P
392301	SLC25A5P8
392302	ASS1P12
392305	GLULP4
392307	FAM221B
392308	OR13E1P
392309	OR13J1
392310	PGAM1P2
392311	OR13C6P
392313	OR2S1P
392322	ATP5F1AP8
392335	MYO5BP2
392343	CNN2P3
392350	BTF3P4
392352	PPIAP87
392358	RPS6P13
392360	CTSL3P
392364	NPAP1P9
392368	BEND3P2
392371	KRT18P13
392374	GAPDHP26
392375	OR13D2P
392376	OR13C2
392377	OR13C1P
392382	RPL31P43
392387	AHCYP2
392390	OR1L6
392391	OR5C1
392392	OR1K1
392399	LCN9
392424	RPS5P8
392425	RPS27AP17
392426	NOLC1P1
392428	NPM1P9
392433	MAGEB6B
392437	FTLP2
392439	SRSF2P1
392442	BAG1P1
392447	RPL32P36
392451	RPL19P20
392452	MFFP3
392454	PCNAP3
392456	CTNNBL1P1
392459	CXXC1P1
392465	GLOD5
392477	MDH1P1
392479	KRT8P17
392485	ATXN7L3P1
392486	GPR165P
392489	RHOG2P
392490	FLJ44635
392497	RPS6P26
392501	RPL26P36
392505	RPL6P29
392508	RAD21P1
392509	ARL13A
392510	YWHAQP8
392516	KRT18P49
392517	NCBP2L
392520	RPS5P7
392522	RPL18AP15
392525	AKR1B1P8
392529	COBLP1
392536	FBLIM1P1
392538	RUVBL2P1
392539	TJAP1P1
392540	OR11N1P
392543	AGKP2
392545	HMGB3P31
392547	CROCCP1
392552	KRT8P6
392557	RPL19P21
392561	OR3B1P
392597	TRAPPC2P7
392603	ZNF736P2Y
392617	ELFN1
392636	AGMO
392713	PMS2P12
392748	RPS27P17
392752	OR7E7P
392781	RPS2P31
392843	DRC11L
392862	GRID2IP
392872	RPL12P10
392979	RPL18P4
393046	OR2A5
394214	COL11A2P1
394217	FGF7P2
394254	GPR89P
394255	RPS10P1
394261	KLHL30-AS1
394263	MUC21
394269	BRCA1P1
399473	SPRED3
399474	TMEM200B
399495	SLC2A3P4
399496	SLC2AXP1
399511	TCEA1P2
399512	SLC25A35
399520	TIMM8AP1
399656	FAM32BP
399664	MEX3D
399665	EEIG1
399666	ARL2BPP1
399668	SMIM10L2A
399669	ZNF321P
399670	RPL13AP17
399671	HEATR4
399687	MYO18A
399693	CCDC187
399694	SHC4
399697	CTXN2
399706	LINC00200
399708	LINC00701
399715	LINC02649
399716	LINC02656
399717	GATA3-AS1
399726	MIR1915HG
399744	LINC00999
399746	ACTR3BP5
399748	CAP1P2
399761	BMS1P1
399774	THAP12P3
399804	NPM1P25
399806	LBX1-AS1
399814	C10ORF120
399815	C10ORF88B
399818	EEF1AKMT2
399821	EDRF1-DT
399823	FOXI2
399827	LINC01164
399829	LINC01168
399832	DKFZP686M1136
399833	SPRNP1
399839	DUX4L11
399844	LINC01002
399857	OR7E117P
399876	NAV2-AS4
399881	HNRNPKP3
399884	LOC399884
399886	LINC02687
399888	FAM180B
399909	PCNX3
399923	ACTE1P
399937	TRIM51BP
399939	TRIM49D1
399940	TRIM51EP
399942	TUBAP2
399947	C11ORF87
399948	COLCA1
399949	HOATZ
399950	ST13P10
399959	MIR100HG
399965	KRT18P59
399967	PATE2
399968	PATE4
399972	GSEC
399979	SNX19
399988	HSPA8P5
399994	HADHAP2
400002	CLEC12A-AS1
400011	SUPT16HP1
400013	TCP1P3
400027	LINC00938
400043	LINC02381
400046	LINC02389
400055	RPL26P32
400058	MKRN9P
400061	NSA2P2
400064	RPS4XP1
400073	C12ORF76
400084	LINC00939
400087	LINC02393
400094	SNX19P2
400110	ANKRD20A19P
400120	SERTM1
400121	LINC00547
400123	LINC00548
400126	DGKZP1
400128	TUSC8
400129	SMARCE1P5
400141	RPSAP53
400156	RPS26P47
400165	ATP11AUN
400174	SSBP3P5
400206	DPPA3P2
400208	LINC00517
400209	YTHDF2P1
400221	LINC03033
400224	PLEKHD1
400236	FOXN3-AS1
400238	LINC00642
400242	DICER1-AS1
400258	C14ORF180
400322	HERC2P2
400359	LINC02694
400360	LINC02915
400385	RPL5P3
400389	RPL12P35
400403	DNM1P9
400406	ADAMTS7P3
400410	ST20
400433	DNM1P40
400451	FAM174B
400456	LETR1
400499	LOC400499
400500	BCAR4
400506	KNOP1
400508	ABCA15P
400511	LINC01567
400512	NSMCE1-DT
400533	LINC02167
400548	LINC02139
400550	FENDRR
400555	ZC3H18-DT
400558	LINC02138
400566	LIAT1
400568	LINC01996
400569	MED11
400578	KRT16P2
400579	LINC02076
400581	GRAPL
400591	TMEM132E-DT
400604	TOB1-AS1
400609	TBC1D3P1
400612	PRR29-AS1
400617	KCNJ2-AS1
400618	SOX9-AS1
400619	LINC00511
400620	LINC02092
400624	LINC01973
400629	TEX19
400643	LINC00668
400644	LINC01443
400645	RBM22P1
400650	TPMTP1
400652	RPS3AP49
400654	LINC01538
400655	LINC02864
400657	ZNF407-AS1
400658	ZNF516-DT
400668	PRSS57
400673	VMAC
400680	LINC00664
400684	DPY19L3-DT
400685	LINC01801
400709	SIGLEC16
400710	ZNF473CR
400713	ZNF880
400720	ZNF772
400728	FAM87B
400735	PRAMEF4
400736	PRAMEF13
400743	LINC02783
400745	SH2D5
400746	NCMAP
400750	HSPA5P1
400752	LINC01144
400757	C1ORF141
400759	GBP1P1
400761	LRRC8C-DT
400765	MIR137HG
400769	HNRNPA1P43
400793	C1ORF226
400794	LRRC52-AS1
400797	CLEC20A
400798	C1ORF220
400799	LINC01344
400800	LINC02789
400804	LINC02817
400818	NBPF9
400823	FAM177B
400830	DEFB132
400831	C20ORF202
400836	SDAD1P2
400839	LINC01721
400841	LINC01597
400863	LOC400863
400866	LINC00114
400867	ETS2-AS1
400891	LRRC74B
400892	BCRP2
400916	CHCHD10
400927	TPTEP2
400931	MIRLET7BHG
400932	LINC00898
400935	IL17REL
400941	LINC00487
400945	LINC01376
400946	LINC00954
400950	LINC02898
400952	LINC01121
400954	EML6
400955	LINC01122
400957	REL-DT
400958	LINC02245
400960	PCBP1-AS1
400961	PAIP2B
400963	RPS2P17
400966	RGPD1
400984	OR7E102P
400986	ANKRD36C
400997	ACOXL-AS1
400999	SLC20A1-DT
401002	SSBP3P2
401007	NF1P8
401010	NOC2LP2
401014	TEX41
401018	CTAGE14P
401019	RPS15P4
401022	HAGLR
401024	FSIP2
401027	C2ORF66
401036	ASB18
401039	LINC01940
401040	LINC02991
401052	LOC401052
401067	IQCF3
401074	LINC00960
401076	CAP1P1
401081	C3ORF85
401082	LINC01205
401089	FOXL2NB
401093	MBNL1-AS1
401097	C3ORF80
401103	LINC01994
401106	ATP13A3-DT
401109	LINC00885
401115	NICOL1
401124	DTHD1
401127	WDR5CP
401134	LINC02232
401135	SYT14P1
401136	TMPRSS11BNL
401137	PRR27
401138	AMTN
401145	CCSER1
401149	LINC01061
401152	ARLN
401164	LINC01060
401172	LINC02145
401176	MARCHF11-DT
401177	LINC02111
401190	RGS7BP
401206	RPS25P6
401207	C5ORF63
401232	LINC01011
401233	HTATSF1P2
401236	STMND1
401237	CASC15
401242	LINC01623
401247	LINC00243
401250	MCCD1
401251	SAPCD1
401253	LINC00336
401258	RAB44
401260	LINC00951
401262	CRIP3
401264	TRAM2-AS1
401265	KLHL31
401285	TCP10L2
401286	LINC02538
401288	LINC00242
401289	LINC01624
401296	LNCRI
401303	ZNF815P
401316	EIF4HP1
401320	GARS1-DT
401321	LINC00997
401331	RASA4CP
401335	LINC02902
401337	LINC01446
401375	GTF2IRD2P1
401387	LRRD1
401393	AZGP1P2
401397	SMIM30
401398	POT1-AS1
401399	PRRT4
401409	RAB19
401427	OR2A7
401428	OR2A20P
401431	ATP6V0E2-AS1
401447	USP17L1
401450	OR7E96P
401463	BHLHE22-AS1
401466	RBIS
401470	RPS26P10
401472	GASAL1
401474	SAMD12
401475	SRRM1P1
401491	VLDLR-AS1
401492	LINC01235
401494	HACD4
401497	LINC01242
401498	TMEM215
401505	TOMM5
401507	FAM74A1
401508	FAM74A4
401509	ZNF658B
401525	CDK2AP2P3
401533	DDX10P2
401535	LINC02872
401537	RPSAP49
401540	OR7E109P
401541	CENPP
401546	C9ORF152
401548	SNX30
401551	WDR38
401554	GPRACR
401561	LINC01451
401562	LCNL1
401563	LINC02908
401565	CIMIP2A
401577	CD99P1
401588	ZNF674-AS1
401602	AP2B1P1
401612	SLC25A53
401613	SERTM2
401629	FAM224B
401630	FAM224A
401634	GOLGA2P3Y
401637	OR7E26P
401638	RPSAP10
401640	RPL7AP53
401646	GNAI2P2
401647	GOLGA7B
401648	ST13P13
401661	OR51C1
401662	OR51A8P
401663	OR51H1
401664	OR51H2P
401665	OR51T1
401666	OR51A4
401667	OR51A2
401675	OR56B3P
401677	EEF1A1P47
401679	FBLIM1P2
401687	OR5J1P
401692	OR5B1P
401696	OR4D8P
401708	GLULP3
401717	EEF1A1P17
401718	OR5BK1P
401720	FIGNL2
401725	RPL6P25
401730	IPMKP1
401742	OR11K2P
401744	SMARCE1P3
401817	RPS10P22
401822	FDPSP9
401825	NIFKP1
401827	MSLNL
401863	RPL10AP12
401864	CLIC1P3
401865	RPL7AP63
401895	RPS15P9
401898	ZNF833P
401903	OR10B1P
401904	RPL23AP2
401911	RPL29P33
401914	CTBP2P7
401934	RNF223
401944	LDLRAD2
401959	VDAC2P3
401960	GAPDHP27
401967	NBPF17P
401973	OR10J6P
401974	RPS2P10
401975	RPS3AP10
401981	FDPSP8
401982	AKR1B1P1
401983	ZNF847P
401992	OR2T2
401993	OR2T5
401994	OR14I1
402016	BPIFB9P
402036	LOC402036
402055	SRRD
402057	RPS17P16
402069	RPS16P2
402076	FBXL12P1
402077	OR7E46P
402093	AHCYP3
402096	ANAPC1P6
402100	RPL22P11
402112	HNRNPA1P39
402116	PKP4P1
402117	VWC2L
402120	RPL23P5
402123	RPSAP32
402125	HSPA8P18
402133	OR7E121P
402134	KRT8P25
402135	OR5K2
402143	HSPA8P9
402146	B3GAT3P1
402149	RPL28P1
402150	RPL8P4
402152	RPL7L1P8
402160	CFAP99
402175	NDUFB4P12
402176	RPL21P44
402182	PIMREGP2
402183	RAC1P5
402184	RPS12P8
402191	NOL8P1
402193	RPL5P11
402213	PPIAP77
402214	RPL13AP13
402216	HNRNPH1P3
402220	YTHDF1P1
402222	DDX18P4
402226	CCT5P1
402236	OR1X1P
402240	OR1X5P
402246	OR10AH1P
402249	OR7E59P
402269	LOC402269
402273	VN1R37P
402287	RPS3AP21
402317	OR2A42
402333	OR7E160P
402342	RPL13AP18
402359	KHSRPP1
402360	NOP56P2
402374	OR13D3P
402375	YBX1P6
402381	SOHLH1
402394	IMPDH1P2
402408	PKMP2
402415	XKRX
402420	EEF1A1P30
402422	TUBB4AP1
402424	OR13K1P
402425	NT5DC1P2
402429	KRT8P8
402483	LINC01000
402509	SLC29A4P1
402562	HNRNPA1P8
402569	KPNA7
402573	SPACDR
402634	NGRNP3
402635	GRIFIN
402643	TPM3P4
402644	PPIAP80
402665	IGLON5
402676	NDUFAF4P2
402679	MARK2P10
402682	UFSP1
402694	RPL15P11
402716	RPL32P17
402778	IFITM10
402779	CSMD2-AS1
403150	FOSL2-AS1
403219	OR7E157P
403223	OR10AE3P
403224	OR10AK1P
403225	OR10V7P
403226	OR11J5P
403227	OR11Q1P
403228	OR13Z1P
403229	OR13Z2P
403230	OR13Z3P
403231	OR1AC1P
403232	OR1M4P
403234	OR2A41P
403235	OR2AO1P
403236	OR2AS2P
403238	OR2BH1P
403239	OR2T27
403241	OR2T32P
403244	OR2T35
403245	OR2X1P
403247	OR4A41P
403248	OR4A42P
403250	OR4A44P
403251	OR4A45P
403252	OR4A46P
403253	OR4A47
403254	OR4A48P
403255	OR4A49P
403256	OR4A50P
403257	OR4C45
403259	OR4C48P
403260	OR4C49P
403263	OR4G11P
403264	OR4X7P
403265	OR51AB1P
403266	OR51B8P
403271	OR5AC4P
403272	OR5AO1P
403273	OR5H14
403274	OR5H15
403275	OR9S24P
403276	OR5J7P
403277	OR5K3
403278	OR5K4
403281	OR6C64P
403282	OR6C65
403283	OR6C66P
403284	OR6C68
403285	OR6C69P
403288	OR6C72P
403289	OR6C73P
403294	OR6R2P
403295	OR7D11P
403296	OR7E154P
403297	OR7E155P
403299	OR7E159P
403300	OR7G15P
403301	OR7H2P
403302	OR8A3P
403303	OR8I4P
403304	OR8S21P
403305	OR8X1P
403312	LOC403312
403313	PLPP6
403314	APOBEC4
403315	CIBAR1P2
403323	LERFS
403339	DEFB133
403341	ZBTB34
404024	TRIM26BP
404026	MTCO3P1
404037	HAPLN4
404093	CUEDC1
404199	PPIHP2
404201	WDFY3-AS2
404203	SPINK6
404204	UGT1A13P
404216	LINC01561
404217	CTXN1
404220	TEX56P
404266	HOXB-AS3
404281	YY2
404544	COX8BP
404550	C16ORF74
404551	RWDD1P1
404552	SCGB1D4
404635	NANOGP1
404636	DENND10
404663	LINC01194
404665	CACTIN-AS1
404672	GTF2H5
404718	GNRHR2P1
404734	ANKHD1-EIF4EBP3
404744	NPSR1-AS1
404766	FABP5P4
404770	SPATA31B1P
404785	POTEG
405753	DUOXA2
405754	ERVFRD-1
406875	FXYD6P3
406881	MIRLET7A1
406882	MIRLET7A2
406883	MIRLET7A3
406884	MIRLET7B
406885	MIRLET7C
406886	MIRLET7D
406887	MIRLET7E
406888	MIRLET7F1
406889	MIRLET7F2
406890	MIRLET7G
406891	MIRLET7I
406892	MIR100
406893	MIR101-1
406894	MIR101-2
406895	MIR103A1
406896	MIR103A2
406897	MIR105-1
406898	MIR105-2
406899	MIR106A
406900	MIR106B
406901	MIR107
406902	MIR10A
406903	MIR10B
406904	MIR1-1
406905	MIR1-2
406906	MIR122
406907	MIR124-1
406908	MIR124-2
406909	MIR124-3
406910	MIR125A
406911	MIR125B1
406912	MIR125B2
406913	MIR126
406914	MIR127
406915	MIR128-1
406916	MIR128-2
406917	MIR129-1
406918	MIR129-2
406919	MIR130A
406920	MIR130B
406921	MIR132
406922	MIR133A1
406923	MIR133A2
406924	MIR134
406925	MIR135A1
406926	MIR135A2
406927	MIR136
406928	MIR137
406929	MIR138-1
406930	MIR138-2
406931	MIR139
406932	MIR140
406933	MIR141
406934	MIR142
406935	MIR143
406936	MIR144
406937	MIR145
406938	MIR146A
406939	MIR147A
406940	MIR148A
406941	MIR149
406942	MIR150
406943	MIR152
406944	MIR153-1
406945	MIR153-2
406946	MIR154
406947	MIR155
406948	MIR15A
406949	MIR15B
406950	MIR16-1
406951	MIR16-2
406952	MIR17
406953	MIR18A
406954	MIR181A2
406955	MIR181B1
406956	MIR181B2
406957	MIR181C
406958	MIR182
406959	MIR183
406960	MIR184
406961	MIR185
406962	MIR186
406963	MIR187
406964	MIR188
406965	MIR190A
406966	MIR191
406967	MIR192
406968	MIR193A
406969	MIR194-1
406970	MIR194-2
406971	MIR195
406972	MIR196A1
406973	MIR196A2
406974	MIR197
406975	MIR198
406976	MIR199A1
406977	MIR199A2
406978	MIR199B
406979	MIR19A
406980	MIR19B1
406981	MIR19B2
406982	MIR20A
406983	MIR200A
406984	MIR200B
406985	MIR200C
406986	MIR203A
406987	MIR204
406988	MIR205
406989	MIR206
406990	MIR208A
406991	MIR21
406992	MIR210
406993	MIR211
406994	MIR212
406995	MIR181A1
406996	MIR214
406997	MIR215
406998	MIR216A
406999	MIR217
407000	MIR218-1
407001	MIR218-2
407002	MIR219A1
407003	MIR219A2
407004	MIR22
407006	MIR221
407007	MIR222
407008	MIR223
407009	MIR224
407010	MIR23A
407011	MIR23B
407012	MIR24-1
407013	MIR24-2
407014	MIR25
407015	MIR26A1
407016	MIR26A2
407017	MIR26B
407018	MIR27A
407019	MIR27B
407020	MIR28
407021	MIR29A
407022	MIR296
407023	MIR299
407024	MIR29B1
407025	MIR29B2
407026	MIR29C
407027	MIR301A
407028	MIR302A
407029	MIR30A
407030	MIR30B
407031	MIR30C1
407032	MIR30C2
407033	MIR30D
407034	MIR30E
407035	MIR31
407036	MIR32
407037	MIR320A
407039	MIR33A
407040	MIR34A
407041	MIR34B
407042	MIR34C
407043	MIR7-1
407044	MIR7-2
407045	MIR7-3
407046	MIR9-1
407047	MIR9-2
407048	MIR92A1
407049	MIR92A2
407050	MIR93
407051	MIR9-3
407052	MIR95
407053	MIR96
407054	MIR98
407055	MIR99A
407056	MIR99B
407738	TAFA1
407975	MIR17HG
407977	TNFSF12-TNFSF13
408029	CDRT15P3
408050	NOMO3
408186	OVOS1P
408187	SPINK14
408263	FNDC9
414059	TBC1D3B
414060	TBC1D3C
414061	DNAJB3
414062	CCL3L3
414130	NANOGP7
414131	NANOGP2
414132	NANOGP4
414133	NANOGP5
414134	NANOGP6
414135	NANOGP11
414149	ACBD7
414152	C10ORF105
414153	SNRPEP2
414157	C10ORF62
414169	BANF1P2
414189	AGAP6
414194	CCNYL2
414196	CELF2-AS1
414197	ZNF32-AS1
414200	NHP2P1
414208	ZNF32-AS2
414212	GLUD1P2
414213	GLUD1P6
414217	BMS1P3
414224	AGAP12P
414228	RPS27P1
414230	RPS15AP5
414235	DIP2C-AS1
414236	C10ORF55
414241	SHLD2P1
414243	LINC00595
414245	DNAJC9-AS1
414254	RPSAP6
414260	LINC00619
414301	DDI1
414312	C9ORF118
414316	COL5A1-AS1
414318	LINC02913
414319	LINC00587
414325	DEFB103A
414328	IDNK
414332	LCN10
414351	LINC00229
414355	VKORC1P1
414357	VKORC1P2
414751	TRAPPC2P8
414752	TRAPPC2P10
414753	TRAPPC2P9
414754	ACTG1P11
414760	HCG14
414761	HCG15
414763	BMS1P18
414764	HCG23
414765	HCG25
414768	HCG24
414771	DDR1-DT
414776	HCG19P
414777	HCG18
414899	BLID
414918	DENND6B
414919	C8ORF82
414926	LINC00593
415056	CNTFR-AS1
415116	PIM3
415117	STX19
425054	VCX3B
425057	TTTY9B
431704	RGS21
431705	ASTL
431707	LHX8
432355	SLURP2
432369	ATP5F1EP2
439915	KRTAP5-5
439916	LINC00615
439921	MXRA7
439927	LINC01555
439931	THAP7-AS1
439933	ARAP2-AS1
439934	LINC00575
439936	LINC02899
439941	FER1L6-AS1
439945	IL9RP2
439949	PRKCQ-AS1
439950	CELF2-AS2
439953	PPIAP31
439954	RPL7P37
439957	IGKV1ORY-1
439965	SHLD2P3
439990	LINC00857
439992	RPS3AP5
439994	LINC00863
439996	IFIT1B
440013	DUX4L10
440014	DUX4L12
440017	DUX4L15
440021	KRTAP5-2
440023	KRTAP5-6
440026	TMEM41B
440027	RPL23AP65
440028	LINC02709
440034	PAX6-AS1
440040	GRM5P1
440041	TRIM51HP
440043	PGAM1P8
440044	SLC22A20P
440050	KRTAP5-7
440051	KRTAP5-11
440055	RPS12P22
440059	CDONP2
440061	TRIM64EP
440063	PPIAP43
440067	CASP1P2
440068	CARD17P
440072	PRDM10-DT
440073	IQSEC3
440077	ZNF705A
440078	FAM66C
440081	DDX12P
440086	RPS6P1
440087	SMCO3
440093	H3-5
440097	DBX2
440104	TMEM198B
440107	PLEKHG7
440117	LINC02372
440119	FZD10-AS1
440125	HNRNPA1P30
440131	LINC00544
440138	ALG11
440142	TARDBPP2
440145	MZT1
440153	OR11H12
440159	OR11H13P
440163	RNASE13
440173	LINC02893
440176	RPL12P6
440181	TMEM98P1
440184	CCDC196
440193	CCDC88C
440224	CXADRP3
440225	NF1P2
440243	GOLGA6L22
440248	HERC2P9
440253	WHAMMP2
440270	GOLGA8B
440275	EIF2AK4
440278	CATSPER2P1
440279	UNC13C
440288	UBL7-DT
440292	COMMD4P1
440295	GOLGA6L9
440299	DNM1P41
440300	LOC440300
440303	DNM1P44
440307	TTLL13
440311	NOP35P1
440335	SMIM22
440345	NPIPB4
440346	CDR2-DT
440348	NPIPB15
440350	NPIPB7
440352	SNX29P2
440353	NPIPB12
440354	SMG1P2
440356	CDIPTOSP
440359	YBX3P1
440366	HERC2P8
440375	RAB43P1
440387	CTRB2
440390	LINC02181
440396	HNRNPA1P16
440400	RNASEK
440406	UBE2SP2
440416	CCDC144NL-AS1
440419	TBC1D3P5
440423	SUZ12P1
440434	NPEPPSP1
440435	GPR179
440446	LINC02072
440447	RPS2P27
440452	TBC1D3P2
440456	PLEKHM1P1
440459	SLC16A6P1
440461	ARHGAP27P2
440465	BAIAP2-DT
440482	ANKRD20A5P
440487	RPL21P128
440489	UFD1P1
440498	HSBP1L1
440503	PLIN5
440508	CLEC4GP1
440514	CSP3
440515	ZNF506
440518	GOLGA2P9
440519	ZNF724
440525	PRR13P5
440533	PSG8
440556	PRDM16-DT
440560	PRAMEF11
440561	PRAMEF6
440563	HNRNPCL2
440567	UQCRHL
440568	FAM131C2P
440574	MICOS10
440575	RPL21P29
440577	NPM1P39
440584	SLC2A1-DT
440585	CFAP144
440587	RPL6P1
440589	RPS2P8
440590	ZYG11A
440594	LINC01761
440595	EEF1A1P11
440600	RBM15-AS1
440602	CYMP-AS1
440603	BCL2L15
440606	HSD3BP2
440672	NUDT4B
440686	H3-7
440689	H2BC18
440695	ETV3L
440699	LRRC52
440700	CA14P1
440704	LINC01720
440712	RHEX
440714	LINC02869
440730	TRIM67
440732	RPS7P3
440737	RPL35P1
440738	MAP1LC3C
440757	LINC00851
440792	PRODHLP
440795	CA15P2
440799	P2RX6P
440804	RIMBP3B
440822	PIWIL3
440823	MIAT
440829	SHISA8
440836	CIMAP1B
440854	CAPN14
440888	ACTR3BP2
440894	LINC01123
440896	LINC03025
440900	LINC01191
440902	NPM1P32
440905	FAR2P1
440915	POTEKP
440917	YWHAEP5
440925	LINC01124
440926	H3P6
440934	CT75
440944	THUMPD3-AS1
440955	TMEM89
440956	IQCF6
440957	UQCC5
440970	LINC00971
440973	NFYBP1
440981	LOC440981
440991	RPS3P3
440992	RPS20P14
440993	MIR570HG
441009	CPEB2-DT
441013	RPS2P21
441024	MTHFD2L
441025	LINC02483
441026	HNRNPA3P13
441027	TMEM150C
441032	EEF1A1P9
441034	RPL7AP30
441046	GUSBP5
441050	PTGES3P3
441051	HSP90AA6P
441054	CFAP96
441056	DUX4L4
441058	LINC01667
441061	MARCHF11
441066	GUSBP8
441072	IL6ST-DT
441073	RPL26P19
441086	FAM169A-AS1
441094	NR2F1-AS1
441108	CARINH
441114	RPLP0P9
441116	LINC01951
441124	GTF2IP20
441131	ARPC3P5
441132	IMPDH1P9
441133	KRT18P38
441150	PEX39
441151	TMEM151B
441154	RPL7AP34
441155	ZC3H11C
441160	KRT19P1
441161	OOEP
441166	CNN2P9
441168	CALHM6
441172	NHSL1-AS1
441177	LINC00602
441178	LINC02487
441191	RNF216P1
441194	PMS2CL
441204	LINC02981
441208	ZNRF2P1
441212	RP9P
441218	KRT8P20
441228	XPOTP2
441234	ZNF716
441238	NMD3P1
441239	LOC441239
441242	LINC03006
441246	RPL35P5
441250	TYW1B
441251	SPDYE7P
441259	PMS2P13
441261	FDPSP7
441263	DTX2P1-UPK3BP1-PMS2P11
441272	SPDYE3
441273	SPDYE2
441282	AKR1B15
441294	CTAGE15
441295	OR2A9P
441307	PDGFA-DT
441308	OR4F21
441313	FAM90A4P
441314	FAM90A13
441315	FAM90A5
441317	FAM90A7
441320	VPS51P8
441323	FAM90A16
441324	FAM90A8
441326	FAM90A18
441327	FAM90A9
441328	FAM90A10
441331	FAM90A11
441332	FAM90A24
441347	LOC441347
441355	MIR2052HG
441359	REXO1L3P
441362	REXO1L6P
441374	SLEAR
441376	AARD
441377	RPS26P35
441381	LRRC24
441386	RPS26P3
441389	LINC01239
441391	RBMXP2
441394	SUGT1P1
441400	RAB1C
441410	FKBP4P7
441416	ADGRF5P2
441420	MYO5BP1
441425	ANKRD20A3P
441430	ANKRD20A2P
441432	AQP7P3
441440	RPL7AP46
441442	MYO5BP3
441452	SPATA31C1
441454	PTMAP11
441455	MKRN10P
441457	NUTM2G
441459	ANKRD18B
441476	STPG3
441478	NRARP
441481	GPX1P1
441484	HAUS1P2
441487	METTL1P1
441488	TFDP1P2
441490	FTHL18P
441495	CENPVL2
441501	LINC00891
441502	RPS26P11
441505	STIP1P3
441509	GLRA4
441511	MFN1P1
441518	RTL8B
441519	CT45A3
441521	CT45A5
441525	SPANXN4
441531	PGAM4
441533	RPL26P37
441543	TTTY6B
441548	BTBD7P1
441549	CDNF
441550	RPS4XP11
441554	DUSP8P1
441572	GAPDHP28
441581	FRG2B
441584	SSU72L4
441592	MRGPRX7P
441601	SEPTIN7P11
441608	OR5B3
441609	YWHAZP9
441623	FTLP7
441630	BRI3P2
441631	TSPAN11
441632	RPL13AP22
441639	OR9K2
441641	RPL13AP23
441642	RPL7AP9
441644	RCOR2P1
441654	SMPD4P2
441662	TET1P1
441669	OR4Q3
441670	OR4M1
441687	TEX21P
441726	RPL28P4
441727	RPL36AP45
441728	GOLGA6EP
441733	PRKXP1
441736	GOLGA8VP
441744	RPS16P7
441750	SPRING1P3
441768	RAB31P1
441771	MT1CP
441774	RPS4Y1P1
441775	RPL18P13
441781	RPL23AP76
441783	ACTG1P24
441795	HMGB3P27
441818	WBP11P1
441843	ZNF209P
441849	MSRB1P1
441864	TARM1
441869	ANKRD65
441870	PRAMEF30P
441871	PRAMEF7
441873	PRAMEF25
441876	RPS16P1
441878	RPS4XP4
441880	EEF1A1P46
441884	CALR4P
441891	WDR82P2
441893	GAPDHP29
441896	RPL7P8
441897	PGBP
441898	RPS15AP9
441899	VPS25P1
441900	HSD3BP3
441904	SSBL4P
441907	RPL6P31
441908	NBPF18P
441911	OR10J3
441915	SLC25A38P1
441925	BECN2
441931	VN1R17P
441932	OR2W5P
441933	OR13G1
441940	LIN28AP3
441951	ZFAS1
441957	FEM1AP1
441958	GXYLT1P2
441996	ACO2P1
442006	NPM1P48
442013	LDHAP3
442017	IFITM3P9
442038	SULT1C3
442042	POLR2DP1
442058	RPA3P1
442060	SAP18P2
442063	PIMREGP1
442064	PIGYP1
442075	EMC3-AS1
442078	KRT8P18
442083	HSP90AB5P
442086	RPL10P7
442087	PTOV1P1
442097	ACTG1P23
442098	MTHFD2P7
442101	OR7E162P
442104	OR7E86P
442105	OR7E85P
442108	RPL22P13
442112	SERBP1P5
442113	PTPN11P5
442114	KRT19P3
442117	GALNTL6
442131	ALG3P1
442142	SOX30P1
442153	PSMC1P11
442155	TFB2MP1
442156	PKMP5
442157	HNRNPLP1
442158	RPS26P29
442160	RPL21P62
442161	RPL7L1P20
442162	RPS4XP7
442164	DDX18P3
442167	ASS1P1
442171	RPL10P2
442172	CDCA7P1
442175	RPLP2P1
442179	OR1F12P
442181	RPSAP2
442183	OR2P1P
442184	OR2B3
442185	OR2J1
442186	OR2J3
442188	OR2J4P
442189	OR2H4P
442190	OR2B4P
442191	OR14J1
442192	DDX6P1
442194	OR10C1
442195	RPS17P1
442197	OR2I1
442204	MYL12BP3
442205	KRT18P9
442206	GPR166P
442210	TUBBP9
442211	ATP6V0CP3
442213	PTCHD4
442215	EEF1A1P42
442216	RPS17P5
442217	RPL31P28
442218	RPL31P33
442221	RCC2P7
442227	EEF1B2P5
442229	SLC25A51P1
442231	GAPDHP63
442232	RPL17P25
442233	SMARCE1P2
442234	RCN1P1
442236	KRT18P50
442237	RPS7P8
442239	PRDX2P4
442240	ZPR1P1
442242	RPL7P28
442244	PDAP1P3
442245	GSTM2P1
442247	RFPL4B
442249	KRT18P65
442252	KRT18P22
442253	NEPNP
442255	SLC25A5P7
442256	PPP1R14BP5
442257	RPS4XP9
442258	EEF1DP5
442260	RPL23AP46
442262	GAPDHP73
442263	PTPN11P3
442266	YAP1P1
442267	CCT7P1
442270	RPS12P11
442271	TUBB4BP7
442272	YKT6P1
442290	NHP2P2
442291	PSMC1P2
442292	CCDC86P1
442304	FTLP15
442308	TUBBP6
442309	IFITM3P4
442317	SAPCD2P2
442318	SAPCD2P4
442319	ZNF727
442320	SAPCD2P1
442325	EEF1DP4
442326	RPL31P38
442334	ARF1P1
442338	IRS3P
442361	OR2A2
442384	VENTXP5
442388	SDR16C6P
442389	IFITM3P8
442396	ARF1P3
442405	KRT18P66
442406	KRT18P36
442415	ATP5F1AP7
442416	ATP5F1AP1
442421	PTGER4P2-CDK2AP2P2
442425	FOXB2
442426	RPS2P34
442429	EEF1DP2
442442	RPL14P5
442444	FAM47C
442445	FTH1P29
442446	UBTFL11
442447	CLIC4P3
442454	UQCRBP1
442455	KRT8P27
442459	XRCC6P5
442460	PPIAP89
442465	SAGE4P
442479	HSFY3P
442485	OFD1P16Y
442486	ZNF736P1Y
442517	ABCE1P1
442523	DPY19L2P4
442524	DPY19L2P3
442525	SLC25A5P5
442572	SPDYE21
442578	STAG3L3
442582	STAG3L2
442590	SPDYE5
442659	RPL23P7
442660	RPL7AP38
442661	HMGB3P20
442668	NECAP1P1
442673	TUBG1P
442676	CICP8
442707	MTHFD2P5
442709	EEF1A1P28
442712	RPL7AP40
442713	PPIAP82
442720	EIF3IP1
442721	LMOD2
442723	RPL27P11
442726	RPS17P12
442727	PTMAP10
442730	ST13P17
442775	RAC1P2
442777	TECRP1
442862	PRY2
442863	PRYP1
442864	PRYP2
442865	PRYP3
442866	PRYP4
442867	BPY2B
442868	BPY2C
442890	MIR133B
442891	MIR135B
442892	MIR148B
442893	MIR151A
442894	MIR302B
442895	MIR302C
442896	MIR302D
442897	MIR323A
442898	MIR324
442899	MIR325
442900	MIR326
442901	MIR328
442902	MIR330
442903	MIR331
442904	MIR335
442905	MIR337
442906	MIR338
442907	MIR339
442908	MIR340
442909	MIR342
442910	MIR345
442911	MIR346
442912	MIR367
442913	MIR376C
442914	MIR369
442915	MIR370
442916	MIR371A
442917	MIR372
442918	MIR373
442919	MIR374A
442920	MIR196B
444882	IGFL4
445328	ARHGEF35
445329	SULT1A4
445347	TARP
445372	TRIM6-TRIM34
445571	ZNG1C
445573	ATP5MFP3
445577	FAM120A2P
445582	POTEE
445815	PALM2AKAP2
446207	ACTBP10
446209	RPS26P9
448831	FRG2
448834	KPRP
448835	LCE6A
448990	TAS2R6P
448991	TAS2R67P
449491	DEFA8P
449492	DEFA9P
449493	DEFA10P
449518	P2RY10BP
449520	GGNBP1
449619	ERVK-7
449645	SF3A3P2
450208	LCEP1
450209	LCEP2
450210	LCEP4
450211	LCEP3
450232	PHF5AP1
450234	PHF5AP5
450238	PHF5AP2
450239	PHF5AP3
450246	PHF5AP4
450250	PHF5AP6
474148	TTTY3B
474149	TTTY4B
474150	TTTY4C
474151	TTTY17B
474152	TTTY17C
474167	HDGFP1
474168	WG
474170	LRRC37A2
474174	SGCEP1
474337	SUMO1P2
474338	SUMO1P3
474341	SUMO1P5
474343	SPIN2B
474344	GIMAP6
474345	GIMAP3P
474354	LRRC18
474381	H2AB2
474382	H2AB1
474383	F8A2
474384	F8A3
492295	RAC1P3
492303	GEMIN8P4
492307	PPDPFL
492311	IGIP
493753	COA5
493754	RABGEF1P1
493812	HCG11
493813	HCG13P
493816	TUBBP4
493821	ZNF603P
493824	ZNF601P
493825	POLR2LP1
493829	TRIM72
493856	CISD2
493860	CCDC73
493861	EID3
493869	GPX8
493900	TMEM9B-AS1
493901	RNASE12
493911	PHOSPHO2
493913	PAPPA-AS1
493987	MT1P1
494115	RBMXL1
494118	SPANXN1
494119	SPANXN2
494127	NFYCP2
494141	SLC25A51P4
494143	CHAC2
494150	PHB1P19
494188	FBXO47
494197	SPANXN5
494323	MIR361
494324	MIR375
494325	MIR376A1
494326	MIR377
494327	MIR378A
494328	MIR379
494329	MIR380
494330	MIR381
494331	MIR382
494332	MIR383
494333	MIR384
494334	MIR422A
494335	MIR423
494336	MIR424
494337	MIR425
494447	COILP2
494470	ARK2C
494513	PJVK
494514	TYMSOS
494540	TBCAP1
494541	TBCAP2
494551	WEE2
494555	TWF1P2
494558	CFAP95-DT
497049	MARK2P21
497189	TIFAB
497190	CLEC18B
497258	BDNF-AS
497634	LINC00293
497661	C18ORF32
503497	MS4A13
503519	LINC00929
503538	A1BG-AS1
503542	SPRN
503543	BTF3P9
503569	RGMB-AS1
503582	ARGFX
503583	ARGFXP1
503611	TAAR7P
503612	TAAR4P
503614	DEFB107B
503618	DEFB104B
503627	TPRX2
503628	TPRX1P1
503630	DUXAP1
503631	DUXAP2
503632	DUXAP3
503633	DUXAP4
503634	DUXAP5
503635	DUXAP6
503636	DUXAP7
503637	DUXAP8
503638	DUXAP9
503639	DUXAP10
503640	ARGFXP2
503641	DPRXP1
503643	DPRXP2
503644	DPRXP3
503645	DPRXP4
503646	DPRXP5
503647	DPRXP6
503648	DPRXP7
503693	LOH12CR2
503694	DEFB108A
503834	DPRX
503835	DUXA
503837	DEFB108C
503838	DEFB109D
503839	DEFB109E
503840	DEFB108E
503841	DEFB106B
504175	OR3D1P
504180	DEFB105B
504181	OR5BN2P
504185	DEFB108D
504189	OR8U8
504190	OR8U9
504191	OR9G9
541465	CT45A6
541466	CT45A1
541468	LURAP1
541471	MIR4435-2HG
541472	IL6-AS1
541473	FKBP6P2
541565	C8ORF58
541578	EOLA2
541611	HSP90AB6P
542767	PCOTH
548313	SSX4B
548593	SLX1A
548594	KIR3DP1
548596	CKMT1A
548599	PHB1P7
548637	DUTP1
548644	POLR2J3
548645	DNAJC25
550112	UBA6-DT
550631	CCDC157
550643	NBDY
550644	SMC3P1
552853	NCRNA00250
552859	LINC00251
552860	SAMD12-AS1
552879	VENTXP6
552889	ATXN7L3B
552891	DNAJC25-GNG10
552900	BOLA2
553103	MIR3936HG
553112	FERP1
553115	PEF1
553117	RPL39P5
553118	STK33P1
553121	TLK2P2
553128	KIR2DL5B
553148	SERBP1P3
553158	PRR5-ARHGAP8
553820	EEF1A1P31
553939	TMLHEP1
554049	C1DP1
554175	DNM1P33
554201	CCDC148-AS1
554202	MIR31HG
554203	JPX
554206	LCMT1P1
554210	MIR429
554212	MIR448
554213	MIR449A
554214	MIR450A1
554224	PPIP5K1P1
554225	STRCP1
554226	ANKRD30BL
554234	RPL36AP40
554235	ASPDH
554236	DPY19L2P1
554249	FAM88D
554250	GDF5-AS1
554251	FBXO48
554279	LINC00862
554282	FAM72C
554300	KIR2DP1
554313	H4C15
554354	LARP4P
572558	PGM5-AS1
573971	DHFRP1
574016	CLLU1-AS1
574028	CLLU1
574029	DUSP5P1
574030	MIR362
574031	MIR363
574032	MIR20B
574033	MIR18B
574034	MIR433
574036	SERTAD4-AS1
574037	C1ORF134
574038	MIR431
574040	SNORA6
574042	SNORA10
574406	ADAMTSL4-AS1
574407	OBSCN-AS1
574408	MIR329-1
574409	MIR329-2
574410	MIR323B
574411	MIR451A
574412	MIR452
574413	MIR409
574414	PRR9
574431	IKBKE-AS1
574432	IBA57-DT
574433	MIR412
574434	MIR410
574435	MIR376B
574436	MIR485
574441	MIR488
574442	MIR489
574443	MIR490
574444	MIR491
574445	MIR511
574447	MIR146B
574448	MIR202
574449	MIR492
574450	MIR493
574451	MIR432
574452	MIR494
574453	MIR495
574454	MIR496
574455	MIR193B
574456	MIR497
574457	MIR181D
574458	MIR512-1
574459	MIR512-2
574460	MIR498
574461	MIR520E
574462	MIR515-1
574463	MIR519E
574464	MIR520F
574465	MIR515-2
574466	MIR519C
574467	MIR520A
574468	MIR526B
574469	MIR519B
574470	MIR525
574471	MIR523
574472	MIR518F
574473	MIR520B
574474	MIR518B
574475	MIR526A1
574476	MIR520C
574477	MIR518C
574478	MIR524
574479	MIR517A
574480	MIR519D
574481	MIR521-2
574482	MIR520D
574483	MIR517B
574484	MIR520G
574485	MIR516B2
574486	MIR526A2
574487	MIR518E
574488	MIR518A1
574489	MIR518D
574490	MIR516B1
574491	MIR518A2
574492	MIR517C
574493	MIR520H
574494	MIR521-1
574495	MIR522
574496	MIR519A1
574497	MIR527
574498	MIR516A1
574499	MIR516A2
574500	MIR519A2
574501	MIR499A
574502	MIR500A
574503	MIR501
574504	MIR502
574505	MIR450A2
574506	MIR503
574507	MIR504
574508	MIR505
574509	MIR513A1
574510	MIR513A2
574511	MIR506
574512	MIR507
574513	MIR508
574514	MIR509-1
574515	MIR510
574516	MIR514A1
574517	MIR514A2
574518	MIR514A3
574532	NUDT15P1
574533	NUDT15P2
574537	UGT2A2
574538	IQSEC3-AS3
594837	SNORD101
594838	SNORD100
594839	SNORA33
594840	ZFAT-AS1
594841	WDR45P1
594842	HAS2-AS1
594855	CPLX3
594857	NPS
595097	SNORD16
595098	SNORD18A
595099	SNORD18B
595100	SNORD18C
595101	SMG1P5
595135	PGM5P2
606293	KLKP1
606495	CYB5RL
606500	SNORD68
606551	UBE2MP1
606553	LINC02905
613037	NPIPB13
613126	CYP51A1-AS1
613204	IFITM8P
613209	DEFB135
613210	DEFB136
613211	DEFB134
613212	CTXN3
613227	HIGD1C
613253	DEFA1A3
619189	SERINC4
619190	FDPSP2
619207	SCART1
619208	FAM229B
619212	PA2G4P3
619279	ZNF704
619344	LINC01298
619349	SETP3
619351	LINC00589
619373	MBOAT4
619383	SCARNA9
619418	FAM90A21P
619423	FAM85A
619434	LINC00051
619443	RPS26P7
619445	RPL10P3
619448	RPS12P2
619449	RPIAP1
619452	RPS29P2
619455	SPANXA2-OT1
619457	UBE2WP1
619464	RPL31P9
619465	ERVK-8
619498	SNORD74
619499	SNORA27
619505	SNORA21
619518	SSBP3-AS1
619519	TWF1P1
619552	MIR483
619553	MIR484
619554	MIR486-1
619555	MIR487A
619556	MIR455
619562	SNORA3A
619563	SNORA7A
619564	SNORD72
619565	SNORA52
619567	SNORD2
619568	SNORA4
619569	SNORA41
619570	SNORD95
619571	SNORD96A
641293	RPL21P19
641298	SMG1P1
641311	RPL31P11
641312	SAR1AP2
641339	ZNF674
641364	SLC7A11-AS1
641365	LINC00616
641367	CCNYL6
641371	ACOT1
641372	ACOT6
641373	NRON
641378	ARL5AP5
641379	ARL5AP4
641380	ARL5AP2
641382	ARL5AP1
641384	LINC02912
641451	SNORA19
641455	POTEM
641456	CRIP1P2
641457	CRIP1P4
641467	TSC22D1-AS1
641515	MGAT4EP
641517	DEFB109B
641518	LEF1-AS1
641556	RPL36AP6
641613	RPL21P5
641614	RPL23AP8
641616	RPL9P3
641638	SNHG6
641648	SNORD87
641649	TMEM91
641654	HEPN1
641695	RTN4IP1P1
641700	ECSCR
641702	FAM138F
641708	HSD17B12P1
641776	SPDYE14
641790	RPL31P39
641808	FAM185BP
641842	SLC23A4P
641922	UNC93B2
641924	FAM86LP
641977	SEPTIN7P2
642006	GUSBP10
642007	GUSBP12
642236	FRG1JP
642259	GAPDHP70
642262	NCOA4P4
642273	FAM110C
642280	ZNF876P
642288	CSPG4P9
642290	SLC25A1P5
642305	MAPRE1P2
642306	RPL19P15
642311	BMS1P15
642317	GAPDHP15
642319	TAGLN2P2
642320	RPL36AP31
642337	FTLP17
642345	MIR4500HG
642357	EEF1GP5
642366	ISL1-DT
642381	SPOPLP2
642389	RBM17P2
642394	ADARB2-AS1
642395	PSPC1P1
642402	GOLGA6L17P
642413	CTSLP6
642414	TRIM64GP
642424	IGKV1OR10-1
642425	TRIM53BP
642426	LINC02297
642441	LOC642441
642443	ADH5P4
642446	TRIM64B
642448	KRT18P23
642451	RPL7P46
642460	ANKRD30BP1
642461	IARS2P1
642475	MROH6
642487	H1-8P1
642489	FKBP1C
642493	RPL29P25
642502	SDHCP5
642513	KCTD9P6
642515	PRRT1B
642517	AGAP9
642521	C1DP3
642531	RPL36P11
642538	C1DP2
642546	HK2P1
642559	POU5F1P3
642569	TRIM53AP
642574	IQANK1
642579	TRIM64HP
642580	HSPA8P14
642585	VDAC1P1
642587	MIR205HG
642592	EIF5AP4
642597	AKAIN1
642612	TRIM49C
642614	C2ORF69P2
642620	LOC642620
642623	UBTFL1
642627	MYL6P4
642631	TSPY15P
642633	FAM230B
642635	TUBAP13
642636	RAD21L1
642641	RPSAP54
642643	FAM230E
642648	LINC02939
642652	RARRES2P8
642658	SCX
642659	HNRNPA1L3
642661	TOMM40P1
642663	CICP17
642669	CDRT15P13
642683	KIF18BP1
642687	RPS11P7
642692	CEP19P1
642721	CBX3P6
642730	LOC642730
642737	SETP22
642738	RPL21P69
642740	RPL9P11
642741	RPL3P7
642746	EIF4A1P9
642757	TBC1D22A-AS1
642762	ABCD1P5
642776	DANT2
642778	NPIPA3
642791	EEF1A1P49
642796	TSPY18P
642797	DNAH10OS
642799	NPIPA2
642802	CCDC137P1
642812	API5P1
642818	ST13P21
642819	ZNF487
642826	BMS1P2
642828	RPL6P10
642840	MEP1AP1
642843	CPSF4L
642846	DDX12B
642852	LINC00205
642864	SPATA42
642869	SETP4
642879	SMARCE1P4
642888	CNN2P2
642890	NAA50P1
642892	RPS29P3
642907	NIFKP8
642909	CTBP2P4
642924	CIBAR1-DT
642934	CERNA2
642935	ADAMTS7P4
642938	INSYN2A
642943	SPATA31B2P
642946	FLVCR1-DT
642952	SNX18P2
642954	RBBP4P1
642956	FABP5P9
642958	HNRNPA1P55
642959	ALOX15P2
642968	FAM163B
642975	TMEM230P2
642976	GRIK1-AS1
642987	TMEM232
642996	NFE2L3P1
643001	DUX4L17
643003	RPS26P28
643007	RPL36AP8
643008	SMIM5
643015	NOL11P1
643031	MTND5P10
643034	DUX4L19
643037	C11ORF97
643043	SHISA5P1
643050	ACTR3BP1
643058	IFITM3P6
643067	HORMAD1P1
643072	BAZ2B-AS1
643101	RPL26P22
643115	KRT223P
643118	SRSF8BP
643126	TRIM51JP
643136	ZC3H11B
643155	SMIM15
643157	MEP1AP4
643159	ATF4P3
643160	CYMP
643161	FAM25A
643167	RBM39P1
643171	GGT4P
643172	NEFHP2
643180	CCT6P3
643181	FADS2B
643182	UBTFL8
643193	CALM2P4
643198	RBPJP6
643199	TAB3P1
643201	CEP192P1
643205	RPL36P8
643219	GPAT2P1
643220	RPL3P6
643224	TUBBP5
643226	GRXCR2
643228	GAPDHP30
643232	NRBF2P3
643236	TMEM72
643244	RDXP1
643246	MAP1LC3B2
643253	CCT6P1
643255	RARRES2P1
643263	SSU72P6
643264	RPL21P106
643276	NOC2LP1
643284	RPS29P18
643300	HSPD1P1
643308	RPL7P59
643309	ACTBP1
643310	ST13P18
643311	CT47B1
643329	KRT18P57
643332	RNASE2CP
643336	CDC42P2
643338	C15ORF62
643342	ATMINP1
643343	RPL5P4
643353	SAPCD2P3
643355	LINC01750
643358	RPS27AP16
643365	LINC00452
643371	TUBB4BP8
643373	GUSBP18
643376	BTBD18
643382	TMEM253
643384	UNC93B4
643387	TARDBPP3
643394	SPINK9
643401	PURPL
643412	BTF3P16
643414	LIPK
643418	LIPN
643421	TPT1P13
643427	RBMS2P1
643445	TRIM43CP
643446	RNPS1P1
643447	KRT8P49
643454	AP3S1P2
643459	DUSP5P2
643470	SURF6P1
643471	KRT18P12
643479	FAM25EP
643486	BRDTP1
643499	RPL11P5
643503	TARDBPP1
643507	RPL7P57
643513	KPNA2P1
643520	LOC643520
643529	LINC00865
643531	RPL29P26
643535	KCTD9P2
643536	VDAC1P10
643542	DSEL-AS1
643550	RPL12P33
643563	EEF1A1P15
643582	AKR1B10P2
643586	PKMP1
643596	RNF224
643605	CTDSPL2P1
643609	NR1H5P
643615	UBTFL6
643617	RPSAP8
643623	LINC02523
643627	RPS18P8
643630	RPL7AP76
643634	TPM4P2
643637	GLYATL1P4
643641	ZNF862
643646	HSD17B1P1
643648	LINC01189
643650	LINC00842
643653	RPL35P8
643664	SLC35G6
643668	PSMC1P9
643669	CCER2
643677	LRTM3
643680	MS4A4E
643689	HNRNPA3P3
643699	GOLGA8N
643707	GOLGA6L4
643711	PAFAH1B2P2
643714	CASC16
643719	SCGB1B2P
643723	LYPLAL1-DT
643733	CASP4LP
643739	GAPDHP31
643744	HMGN2P4
643749	TRAF3IP2-AS1
643751	CDC42P6
643752	RAP1BL
643766	PSMC1P6
643770	LINC02453
643773	PNPLA10P
643779	RPLP0P5
643783	USP46-DT
643784	NAIPP3
643790	HMGN1P38
643802	MPHOSPH10P1
643803	KRTAP24-1
643812	KRTAP27-1
643827	CNTNAP3P2
643831	PDCL3P2
643834	PGA3
643836	ZFP62
643837	LINC01128
643847	PGA4
643851	RPL31P32
643853	TMPPE
643854	CTAGE9
643858	KRT18P30
643859	FEM1AP3
643862	SPDYE10
643863	RPL17P34
643865	KRT126P
643866	CBLN3
643870	TPT1P6
643872	HMGN2P6
643873	EIF4BP7
643875	CNN3P1
643880	FKBP4P8
643884	SOCS5P5
643888	CCDC121P1
643896	ARPP19P2
643898	ARL2BPP2
643904	RNF222
643905	PRR21
643906	RPL7P27
643909	SPDYE9
643911	CRNDE
643915	MORF4L2P1
643916	RAB1AP2
643932	RPS3AP20
643936	LOC643936
643941	PHKG1P1
643949	RPLP2P3
643954	RPSAP43
643955	ZNF733P
643960	RPS2P18
643965	TMEM278
643971	RPL7P29
643974	RPL6P13
643976	FOXN3P1
643981	RPS3AP36
643987	HSFY4P
643988	FNDC10
643992	RPS2P26
643996	VDAC2P2
643997	PPIAP66
644000	ARAFP2
644013	RPS6P3
644016	HSPD1P10
644017	ZNF734P
644019	ZNG1F
644020	RPL32P23
644021	CTSLP3
644022	RPL22P19
644029	RPL7AP62
644030	KRT18P58
644032	PHKG1P2
644035	NONOP1
644037	HNRNPA1P12
644041	C18ORF63
644042	SLC25A5P6
644050	TEX14BP
644051	IDH1P1
644054	FAM25C
644058	LOC644058
644059	PYY3
644060	IGF2BP2P2
644063	HNRNPKP4
644068	RPS14P3
644070	GSG1L2
644076	GLYCAM1
644079	BCRP1
644082	RPL18AP8
644090	PRKAG2-AS2
644093	MSH2-OT1
644094	PSMC1P12
644096	SDHAF1
644100	ARL14EPL
644101	CBX3P9
644103	RPL29P18
644109	RPSAP50
644119	RPS14P9
644128	RPL23AP53
644129	HMGB1P15
644131	CCT8P1
644135	PDE7B-AS1
644138	GOT2P3
644139	PIRT
644145	EXOC1L
644146	RPS14P8
644150	WIPF3
644153	DNM1P31
644154	RPL10AP8
644157	DND1P1
644158	LRRC2P1
644159	SLC25A1P3
644160	ACTG1P19
644165	BCRP3
644166	RPS26P20
644168	DRGX
644172	MAPK8IP1P2
644186	SYCE3
644189	ACOT4P1
644191	RPS26P8
644192	NR2F2-AS1
644198	RPLP2P2
644202	RPL12P27
644213	GAPDHP32
644214	PHB1P11
644218	TRPC6P1
644220	ACTBP11
644223	RPL9P4
644233	AURKBP1
644236	RPL7AP43
644237	GAPDHP33
644242	LINC00622
644246	KANSL1-AS1
644248	SNCA-AS1
644253	MAPK8IP1P1
644256	DND1P2
644257	LOC644257
644261	SLC25A53P1
644265	CAPZBP1
644295	KIAA1143P1
644297	FAM215B
644309	RPS20P19
644310	UQCR10P1
644314	MT1IP
644315	RPS7P11
644325	ADAM20P3
644330	TPM3P5
644333	ATP5PBP3
644338	RPL37AP8
644353	ZCCHC18
644357	EEF1DP6
644378	GCNT2P1
644384	RPL23AP71
644387	MPZL1P1
644388	RPS2P47
644390	HNRNPLP2
644397	LRRC37A17P
644403	LARP1BP3
644414	DEFB131A
644422	SRSF6P2
644425	RARRES2P2
644429	HMGB3P15
644435	AGGF1P2
644436	TUBAP7
644442	HMGB3P11
644444	TMEM30CP
644449	HNRNPFP1
644451	SHQ1P1
644459	BEND3P1
644464	RPSAP61
644482	NDUFA3P3
644491	ICE2P1
644495	HSP90AB7P
644496	CTSLP4
644498	HMGN2P7
644499	RPL39P21
644502	HMGB3P18
644504	LOC644504
644509	RBM22P6
644511	RPL13AP6
644517	FAM86MP
644522	RPL31P44
644524	NKX2-4
644534	HMGN1P11
644538	SMIM10
644540	ELOCP3
644548	EXOC5P1
644563	GTF3C6P2
644566	TPM4P1
644573	SPCS2P2
644576	SNX18P9
644578	LARP1BP1
644584	EWSR1P2
644588	DNAJA1P3
644589	DNAJC19P9
644591	PPIAL4G
644596	SMIM10L2B
644600	GEMIN8P2
644601	BIN2P2
644604	EEF1A1P12
644616	ILF2P2
644619	INTS4P2
644623	TPTE2P2
644625	FUNDC2P3
644627	RPL21P107
644632	BMS1P11
644637	NF1P6
644649	APOOP5
644651	HMGB1P25
644656	ZNF143-AS1
644659	HMGB1P22
644660	RAD21-AS1
644672	CLDN25
644681	SSX2IPP1
644684	BMS1P12
644694	CDRT15P2
644714	LIMD1-AS1
644716	BMS1P13
644717	SAGE2P
644721	RPL7L1P14
644731	IGKV1OR-3
644739	WASF4P
644743	KRT8P47
644745	HSPD1P4
644754	BOLA3P3
644758	PABPC1P13
644759	TMPRSS11GP
644761	PIGHP1
644762	MFFP2
644768	SLC9B1P4
644773	ACTR3BP6
644776	RAD52P1
644777	MEP1AP2
644790	RPS15AP11
644794	LINC02604
644809	PAK6-AS1
644815	FAM83G
644820	EEF1B2P3
644834	RPL36AP36
644838	LINC01829
644844	PHGR1
644850	PDCL3P5
644861	NBPF13P
644862	RPS28P3
644871	TRAF6P1
644873	SLC12A2-DT
644877	CACYBPP2
644881	RARRES2P4
644890	MEIG1
644896	RPL7P7
644899	TERF2IPP1
644903	GCC2-AS1
644906	MDH1P2
644907	RPL32P18
644911	RPL10P5
644914	H3P16
644915	METTL15P2
644919	LINC02315
644924	GOT2P6
644928	RPS26P15
644934	RPS26P50
644935	ELF2P4
644936	LOC644936
644937	RPL10P8
644943	RASSF10
644945	KRT16P3
644961	ACTG1P20
644962	TNRC18P1
644972	RPS3AP26
644974	ALG1L2
644988	ABHD17AP6
644990	THRB-AS1
644994	SMIM23
644996	RPL32P22
644997	PIK3CD-AS1
644998	KRT8P19
645000	RPS3P6
645001	HNRNPA1P52
645015	ALG1L8P
645018	RPS2P20
645024	GAPDHP59
645027	EVPLL
645030	NFIA-AS1
645037	GAGE2B
645051	GAGE13
645054	RPL6P4
645065	RPEP2
645073	GAGE12G
645078	COL25A1-DT
645084	DBF4P1
645086	C11ORF58P1
645094	MYL12BP1
645100	LOC645100
645104	CLRN2
645108	NACAP5
645120	AIFM1P1
645121	CCNI2
645126	PFN1P6
645129	ZBTB45P1
645136	MYCLP2
645139	PAIP1P2
645142	PPIAL4D
645145	ZBED1P1
645157	RPL21P61
645158	CBX3P2
645160	RPL5P30
645161	RPL12P8
645166	LSP1P5
645173	RPS2P48
645174	RPL21P46
645175	MEMO1P2
645177	LOC645177
645180	ATOSBP1
645181	PDAP1P2
645188	LOC645188
645191	LINGO3
645201	HMGB1P26
645202	GOLGA6L24
645203	TMEM14DP
645204	HNRNPMP1
645206	LINC00693
645207	EIF4E2P2
645212	EIF3J-DT
645220	ADIPOR1P1
645224	RPL29P17
645233	TDGP1
645249	MNX1-AS1
645251	CBX1P1
645256	GAPDHP66
645257	RPL7AP37
645263	LOC645263
645264	OSTCP4
645269	TMEM256P1
645280	SMPD4P1
645292	HMGB1P6
645296	RPL17P39
645297	MRGPRX12P
645299	RPS10P24
645311	EEF1GP7
645312	GLTPP1
645313	SCDP1
645314	DNAJC17P1
645317	CHCHD2P6
645318	PHB2P1
645319	MRGPRX13P
645321	LINC01896
645323	MIR9-2HG
645324	GRPEL1P3
645326	RPSAP11
645328	MRPL40P1
645332	FAM86C2P
645339	SNRPD2P2
645345	CHCHD2P9
645348	TUBA3GP
645354	PRAMEF36P
645355	MIR3976HG
645357	KIF19BP
645359	PRAMEF26
645360	HMGB3P5
645367	GGT8P
645368	EIF3KP3
645369	TMEM200C
645373	RPL21P76
645381	TLE1P1
645382	PRAMEF33
645387	RPL6P27
645388	AP1M2P1
645398	NIFKP2
645402	USP17L4
645412	RPS16P9
645414	PRAMEF19
645415	MRGPRX11P
645422	RPL10P12
645423	SLC25A51P2
645425	PRAMEF20
645426	TMEM191C
645431	FUT8-AS1
645432	ARRDC5
645433	ISYNA1P1
645434	LINC01625
645436	HNRNPA1P63
645440	ATP5PBP6
645441	RPL17P6
645443	ATP5F1AP3
645452	RPL21P68
645453	RLIMP3
645455	CEP170P1
645468	IGF2BP3P1
645474	S100A11P3
645486	AHCYP7
645506	GYG1P3
645513	SEPTIN7P14
645520	FAM138A
645528	FAM238A
645529	ACRP1
645538	GOT2P1
645545	IGBP1C
645548	HSPD1P6
645553	IGFL2-AS1
645558	FAM90A22
645560	ATP5F1CP1
645571	PRADC1P1
645572	FAM90A23
645573	RPS4XP19
645579	EIF4BP6
645587	LINC00614
645591	LHFPL3-AS1
645598	WIZP1
645619	AK4P3
645630	RPS13P8
645638	WFDC21P
645641	MESTP3
645646	FAM32CP
645651	FAM90A14
645652	MT1XP1
645654	RPL31P48
645656	RPSAP56
645668	TUFMP1
645676	ASH1L-AS1
645680	KPNA2P2
645682	POU5F1P4
645683	RPL13AP3
645686	GTF2IP3
645687	LINC00520
645688	RPL12P38
645691	HNRNPA1P35
645693	EEF1A1P22
645694	HTR5BP
645700	ZNF890P
645713	RPS10P23
645715	EEF1A1P24
645740	NOS2P1
645744	TAF5LP1
645745	MT1HL1
645752	GOLGA6FP
645754	LGALS9DP
645763	ITSN1P1
645771	PARP4P2
645773	TUBAP10
645784	ANKRD36BP2
645798	RPL3P3
645805	DAZAP2P1
645807	RPL5P10
645808	HSPD1P2
645809	RPL23AP56
645811	CCDC154
645832	SEBOX
645834	KRT8P15
645836	USP17L3
645841	TMEM248P1
645843	TMEM14EP
645846	RPL7AP58
645852	SF3A2P1
645853	NAXEP1
645857	RPS10P17
645859	MIX23P1
645862	CHCHD4P1
645864	MAGEB17
645877	NREPP1
645879	FAM90A12
645884	RPS7P5
645899	RPS28P4
645900	LAPTM4BP1
645916	RPS11P2
645918	RPS13P7
645922	S100A7L2
645927	MCFD2P1
645930	HMGN2P31
645931	FEN1P1
645938	CAPZA1P3
645939	THAP12P8
645940	HNRNPA1P32
645949	LINC01822
645950	HNRNPA1P1
645954	SVIL2P
645957	RPS3P7
645958	RPS18P9
645960	RPL10P19
645961	SPATA31C2
645962	RPL23AP20
645968	RPS3AP25
645969	SELENOTP1
645973	ATP5PBP2
645974	PABPC1L2B
645978	ACER2P1
645979	RPS26P31
645980	CFL1P4
645984	LOC645984
645993	RPL31P57
645996	NAP1L6P
645998	RPL10AP5
646000	SLC35G4
646013	RPS17P3
646014	LOC646014
646016	YWHAZP8
646019	CBY3
646023	ADORA2A-AS1
646024	RAET1K
646029	LINC03030
646049	HMGN2P20
646050	AIDAP1
646052	SLC20A1P3
646065	PMM2P2
646066	TAF11L5
646070	CICP18
646074	POM121L10P
646077	RPL29P23
646080	RAB11FIP1P1
646083	PA2G4P6
646085	PSMC1P7
646086	WDR45BP1
646087	IMP3P1
646090	RHPN2P1
646093	RPS8P7
646096	CHEK2P2
646103	TAF11L3
646104	RPL32P16
646108	RPS7P14
646113	SERTAD4BP
646114	AKAP8P1
646119	RPS8P4
646120	SPICP1
646127	TERF1P7
646140	RPL7L1P19
646161	RPL26P21
646164	DDX39AP1
646168	LRRC77P
646171	EIF4A2P1
646174	C16ORF90
646175	RPL36AP48
646177	SPATA31E2P
646189	RPL18AP13
646192	NOP56P1
646193	TRAPPC13P1
646195	RPS28P7
646196	SMARCE1P6
646201	BASP1P1
646202	TLK2P1
646208	NUS1P2
646213	SS18L2P1
646216	RPS3AP55
646218	PRDX2P2
646227	ARPP19P1
646231	AGPAT5P1
646233	RPS27P10
646241	LINC02223
646243	CXADRP2
646249	PCED1CP
646255	RPL19P16
646260	SAR1AP1
646262	LACTBL1
646268	LINC01704
646269	RPS4XP8
646270	ELL2P1
646273	HSPD1P15
646278	PDCD6IPP2
646282	AZGP1P1
646294	RPS2P29
646300	COL6A4P2
646309	NAMPTP1
646316	TERF1P3
646324	LINC00607
646330	BTBD6P1
646346	RPL7P58
646348	ARL6IP1P2
646359	TERF1P2
646360	TMEM161BP1
646362	FTH1P13
646366	MAS1LP1
646370	IGHV1OR15-3
646377	PYHIN5P
646378	DDX18P5
646379	IGHV1OR15-4
646382	DPPA5P1
646383	ZBTB44-DT
646390	IRX1P1
646392	NIP7P2
646396	REREP3
646405	TPTE2P1
646408	BBLNP2
646409	DGAT2L7P
646417	RPL29P5
646424	SPINK8
646433	RPL32P19
646440	CCT3P1
646442	SNX19P3
646446	RPL27P2
646450	ARIH2OS
646457	C19ORF67
646463	UBE2HP1
646467	CNN2P1
646476	RPL7AP39
646479	ADAM24P
646480	FABP9
646483	RPL6P19
646486	FABP12
646489	RPL21P70
646498	CIMIP7
646505	CLK3P1
646507	SPATA31E3P
646508	FAM90A27P
646517	WTAPP2
646520	SUCLA2P1
646522	LINC02743
646526	HMGB1P18
646527	RPS3AP44
646531	YBX1P2
646532	RPL19P5
646538	RPL7P10
646555	ARID3BP1
646557	OSTCP3
646566	RPLP1P12
646567	OSTCP2
646572	CHCHD3P3
646575	CYP4F10P
646576	HHIP-AS1
646577	HMGB1P16
646581	IFNWP2
646583	RPS4XP18
646588	LINC03007
646592	ZNF652P1
646595	UBE2CP2
646597	CHMP1AP1
646600	IGF2BP2-AS1
646603	C4ORF51
646609	CLIC4P1
646612	EEF1A1P25
646614	BUB3P1
646616	TMEM183AP2
646619	ATP5MC1P3
646620	RPL3P8
646624	RPL27P4
646625	URAD
646626	BCL10-AS1
646627	LYPD8
646630	CHCHD2P8
646639	TOMM40P3
646640	TTC39DP
646641	RPL7L1P7
646643	SBK2
646644	LLPHP3
646658	SYNDIG1L
646660	RPS20P26
646663	RFPL4AP1
646666	NAXEP2
646670	LOC646670
646672	RPL15P20
646674	SSBP3P6
646685	RPL23AP41
646688	RPL4P2
646693	CNN2P10
646696	MLXP1
646698	ZSCAN5DP
646701	DPPA5P4
646702	HLA-DPA2
646709	NDUFAF1P1
646710	RPL19P4
646719	NIPBL-DT
646721	SINHCAFP3
646723	KRT18P31
646730	LRRC78P
646737	RPS14P6
646743	PRSS40B
646745	GTF3C6P3
646753	RPS26P2
646754	TRIM64C
646755	MFAP1P1
646758	PTPN2P2
646759	UBTFL7
646762	MIR550A3HG
646766	RPL35P2
646767	LOC646767
646770	TRIM77BP
646780	PHKA1P1
646784	RPL5P6
646785	RPS10P13
646787	RPL31P37
646791	ANP32BP1
646794	SNF8P1
646797	ENPEPP1
646799	ZAR1L
646801	PANK3P1
646802	CYP4F62P
646808	LAGE3P1
646817	SETSIP
646819	RPS15AP19
646820	RPL19P19
646836	LOC646836
646837	EEF1GP1
646839	TPM3P8
646849	NPM1P28
646851	FAM227A
646862	RNF225
646864	ZNF723
646865	LOC646865
646873	PRELID3BP10
646875	RPL12P2
646877	GAPDHP34
646879	ARL2BPP3
646884	RPL29P28
646890	AIDAP2
646891	ENTR1P2
646892	SH2D7
646898	RPL12P40
646909	RPL17P33
646910	HSPD1P9
646912	RPL7P52
646913	SEPTIN7P3
646915	ZNF285CP
646929	ANKRD26P2
646936	CTBP2P5
646942	RPS10P14
646949	RPL23P6
646951	MINDY4B
646954	YWHAQP4
646956	HNRNPCP3
646960	PRSS56
646962	HRCT1
646966	RPL26P16
646970	C5ORF15P1
646976	RALGPS2-AS1
646981	PTPN2P1
646982	LINC00598
646985	RPS12P25
646993	HMGB3P24
646996	RAB42P1
646999	LOC646999
647000	TUBBP2
647001	GAPDHP35
647002	IDI1P1
647009	RWDD4P2
647012	YY1P2
647013	KCTD9P3
647015	CDC37P2
647016	EIF2S2P7
647020	LOC647020
647024	C6ORF132
647030	EEF1B2P6
647033	PA2G4P4
647034	RPS14P10
647042	GOLGA6L10
647044	FAM220BP
647047	TCP1P1
647051	YWHABP1
647060	SPATA31A1
647070	DHX9-AS1
647076	BRD7P2
647081	SDHDP2
647085	PPIAP25
647086	ADISSPP2
647087	STMP1
647094	RPLP0P11
647099	RPL23AP42
647102	ELK1P1
647107	LINC01192
647112	RPL27P6
647121	EMBP1
647123	UQCRFS1P2
647135	SRGAP2B
647144	ABHD17AP8
647145	SRSF8CP
647150	ABCE1P2
647155	RPS15AP20
647156	ACTR3BP3
647158	RPSAP33
647162	KRT18P33
647166	C13ORF42
647167	EEF1A1P14
647169	GSTA12P
647174	SERPINE3
647175	GSTA11P
647177	GSTA10P
647187	IGHV3OR16-6
647190	RPS16P5
647195	PRR13P1
647201	RPL23AP16
647215	MROH3P
647219	ASCL5
647236	RPL39P15
647249	GAPDHP36
647253	RNF13P1
647264	LOC647264
647265	CYP2AB1P
647275	PNPP1
647276	RPL4P4
647285	RPL29P9
647286	RD3L
647288	CTAGE11P
647298	HSPD1P8
647299	ENOPH1P1
647302	LSM3P3
647307	PEBP1P2
647309	GMNC
647310	TEX22
647317	GYG1P2
647319	VEZF1P1
647323	LINC02026
647415	ALG1L5P
647436	RPL5P1
647476	FRG2EP
647507	CNN2P4
647532	FARSBP1
647569	PFN1P12
647589	ANHX
647654	CDC27P5
647696	CDC27P1
647859	OCLNP1
647946	MIR924HG
647979	NORAD
648000	RPL7P23
648217	RPL37P23
648262	CICP26
648283	TERF1P4
648294	RPL23AP57
648315	VN2R9P
648343	RPS29P9
648359	ABHD17AP3
648442	EIF3IP2
648532	NRBF2P1
648630	TSSK5P
648729	RPS15AP24
648740	ACTG1P4
648791	PPP1R3G
648809	EFL1P1
648822	HMGN2P18
648927	KAT7P1
648947	AKR1C7P
648980	BCRP5
648987	ANXA2R-OT1
649024	CSP2
649133	POU2F3-AS1
649137	ZSCAN5C
649159	LINC00273
649166	EIF3JP3
649179	PRAMENP
649186	VN2R17P
649201	LOC649201
649238	PNMA6E
649264	CES5AP1
649288	AK4P6
649299	RPL36AP51
649305	LOC649305
649324	PRAMEF34P
649330	HNRNPCL3
649395	YWHAEP1
649446	DLGAP1-AS1
649458	MPTX1
649489	PPP1R2P5
649620	CDC27P6
649783	LOC649783
649873	PPIAP53
649925	SETP16
649935	LOC649935
649946	RPL23AP64
650059	RPL21P82
650172	CCT4P1
650181	PRXL2CP1
650236	PRAMEF32P
650293	OR7E85BP
650368	TSSC2
650474	TPSP2
650560	DDX3P3
650623	BEND3P3
650655	ABCA17P
650669	GAS6-AS1
650747	IMPA1P1
650788	RPS28P9
650794	MIPEPP3
650808	RPL4P1
650866	TRPC6P2
650901	RPS2P12
650983	RCC2P1
651053	DDX18P2
651144	NACAP2
651249	RPL34P27
651250	LRRC37A16P
651258	GAPDHP37
651302	ZKSCAN8P1
651452	POM121L3P
651600	RPL36P16
651628	EEF1GP3
651714	MUC20P1
651746	ANKRD33B
651815	KLF3P1
652170	COX4I1P2
652411	RPSAP44
652423	NPM1P36
652489	SUMO2P3
652624	RPSAP46
652670	RPS3AP15
652873	IGKV2OR2-7
652904	CKS1BP6
652959	BTF3P5
652960	BTF3P7
652961	BTF3P8
652963	BTF3P12
652964	BTF3P3
652965	SNORA48
652966	SNORD10
652968	CASTOR1
652969	SLC6A21P
652972	LRRC37A5P
652974	RPL17P2
652975	RPL21P6
652978	RPL7AP2
652980	RPS28P1
652983	RPL35AP2
652985	RPL7AP4
652991	SKOR2
652995	UCA1
653017	TBC1D3P3
653042	REXO1L4P
653045	PTPN20CP
653061	GOLGA8S
653067	XAGE1B
653073	GOLGA8J
653075	GOLGA8T
653079	RPL21P98
653080	GUSBP16
653082	ZDHHC11B
653108	CXADRP1
653113	FAM86FP
653115	HNRNPA3P6
653121	ZBTB8A
653122	LSM12P1
653123	FAM74A6
653125	GOLGA8K
653140	FAM228A
653145	ANXA8
653147	RPL26P30
653149	NBPF6
653155	PRPF4BP1
653156	RPL21P53
653160	GPR199P
653162	RPSAP9
653163	LCN1P2
653166	OR1D4
653174	TSPY6P
653175	HAUS6P1
653188	GUSBP3
653189	BTF3L4P2
653190	ABCC6P1
653192	TRIM43B
653194	KHDC1P1
653199	TCAF1P1
653203	FAM230A
653214	PPIAP22
653220	XAGE1A
653226	SRP9P1
653232	RPL15P3
653234	AGAP10P
653236	RPL23AP49
653238	GTF2H2B
653240	KRTAP4-11
653247	PRB2
653259	AGAP14P
653268	AGAP7P
653269	POTEI
653275	CFC1B
653282	CT47A7
653288	TSPY7P
653308	ASAH2B
653314	RPL19P9
653316	FAM153CP
653319	MATCAP1
653333	FAM86B2
653354	ARMCX7P
653361	NCF1
653363	TEX28P2
653364	HSPB1P2
653380	LOC653380
653381	SORD2P
653390	RRN3P2
653394	PGM5P1
653399	GSTTP2
653404	FOXD4L6
653406	NAIPP4
653423	SPAG11A
653427	FOXD4L5
653435	GUSBP6
653436	ANKRD20A7P
653437	AQP12B
653440	WASH6P
653441	PHC1P1
653447	HNRNPCP2
653453	FGF7P5
653458	BMS1P9
653464	SRGAP2C
653479	MRPL45P2
653483	AFDN-DT
653486	SCGB1C2
653489	RGPD3
653492	PSG10P
653499	LGALS7B
653505	PPIAL4A
653509	SFTPA1
653510	ZNG1DP
653513	LOC653513
653519	GPR89A
653543	DUX4L7
653544	DUX4L6
653545	DUX4L5
653548	DUX4L3
653550	TP53TG3C
653553	HSPB1P1
653557	BMS1P8
653566	SPCS2P4
653567	TMEM236
653579	CD177P1
653583	PHLDB3
653588	SSBL2P
653590	GGTLC5P
653598	PPIAL4C
653604	H3C13
653606	PRAMEF22
653619	PRAMEF15
653635	WASH7P
653639	LYPLA2P1
653641	GOLGA6C
653643	GOLGA6D
653645	TBC1D3P1-DHX40P1
653650	PDPK2P
653656	MBD3L4
653657	MBD3L3
653658	RPS23P8
653659	TMEM183BP
653665	RPL21P93
653677	SEC1P
653687	FAM226B
653689	GSTT2B
653691	TCAF2P1
653702	RPL7P9
653707	PDCL2P1
653712	IFT122P3
653720	GOLGA8M
653737	RPL21P119
653753	VN1R6P
653758	TPM3P6
653773	RPL31P17
653781	POTEJ
653784	MZT2A
653786	OTOAP1
653789	RPL23AP25
653794	TRIM60P14
653805	RPS27P8
653808	ZG16
653820	FAM72B
653857	ACTR3C
653895	PGGT1BP1
653924	GPAT2P2
654029	RPS10P15
654170	RPS16P8
654231	OCM
654254	ZNF732
654319	SNORA5A
654320	SNORA8
654321	SNORA75
654322	SNORA13
654337	BCYRN1P3
654340	RNPC3P1
654342	LSP1P4
654346	LGALS9C
654348	PRAMEF16
654350	RPL9P25
654364	NME1-NME2
654365	RPS27P3
654369	RPL37P5
654370	RPL7AP3
654371	RPS15AP4
654376	RPL12P9
654381	RPL7P5
654382	RPL19P2
654383	RPL13P4
654385	RPL21P15
654386	RPL26P5
654387	RPL31P6
654388	RPL32P2
654390	RPS27P2
654391	RPL31P7
654392	RPL39P4
654412	FAM138B
654427	PCNPP1
654429	LRTM2
654433	PAX8-AS1
654434	SNHG20
654463	FER1L6
654466	FGF7P3
654480	ATP5MC2P4
654483	BOLA2B
654484	ATP5MFP5
654485	ATP5MFP4
654486	ATP5MFP6
654499	FAM30C
654500	H2AZ2P1
654502	IQCJ
654503	HMGB1P9
654505	H3P38
654506	RPSAP7
654780	ADAD2-AS1
654783	IFNNP
654790	PCP4L1
654816	NCF1B
654817	NCF1C
654835	FAM138C
654841	MFF-DT
664611	H3P37
664612	MIR539
664613	MIR544A
664614	MIR545
664615	MIR376A2
664616	MIR487B
664617	MIR542
664618	HSP90AB4P
664701	ZNF826P
664709	HNRNPA1P10
664721	HNRNPA1P27
664722	HNRNPA1P26
677679	SCARNA3
677681	SCARNA20
677762	SAP30P1
677763	SCARNA21
677765	SCARNA18
677766	SCARNA2
677767	SCARNA7
677768	SCARNA13
677769	SCARNA17
677770	SCARNA22
677771	SCARNA4
677772	SCARNA6
677773	SCARNA23
677774	SCARNA1
677775	SCARNA5
677776	SCARNA8
677777	SCARNA12
677778	SCARNA15
677779	LINC00488
677780	SCARNA11
677781	SCARNA16
677784	FAM138D
677790	TMEM78
677792	SNORA1
677793	SNORA2A
677794	SNORA2B
677795	SNORA5B
677796	SNORA5C
677797	SNORA7B
677798	SNORA9
677799	SNORA11
677800	SNORA12
677801	SNORA14A
677802	SNORA14B
677803	SNORA15
677804	SNORA17A
677805	SNORA18
677806	SNORA20
677807	SNORA22
677808	SNORA23
677809	SNORA24
677810	SNORA26
677811	SNORA28
677812	SNORA29
677813	SNORA30
677814	SNORA31
677815	SNORA2C
677816	SNORA35
677817	SNORA36A
677818	SNORA36B
677819	SNORA37
677820	SNORA38
677821	SNORA71E
677822	SNORA40
677823	SNORA80E
677824	SNORA17B
677825	SNORA44
677826	SNORA3B
677827	SNORA46
677828	SNORA47
677829	SNORA49
677830	SNORA50A
677831	SNORA51
677832	SNORA53
677833	SNORA54
677834	SNORA55
677835	SNORA56
677836	SNORA58
677837	SNORA60
677838	SNORA61
677839	SNORA71C
677840	SNORA71D
677841	SNORA74B
677842	SNORA50C
677843	SNORA77
677844	SNORA78
677845	SNORA79
677846	SNORA80A
677847	SNORA81
677848	SNORD1A
677849	SNORD1B
677850	SNORD1C
677880	THEM4P1
677882	SNORA59B
677883	CHTF8P1
677885	SNORA59A
678655	CD27-AS1
678656	DNAJC2P1
684959	SNORA25
692053	SNORD9
692057	SNORD12
692058	SNORD11
692063	SNORA32
692072	SNORD5
692073	SNORA16A
692075	SNORD6
692076	SNORD7
692084	SNORD13
692085	SNORD45C
692086	SNORD17
692087	SNORD49B
692088	SNORD50B
692089	SNORD19
692090	SNORD59B
692091	SNORD23
692092	SNORD32B
692093	SNORD62B
692094	MSMP
692099	FAM86DP
692106	SNORD65
692107	SNORD66
692108	SNORD67
692109	SNORD69
692110	SNORD70
692111	SNORD71
692146	RPS26P4
692147	HMGB1P8
692148	SCARNA10
692149	SCARNA14
692157	SNORA16B
692158	SNORA57
692159	TAMALIN-AS1
692195	SNORD75
692196	SNORD76
692197	SNORD77
692198	SNORD78
692199	SNORD84
692200	SNORD103C
692201	SNORD86
692202	SNORD88A
692203	SNORD88B
692204	SNORD88C
692205	SNORD89
692206	SNORD90
692207	SNORD91A
692208	SNORD91B
692209	SNORD92
692210	SNORD93
692211	SNORD98
692212	SNORD99
692213	SNORD110
692214	SNORD111
692215	SNORD112
692223	SNORD97
692224	FBXO22-AS1
692225	SNORD94
692226	SNORD96B
692227	SNORD104
692229	SNORD105
692231	RHEBP3
692233	SNORD117
692234	SNORD103A
692235	SNORD103B
692236	SNORD116@
692246	COA1P1
692247	LMNTD2-AS1
692312	PPAN-P2RY11
693120	MIR33B
693121	MIR411
693122	MIR421
693123	MIR449B
693124	MIR532
693125	MIR548A1
693126	MIR548A2
693127	MIR548A3
693128	MIR548B
693129	MIR548C
693130	MIR548D1
693131	MIR548D2
693132	MIR549A
693133	MIR550A1
693134	MIR550A2
693135	MIR551A
693136	MIR551B
693137	MIR552
693138	MIR553
693139	MIR554
693140	MIR555
693141	MIR556
693142	MIR557
693143	MIR558
693144	MIR559
693146	MIR561
693147	MIR562
693148	MIR563
693149	MIR564
693152	MIR567
693153	MIR568
693154	MIR569
693155	MIR570
693156	MIR571
693157	MIR572
693158	MIR573
693159	MIR574
693160	MIR575
693161	MIR576
693162	MIR577
693163	MIR578
693164	MIR579
693165	MIR580
693166	MIR581
693167	MIR582
693168	MIR583
693169	MIR584
693170	MIR585
693171	MIR586
693172	MIR587
693173	MIR588
693174	MIR589
693175	MIR590
693176	MIR591
693177	MIR592
693178	MIR593
693180	MIR595
693181	MIR596
693182	MIR597
693183	MIR598
693184	MIR599
693185	MIR600
693186	MIR601
693187	MIR602
693188	MIR603
693189	MIR604
693190	MIR605
693191	MIR606
693192	MIR607
693193	MIR608
693194	MIR609
693195	MIR610
693196	MIR611
693197	MIR612
693198	MIR613
693199	MIR614
693200	MIR615
693201	MIR616
693202	MIR617
693203	MIR618
693204	MIR619
693205	MIR620
693206	MIR621
693207	MIR622
693208	MIR623
693209	MIR624
693210	MIR625
693211	MIR626
693212	MIR627
693213	MIR628
693214	MIR629
693215	MIR630
693216	MIR631
693217	MIR632
693218	MIR633
693219	MIR634
693220	MIR635
693221	MIR636
693222	MIR637
693223	MIR638
693224	MIR639
693225	MIR640
693226	MIR641
693227	MIR642A
693228	MIR643
693229	MIR644A
693230	MIR645
693231	MIR646
693232	MIR647
693233	MIR648
693234	MIR649
693235	MIR92B
723778	MIR650
723779	MIR651
723790	H2AC19
723961	INS-IGF2
723972	ANP32AP1
724022	MIR652
724023	MIR653
724024	MIR654
724025	MIR655
724026	MIR656
724027	MIR657
724028	MIR658
724029	MIR659
724030	MIR660
724031	MIR661
724032	MIR662
724033	MIR663A
724034	CEND1P2
724038	BDP1P
724059	TMEM97P2
724066	ATXN8
724067	DEFA7P
724068	DEFA11P
724087	LINC01545
724094	FAM27D1
724101	SS18L2P2
724102	SNHG4
727676	SNORD118
727677	CASC8
727682	TAB3-AS1
727684	TMEM51-AS2
727686	SNURFL
727699	LINC00163
727701	LINC00165
727703	IGFL1P1
727704	IGFL1P2
727708	SNORD116-19
727713	METAP2P1
727736	SH3GL1P3
727747	RPL22P12
727758	ROCK1P1
727764	MAFIP
727768	TEKT4P1
727789	RWDD1P3
727792	RPL31P31
727795	HMGN2P5
727800	RNF208
727805	POM121L14P
727810	RPL21P17
727821	RPL21P45
727826	RPS11P5
727828	TRIM64DP
727830	SPATA31A3
727831	RPL13AP8
727832	GOLGA6L6
727833	IMPDH1P11
727835	RPL9P16
727837	SSX2B
727838	CT47C1
727842	RBBP4P4
727851	RGPD8
727856	DDX11L16
727857	BHLHA9
727859	C4BPAP1
727865	RPL9P32
727866	FAM156B
727874	WBP11P3
727879	C1DP4
727884	IGF2BP2P1
727896	CHORDC1P4
727897	MUC5B
727905	SPATA31A5
727909	GOLGA8Q
727910	TLCD2
727914	BMS1P16
727915	AGBL1-AS1
727919	NDUFAF2P1
727924	LINC02203
727930	CSPG4BP
727936	GXYLT2
727940	RHOXF2B
727941	SLC25A24P1
727944	LINC01874
727951	RPS3AP16
727956	SDHAP2
727957	MROH1
727961	LOC727961
727964	C2ORF69P1
727969	TSPY16P
727970	RPS3AP43
727982	LINC01249
727984	RPL17P22
727987	FAM207CP
727991	SLC35E1P1
727993	PDYN-AS1
727997	RPS12P9
728002	RPL15P17
728005	AGAP13P
728010	RPL35P3
728012	MCHR2-AS1
728015	RPS7P15
728019	HNRNPA1P67
728022	DUX4L14
728023	H2AZP3
728026	PTMAP12
728034	BMS1P23
728036	CT47A10
728039	SSR4P1
728040	LINC02499
728042	CT47A9
728045	PPBPP1
728047	GOLGA8O
728048	IFITM3P1
728049	CT47A8
728056	IQSEC3P3
728062	CT47A6
728064	CUBNP1
728066	FAM133DP
728072	CT47A5
728075	CT47A4
728081	LINC00290
728082	CT47A3
728084	LINC02458
728088	RPL15P18
728090	CT47A2
728095	SLIT3-AS1
728096	CT47A1
728097	FAM8A2P
728100	LOC728100
728106	RPL23AP50
728111	HMGN1P31
728113	ANXA8L1
728115	SINHCAFP2
728116	ZBTB8B
728118	NUTM2A
728121	CSPG4P12
728126	RPSAP30
728128	RPL7AP26
728130	NUTM2D
728132	TSPY9
728134	RPL23AP18
728137	TSPY3
728139	RPL7AP70
728143	CHCHD4P4
728157	ANKRD20A6P
728162	ST13P11
728167	KRT8P31
728169	DUX4L16
728170	HNRNPA1P50
728175	LINC02363
728178	OTULIN-DT
728179	RPL7AP36
728190	NUTM2A-AS1
728192	LINC00460
728194	RSPH10B2
728195	FGF7P4
728196	MIR34BHG
728202	RPL36AP7
728207	RPL23AP75
728215	NALF1
728218	FAM245A
728224	KRTAP4-8
728226	GGTLC3
728228	LINC01433
728229	TMEM191B
728231	UBTFL5
728233	PI4KAP1
728234	HMGN2P16
728239	MAGED4
728244	RPS12P29
728248	ABCB10P3
728255	KRTAP1-4
728262	FAM157A
728263	ALG1L7P
728264	CARMN
728269	MAGEA9B
728276	CLEC19A
728279	KRTAP2-2
728290	LINC02027
728294	D2HGDH
728299	KRTAP19-8
728300	KRT18P5
728310	GOLGA6L7
728311	RPL26P24
728315	RPL7AP31
728317	PWWP4
728318	KRTAP9-1
728323	LINC01881
728324	CHCHD2P2
728325	HMGN1P21
728327	LINC02667
728333	NCOA4P2
728339	FRG1-DT
728340	GTF2H2C
728342	LINC00992
728343	NXF2B
728344	GLRX3P2
728350	EIF2S2P4
728358	DEFA1B
728361	OVOL3
728365	RPL6P16
728366	BCLAF1P1
728369	USP17L24
728373	USP17L25
728374	RPL9P21
728375	LOC728375
728377	ARHGEF34P
728378	POTEF
728379	USP17L26
728380	RPL7P26
728381	NRBF2P4
728386	USP17L5
728388	DNM1P30
728392	SMIM48
728393	USP17L27
728395	TSPY4
728400	USP17L28
728402	TPI1P3
728403	TSPY8
728405	USP17L29
728407	PARGP1
728409	LINC01548
728410	DUX4L2
728411	GUSBP1
728418	POM121L7P
728419	USP17L30
728428	RPS15P1
728430	FAM90A20
728431	LITATS1
728432	ICE2P2
728433	FGF7P7
728434	LINC02871
728441	GGT2P
728447	TEX28P1
728448	PPIEL
728450	LINC00687
728453	RPS28P6
728458	OPN1MW2
728463	TGFB2-AS1
728464	METTL24
728467	SNX5P2
728468	BCRP6
728477	GOLGA2P8
728481	RPL23AP21
728484	RPL23AP61
728485	ZNF850-DT
728486	RPL7AP64
728489	DNLZ
728492	SERF1B
728493	DPPA3P1
728495	FAM74A3
728498	GOLGA8H
728501	RPL21P75
728505	WDR82P1
728509	RPS19P7
728513	PNMA6B
728517	RPL23AP24
728519	NAIPP2
728523	RPL9P17
728524	SPDYE8
728532	DYNC1I2P1
728535	NAIPP1
728537	C2ORF92
728538	RPL23AP77
728549	CHP1P1
728553	RPS8P8
728556	MEMO1P1
728558	ENTPD1-AS1
728562	RPSAP45
728564	GMPSP1
728567	RPL23AP48
728568	UQCC6
728572	RPL32P11
728576	RPL15P7
728577	CNTNAP3B
728586	CCDC192
728588	MS4A18
728589	NAP1L4P1
728590	RPS27AP11
728591	CCDC169
728597	DCDC2C
728599	CIAPIN1P
728602	OAZ1P1
728606	PCAT18
728609	SDHAP3
728611	BMS1P10
728613	PDCD6P1
728614	DNAJA1P4
728615	CICP13
728619	ASB9P1
728620	RPL7P22
728621	CCDC30
728622	SKP1P2
728629	TPI1P4
728632	HMGN2P3
728633	GTF2F2P2
728635	DHRS4L1
728637	MEIKIN
728638	KRT8P3
728640	FAM133CP
728641	FABP5P7
728642	CDK11A
728643	HNRNPA1P33
728655	HULC
728656	DMRTC1B
728657	DUSP8P2
728658	RPL13AP5
728661	SLC35E2B
728664	API5P2
728666	PRELID1P1
728673	FAM88B
728675	SMCO4P1
728689	EIF3CL
728693	RPL21P105
728695	SPANXB1
728698	EIF4A1P4
728700	RPS3AP19
728706	SUGT1P2
728710	FAM177A1P1
728712	SPANXA2
728715	OVOS1BP
728716	LINC01346
728723	ZBED3-AS1
728724	LINC00977
728729	FABP5P8
728730	MAP4K3-DT
728732	HNRNPA1P53
728734	NPIPB8
728737	TATDN1P1
728741	NPIPB6
728746	FAM90A17
728747	ANKRD20A4P
728748	THAP12P1
728752	ZNF566-AS1
728753	FAM90A19
728755	MIR3171HG
728758	PIN4P1
728763	CROCC2
728769	SCAMP1-AS1
728770	DNM1P5
728773	PABPC1P2
728774	RPS15AP25
728776	HMGN1P37
728780	ANKDD1B
728782	RPL21P134
728788	ANKRD20A20P
728791	RPS10P4
728798	FRMPD2B
728806	NSFP1
728815	CRLF3P1
728819	C1GALT1C1L
728820	RPL29P15
728823	RPS26P53
728825	SUMO2P21
728833	FAM72D
728841	NBPF8
728843	RPL7P20
728851	HMGN1P36
728855	LINC00623
728858	C12ORF71
728873	PTMAP8
728882	FAM182B
728887	CCNB1IP1P1
728888	NPIPB11
728911	CT45A2
728913	RCN1P2
728917	ABHD17AP1
728920	PDE4DIPP1
728921	HAUS1P1
728927	ZNF736
728929	ELOA3BP
728931	AMD1P3
728933	RPL23AP60
728937	RPS26P25
728938	SUB1P1
728945	PPIAL4F
728947	ZNF680P1
728953	RPS19P3
728957	ZNF705D
728962	RPL7P56
728963	RPS15AP10
728970	PPP1R2P4
728971	RPS27AP7
728975	CAPN1-AS1
728978	UNC5B-AS1
728979	RPL10AP9
728989	LOC728989
728990	SLC9A3P3
728992	RPL7AP11
728996	METTL8P1
729004	RPL9P2
729009	FTH1P20
729012	SKA2P1
729013	ZBED5-AS1
729020	RPEL1
729023	NUTM2HP
729025	SLC15A5
729032	RPL36P20
729041	FAAHP1
729042	RPL29P3
729046	RPL17P50
729050	KRT18P29
729056	JCADP1
729057	TOMM40P2
729059	TEX46
729073	CIBAR1P1
729075	RPL36AP23
729079	RPSAP21
729082	OIP5-AS1
729083	CCDC13-AS2
729085	GASK1A
729086	VOPP2P
729092	AGAP5
729096	BMS1P4
729097	RPS4XP14
729101	IMMP1LP1
729102	HNRNPA1P22
729119	HMGB2P1
729121	RGPD4-DT
729123	RPL7P21
729126	GRPEL1P1
729131	KRT8P7
729138	RPLP1P2
729146	RPL9P28
729148	NUS1P1
729150	RPS3AP14
729156	GTF2IRD1P1
729159	NPAP1L
729162	FAM239B
729163	FABP5P2
729171	ANKRD20A8P
729176	KATNBL1P6
729177	NBAT1
729178	STXBP5-AS1
729182	FAM91A3P
729188	RPS26P58
729196	UNC93B5
729198	ANAPC10P1
729201	SPACA5B
729203	RPL31P30
729208	RPL21P14
729209	RPSAP26
729211	KRT18P15
729212	RPL13AP26
729215	RPL32P29
729220	FLJ45513
729224	KIAA2012-AS1
729230	CCR2
729233	PRR20B
729234	FAHD2CP
729236	RPS13P2
729238	SFTPA2
729240	PRR20C
729241	RPL21P117
729246	PRR20D
729248	ZBTB45P2
729249	KLHL2P1
729250	PRR20E
729252	KRT16P1
729257	RPS24P4
729258	RPS11P6
729259	RPL17P43
729262	NUTM2B
729264	TP53TG3D
729274	RPS2P53
729277	RPL23AP47
729279	RPL28P5
729288	ZNF286B
729293	RPS18P10
729298	PCNPP3
729299	PMS2P8
729301	RPL17P9
729305	LINC02714
729307	LINC02510
729308	RPL31P45
729310	KYNUP2
729313	PPIAP51
729317	VDAC2P5
729321	KYNUP1
729323	KYNUP3
729327	MED28P7
729330	OC90
729332	RPL27P8
729338	CETN4P
729340	RPL17P36
729342	NPM1P46
729344	KRT8P24
729347	AKR1B1P3
729348	LINC01873
729349	RPL17P16
729353	LOC729353
729355	TP53TG3B
729356	PRAMEF29P
729359	PLIN4
729362	RPL36AP37
729366	HNRNPA1P51
729374	RPS10P6
729375	FAM86HP
729384	TRIM49D2
729389	RPS6P25
729391	COP1P1
729392	POM121L6P
729396	GAGE12J
729399	SEPHS1P6
729402	RPL21P16
729403	GAPDHP61
729406	PPP1R14BP2
729408	GAGE2D
729409	C1GALT1P1
729412	PSMA6P2
729416	RPLP1P6
729420	LMO7DN
729422	GAGE12C
729423	HNRNPA1P6
729428	GAGE12B
729431	GAGE12E
729435	ATP6V1E1P3
729438	CASTOR2
729440	CCDC61
729442	GAGE12H
729447	GAGE2A
729449	RPL7P50
729450	SUSD2P2
729451	SAMD4A-AS1
729453	PMS2P6
729454	DSTNP4
729458	MBD3L2B
729461	FAM230J
729468	PGM5P4
729475	RAD51AP2
729480	RPL23AP5
729484	RPL21P18
729486	IL9RP3
729490	NCOR1P2
729493	GAPDHP38
729494	ARPC3P3
729495	ABHD17AP4
729496	CCDC59P1
729497	NCOA4P3
729500	RPL12P14
729501	ZNF962P
729505	HMGN2P24
729506	LINC02226
729515	TMEM242
729522	AACSP1
729524	FEM1AP4
729528	PRAMEF14
729530	CNOT6LP1
729533	FAM72A
729535	FAM207BP
729536	RPL34P31
729540	RGPD6
729545	LOC729545
729557	DENRP1
729558	LRBA-AS1
729561	NAP1L1P1
729564	HMGN2P41
729565	NDUFB8P2
729566	ZBTB8OSP1
729568	SUSD2P1
729574	FAM231AP
729582	DIRC3
729583	LINC01556
729587	FAM231C
729595	HMGB3P22
729597	SPDYE6
729602	NPIPB1P
729603	CHP1P2
729608	RPF2P1
729610	FAHD2P1
729611	RPL29P30
729614	SPEN-AS1
729617	RPL23AP74
729621	RPL36AP46
729627	PRR23A
729630	DYNLL1P7
729633	MRS2P2
729635	HMGB3P19
729646	RPL31P4
729648	ZNF812P
729650	METTL15P3
729652	TEDC2-AS1
729658	PACRG-AS3
729659	S100A11P1
729662	RPL22P3
729665	CCDC175
729666	LDHAP5
729667	TRMT112P3
729668	GOLGA2P6
729673	PPIAP18
729674	PSMC2P1
729677	RPL7P16
729678	LINC00847
729679	RPS2P51
729682	KRT17P3
729686	NPM1P42
729687	HMGN2P25
729689	FAM90A2P
729696	LOC729696
729708	TPI1P1
729722	LOC729722
729723	DNAJC27-AS1
729727	RPL12P1
729739	PPIAP46
729747	ZNF878
729756	PRSS44P
729759	OR4F29
729760	RPL12P18
729764	RPL23AP45
729767	CEACAM18
729769	UQCRHP2
729779	PSAT1P3
729780	RPS10P8
729786	GOLGA8CP
729789	RPS15P5
729790	ARL6IP1P3
729798	RPL23AP63
729799	SEC14L1P1
729806	ZNF731P
729809	DNM1P34
729816	DHFRP2
729817	HNRNPA3P14
729828	ST13P20
729830	FHIP1A
729835	UFM1P2
729838	GGTLC4P
729842	RPS2P50
729852	UMAD1
729856	EEF1A1P48
729857	RGPD2
729859	WBP1P2
729862	LSP1P3
729867	PEA15-AS1
729873	TBC1D3
729877	TBC1D3H
729885	VN1R101P
729894	ELMO2P1
729898	ZBTB8OSP2
729903	RPS16P10
729909	RPL36AP26
729911	ANKRD34C-AS1
729920	CRPPA
729927	RPS20P27
729944	ZNF75CP
729948	CDC26P1
729950	LINC01915
729952	HMGB3P6
729955	RPL18AP5
729956	SHISA7
729960	NOX4P1
729962	RPL21P71
729966	CIST1
729967	MORN2
729970	CNN3-DT
729974	RFPL4AL1
729975	LINC01530
729978	NPIPB2
729987	LINC01776
729991	BORCS8
729992	ST13P1
729993	SHISA9
730005	SEC14L6
730010	BRI3P1
730013	ABCC6P2
730016	QRSL1P1
730021	EIF3JP2
730023	KRT8P13
730029	RPSAP19
730041	RHOQP2
730043	KRTCAP2P1
730051	ZNF814
730052	UBE2V1P2
730058	DNM1P49
730061	RPL34P33
730066	VN1R103P
730069	NRBF2P6
730070	RPL26P11
730086	ALG1L15P
730087	ZNF726
730091	LINC00886
730092	RRN3P1
730094	MOSMO
730098	LOC730098
730100	NRXN1-DT
730102	CRYZL2P
730109	LINC01100
730112	CIMIP2B
730129	NGRNP1
730130	TMEM229A
730138	PFN1P1
730144	EIF1P3
730152	GSTA7P
730153	NPIPB10P
730159	TEX50
730174	NAP1L4P3
730177	RPS26P16
730180	RBBP4P3
730183	LOC730183
730187	RPS10P9
730190	ZNF101P2
730196	VN1R64P
730198	MEIS1-AS3
730202	PAPOLA-DT
730211	HSP90AA5P
730213	RPL5P5
730222	TUBA5P
730227	BTG2-DT
730232	EEF1A1P32
730239	ZDHHC20P4
730246	HNRNPA1P59
730249	ACOD1
730255	RPL17P8
730262	PPIAL4E
730268	ANAPC1P4
730291	ZNF735
730394	GTF2H2C_2
730647	HINT1P1
730668	LOC730668
730747	RPL14P3
730755	KRTAP2-3
730792	SFR1P2
730811	MYT1L-AS1
730861	RPS3AP29
730888	DEPDC1P1
730971	LINC02447
730974	PRELID3BP7
730978	CICP5
730993	RPS3AP39
731220	RFX8
731223	LINC01220
731275	LINC01347
731308	DYNLL1P2
731424	MIR3945HG
731605	BCLAF1P2
731642	RPL18AP9
731656	LINC01348
731688	RPL21P120
731716	PRKRAP1
731741	RPL32P12
731755	EIF2AK1P1
731779	LINC01300
731789	FAM238B
732199	RPL29P21
732253	TDRG1
732265	COMMD4P2
732275	LINC00917
732448	MIX23P3
732538	FBXO36P1
735301	SNHG9
751071	CSKMT
751580	LINC00106
751599	TPM3P7
751837	SNRNP40P1
752014	CEMP1
767557	SYS1-DBNDD2
767558	LUZP6
767561	SNORD113-1
767562	SNORD113-2
767563	SNORD113-3
767564	SNORD113-4
767565	SNORD113-5
767566	SNORD113-6
767567	SNORD113-7
767568	SNORD113-8
767569	SNORD113-9
767577	SNORD114-1
767578	SNORD114-2
767579	SNORD114-3
767580	SNORD114-4
767581	SNORD114-5
767582	SNORD114-6
767583	SNORD114-7
767584	SNORD114-8
767585	SNORD114-9
767588	SNORD114-10
767589	SNORD114-11
767590	SNORD114-12
767591	SNORD114-13
767592	SNORD114-14
767593	SNORD114-15
767594	SNORD114-16
767595	SNORD114-17
767596	SNORD114-18
767597	SNORD114-19
767598	SNORD114-20
767599	SNORD114-21
767600	SNORD114-22
767603	SNORD114-23
767604	SNORD114-24
767605	SNORD114-25
767606	SNORD114-26
767608	SNORD114-27
767609	SNORD114-28
767610	SNORD114-29
767611	SNORD114-30
767612	SNORD114-31
767811	H2BW4P
767846	PFN1P2
767850	PFN1P9
767851	PFN1P4
767853	PFN1P10
768086	TREHP1
768096	HAR1A
768097	HAR1B
768206	PRCD
768211	RELL1
768212	MIR758
768213	MIR671
768214	MIR668
768215	MIR767
768216	MIR454
768217	MIR769
768218	MIR766
768219	MIR802
768220	MIR765
768222	MIR770
768239	PSAPL1
768328	EIF4EBP1P2
777774	ACTR3BP4
780776	TVP23A
780778	USP10P2
780779	USP10P1
780780	USP10P3
780810	PAICSP3
780811	PAICSP5
780812	PAICSP6
780813	PAICSP4
780814	PAICSP1
780815	PAICSP2
780816	PAICSP7
780851	SNORD3A
780852	SNORD3B-2
780853	SNORD3C
780854	SNORD3D
790951	TRS-AGA3-1
790952	ESRG
790955	UQCC3
790966	TRK-CTT2-3
791082	DBIP3
791114	PWRN1
791115	PWRN2
791226	TRN-GTT4-1
791227	TRN-GTT6-1
791230	TRV-AAC1-5
791231	TRV-AAC3-1
791232	TRV-CAC1-3
100008586	GAGE12F
100008587	RNA5-8SN5
100009601	TRY-GTA7-1
100009602	TRY-GTA5-4
100009603	TRA-AGC11-1
100009604	TRA-AGC8-1
100009605	TRF-GAA2-1
100009606	TRF-GAA1-4
100009607	TRH-GTG1-6
100009613	LINC02584
100009667	POU5F1P5
100009668	POU5F1P6
100009669	POU5F1P7
100009671	IRX4P1
100009676	ZBTB11-AS1
100033391	VN2R2P
100033392	VN2R3P
100033395	VN2R6P
100033396	VN2R7P
100033398	VN2R10P
100033399	VN2R11P
100033400	VN2R12P
100033401	VN2R13P
100033402	VN2R14P
100033403	VN2R15P
100033404	VN2R16P
100033406	VN2R18P
100033407	VN2R19P
100033408	VN2R20P
100033409	OTX2P1
100033411	DUXB
100033413	SNORD116-1
100033414	SNORD116-2
100033415	SNORD116-3
100033416	SNORD116-4
100033417	SNORD116-5
100033418	SNORD116-6
100033419	SNORD116-7
100033420	SNORD116-8
100033421	SNORD116-9
100033422	SNORD116-10
100033423	SNORD116-11
100033424	SNORD116-12
100033425	SNORD116-13
100033426	SNORD116-14
100033427	SNORD116-15
100033428	SNORD116-16
100033429	SNORD116-17
100033430	SNORD116-18
100033431	SNORD116-20
100033432	SNORD116-21
100033433	SNORD116-22
100033434	SNORD116-23
100033435	SNORD116-24
100033436	SNORD116-25
100033437	SNORD115-2
100033438	SNORD116-26
100033439	SNORD116-27
100033440	SNORD115-3
100033441	SNORD115-4
100033442	SNORD115-5
100033443	SNORD115-6
100033444	SNORD115-7
100033445	SNORD115-8
100033446	SNORD115-9
100033447	SNORD115-10
100033448	SNORD115-11
100033449	SNORD115-12
100033450	SNORD115-13
100033451	SNORD115-14
100033453	SNORD115-15
100033454	SNORD115-16
100033455	SNORD115-17
100033456	SNORD115-18
100033458	SNORD115-19
100033460	SNORD115-20
100033603	SNORD115-21
100033799	SNORD115-22
100033800	SNORD115-23
100033801	SNORD115-25
100033802	SNORD115-26
100033803	SNORD115-29
100033804	SNORD115-30
100033805	SNORD115-31
100033806	SNORD115-32
100033807	SNORD115-33
100033808	SNORD115-34
100033809	SNORD115-35
100033810	SNORD115-36
100033811	SNORD115-37
100033812	SNORD115-38
100033813	SNORD115-39
100033814	SNORD115-40
100033815	SNORD115-41
100033816	SNORD115-42
100033817	SNORD115-43
100033818	SNORD115-44
100033819	MIR675
100033820	SNORD116-28
100033821	SNORD116-29
100033822	SNORD115-48
100034743	PDZK1P1
100036563	SNORD115-24
100036564	SNORD115-27
100036565	SNORD115-28
100036566	SNORD115-45
100036567	SNORD115-47
100036574	HMGN1P3
100036575	HMGN1P4
100037267	DPPA4P3
100037280	UBE2D3P1
100037417	DDTL
100038246	TLX1NB
100048903	MCCD1P1
100048904	DDX39BP1
100048907	ZDHHC20P1
100048908	ZDHHC20P2
100048909	TMEM183AP1
100048912	CDKN2B-AS1
100048922	RPL35AP4
100048923	DDX39BP2
100048924	MCCD1P2
100049076	GUSBP17
100049587	SIGLEC14
100049613	TRK-TTT3-4
100049614	TRV-CAC1-5
100049716	NINJ2-AS1
100049717	JKAMPP1
100073347	MIMT1
100093624	CDH12P3
100093625	CDH12P1
100093626	CDH12P4
100093630	SNHG8
100093631	GTF2IP4
100101111	GXYLT1P1
100101116	TTTY1B
100101117	TTTY2B
100101118	TTTY8B
100101119	SKP1P3
100101120	TTTY7B
100101121	TTTY23B
100101126	TMX1P1
100101127	TMX1P2
100101148	FKBP6P1
100101246	IFITM3P5
100101247	IFITM3P3
100101266	HAVCR1P1
100101267	POM121C
100101268	SPDYE12
100101405	TMA16P1
100101407	TMA16P2
100101440	PMS2P7
100101467	ZSCAN30
100101478	H2BW3P
100101483	GPCPD1P1
100101490	MCTS2
100101554	BRI3P3
100101629	GAGE8
100101917	ELF2P1
100101932	GNG5P3
100101933	GNG5P4
100101935	GNG5P5
100101938	ANKRD26P3
100113373	HMGN2P17
100113374	TRNT1P1
100113375	TRNT1P2
100113378	SNORD119
100113379	SNORD121A
100113380	SNORD125
100113381	SNORD19B
100113382	SNORD105B
100113384	SNORD123
100113386	UCKL1-AS1
100113389	SNORD127
100113391	SNORD126
100113392	SNORD11B
100113393	SNORD12B
100113397	VEZTP1
100113402	SNORD111B
100113403	LIN28B-AS1
100113404	LINC00583
100113407	TMEM170B
100113421	FGF7P8
100114903	NRBF2P2
100118954	NRBF2P5
100124332	YBX2P1
100124334	YBX2P2
100124373	ANKRD39P1
100124394	KLF3P2
100124401	CRLF3P3
100124402	UFC1P1
100124412	FAM138E
100124516	SNORD58C
100124533	SCARNA27
100124534	SNORA84
100124535	SNORA36C
100124536	SNORA38B
100124537	SNORA70B
100124538	SNORA70C
100124539	SNORA11B
100124540	SNORA11C
100124541	SNORA11D
100124700	HOTAIR
100125288	ZGLP1
100125387	HNRNPRP1
100125392	TIPINP1
100125393	TIPINP2
100125556	FAM86JP
100126007	L1TD1P1
100126008	NUDT19P1
100126270	FMR1-AS1
100126296	MIR298
100126297	MIR300
100126299	VTRNA2-1
100126301	MIR509-2
100126302	MIR450B
100126303	MIR890
100126304	MIR891B
100126306	MIR888
100126307	MIR892B
100126308	MIR541
100126309	MIR875
100126310	MIR876
100126311	MIR147B
100126313	MIR744
100126314	MIR877
100126315	MIR665
100126316	MIR873
100126317	MIR374B
100126318	MIR301B
100126319	MIR216B
100126320	MIR920
100126321	MIR922
100126323	MIR924
100126324	MIR934
100126325	MIR935
100126326	MIR936
100126327	MIR938
100126328	MIR940
100126329	MIR941-1
100126330	MIR941-4
100126331	MIR942
100126332	MIR943
100126333	MIR708
100126334	MIR885
100126335	MIR543
100126336	MIR208B
100126337	MIR509-3
100126338	MIR937
100126339	MIR941-2
100126340	MIR944
100126341	MIR891A
100126342	MIR892A
100126343	MIR874
100126345	MIR889
100126346	MIR190B
100126347	MIR887
100126348	MIR760
100126349	MIR921
100126350	MIR933
100126351	MIR939
100126352	MIR941-3
100126354	MIR297
100126355	MIR365A
100126356	MIR365B
100126446	DEPDC1P2
100126572	GJE1
100126596	CUX2P1
100126597	CUX2P2
100126693	LINC00322
100126780	SNAR-G1
100126781	SNAR-F
100126784	LEISA1
100126791	EGOT
100126793	GHRLOS
100126798	SNAR-A1
100126799	SNAR-A2
100126800	SNAR-A12
100126822	UBA5P1
100126825	GJA6P
100127050	VN2R21P
100127173	HLA-Y
100127206	MINAR2
100127883	IBTKP1
100127888	SLCO4A1-AS1
100127892	ATP5PBP8
100127893	RPL7P24
100127900	NUP50P4
100127902	BMI1P1
100127903	SPOPLP1
100127905	SMIM11P1
100127906	SLC66A2P2
100127907	HNRNPCP7
100127908	SELENOKP2
100127911	ST13P12
100127912	CDRT15P11
100127919	DPPA3P5
100127922	SUMO2P6
100127924	RPS15AP14
100127934	MND1P1
100127938	KIAA1191P2
100127945	SOCS5P3
100127949	RPL15P16
100127950	HECW1-IT1
100127952	ATF4P4
100127954	PTTG1P2
100127958	AGGF1P9
100127960	BCAS2P1
100127962	CCSER2P1
100127963	RPS3AP48
100127965	RPL7L1P16
100127967	KRT73-AS1
100127969	VN1R96P
100127971	LOC100127971
100127976	VTI1BP3
100127978	STBD1P1
100127979	FUNDC2P4
100127981	FBLP1
100127982	TMEM69P1
100127983	C8ORF88
100127986	CATSPER2P2
100127989	MED15P4
100127991	LOC100127991
100127993	RPL15P5
100127995	RPL34P7
100127999	RPL18AP11
100128001	LOC100128001
100128004	RPL32P21
100128006	ARHGAP44-AS1
100128007	SPICP3
100128010	SUMO2P17
100128011	FAR1P1
100128012	ISCA1P4
100128015	HMGN1P26
100128016	WHSC1L2P
100128017	TULP3P1
100128020	ACTR3P3
100128022	PLEKHB2P1
100128023	DPPA2P3
100128025	WWTR1-AS1
100128027	CDPF1P1
100128029	KNOP1P3
100128030	RPL10P11
100128033	PIGPP3
100128036	KLF7P1
100128041	KRT19P4
100128042	BRD7P6
100128043	FAF2P1
100128044	HNRNPA1P11
100128048	CHORDC1P1
100128050	WDR77P1
100128054	PLCE1-AS1
100128055	SMARCA5-AS1
100128057	NIPA2P3
100128060	RPS7P10
100128061	HNRNPDLP2
100128062	SLC2A3P1
100128071	FAM229A
100128072	RPL36AP27
100128078	NIPAL1P1
100128081	JAZF1-AS1
100128083	RPS15AP40
100128086	ACBD7P1
100128088	LOC100128088
100128091	CCDC25P1
100128092	PRDX3P2
100128094	LPCAT2BP
100128098	ST8SIA6-AS1
100128102	PHB1P16
100128103	AGGF1P5
100128107	LOC100128107
100128108	UBE2Q2P13
100128109	BORCS8P1
100128110	CHCHD2P3
100128115	RPL26P35
100128117	RPL17P15
100128118	CCNHP1
100128119	SLC25A51P3
100128122	CBLL1P1
100128124	HGC6.3
100128126	STAU2-AS1
100128127	ADGRA1-AS1
100128132	TMCC1P1
100128135	GVINP2
100128136	NDUFA5P4
100128139	LINC01233
100128140	RPS4XP17
100128144	RPL32P37
100128145	CLCP2
100128154	SLC60A2P1
100128159	ATF1P1
100128160	LOC100128160
100128162	RPS6P7
100128164	FHL1P1
100128168	RPS26P39
100128170	LOC100128170
100128171	MTFR1P1
100128174	DEFB131C
100128176	UST-AS1
100128177	NDUFS5P5
100128179	RAP1BP2
100128181	FMO10P
100128183	PABPC1P7
100128184	LOC100128184
100128190	SLC9B1P1
100128191	TMPO-AS1
100128198	LOC100128198
100128203	ENSAP3
100128217	GTF3AP5
100128218	PSMC6P3
100128220	EDDM3DP
100128227	HMGB1P20
100128233	LINC02324
100128237	YRDCP2
100128238	KIAA0895LP1
100128239	LINC02731
100128240	CD83P1
100128248	MESDP1
100128250	RPL31P55
100128252	ZNF667-AS1
100128254	FAM90A28P
100128258	RPS18P3
100128260	WASIR1
100128262	TNK2-AS1
100128264	HTR5A-AS1
100128265	LOC100128265
100128266	RANP6
100128268	ACTRT1P1
100128274	LOC100128274
100128275	SYF2P2
100128277	RPL35AP20
100128285	DNM1P35
100128292	DLG5-AS1
100128299	SOCS5P2
100128302	SDHCP2
100128305	RPS13P1
100128307	PIGCP2
100128310	CDH4-AS2
100128312	SLC25A6P6
100128318	RPL26P17
100128320	LOC100128320
100128324	EXOGP1
100128325	LINC03008
100128327	TRAPPC3L
100128335	WDR12P3
100128337	IPO7P2
100128339	BCAS2P3
100128341	RBMX2P1
100128345	NFYCP1
100128347	RPL15P15
100128348	LOC100128348
100128351	RPL21P52
100128355	RPS27AP20
100128358	RPS6P24
100128360	AIDAP3
100128365	ISG20L2P1
100128368	VN1R21P
100128372	HMGN2P28
100128377	RPS29P7
100128378	LINC00696
100128379	TFGP1
100128384	VN1R65P
100128385	FAM225B
100128386	ARHGAP42-AS1
100128390	CALM2P1
100128393	RPL35AP36
100128397	NIFKP5
100128398	ZNF606-AS1
100128402	LOC100128402
100128407	NANPP2
100128408	RPL22P10
100128410	NPM1P34
100128412	VTA1P2
100128413	XIAPP3
100128416	RAB28P5
100128420	LINC00892
100128423	RPS24P14
100128427	UBTFL9
100128428	UBXN2AP1
100128429	LOC100128429
100128430	LOC100128430
100128431	GEMIN8P1
100128437	LOC100128437
100128441	GTF2A2P1
100128442	SRSF6P1
100128448	UQCRHP4
100128449	IL9RP1
100128450	RPS6P8
100128456	CCNB1IP1P3
100128459	CCNJP1
100128462	RPF2P2
100128464	PET117P1
100128465	IFIT6P
100128469	SNRPCP3
100128483	TPT1P2
100128493	UBE2V2P1
100128494	NUMA1-AS1
100128496	SCP2D1-AS1
100128498	LOC100128498
100128503	DPPA2P2
100128505	ASTN2-AS1
100128511	NEBL-AS1
100128512	FXYD6P2
100128514	ARHGAP42P5
100128516	ATP5PBP5
100128517	LOC100128517
100128519	RPS24P11
100128521	TPT1P14
100128523	MTCH2P4
100128525	UQCRFS1P1
100128531	KIAA1671-AS1
100128535	RPS18P14
100128536	SETP8
100128537	MIR29B2CHG
100128540	TARDBPP4
100128541	ATP6V1G1P2
100128542	BET1P1
100128546	GLRX5P1
100128551	LOC100128551
100128553	CTAGE4
100128554	LINC02347
100128560	MYHAS
100128568	RANBP3-DT
100128569	TEKTIP1
100128571	LOC100128571
100128574	ARMCX3-AS1
100128579	CDKN2AIPNLP2
100128589	GAPDHP39
100128590	SLC8A1-AS1
100128591	LOC100128591
100128592	FAM136FP
100128594	TMSB15B-AS1
100128595	HNRNPDLP1
100128596	NDUFB9P2
100128603	C1GALT1P2
100128605	RPS15AP13
100128617	UBA52P7
100128618	SLC25A3P2
100128621	CYB5AP2
100128625	SRSF1P1
100128626	PPP1R2P10
100128627	CDC42P3
100128628	RGS17P1
100128637	EEF1A1P26
100128639	HMGB1P48
100128640	ACVR2B-AS1
100128646	RPL10AP7
100128657	CHCHD4P2
100128664	RPL22P20
100128665	FYTTD1P1
100128668	LOC100128668
100128675	HPN-AS1
100128678	BTBD10P1
100128681	CCNG2P1
100128682	LINC01531
100128685	SLC16A14P1
100128688	GPR50-AS1
100128690	ELL2P4
100128691	LOC100128691
100128696	PABPC1P6
100128697	LOC100128697
100128701	HNRNPA1P41
100128705	AK4P4
100128707	NIFKP4
100128710	RPL9P30
100128711	NDUFB10P1
100128712	PRELID3BP3
100128714	LINC02346
100128723	CBX1P3
100128725	APOOP4
100128731	OST4
100128733	FCF1P3
100128738	LRRFIP2P1
100128739	UBTD2P1
100128745	RPLP1P8
100128750	RBPMS-AS1
100128756	RPS7P9
100128759	HEBP2P1
100128764	THAP12P6
100128766	RPL8P2
100128771	EIF4BP3
100128772	PRR3P1
100128775	NEDD8P1
100128777	KLF8P1
100128781	SHLD2P2
100128782	ERCC6L2-AS1
100128787	LINC01349
100128788	SRRM2-AS1
100128790	LYPLA2P3
100128795	LOC100128795
100128800	CDONP3
100128801	DRAXINP1
100128803	SPICP4
100128804	AGGF1P8
100128807	RPL35AP37
100128808	ANAPC15P1
100128811	GPR158-AS1
100128817	AK6P2
100128822	LINC01003
100128827	FRG2FP
100128830	LINC01165
100128834	CLK3P2
100128836	HNRNPA1P36
100128845	CDC42EP3P1
100128849	BNIP3P34
100128851	LOC100128851
100128853	ZNF725P
100128857	B3GALNT1P1
100128863	RPS15AP29
100128865	METTL5P3
100128867	RBM22P3
100128880	RAD1P1
100128881	VPS9D1-AS1
100128882	ZFPM1-AS1
100128888	RPSAP36
100128889	NDUFAF4P4
100128890	FAM66B
100128893	GATA6-AS1
100128894	NAP1L1P2
100128899	RPL7L1P9
100128902	PRDX3P3
100128903	NPM1P4
100128905	LINC01960
100128908	CIROP
100128911	PCNPP2
100128912	RPS21P4
100128923	RPS6P16
100128927	ZBTB42
100128929	AMZ2P3
100128930	SDCBPP1
100128934	FXYD6P1
100128936	RPL10AP6
100128944	YWHAQP3
100128946	LINC01310
100128961	GAPDHP62
100128963	RPL3P9
100128964	SRSF3P5
100128974	RBM17P4
100128977	MAPT-AS1
100128982	KATNBL1P4
100128984	RPL35AP7
100128985	NPM1P38
100128990	MED6P1
100128991	RSL24D1P9
100128998	C20ORF181
100129001	GTF3C6P1
100129004	RPL3P10
100129005	APOOP2
100129007	FMO8P
100129008	CUL4AP1
100129009	DCAF13P1
100129011	LSM6P1
100129013	ACTR3P2
100129017	RPL24P5
100129023	ARF4P4
100129027	PCBP3-AS1
100129028	RPLP1P4
100129029	PKP4-AS1
100129031	UBL5P3
100129032	GLYATL1P1
100129037	WEE1P1
100129040	CFAP53P1
100129042	LOC100129042
100129045	EIF3KP2
100129046	BCAR3-AS1
100129049	PIGFP3
100129050	CICP20
100129052	NAA40P1
100129053	KDM4F
100129055	CCNYL4
100129060	SEMA3F-AS1
100129061	RPL7P25
100129066	LINC03062
100129067	NPM1P35
100129069	LOC100129069
100129074	THAP12P5
100129075	KTN1-AS1
100129080	CRIPTOP7
100129083	SIGLEC10-AS1
100129085	SELENOKP1
100129086	HIGD1AP1
100129090	RPS5P4
100129094	BTNL10P
100129096	TPM4P3
100129098	LOC100129098
100129099	PNRC2P2
100129100	RLIG1P3
100129102	RPL22P4
100129107	TCF3P1
100129108	TRIM64JP
100129112	LOC100129112
100129115	LOC100129115
100129118	TMEM167AP2
100129123	ACE3P
100129124	TVP23BP1
100129125	LOC100129125
100129126	LOC100129126
100129128	KHDC1L
100129129	TDH-AS1
100129133	TMEM184CP1
100129138	THAP3P1
100129140	DNAJB12P1
100129141	RPL21P37
100129143	SMUG1P1
100129156	RBBP6P1
100129160	NMNAT1P2
100129162	RSL24D1P2
100129167	RFESDP1
100129168	MTRES1P2
100129171	LOC100129171
100129174	POLR2KP2
100129175	CFAP65-AS1
100129176	RPL13P6
100129179	RPL9P5
100129180	RPL36AP11
100129192	MICC
100129193	MUPP
100129195	ZSCAN16-AS1
100129196	MATN1-AS1
100129199	RPS3AP40
100129201	PRR13P3
100129202	RSRC1P1
100129213	SLC39A12-AS1
100129216	DEFB131B
100129224	SOWAHCP4
100129227	RPS6P22
100129229	HNRNPCP10
100129231	HSPA8P20
100129234	RPL27P7
100129237	NPM1P21
100129239	CXORF51A
100129240	LOC100129240
100129243	RPS15AP12
100129248	PDSS1P1
100129250	SMIM27
100129251	FTLP4
100129256	NMNAT1P5
100129259	BRD7P5
100129260	RPL7L1P1
100129262	RPL28P6
100129269	LINC01160
100129271	KPLCE
100129272	TOMM20P4
100129275	LOC100129275
100129277	TPMTP3
100129278	TDRD15
100129279	RPS27P14
100129280	LOC100129280
100129283	LDHBP3
100129284	RPS15AP39
100129288	MORF4L1P5
100129295	RPL22P24
100129297	CD200R1L-AS1
100129298	TPMTP4
100129306	RPS20P32
100129307	LOC100129307
100129308	DNAJA1P1
100129310	RPL31P14
100129311	LOC100129311
100129315	VN1R66P
100129319	SLC25A6P5
100129320	HMGB3P10
100129321	SSBP3P1
100129322	LOC100129322
100129324	LOC100129324
100129325	HNRNPA1P64
100129329	SNRPEP3
100129331	RAB28P2
100129332	RPL29P20
100129337	EIF4BP2
100129339	TPSP1
100129345	LINC02291
100129347	LINC00484
100129348	CDCA4P2
100129351	AGGF1P4
100129354	NRADDP
100129355	BOD1P2
100129357	RPL9P29
100129358	KLHL5P1
100129361	SMIM10L1
100129363	LOC100129363
100129368	HNRNPH1P2
100129370	NDUFB9P3
100129374	RPL18P3
100129375	RNF14P1
100129377	RPL23P9
100129379	RPS29P17
100129380	LOC100129380
100129382	THAP12P4
100129384	ANKRD33BP2
100129385	LINC03041
100129387	GABPB1-AS1
100129393	LOC100129393
100129394	RPL12P42
100129396	FAM106C
100129397	LOC100129397
100129398	LPGAT1P1
100129399	LOC100129399
100129401	LYPLA1P1
100129402	HAUS4P1
100129403	EEF1GP4
100129405	MSTO2P
100129406	LOC100129406
100129407	FAM236A
100129408	LOC100129408
100129418	RPL31P16
100129421	RPL18P2
100129423	EI24P1
100129424	RPL19P12
100129427	DDC-AS1
100129428	RANP5
100129438	ZFRP1
100129447	LOC100129447
100129452	GAMTP2
100129454	SNRPEP1
100129457	CCDC86P2
100129459	PWWP2AP1
100129460	DPY19L1P1
100129461	LYRM4-AS1
100129464	LINC01546
100129468	BOD1P1
100129471	PLS1P1
100129472	PTP4A1P6
100129478	C4ORF46P1
100129480	MKRN2OS
100129482	ZNF37BP
100129483	SLC35C2P1
100129484	LINC02983
100129487	RPL24P9
100129507	MAN1A2P1
100129512	POU5F1P2
100129515	ETDB
100129516	LINC02012
100129517	RPL26P23
100129518	SOD2-OT1
100129520	TEX13C
100129528	MUC8
100129542	RPS29P21
100129543	ZNF730
100129550	LINC02035
100129552	RPS26P38
100129553	RPL13AP16
100129555	HMGN1P7
100129556	RPS10P27
100129557	HNRNPA3P8
100129561	MYL6P3
100129564	PTP4A1P4
100129566	SNRPCP2
100129570	PEBP1P3
100129572	LOC100129572
100129574	RLIG1P1
100129577	MTCH1P1
100129583	FAM47E
100129584	RPL17P44
100129586	UBE2D4P1
100129587	VN1R34P
100129591	RPL29P24
100129594	FAM8A3P
100129595	PRUNE1P1
100129597	LINC00462
100129599	RPS29P14
100129601	CDCA7P2
100129604	PABPC1P12
100129606	HNRNPA1P73
100129611	PRAMEF31P
100129618	THAP5P2
100129620	PLPPR5-AS1
100129622	RSU1P1
100129626	TOMM5P1
100129627	PPP1R1AP2
100129629	EIF2S2P6
100129631	IGHV2OR16-5
100129634	RPL9P19
100129636	OR2W1-AS1
100129640	DDX55P1
100129641	BTG1P1
100129643	POM121L11P
100129645	RPL18P9
100129646	IFT57P1
100129647	RPL5P35
100129649	PGDP2
100129650	RPS26P55
100129654	TCF24
100129657	RPL17P18
100129661	HAX1P1
100129662	FGF13-AS1
100129664	PRELID3BP1
100129667	NREPP2
100129669	IZUMO3
100129670	RPL18P8
100129672	CDONP4
100129683	WEE1P2
100129685	RPL21P125
100129687	CMC2P1
100129690	RAD1P2
100129692	EIF4BP9
100129694	R3HDM2P2
100129696	INHCAP
100129697	LOC100129697
100129706	HMGB1P13
100129707	PARLP1
100129708	IPO7P1
100129714	RCC2P8
100129716	ARRDC3-AS1
100129718	RPS13P3
100129721	LOC100129721
100129722	STPG3-AS1
100129723	HMGB1P12
100129724	MAPRE3-AS1
100129726	LINC01126
100129727	TMED10P2
100129731	RAB11AP1
100129732	RPS6P15
100129736	CDV3P1
100129738	SETP9
100129739	DYNLL1P4
100129742	RPS3AP13
100129743	RPL7P14
100129755	RSL24D1P1
100129761	AMD1P4
100129763	LOC100129763
100129769	AKR1B1P6
100129772	TMPOP1
100129775	LOC100129775
100129776	EIF2S3P1
100129777	BNIP3P6
100129779	DNAJB6P5
100129781	MIR193BHG
100129782	ATP5F1AP4
100129784	RPL17P26
100129785	LOC100129785
100129792	CCDC152
100129793	TLK1P1
100129794	SLC25A21-AS1
100129795	NPM1P50
100129796	RPL13P13
100129799	RPL13AP21
100129800	ZNF807P
100129801	RPL12P37
100129808	RPL24P6
100129813	CT45A11P
100129815	PGAM1P13
100129818	TUBAP6
100129819	RPL22P7
100129824	PIP5K1P2
100129827	IRAG1-AS1
100129836	COL4A2-AS2
100129842	ZNF737
100129843	PDK1P2
100129845	PCOLCE-AS1
100129846	LOC100129846
100129851	CLDN7P1
100129852	LOC100129852
100129853	DNAJC19P1
100129854	ARG2P1
100129856	RPL37AP5
100129858	SCOC-AS1
100129861	RSL24D1P7
100129863	SUCLA2P2
100129866	EI24P2
100129867	RPL30P14
100129871	GRPEL2P3
100129878	DYM-AS1
100129880	NENFP2
100129882	RPL31P49
100129884	LOC100129884
100129902	RPS29P11
100129905	RPS27P19
100129917	PCGF3-AS1
100129919	HMGB1P45
100129920	HNRNPA1P40
100129921	RPL15P4
100129924	TMEM269
100129926	RPL12P13
100129928	RPL31P5
100129929	NUP210P2
100129930	RPL10P10
100129931	CFAP184-OT1
100129933	GLYATL1P2
100129934	RPL34P14
100129937	KNOP1P1
100129939	RPS10P31
100129940	HMGA2-AS1
100129941	RSL24D1P5
100129948	RFKP5
100129952	RPL39P10
100129955	RRN3P4
100129956	HMGN2P48
100129958	KRT8P44
100129959	AK3P4
100129960	SDCBPP2
100129961	CCNT2-AS1
100129966	MTCH1P2
100129969	SPATA31F3
100129972	NPM1P47
100129973	CERNA1
100129974	LOC100129974
100129975	RPL10P15
100129976	BRI3BPP1
100129982	RPL12P19
100129983	UBE2CP3
100129989	RLIG1P2
100129991	RPL38P2
100129994	GRPEL2P2
100129995	LINC01460
100129996	MTRES1P1
100129997	SPIN2P1
100129998	RPL5P27
100130002	HNRNPA1P23
100130003	SNRPGP2
100130006	EIF4A1P11
100130009	HMGA1P8
100130011	SYPL1P1
100130014	SETP5
100130015	URAHP
100130017	FTLP10
100130026	RPL38P5
100130029	HMGA1P6
100130034	RPL36AP12
100130035	BLOC1S6P1
100130038	OSBPL9P2
100130042	MTHFD2P6
100130043	SETP17
100130044	CFAP69P1
100130048	H1-8P2
100130051	LOC100130051
100130057	LOC100130057
100130059	VN1R70P
100130060	GNPATP
100130064	EIF4BP4
100130066	RPL9P22
100130067	HPRT1P1
100130070	RPS27P13
100130072	RIDAP2
100130073	IQSEC3P2
100130074	KRT17P8
100130075	SZRD1P1
100130078	LOC100130078
100130079	RFPL4AP6
100130086	HSFX2
100130090	SFR1P1
100130097	KIF28P
100130099	MIPEPP2
100130101	LOC100130101
100130102	WBP11P2
100130105	TRIM51CP
100130106	RPS23P7
100130108	ZNF849P
100130109	SNRPEP4
100130110	ZSWIM5P1
100130111	LCIIAR
100130114	SPICP2
100130117	DDX6P2
100130119	LAMTOR3P1
100130134	STAU2P1
100130139	UBE2D3P2
100130148	MAPT-IT1
100130155	MIR124-2HG
100130158	KNOP1P5
100130167	NUS1P4
100130170	SPRING1P2
100130171	JPT1P1
100130172	FAM13B-AS1
100130175	LOC100130175
100130176	CNEP1R1P1
100130178	LSM3P4
100130183	RPS24P19
100130187	TUBB3P2
100130190	SRRM1P3
100130192	RPS12P31
100130196	HNRNPCP9
100130197	EFCAB14-AS1
100130203	CDONP1
100130204	NIPA2P2
100130209	CHMP4AP1
100130211	EEF1A1P29
100130225	RPL13P11
100130231	LINC00861
100130233	NPM1P8
100130234	EEF1A1P27
100130235	KATNBL1P2
100130238	GALNT9-AS1
100130239	UBA52P6
100130240	RPS5P2
100130247	COX6CP3
100130249	LINC02961
100130251	NXNP1
100130253	RCBTB2P1
100130259	SALL4P2
100130260	EEF1GP2
100130264	SLC24A3-AS1
100130265	ARL2BPP4
100130274	CCDC166
100130275	TFAP2A-AS1
100130276	LOC100130276
100130277	CDC27P2
100130278	LOC100130278
100130279	HMGB1P44
100130286	RPL34P11
100130289	SNRPGP10
100130299	IDI1P2
100130300	RPS27AP13
100130301	C8ORF89
100130302	SUPT20HL1
100130307	SPDYE19P
100130310	MSANTD2P1
100130311	C17ORF107
100130313	RPS6P23
100130314	LOC100130314
100130316	SELENOTP2
100130319	TAF9BP2
100130326	TMEM183AP5
100130327	NDUFA5P5
100130335	NAP1L1P3
100130338	PABPC1P9
100130342	SCGB2B3P
100130345	CDHR18P
100130347	RPS6P5
100130348	CATSPERH
100130359	MED28P4
100130361	CXORF49
100130368	SNRPGP4
100130370	LINC03048
100130372	LOC100130372
100130373	EPB41L1-AS1
100130374	RPL13P14
100130376	MTRF1LP2
100130383	HIGD1AP12
100130384	CENPUP1
100130386	LINC00552
100130388	EEF1E1P1
100130391	YWHAQP5
100130392	RPL9P20
100130396	ATP5MGP4
100130400	RPL21P92
100130402	B3GALNT2P1
100130403	RPA3P2
100130405	HMGB3P26
100130409	BTF3P15
100130417	LINC02593
100130418	CECR7
100130433	LOC100130433
100130435	RPS7P13
100130442	LOC100130442
100130446	RPS27AP12
100130447	RPL12P16
100130448	MRS2P1
100130449	GPC1-AS1
100130450	RPL3P5
100130451	SPAG16-DT
100130461	CBX1P4
100130462	HNF4GP1
100130463	LOC100130463
100130466	NUCKS1P1
100130476	WAKMAR2
100130480	LINC01387
100130481	CCT6P4
100130484	UBFD1P1
100130488	GXYLT1P7
100130490	TPRG1LP1
100130495	RPS12P26
100130497	DNAJB6P4
100130500	SKP2P1
100130514	PGAM1P1
100130519	TMEM221
100130520	CD300H
100130522	PARD6G-AS1
100130523	RPL5P8
100130524	RPL6P23
100130528	SUCLG2P4
100130535	VIM2P
100130537	RPL31P26
100130539	LINC02881
100130542	LOC100130542
100130549	ISCA1P6
100130550	G2E3P1
100130555	RPL23AP68
100130557	NFYC-AS1
100130560	LOC100130560
100130561	HMGB1P10
100130562	RPS2P5
100130564	SEPTIN7P7
100130566	EIF1P4
100130572	RAD23BP2
100130573	LOC100130573
100130579	PHB1P20
100130581	LINC00910
100130584	CLIC4P2
100130597	LOC100130597
100130600	CICP14
100130603	RBM22P13
100130606	NPM1P51
100130607	WDR4P1
100130613	PRR32
100130620	TPM2P1
100130621	RANP4
100130624	RPL15P22
100130626	ELOCP18
100130630	RPL23P3
100130631	EEF1B2P4
100130636	SPATA31D2P
100130637	MORF4L1P7
100130640	YWHAZP7
100130649	GPR160P1
100130654	LOC100130654
100130657	LOC100130657
100130660	HNRNPA1P45
100130664	CMPK1P2
100130671	IFNWP9
100130676	RPSAP38
100130677	NFYAP1
100130680	ANKRD49P4
100130682	USP12P2
100130684	FSIP2LP
100130687	FABP5P6
100130693	ARHGAP42P2
100130699	RSL24D1P10
100130700	TP53TG3HP
100130701	BTNL12P
100130704	CAPZA1P4
100130705	SPMIP1
100130708	ANP32BP2
100130717	HDHD5-AS1
100130718	RPL34P26
100130719	UQCRBP2
100130721	RSL24D1P3
100130724	CCNYL5
100130733	LRRC70
100130741	LOC100130741
100130742	LRRC69
100130746	AKTIPP2
100130747	NANPP3
100130750	RPS8P9
100130756	UQCRHP1
100130758	METTL15P1
100130760	JMJD4P1
100130761	LOC100130761
100130766	MTA3P1
100130771	EFCAB10
100130775	RPS27P23
100130776	AGAP2-AS1
100130778	LOC100130778
100130782	RPS15AP15
100130783	NDUFAF2P2
100130785	SALL4P5
100130786	RPS3AP22
100130792	RPL29P27
100130794	NDUFS5P7
100130799	SRSF10P1
100130802	RPL39P13
100130803	UBL5P1
100130817	LOC100130817
100130820	CCNG1P1
100130821	OSBPL9P1
100130823	RPS17P9
100130827	SBK3
100130842	SMIM7P1
100130843	SPRYD7P1
100130848	TSPY20P
100130855	USP3-AS1
100130857	LOC100130857
100130865	LOC100130865
100130866	IFNWP15
100130871	ARMC8P1
100130873	CARM1P1
100130879	ZNRF2P3
100130880	CREB3L2-AS1
100130887	ATE1OSP
100130889	PSORS1C3
100130890	TSTD3
100130892	RPL7P32
100130894	VAC14-AS1
100130898	FLYWCH1P1
100130920	LOC100130920
100130922	RPL22P22
100130923	PSMA2P1
100130927	LOC100130927
100130929	RPL5P33
100130932	SNRPGP15
100130933	ERLN
100130934	ZNF663P
100130935	CSAG4
100130936	ADI1P1
100130950	ZNF594-DT
100130954	LINC01502
100130958	SYCE1L
100130962	ATP5MC1P7
100130963	RPL38P4
100130967	LINC02901
100130968	RPL7L1P4
100130970	CTBP2P2
100130972	PPP1R2P6
100130976	LOC100130976
100130980	RPS2P35
100130983	RPL26P28
100130988	SPMIP7
100130994	UQCRFS1P3
100130995	ZNF969P
100130996	YPEL5P1
100131000	LOC100131000
100131004	LOC100131004
100131012	YBX1P4
100131013	RPL7L1P18
100131017	ZNF316
100131020	RPL9P23
100131027	SLC25A5P4
100131029	TNPO3P1
100131031	ANKRD18EP
100131032	LOC100131032
100131033	PPIGP1
100131034	LOC100131034
100131036	HMGB3P28
100131046	SALL4P3
100131047	DNAH8-AS1
100131051	MED28P3
100131055	RPS4XP15
100131060	JUN-DT
100131065	VN1R38P
100131067	CKMT2-AS1
100131068	ERVI-1
100131069	WASHC3P1
100131072	KPNB1P1
100131078	MOB4P2
100131083	RPS8P5
100131084	DNM1P17
100131085	RPL7P12
100131087	RPLP1P11
100131089	SRP14-DT
100131092	ISCA1P3
100131094	DPP9-AS1
100131099	LOC100131099
100131101	LOC100131101
100131103	TATDN2P1
100131107	LOC100131107
100131114	SRSF3P4
100131117	ZBTB20-AS1
100131118	VN1R67P
100131129	LOC100131129
100131130	HNRNPA1P13
100131135	MTHFD2P4
100131137	BSPH1
100131138	VHRT
100131141	VN1R95P
100131143	RPL23AP19
100131146	DNAJC8P3
100131150	LOC100131150
100131151	RPLP0P8
100131158	EIF2S3P2
100131159	PERPP3
100131160	RPL39P20
100131161	RPSAP39
100131170	LOC100131170
100131173	RPS29P12
100131176	WDR86-AS1
100131183	HMGN2P30
100131187	TSTD1
100131188	LIPT1P1
100131189	SSR1P2
100131193	CCDC183-AS1
100131195	LOC100131195
100131196	RPS25P8
100131200	M6PRP1
100131205	RPL21P28
100131206	RPL29P16
100131207	DNAJA1P2
100131208	SNAP25-AS1
100131211	NEMP2
100131213	ZNF503-AS2
100131216	TMEM38BP1
100131223	ARL8BP2
100131229	RPL6P17
100131230	RPL30P4
100131233	AKTIPP3
100131234	MIR181A1HG
100131236	PCBP2P3
100131244	ANKRD63
100131246	RPL9P27
100131250	SPCS2P1
100131252	PRXL2AP2
100131261	PNRC2P1
100131264	PFDN4P1
100131268	TPT1P1
100131279	C2ORF69P3
100131281	GLUD1P9
100131284	PSMD14P1
100131286	RPS19P5
100131291	ACTG1P21
100131302	PTCD2P1
100131303	DPEP2NB
100131306	BNIP3P21
100131309	THAP12P9
100131310	LOC100131310
100131315	GREM1-AS1
100131320	RAB6C-AS1
100131327	UQCRC2P1
100131328	FAM210CP
100131333	RPL18P6
100131338	RPL15P13
100131339	RPL32P4
100131340	NT5DC1P1
100131347	RDM1P5
100131355	LOC100131355
100131358	RPL3P12
100131366	LINC00605
100131369	DUX4L27
100131370	DDX18P6
100131374	PABPC1P5
100131378	C11ORF91
100131379	RPL36AP1
100131387	RPL39P32
100131388	NDUFA3P1
100131390	SP9
100131393	UBQLN4P2
100131396	RPS6P14
100131415	OR7E163P
100131418	RPS27P22
100131434	EOLA1-DT
100131439	CD300LD
100131440	CDC42P4
100131442	RCC2P5
100131448	CTDSPL2P2
100131451	TLR12P
100131454	DBIL5P
100131457	SLC25A1P1
100131467	RPS6P9
100131469	RPSAP62
100131471	PARLP2
100131478	NPM1P33
100131481	RPL21P38
100131482	TXNL4AP1
100131493	ZIK1P1
100131520	RPL6P32
100131526	RPL26P6
100131527	RPL19P7
100131528	APOOP3
100131533	DPY19L4P1
100131535	RPL5P28
100131536	TRMT112P8
100131539	ZNF705EP
100131546	ECEL1P1
100131548	RPS6P4
100131550	CNN2P12
100131551	LINC00887
100131556	ZCRB1P1
100131562	CBY1P1
100131564	CCDC18-AS1
100131565	EIF4EP5
100131568	RBM43P1
100131572	RPS27P9
100131577	BMS1P19
100131581	LOC100131581
100131599	LOC100131599
100131604	DPP4-DT
100131608	PRR23D1
100131609	HNRNPA1P2
100131611	PGAM4P2
100131614	RPS4XP22
100131616	CASP3P1
100131617	ETS2P1
100131623	NUTF2P6
100131624	WASF1P1
100131629	ARL2BPP7
100131638	CCT4P2
100131641	RBM22P12
100131654	LOC100131654
100131655	ZNF236-DT
100131656	SDCBPP3
100131661	FTLP5
100131671	SEC13P1
100131672	RPL21P87
100131676	CLTAP2
100131678	CCNB3P1
100131685	ENAHP1
100131688	VN1R68P
100131691	MZF1-AS1
100131693	EIF4EP2
100131695	RNF11P1
100131711	RFC3P1
100131713	RPL29P11
100131719	LOC100131719
100131726	FAM83A-AS1
100131730	RPL37AP7
100131733	USP30-AS1
100131740	CIR1P1
100131743	GAPDHP40
100131755	ARMCX4
100131759	RPL19P3
100131760	GXYLT1P5
100131761	RPS12P12
100131775	PSMA2P2
100131777	DPPA2P4
100131779	TOMM6P1
100131784	ARL2BPP8
100131787	RPS27P7
100131788	RPL26P29
100131789	VN1R46P
100131796	DACOR1
100131797	RPL15P19
100131800	UBE2D3P4
100131801	PET100
100131805	RPL6P18
100131810	ADH5P3
100131814	AHI1-DT
100131816	UBE2DNL
100131820	LOC100131820
100131821	LOC100131821
100131822	LOC100131822
100131823	SUMO2P7
100131825	CADM3-AS1
100131827	ZNF717
100131828	CIR1P2
100131829	LOC100131829
100131832	ZFP91P1
100131840	LOC100131840
100131842	HNRNPCP8
100131846	RPL23AP83
100131852	CCDC12P1
100131855	CDRT15P5
100131860	LOC100131860
100131863	RPS18P5
100131864	LOC100131864
100131866	RPS2P9
100131868	PPP4R2P4
100131874	CFL1P3
100131878	LOC100131878
100131879	ZYG11AP1
100131881	EI24P3
100131890	NGRNP2
100131893	RPL3P11
100131894	LOC100131894
100131897	INSYN2B
100131899	E2F4P1
100131902	KRTAP25-1
100131905	RPS27P21
100131907	LOC100131907
100131913	RPL5P20
100131918	KIAA1191P3
100131921	SERF1AP1
100131924	BLOC1S2P1
100131932	RCC2P3
100131934	LETM1P2
100131935	GAPDHP41
100131940	SNX5P1
100131945	RPL35AP13
100131947	PRPF38AP2
100131950	METTL5P1
100131953	ACTG1P22
100131956	RPS3P5
100131958	RPL15P12
100131961	ST13P19
100131962	UBE2D4P2
100131964	RPL7L1P3
100131971	RPS26P54
100131977	PRICKLE1P1
100131980	ZNF705G
100131981	UBE2V1P9
100131983	HNRNPA1P25
100131984	SOWAHCP1
100131991	RPL29P8
100131995	UQCRHP3
100131997	FAM27E3
100131998	RRN3P3
100132006	LOC100132006
100132015	TEX13D
100132025	LOC100132025
100132031	DNM1P28
100132036	NDUFB4P2
100132037	RPS29P10
100132047	RPL22P6
100132049	RPS19P4
100132053	RPL30P8
100132056	DHFRP5
100132057	PDE4DIPP6
100132058	GPS2P2
100132061	RPL9P14
100132066	ALG1L3P
100132069	LOC100132069
100132071	LOC100132071
100132073	CCNB2P1
100132074	FOXO6
100132076	RDXP3
100132079	KARS1P3
100132086	AK6P1
100132100	DNM1P32
100132101	HERC2P7
100132103	FAM66E
100132104	AK4P2
100132108	PSMD7P3
100132111	C2CD4D-AS1
100132115	RBM22P11
100132116	ACTA2-AS1
100132121	ETF1P3
100132122	RPL35AP5
100132124	TSPY17P
100132126	MTCH2P2
100132127	RPL39P14
100132132	DSTNP5
100132142	RPS3AP4
100132146	FAM240A
100132147	LINC01783
100132153	TUBB2BP1
100132159	CALML3-AS1
100132163	PHKA2-AS1
100132166	IL9RP4
100132169	WASIR2
100132173	PPP1R26P3
100132174	LINC01987
100132195	TRIM60P13
100132197	LOC100132197
100132199	RPL36AP44
100132201	ZSWIM5P2
100132202	GOLGA6L25
100132204	DNM1P29
100132215	EHBP1-AS1
100132223	ACTBP16
100132234	LINC00543
100132239	CANT1P1
100132242	EXOSC8P1
100132247	NPIPB5
100132251	ABHD17AP9
100132260	CDYLP1
100132264	RNFT1P2
100132265	RPL32P15
100132268	FKBP4P6
100132273	NDUFA6-DT
100132285	KIR2DS2
100132286	NDUFB8P3
100132288	TEKT4P2
100132289	ABCB10P4
100132291	RPS27P29
100132295	PPP1R26P4
100132304	FAM236B
100132306	FAM91A4P
100132308	SLC29A4P2
100132310	FCF1P11
100132311	RPL38P3
100132321	NIPA2P1
100132322	SAR1AP4
100132332	CNOT7P2
100132340	CYP4F59P
100132341	CLUHP3
100132346	HSPE1P7
100132352	FRG1HP
100132354	LINC01512
100132355	SLC25A1P4
100132358	EEF1A1P34
100132363	LOC100132363
100132365	LOC100132365
100132372	RPS10P28
100132376	RPS29P8
100132380	AGGF1P1
100132382	RPS14P4
100132386	KRTAP4-9
100132396	ZNF705B
100132399	GAGE12D
100132400	RPS15AP28
100132402	PGGT1BP2
100132403	FAM157B
100132406	NBPF10
100132413	GKN3P
100132415	SOCS5P4
100132417	FCGR1CP
100132418	LOC100132418
100132420	ANKRD36P1
100132421	DUX4L18
100132441	GXYLT1P4
100132450	IQSEC3P1
100132456	GUSBP7
100132463	CLDN24
100132464	FAM99B
100132467	RNF2P1
100132474	LOC100132474
100132476	KRTAP4-7
100132479	RPL22P5
100132487	PTCD2P2
100132488	RPS27P6
100132495	LOC100132495
100132496	RPS24P9
100132498	CENPNP1
100132499	RPS29P16
100132501	LINC01415
100132504	TSPY19P
100132509	ZNF114P1
100132510	GLRXP3
100132520	MTRF1LP1
100132526	FGD5P1
100132529	TAT-AS1
100132534	PDHA1P1
100132537	DOCK11P1
100132541	GXYLT1P3
100132543	FAM98BP1
100132547	RPL26P33
100132562	YPEL5P2
100132565	GOLGA8F
100132580	RBMXP4
100132591	SERBP1P4
100132594	PGAM1P5
100132596	XGY2
100132597	EIF3EP2
100132598	ZNF965P
100132601	GAPDHP68
100132606	AGGF1P7
100132609	PDCD2P1
100132612	LINC02312
100132615	SPRING1P1
100132617	SNX18P23
100132618	ZRANB2-AS1
100132619	ATP5F1AP10
100132621	MTFR2P2
100132630	CICP3
100132641	BTF3P14
100132644	RPL7AP75
100132645	RPL17P41
100132656	FKBP4P1
100132658	NSA2P3
100132672	GXYLT1P6
100132673	RPS2P28
100132677	BSN-DT
100132678	RPL7AP45
100132681	NFU1P1
100132683	PDCL3P3
100132698	SSBP3P4
100132699	NFU1P2
100132707	PAXIP1-AS2
100132708	CYP4F30P
100132712	NAMPTP2
100132722	RPL15P21
100132723	SSBP3P3
100132724	DCAF13P3
100132733	ANKRD20A13P
100132735	FILNC1
100132736	PIMREGP3
100132742	RPL17P7
100132753	RFKP2
100132759	VN1R7P
100132762	MTNAP1P1
100132766	PABPC1P8
100132772	RAB28P3
100132774	KDM4A-AS1
100132778	NACAP6
100132795	RPL12P32
100132796	NIFKP6
100132800	LOC100132800
100132803	HNRNPH1P1
100132808	RBMX2P2
100132812	NACAP10
100132813	SYBU-AS1
100132815	IPO5P1
100132824	TUBAP11
100132831	TNIP2P1
100132832	PMS2P9
100132841	NMNAT1P4
100132849	ATP5POP1
100132863	HMGB1P37
100132871	RAB28P4
100132891	MSC-AS1
100132906	RPL13AP10
100132911	DPH3P1
100132916	SHISAL2B
100132917	RAP1BP3
100132918	EIF4EP3
100132920	CICP4
100132922	RPL6P11
100132923	FAM66D
100132924	RPL13AP19
100132929	FAM25BP
100132932	FAM197Y9
100132938	AQP7P4
100132940	PRELID3BP6
100132948	FAM27C
100132949	RBM17P3
100132961	RPS21P2
100132963	SMIM9
100132965	GYG1P1
100132967	FAM223A
100132972	SYPL1P2
100132973	ELOCP29
100132978	ATP6V0CP1
100132979	GOLGA8DP
100132987	LINC00856
100132988	RPL37AP3
100132992	HMGN1P30
100132993	RPS21P3
100132994	CXORF49B
100132995	RPS8P3
100133005	RASA4DP
100133012	CHEK2P1
100133024	AMD1P1
100133036	FAM95B1
100133037	RPL7P4
100133038	RPL18AP7
100133040	PPP1R26P5
100133044	BCRP8
100133050	GUSBP19
100133053	CXORF51B
100133054	RPS9P3
100133059	CENPNP2
100133062	FAM217AP1
100133064	PPP1R26P2
100133073	ABRAXAS1P2
100133074	SLC25A5P9
100133077	CACNA1B-AS2
100133079	SLC25A1P2
100133087	VN1R18P
100133091	LINC03009
100133093	FAM25G
100133100	RPL6P8
100133103	RPL7L1P13
100133108	RPL13P10
100133121	FAM27B
100133122	RBPJP7
100133123	LINC01203
100133128	DEFB108F
100133139	RPL12P41
100133145	LOC100133145
100133147	GNPNAT1P3
100133161	LINC01001
100133162	RPL32P34
100133163	BCRP7
100133168	CCR12P
100133170	RPL11P1
100133172	FAM66A
100133180	DDX3P1
100133190	ADIRF-AS1
100133193	RPL32P28
100133203	RAB28P1
100133204	HSDL2-AS1
100133205	LINC00240
100133206	RBM22P5
100133210	COX6B1P7
100133211	RRAS2P1
100133212	ABHD17AP7
100133220	GOLGA6L3P
100133222	RPL39P27
100133234	SBF1P1
100133235	RPL26P14
100133251	PRR23D2
100133255	RPS14P5
100133259	CBX1P5
100133261	CHORDC1P3
100133262	ATP6V0E1P3
100133265	BMS1P7
100133267	DEFB130B
100133268	HAUS6P2
100133273	RPL21P80
100133285	PCDH8P1
100133286	CBR1-AS1
100133294	RPL34P16
100133301	FAM231BP
100133307	CYP1D1P
100133308	RSU1P2
100133309	EIF4A2P3
100133310	HMGB1P28
100133311	HOXA-AS3
100133314	SETP1
100133315	XNDC1N
100133321	KLF17P1
100133330	RBM17P1
100133461	LINC02171
100133545	MRPL23-AS1
100133612	LINC01134
100133668	RPS27P24
100133669	LY6E-DT
100133791	ERV18-1
100133941	CD24
100133957	UXT-AS1
100133985	LINC01816
100133991	MAP3K14-AS1
100134015	UBOX5-AS1
100134229	KDM7A-DT
100134240	LOC100134240
100134259	LINC01119
100134317	CYKILR
100134391	LOC100134391
100134444	KCNJ18
100134507	MTX2P1
100134713	NDUFB2-AS1
100134869	UBE2Q2P2
100134934	TEN1
100134938	UPK3BL1
100135063	GTF3AP6
100135064	GTF3AP1
100135756	ATG3P1
100137047	JMJD7
100137049	PLA2G4B
100141515	C17ORF99
100142659	CTAGE8
100144435	VTRNA3-1P
100144494	POGLUT2P1
100144595	GALNT13-AS1
100144596	LINC00029
100144597	LINC01056
100144602	EPHA5-AS1
100144603	CHKB-DT
100144604	LINC00930
100144631	PPP6CP
100144748	KLLN
100147744	RNU7-1
100147745	RNU7-2P
100147746	RNU7-3P
100147747	RNU7-4P
100147748	RNU7-5P
100147749	RNU7-6P
100147750	RNU5B-2P
100147751	RNU5B-3P
100147752	RNU5B-4P
100147753	RNU5B-5P
100147754	RNU5B-6P
100147755	RNU7-7P
100147756	RNU7-8P
100147757	RNU7-9P
100147758	RNU7-10P
100147759	RNU7-11P
100147760	RNU7-12P
100147761	RNU7-13P
100147762	RNU7-14P
100147763	RNU7-15P
100147764	RNU7-16P
100147765	RNU7-17P
100147766	RNU7-18P
100147767	RNU7-19P
100147768	RNU7-20P
100147769	RNU7-21P
100147770	RNU7-22P
100147771	RNU7-23P
100147773	TMCO1-AS1
100147811	CBX1P2
100147812	RNU7-25P
100147813	RNU7-26P
100147814	RNU7-27P
100147815	RNU7-28P
100147816	RNU7-29P
100147817	RNU7-30P
100147818	RNU7-31P
100147819	RNU7-32P
100147820	RNU7-33P
100147821	RNU7-34P
100147822	RNU7-35P
100147823	RNU7-36P
100147824	RNU7-37P
100147825	RNU7-38P
100147826	RNU7-39P
100147827	RNU7-40P
100147828	RNU7-41P
100147829	RNU7-42P
100147830	RNU7-43P
100147831	RNU7-44P
100147832	RNU7-45P
100147833	RNU7-46P
100147834	RNU7-47P
100147835	RNU7-48P
100147836	RNU7-49P
100147837	RNU7-50P
100151640	EXOSC3P1
100151641	PHKG1P4
100151642	ATG12P1
100151643	KRTAP20-4
100151645	USF1P1
100151646	LETM1P3
100151647	RNU7-51P
100151648	RNU7-52P
100151649	RNU7-53P
100151650	RNU7-54P
100151651	RNU7-56P
100151652	RNU7-57P
100151653	RNU7-58P
100151654	RNU7-59P
100151655	RNU7-60P
100151656	RNU7-61P
100151657	RNU7-62P
100151658	RNU7-63P
100151661	CBX5P1
100151662	RNU7-64P
100151663	RNU7-65P
100151664	RNU7-66P
100151665	RNU7-67P
100151666	RNU7-69P
100151667	RNU7-70P
100151668	RNU7-71P
100151669	RNU7-72P
100151670	RNU7-73P
100151671	RNU7-74P
100151672	RNU7-75P
100151673	RNU7-76P
100151674	RNU7-77P
100151675	RNU7-78P
100151676	RNU7-79P
100151677	RNU7-80P
100151678	RNU7-81P
100151679	RNU7-82P
100151680	RNU7-83P
100151681	RNU7-84P
100151682	RNU7-85P
100151683	RNU4ATAC
100151684	RNU6ATAC
100151685	RNU6ATAC2P
100151686	RNU6ATAC3P
100151687	RNU6ATAC4P
100151688	RNU6ATAC5P
100158257	NF1P7
100158258	NEK2P3
100158262	SCARNA9L
100169750	PRINS
100169751	RNA5S1
100169752	TEX36-AS1
100169753	RNA5S2
100169754	RNA5S3
100169755	RNA5S4
100169756	RNA5S5
100169757	RNA5S6
100169758	RNA5S7
100169759	RNA5S8
100169760	RNA5S9
100169761	RNA5S10
100169762	RNA5S11
100169763	RNA5S12
100169764	RNA5S13
100169765	RNA5S14
100169766	RNA5S15
100169767	RNA5S16
100169768	RNA5S17
100169834	RNY4P19
100169835	RNY5P7
100169836	RNY5P9
100169837	RNY5P10
100169850	RNY4P7
100169851	PATE3
100169890	PEG3-AS1
100169951	SNAR-A3
100169952	SNAR-A5
100169953	SNAR-A7
100169954	SNAR-A11
100169955	SNAR-A9
100169956	SNAR-A4
100169957	SNAR-A6
100169958	SNAR-A8
100169959	SNAR-A13
100169989	DBIL5P2
100170216	SNAR-A10
100170217	SNAR-B2
100170218	SNAR-C2
100170219	SNAR-C4
100170220	SNAR-E
100170221	SNAR-H
100170222	SNAR-I
100170223	SNAR-C5
100170224	SNAR-B1
100170225	SNAR-C1
100170226	SNAR-C3
100170227	SNAR-D
100170228	SNAR-G2
100170229	SRRM5
100170765	ERICH4
100170841	EPOP
100174857	GSTA9P
100174949	TRIM59-IFT80
100174950	SPOPLP3
100187716	MIR1224
100188847	MIR1225
100188891	ZNF123P
100188893	TOMM6
100188945	CDCA4P4
100188947	HECTD2-AS1
100188949	LINC00426
100188953	LINC00092
100188954	DNMBP-AS1
100188985	TRG-GCC2-4
100188986	TRH-GTG1-7
100188987	TRH-GTG1-5
100188988	TRH-GTG1-8
100188989	TRU-TCA3-1
100188990	TRV-AAC1-2
100188991	TRH-GTG1-1
100188992	TRV-AAC2-1
100188993	TRV-TAC1-1
100188994	TRD-GTC4-1
100188995	TRK-CTT6-1
100188996	TRN-GTT14-1
100188997	TRG-TCC4-1
100188998	TRQ-CTG7-1
100188999	TRK-CTT15-1
100189000	TRE-TTC12-1
100189001	TRY-GTA5-5
100189002	TRS-GCT2-1
100189003	TRL-CAA6-1
100189004	TRL-AAG1-3
100189005	TRN-GTT2-1
100189006	TRT-AGT1-3
100189007	TRE-CTC3-1
100189008	TRC-GCA11-1
100189009	TRL-CAG1-2
100189010	TRQ-TTG10-1
100189011	TRG-TCC2-6
100189012	TRR-TCT5-1
100189013	TRK-CTT1-2
100189014	TRV-AAC5-1
100189015	TRX-CAT1-1
100189016	TRQ-CTG15-1
100189017	TRE-CTC1-5
100189018	TRL-CAG1-6
100189019	TRP-AGG2-1
100189020	TRP-AGG1-1
100189021	TRA-CGC3-1
100189022	TRY-GTA2-1
100189024	TRE-CTC1-6
100189025	TRR-TCG6-1
100189026	TRQ-TTG6-1
100189028	TRI-TAT2-2
100189029	TRC-GCA22-1
100189030	TRE-TTC2-1
100189031	TRE-TTC5-1
100189032	TRL-TAG3-1
100189033	TRA-CGC4-1
100189034	TRR-TCG5-1
100189035	TRT-CGT1-1
100189036	TRN-GTT2-4
100189037	TRS-CGA1-1
100189038	TRL-CAA3-1
100189039	TRG-TCC2-5
100189040	TRX-CAT1-4
100189041	TRS-CGA2-1
100189042	TRA-AGC6-1
100189043	TRL-AAG5-1
100189044	TRE-CTC8-1
100189045	TRG-CCC5-1
100189046	TRA-AGC4-1
100189047	TRA-AGC5-1
100189048	TRW-CCA3-2
100189049	TRC-GCA18-1
100189050	TRI-GAT1-2
100189051	TRK-TTT12-1
100189052	TRC-GCA2-2
100189053	TRK-TTT4-1
100189054	TRE-TTC13-1
100189055	NMTRS-TGA1-1
100189056	TRQ-CTG4-1
100189057	TRY-GTA9-1
100189058	NMTRQ-TTG14-1
100189059	TRN-GTT8-1
100189060	TRA-AGC13-2
100189061	TRD-GTC5-1
100189062	TRK-CTT4-1
100189063	TRE-TTC2-2
100189064	TRG-TCC2-1
100189065	TRH-GTG1-9
100189066	TRA-TGC5-1
100189067	TRL-TAA4-1
100189068	TRE-TTC8-1
100189069	TRN-GTT16-1
100189070	TRS-AGA4-1
100189071	TRI-AAT2-1
100189072	TRP-AGG2-4
100189073	TRV-CAC12-1
100189074	TRQ-TTG3-3
100189075	TRC-GCA12-1
100189077	TRS-AGA2-2
100189078	TRR-CCT1-1
100189079	TRN-GTT16-3
100189080	TRSUP-TTA1-1
100189081	TRG-GCC6-1
100189082	TRA-TGC6-1
100189083	TRN-GTT2-3
100189084	TRR-CCG1-2
100189085	TRM-CAT7-1
100189086	TRT-CGT2-1
100189087	TRD-GTC7-1
100189088	TRP-TGG3-2
100189089	TRL-CAG2-2
100189090	TRC-GCA4-1
100189091	TRE-CTC1-2
100189092	TRA-AGC7-1
100189093	TRA-AGC2-1
100189094	TRX-CAT1-3
100189095	TRI-AAT8-1
100189096	TRN-GTT17-1
100189097	TRC-GCA3-1
100189098	TRK-TTT8-1
100189099	TRR-ACG2-3
100189101	TRV-CAC7-1
100189102	TRY-GTA5-2
100189103	TRR-ACG2-1
100189104	TRK-TTT11-1
100189105	TRC-GCA2-3
100189106	TRA-AGC12-3
100189107	TRK-CTT1-1
100189109	TRR-TCT3-1
100189110	TRK-CTT2-4
100189111	TRM-CAT3-2
100189112	TRW-CCA3-3
100189113	TRE-CTC17-1
100189114	TRA-TGC2-1
100189115	TRR-TCT3-2
100189116	TRA-AGC20-1
100189117	TRA-AGC15-1
100189118	TRL-AAG4-1
100189119	TRK-CTT3-1
100189120	TRD-GTC2-5
100189121	TRQ-CTG1-3
100189122	TRK-TTT3-1
100189123	TRW-CCA1-1
100189124	TRP-CGG1-3
100189125	TRK-TTT1-1
100189126	TRN-GTT1-1
100189127	TRN-GTT2-8
100189128	TRA-AGC10-1
100189129	TRE-TTC11-1
100189130	TRL-CAG2-1
100189131	TRI-TAT2-3
100189132	TRI-GAT1-1
100189133	TRR-TCT1-1
100189134	TRD-GTC2-4
100189135	TRM-CAT2-1
100189136	TRP-AGG2-7
100189137	TRF-GAA1-1
100189138	TRQ-TTG2-1
100189139	TRL-CAG1-5
100189140	TRQ-CTG3-2
100189141	TRG-TCC2-3
100189142	TRV-CAC8-1
100189143	TRT-AGT6-1
100189144	TRC-GCA1-1
100189145	TRF-GAA5-1
100189146	TRC-GCA16-1
100189149	TRA-TGC1-1
100189150	TRD-GTC6-1
100189151	TRL-TAG2-1
100189152	TRS-CGA4-1
100189153	TRI-AAT5-1
100189154	TRQ-CTG8-2
100189155	TRC-GCA5-1
100189156	TRA-AGC9-1
100189157	TRS-GCT1-1
100189158	TRD-GTC2-6
100189159	TRS-GCT5-1
100189160	TRG-GCC1-4
100189161	TRV-AAC4-1
100189162	TRY-GTA3-1
100189163	TRG-GCC2-5
100189164	TRL-TAA2-1
100189165	TRN-GTT16-4
100189166	TRR-TCT4-1
100189167	TRR-ACG2-2
100189168	TRR-CCT3-1
100189169	TRL-AAG3-1
100189170	TRF-GAA3-1
100189171	TRW-CCA4-1
100189172	TRP-CGG2-1
100189173	TRR-CCG1-3
100189174	TRH-GTG1-4
100189175	TRL-TAA5-1
100189176	TRN-GTT2-5
100189177	TRC-GCA19-1
100189178	TRV-AAC6-1
100189179	TRC-GCA6-1
100189180	TRK-CTT9-1
100189181	TRR-CCT2-1
100189182	TRK-TTT6-1
100189183	TRN-GTT13-1
100189184	TRS-AGA2-6
100189185	TRQ-TTG3-2
100189186	TRX-CAT3-1
100189187	TRT-AGT1-1
100189188	TRG-TCC2-4
100189189	TRQ-CTG1-2
100189190	TRW-CCA5-1
100189191	TRV-TAC1-2
100189192	TRA-AGC21-1
100189193	TRN-GTT9-2
100189194	TRC-GCA23-1
100189195	TRN-GTT2-6
100189196	TRV-CAC9-1
100189197	TRC-GCA2-1
100189198	TRK-CTT2-1
100189199	TRL-CAA4-1
100189200	TRD-GTC3-1
100189201	TRM-CAT1-1
100189202	TRL-AAG2-2
100189203	TRW-CCA2-1
100189204	TRL-CAG3-1
100189205	TRS-CGA3-1
100189206	TRG-TCC3-1
100189207	TRD-GTC1-1
100189208	TRG-GCC2-2
100189209	TRK-CTT5-1
100189210	TRE-TTC16-1
100189211	TRP-CGG1-1
100189212	TRA-AGC18-2
100189213	TRI-AAT3-1
100189214	TRQ-CTG6-1
100189215	NMTRQ-TTG3-1
100189216	TRM-CAT3-1
100189217	TRQ-CTG8-1
100189218	TRS-GCT6-1
100189219	TRY-GTA6-1
100189220	TRG-GCC5-1
100189221	TRP-CGG1-2
100189222	TRT-AGT1-2
100189223	TRP-AGG2-2
100189224	TRP-TGG2-1
100189225	TRS-GCT4-1
100189226	TRM-CAT6-1
100189227	TRV-CAC1-6
100189228	TRV-CAC1-7
100189229	TRS-GCT4-2
100189230	TRG-GCC1-3
100189231	TRG-CCC2-1
100189232	TRA-TGC3-2
100189233	TRN-GTT15-1
100189234	TRK-TTT3-3
100189235	TRD-GTC2-2
100189236	TRE-CTC5-1
100189237	TRL-CAA1-2
100189238	TRK-TTT5-1
100189239	TRD-GTC2-8
100189240	TRL-TAA3-1
100189242	TRH-GTG3-1
100189243	TRR-ACG1-3
100189244	TRK-CTT8-1
100189245	TRT-CGT4-1
100189246	TRA-AGC19-1
100189247	TRS-AGA2-4
100189248	TRS-AGA2-5
100189249	TRI-AAT1-1
100189250	TRC-GCA9-1
100189251	TRF-GAA1-5
100189252	TRG-GCC1-2
100189253	TRY-ATA1-1
100189254	TRF-GAA1-2
100189255	TRX-CAT1-8
100189256	TRA-TGC8-1
100189257	TRN-GTT11-2
100189258	TRT-CGT6-1
100189259	TRE-CTC1-4
100189260	TRG-TCC2-2
100189261	TRQ-CTG4-2
100189262	TRF-GAA6-1
100189263	TRT-TGT5-1
100189264	TRR-TCG1-1
100189265	TRI-TAT2-1
100189266	TRN-GTT20-1
100189267	TRC-GCA15-1
100189268	TRQ-CTG2-1
100189269	TRE-CTC1-7
100189270	TRR-CCT5-1
100189271	TRN-GTT16-2
100189272	TRY-GTA1-1
100189273	TRL-AAG1-2
100189274	TRG-GCC4-1
100189275	TRI-AAT5-4
100189276	TRP-AGG2-3
100189277	TRG-CCC3-1
100189278	TRY-GTA10-1
100189279	TRS-TGA1-1
100189280	TRA-TGC3-1
100189281	TRP-TGG3-5
100189282	TRK-CTT2-5
100189283	TRV-TAC2-1
100189284	TRG-GCC1-5
100189285	TRS-GCT3-1
100189286	TRP-TGG1-1
100189287	TRQ-CTG1-1
100189288	TRL-CAG1-7
100189289	TRC-GCA17-1
100189290	TRD-GTC2-3
100189291	TRL-AAG2-4
100189292	TRD-GTC2-7
100189293	TRF-GAA4-1
100189294	TRK-TTT2-1
100189295	TRA-AGC2-2
100189296	TRP-AGG2-8
100189297	TRX-CAT1-6
100189298	TRG-CCC1-2
100189299	TRA-AGC3-1
100189300	TRT-CGT5-1
100189301	TRL-CAA2-1
100189302	TRQ-CTG17-1
100189303	TRM-CAT5-1
100189305	TRC-GCA10-1
100189306	TRF-GAA1-6
100189307	TRH-GTG1-3
100189308	TRA-CGC1-1
100189309	TRW-CCA6-1
100189310	TRI-AAT5-3
100189311	TRK-CTT11-1
100189312	TRA-AGC16-1
100189313	TRL-TAA1-1
100189314	TRG-GCC2-3
100189315	TRX-CAT1-7
100189316	TRL-CAG1-3
100189317	TRQ-CTG1-4
100189318	TRV-AAC1-1
100189319	TRT-AGT2-1
100189320	TRN-ATT1-1
100189321	TRQ-TTG3-1
100189322	TRQ-CTG10-1
100189323	TRN-GTT3-1
100189324	TRI-TAT1-1
100189325	NMTRL-TAA1-1
100189326	TRV-CAC4-1
100189327	TRA-AGC12-2
100189328	TRL-AAG2-1
100189329	TRQ-CTG5-1
100189330	TRSUP-TTA2-1
100189331	TRS-GCT4-3
100189332	TRK-TTT7-1
100189333	TRE-TTC1-2
100189334	TRH-GTG1-2
100189335	TRP-TGG3-3
100189336	TRI-AAT5-2
100189337	TRY-GTA8-1
100189338	TRN-GTT16-5
100189339	TRA-TGC4-1
100189340	TRT-AGT2-2
100189341	TRA-AGC18-1
100189342	TRV-TAC3-1
100189343	TRD-GTC2-9
100189344	TRT-TGT1-1
100189345	TRX-CAT1-5
100189346	TRA-AGC1-1
100189347	TRD-GTC2-10
100189348	TRI-TAT3-1
100189349	TRL-AAG8-1
100189350	TRH-GTG2-1
100189351	TRQ-CTG18-1
100189352	TRS-AGA1-1
100189353	TRA-AGC17-1
100189354	TRM-CAT4-2
100189355	TRC-GCA20-1
100189356	TRN-GTT12-1
100189357	TRC-GCA13-1
100189358	TRA-AGC14-1
100189359	TRC-GCA8-1
100189360	TRT-CGT3-1
100189361	TRP-AGG3-1
100189362	TRL-AAG1-1
100189363	TRV-CAC2-1
100189364	TRL-CAG1-4
100189365	TRR-CCG1-1
100189366	TRG-GCC1-1
100189367	TRK-CTT10-1
100189368	TRV-CAC6-1
100189369	TRA-AGC12-1
100189370	TRL-CAA5-1
100189371	TRR-TCG3-1
100189372	TRI-AAT6-1
100189373	TRV-CAC1-1
100189374	TRT-AGT4-1
100189375	TRC-GCA21-1
100189376	TRC-GCA9-3
100189377	NMTRL-TAA4-1
100189378	TRT-TGT2-1
100189379	TRC-GCA9-4
100189380	TRG-GCC2-1
100189381	TRN-GTT19-1
100189382	TRS-AGA2-1
100189383	TRD-GTC2-11
100189384	TRE-CTC1-1
100189385	TRE-CTC1-3
100189387	TRI-AAT5-5
100189388	TRP-TGG3-4
100189389	TRQ-CTG12-1
100189390	TRK-TTT9-1
100189391	TRM-CAT4-1
100189392	TRK-TTT16-1
100189393	TRI-AAT4-1
100189394	TRL-CAG1-1
100189395	TRA-CGC5-1
100189396	TRR-ACG1-1
100189397	NMTRQ-TTG5-1
100189398	TRA-AGC8-2
100189399	TRK-CTT2-2
100189400	TRA-CGC2-1
100189401	TRI-AAT7-1
100189402	TRN-GTT2-2
100189404	TRV-AAC7-1
100189405	TRY-GTA4-1
100189406	TRR-CCT4-1
100189407	TRE-TTC4-2
100189408	TRV-TAC4-1
100189409	TRE-CTC2-1
100189410	TRR-TCG2-1
100189411	TRA-AGC13-1
100189412	TRD-GTC2-1
100189413	TRC-GCA9-2
100189414	TRC-GCA2-4
100189415	TRF-GAA1-3
100189416	TRV-CAC3-1
100189417	TRE-CTC6-1
100189418	TRE-TTC1-1
100189419	TRT-TGT4-1
100189420	TRS-AGA6-1
100189421	TRF-GAA7-1
100189422	TRQ-TTG4-1
100189423	TRA-AGC9-2
100189424	TRY-GTA5-3
100189425	TRK-TTT3-2
100189426	TRSUP-CTA1-1
100189427	TRI-GAT1-3
100189428	TRR-ACG2-4
100189429	TRL-AAG6-1
100189430	TRS-TGA3-1
100189431	TRD-GTC8-1
100189432	TRS-AGA5-1
100189433	TRT-AGT3-1
100189434	TRA-AGC22-1
100189435	TRC-GCA14-1
100189436	TRW-CCA3-1
100189437	TRY-GTA5-1
100189438	TRT-AGT5-1
100189439	TRK-CTT13-1
100189440	TRE-CTC12-1
100189441	TRL-TAG4-1
100189442	TRSUP-CTA2-1
100189443	TRR-CCT7-1
100189444	TRQ-TTG7-1
100189445	NMTRQ-TTG7-1
100189446	TRF-GAA8-1
100189447	TRC-GCA25-1
100189448	NMTRQ-TTG8-1
100189449	TRR-CCT6-2
100189450	TRE-CTC14-1
100189451	NMTRQ-TTG9-1
100189452	TRQ-CTG11-1
100189453	TRSUP-TTA3-1
100189454	TRE-TTC10-1
100189455	TRP-GGG1-1
100189456	NMTRL-TAA6-1
100189457	TRE-TTC7-1
100189458	TRG-CCC7-1
100189459	TRE-CTC13-1
100189460	TRG-TCC5-1
100189461	NMTRQ-CTG1-1
100189462	TRI-AAT10-1
100189463	NMTRP-TGG1-1
100189464	TRK-CTT12-1
100189465	TRE-TTC6-1
100189466	NMTRL-TAA5-1
100189467	TRK-CTT14-1
100189468	TRA-AGC23-1
100189469	TRA-TGC10-1
100189470	TRSUP-CTA3-1
100189471	TRF-GAA12-1
100189472	TRF-GAA11-1
100189473	TRQ-TTG5-1
100189474	TRI-AAT11-1
100189475	NMTRQ-TTG1-1
100189476	TRP-AGG6-1
100189477	TRV-CAC14-1
100189478	NMTRQ-TTG12-1
100189479	TRV-CAC11-2
100189480	TRK-TTT10-1
100189481	TRI-AAT12-1
100189482	TRP-AGG5-1
100189483	TRP-TGG4-1
100189484	TRE-TTC15-1
100189485	TRE-TTC14-1
100189486	TRV-CAC11-1
100189487	TRS-AGA7-1
100189488	TRE-CTC11-1
100189489	NMTRQ-TTG4-1
100189490	TRN-GTT23-1
100189491	TRE-CTC7-1
100189492	TRE-CTC18-1
100189493	TRL-AAG7-1
100189494	TRE-CTC9-1
100189495	TRD-GTC10-1
100189496	TRY-GTA12-1
100189497	TRF-GAA10-1
100189499	TRL-CAA7-1
100189500	TRV-CAC13-1
100189501	NMTRQ-TTG11-1
100189502	TRR-CCT8-1
100189503	TRQ-CTG16-1
100189504	TRK-TTT15-1
100189505	TRQ-TTG8-1
100189506	TRE-CTC4-1
100189507	TRY-GTA11-1
100189508	TRC-ACA1-1
100189509	TRQ-TTG9-1
100189510	NMTRQ-TTG6-1
100189511	TRG-TCC6-1
100189512	NMTRS-TGA3-1
100189513	NMTRV-TAC1-1
100189514	TRK-TTT14-1
100189515	TRP-TGG5-1
100189516	NMTRQ-TTG2-1
100189518	TRE-TTC9-1
100189519	TRK-TTT17-1
100189520	NMTRL-TAA3-1
100189522	NMTRL-TAA2-1
100189523	TRQ-CTG14-1
100189524	NMTRQ-TTG10-1
100189525	NMTRS-TGA2-1
100189526	TRS-ACT1-1
100189527	TRE-CTC15-1
100189528	TRE-CTC16-1
100189529	TRA-TGC9-1
100189530	TRP-AGG4-1
100189531	TRQ-CTG9-1
100189532	TRE-CTC10-1
100189533	TRF-GAA9-1
100189534	TRN-GTT22-1
100189535	NMTRQ-TTG13-1
100189536	TRK-CTT16-1
100189537	TRR-CCT9-1
100189538	TRQ-CTG13-1
100189539	TRK-TTT13-1
100189540	NMTRQ-TTG15-1
100189541	TRV-CAC1-4
100189589	DCTN1-AS1
100190799	LDHAP2
100190800	LDHAP7
100190923	EIF4EBP2P2
100190924	EIF4EBP2P3
100190938	RAMP2-AS1
100190939	TPT1-AS1
100190940	LINC02418
100190947	SUPT4H1P1
100190949	C5ORF52
100190952	NDUFB1P1
100190954	EXOSC3P2
100190955	FAM32DP
100190956	FAM32EP
100190987	FDPSP10
100191039	RPL36AP33
100191040	C2CD4D
100191063	SNAR-A14
100192204	PPIAP30
100192378	ZFHX4-AS1
100192386	FLJ16779
100192388	ANAPC13P1
100192420	LINC01634
100194425	BCAP31P1
100194426	BCAP31P2
100216001	MANCR
100216336	RPS24P8
100216338	RPS24P13
100216339	RPS24P6
100216340	RPS24P16
100216341	RPS24P17
100216342	RPS24P7
100216355	MMADHCP2
100216356	MMADHCP1
100216466	DNM1P43
100216479	FAR2P2
100216487	AKIRIN2P1
100216505	DNM1P24
100216506	DNM1P25
100216507	DNM1P26
100216514	DNM1P27
100216515	DNM1P36
100216516	DNM1P37
100216517	DNM1P38
100216518	DNM1P39
100216542	DNM1P45
100216544	DNM1P47
100216545	KMT2E-AS1
100217367	HIKESHIP1
100233146	HINT1P2
100233198	TMX2P1
100233209	PCED1B-AS1
100240707	GAPDHP42
100240708	GAPDHP43
100240709	GAPDHP44
100240710	GAPDHP45
100240711	GAPDHP46
100240712	GAPDHP47
100240713	GAPDHP48
100268168	RPL26L1-AS1
100270648	NIFKP3
100270673	FABP5P12
100270679	LINC01432
100270680	CASC11
100270709	FTH1P27
100270746	LARRPM
100270753	RPL21P112
100270754	RPL7AP72
100270755	RPSAP63
100270790	GNL2P1
100270804	LCDR
100270823	RPL7P11
100270825	RPL9P12
100270826	RPS2P13
100270827	RPS2P14
100270828	RPL37P9
100270829	RPL39P12
100270832	RPL5P9
100270833	RPL5P12
100270834	RPL5P13
100270835	RPL5P14
100270836	RPL5P15
100270837	RPL5P16
100270838	RPL5P21
100270839	RPL5P17
100270840	RPL5P23
100270841	RPL5P24
100270843	RPL6P15
100270844	RPL6P5
100270845	RPL6P6
100270846	RPL6P21
100270847	RPL6P9
100270848	RPL6P7
100270850	RPL7P15
100270851	RPL7P17
100270852	RPL7P18
100270853	RPL7P19
100270854	RPL8P3
100270855	RPL9P10
100270856	RPL9P13
100270857	RPL9P15
100270858	RPS2P15
100270859	RPS2P19
100270860	RPS2P16
100270861	RPS2P22
100270862	RPS3P4
100270864	RPS6P2
100270865	RPS6P10
100270866	RPS6P11
100270867	RPS6P12
100270868	RPS7P2
100270869	RPS7P6
100270870	RPS7P7
100270871	RPS8P6
100270872	RPSAP16
100270873	RPSAP17
100270874	RPSAP22
100270875	RPSAP23
100270876	RPSAP34
100270877	RPL21P21
100270878	RPL21P22
100270879	RPL21P23
100270880	RPL21P24
100270881	RPL21P25
100270882	RPL21P26
100270883	RPL26P7
100270884	RPL26P8
100270885	RPL26P9
100270886	RPL26P10
100270887	RPL31P12
100270888	RPL32P6
100270889	RPL34P4
100270890	RPL37P7
100270891	RPL39P6
100270892	RPL39P7
100270893	RPL39P8
100270894	RPL39P9
100270895	RPL7AP15
100270896	RPL7AP16
100270897	RPL7AP17
100270898	RPS11P3
100270899	RPS20P5
100270900	RPS20P6
100270901	RPS20P7
100270902	RPS26P14
100270903	RPS29P6
100270904	RPS3AP11
100270905	RPS3AP12
100270906	RPL5P19
100270907	RPL6P12
100270908	RPL7P30
100270909	RPL7P31
100270910	RPS2P23
100270911	RPS2P30
100270912	RPS2P24
100270913	RPS2P25
100270914	RPS7P12
100270915	RPSAP37
100270916	RPSAP35
100270917	RPSAP40
100270918	RPSAP41
100270919	RPSAP42
100270920	RPL12P15
100270921	RPL12P21
100270922	RPL12P22
100270923	RPL12P20
100270924	RPL12P24
100270925	RPL12P23
100270926	RPL12P25
100270927	RPL13P9
100270928	RPL13P8
100270930	RPL14P2
100270933	RPL15P6
100270934	RPL15P8
100270935	RPL15P9
100270936	RPL17P10
100270937	RPL17P11
100270938	RPL17P12
100270939	RPL17P13
100270940	RPL17P28
100270941	RPL17P14
100270942	RPL17P32
100270943	RPL17P17
100270944	RPL18P5
100270945	RPL18P7
100270946	RPL19P6
100270948	RPL19P10
100270950	RPL19P11
100270951	RPL19P14
100270952	RPL21P27
100270953	RPL21P33
100270954	RPL21P34
100270955	RPL21P35
100270956	RPL21P36
100270957	RPL22P8
100270959	RPL22P16
100270960	RPL22P14
100270961	RPL23P4
100270962	RPL23P10
100270963	RPL24P7
100270964	RPL24P8
100270965	RPL26P15
100270966	RPL26P25
100270967	RPL26P26
100270968	RPL26P18
100270969	RPL27P5
100270970	RPL27P9
100270971	RPL28P2
100270972	RPL29P7
100270974	RPL29P14
100270975	RPL30P1
100270976	RPL30P2
100270977	RPL30P3
100270978	RPL30P5
100270979	RPL30P7
100270980	RPL30P6
100270981	RPL30P9
100270982	RPL30P10
100270983	RPL31P13
100270984	RPL31P15
100270985	RPL31P19
100270986	RPL31P20
100270987	RPL31P25
100270988	RPL31P21
100270989	RPL31P22
100270990	RPL31P29
100270991	RPL32P8
100270992	RPL32P9
100270993	RPL32P13
100270994	RPL32P14
100270995	RPL34P5
100270996	RPL34P12
100270997	RPL34P13
100270998	RPL34P6
100270999	RPL34P8
100271000	RPL34P15
100271001	RPL34P17
100271002	RPL34P9
100271003	RPL34P18
100271004	RPL34P10
100271006	RPL35P4
100271007	RPL35P6
100271008	RPL36P6
100271009	RPL36P9
100271010	RPL36P7
100271011	RPL36P10
100271012	RPL36P12
100271013	RPL36P13
100271014	RPL37P8
100271015	RPL37P10
100271016	RPL37P11
100271017	RPL37P12
100271018	RPL37P13
100271019	RPL37P14
100271020	RPL37P15
100271021	RPL37P16
100271022	RPL39P11
100271023	RPL39P16
100271024	RPL39P17
100271025	RPL39P18
100271027	RPL39P19
100271028	RPL39P22
100271030	UBA52P4
100271031	UBA52P5
100271033	RPL4P6
100271034	RPL6P24
100271035	RPL6P26
100271036	RPL7AP19
100271037	RPL7AP20
100271038	RPL7AP21
100271039	RPL7AP22
100271040	RPL7AP23
100271041	RPL7AP24
100271042	RPL7AP25
100271043	RPL7AP29
100271044	RPL8P5
100271045	RPL9P24
100271047	RPLP0P7
100271049	RPLP1P9
100271050	RPS10P16
100271052	RPS11P4
100271053	RPS12P5
100271054	RPS12P6
100271055	RPS12P7
100271056	RPS12P10
100271057	RPS12P13
100271058	RPS12P14
100271059	RPS12P15
100271060	RPS13P4
100271061	RPS13P5
100271062	RPS13P6
100271063	RPS14P1
100271064	RPS14P2
100271065	RPS14P7
100271066	RPS15P2
100271067	RPS16P3
100271068	RPS16P4
100271069	RPS17P7
100271070	RPS17P8
100271071	RPS17P10
100271072	RPS17P11
100271073	RPS17P13
100271074	RPS17P14
100271075	RPS18P4
100271076	RPS18P6
100271077	RPS18P11
100271078	RPS19P6
100271079	RPS20P8
100271080	RPS20P9
100271081	RPS20P10
100271082	RPS20P11
100271083	RPS20P12
100271084	RPS20P13
100271085	RPS20P15
100271086	RPS20P16
100271087	RPS20P22
100271088	RPS20P17
100271089	RPS20P23
100271090	RPS21P1
100271091	RPS23P3
100271092	RPS23P4
100271093	RPS23P5
100271094	RPS24P5
100271097	RPS24P10
100271098	RPS24P12
100271100	RPS25P2
100271101	RPS25P3
100271102	RPS25P5
100271103	RPS25P7
100271104	RPS26P12
100271105	RPS26P21
100271106	RPS26P13
100271107	RPS26P23
100271108	RPS26P18
100271109	RPS26P26
100271110	RPS26P19
100271111	RPS26P30
100271112	RPS26P22
100271113	RPS26P24
100271114	RPS26P34
100271115	RPS27P11
100271116	RPS27P5
100271117	RPS27P12
100271118	RPS27P15
100271119	RPS27P16
100271120	RPS28P2
100271121	RPS28P5
100271122	RPS29P13
100271123	RPS29P4
100271124	RPS29P5
100271125	FAUP2
100271126	FAUP3
100271127	RPS3AP8
100271129	RPS3AP9
100271130	RPS3AP17
100271131	RPS3AP23
100271132	RPS4XP5
100271133	RPS4XP10
100271135	RPS6P18
100271136	RPS6P19
100271137	RPL13AP9
100271138	RPL23AP17
100271139	RPL36AP9
100271140	RPL36AP10
100271141	RPS15AP6
100271142	RPS15AP7
100271143	RPS15AP8
100271144	RPS27AP6
100271145	RPL7P53
100271146	RPL7P54
100271147	RPL7P55
100271148	RPSAP59
100271149	RPSAP60
100271150	RPL17P19
100271151	RPL17P21
100271152	RPL17P23
100271153	RPL17P24
100271154	RPL17P29
100271155	RPL17P30
100271156	RPL17P31
100271157	RPL21P30
100271158	RPL21P40
100271159	RPL21P41
100271160	RPL21P31
100271161	RPL21P32
100271162	RPL21P42
100271163	RPL21P43
100271164	RPL21P47
100271165	RPL21P48
100271166	RPL21P49
100271167	RPL21P50
100271168	RPL21P54
100271169	RPL21P51
100271170	RPL21P55
100271171	RPL21P56
100271172	RPL21P57
100271173	RPL21P58
100271174	RPL21P59
100271175	RPL21P60
100271176	RPL21P63
100271177	RPL21P64
100271178	RPL21P65
100271179	RPL21P66
100271180	RPL21P67
100271181	RPL21P72
100271182	RPL21P73
100271183	RPL21P77
100271184	RPL21P74
100271185	RPL21P78
100271186	RPL21P83
100271187	RPL21P84
100271188	RPL21P79
100271189	RPL21P85
100271190	RPL21P86
100271191	RPL26P20
100271192	RPL30P15
100271193	RPL31P34
100271194	RPL31P24
100271196	RPL31P40
100271197	RPL31P42
100271198	RPL31P27
100271199	RPL31P35
100271200	RPL31P36
100271201	RPL31P41
100271202	RPL37P17
100271203	RPL39P23
100271204	RPL5P25
100271206	RPL5P26
100271207	RPL5P32
100271208	RPL6P28
100271209	RPL7AP28
100271210	RPL7AP35
100271211	RPL7AP47
100271212	RPL7AP48
100271213	RPL7AP41
100271214	RPL7AP49
100271215	RPL7AP42
100271216	RPL7P35
100271217	RPL7P39
100271218	RPL7P36
100271220	RPL7P40
100271221	RPL7P49
100271222	RPL7P41
100271223	RPL7P42
100271224	RPL7P43
100271225	RPL7P45
100271226	RPL7P51
100271227	RPL9P26
100271228	RPL9P31
100271229	RPL9P33
100271230	RPS17P17
100271231	RPS20P18
100271232	RPS20P24
100271233	RPS20P20
100271234	RPS20P21
100271235	RPS20P25
100271236	RPS21P5
100271237	RPS26P27
100271238	RPS26P37
100271239	RPS26P33
100271240	RPS26P36
100271241	RPS29P15
100271243	RPS2P36
100271244	RPS2P39
100271245	RPS2P41
100271246	RPS2P43
100271247	RPS2P42
100271248	RPS2P44
100271250	RPS2P52
100271251	RPS2P49
100271252	RPS2P54
100271253	RPS3AP24
100271254	RPS3AP30
100271255	RPS3AP27
100271256	RPS3AP31
100271257	RPS3AP28
100271258	RPS3AP32
100271259	RPS3AP33
100271260	RPS3AP34
100271261	RPS3AP35
100271262	RPS6P20
100271263	RPS6P21
100271267	RPSAP51
100271271	RPL11P3
100271272	RPL11P4
100271273	RPL12P28
100271274	RPL12P29
100271276	RPL13AP11
100271277	RPL13AP12
100271278	RPL13AP14
100271279	RPL13AP15
100271282	RPL14P4
100271283	RPL15P14
100271284	RPL17P35
100271285	RPL18AP10
100271286	RPL18P10
100271287	RPL19P17
100271288	RPL19P18
100271289	RPL22P17
100271290	RPL22P18
100271291	RPL23AP22
100271292	RPL23AP23
100271293	RPL23AP33
100271294	RPL23AP34
100271295	RPL23AP35
100271296	RPL23AP36
100271297	RPL23P11
100271298	RPL27AP3
100271299	RPL27AP4
100271300	RPL27AP5
100271301	RPL27AP7
100271302	RPL27P12
100271303	RPL30P11
100271304	RPL30P12
100271305	RPL30P13
100271306	RPL32P27
100271308	RPL34P20
100271309	RPL34P24
100271310	RPL35AP8
100271311	RPL35AP9
100271312	RPL35AP6
100271313	RPL35AP10
100271314	RPL35AP11
100271315	RPL35AP14
100271316	RPL35AP12
100271317	RPL35AP15
100271318	RPL35AP16
100271319	RPL35AP17
100271321	RPL35AP18
100271322	RPL35AP19
100271323	RPL36AP13
100271324	RPL36AP14
100271325	RPL36AP15
100271326	RPL36AP17
100271327	RPL36AP16
100271328	RPL36AP18
100271329	RPL36AP20
100271330	RPL36AP19
100271331	RPL36AP25
100271332	RPL36AP21
100271334	RPL36P15
100271336	RPL36P17
100271337	RPL37AP2
100271338	RPL37AP4
100271339	RPL37AP6
100271340	RPL37P20
100271341	RPL37P22
100271342	RPL37P18
100271343	UBA52P8
100271344	UBA52P9
100271346	RPLP1P10
100271347	RPLP2P4
100271348	RPLP2P5
100271349	RPS10P18
100271350	RPS10P19
100271351	RPS10P21
100271352	RPS12P16
100271353	RPS12P17
100271354	RPS12P18
100271357	RPS15AP21
100271358	RPS15AP16
100271359	RPS15AP26
100271360	RPS15AP18
100271361	RPS15P7
100271362	RPS16P6
100271363	RPS17P15
100271364	RPS18P13
100271365	RPS21P6
100271366	RPS21P7
100271367	RPS23P6
100271371	RPS24P18
100271372	RPS25P10
100271373	RPS25P9
100271374	RPS27AP5
100271375	RPS27AP8
100271376	RPS27AP9
100271377	RPS27AP10
100271378	RPS27AP14
100271379	RPS27AP15
100271380	RPS27P18
100271381	RPS28P8
100271383	RPS29P19
100271384	RPS29P22
100271385	RPS4XP12
100271386	RPS4XP20
100271387	RPL12P43
100271388	RPL17P49
100271389	RPL21P81
100271390	RPL21P132
100271391	RPL21P133
100271392	RPL31P63
100271393	RPL32P35
100271394	RPL36P18
100271395	RPL37P24
100271396	RPL39P24
100271398	RPL7AP44
100271399	RPL7AP71
100271400	RPS26P56
100271401	RPS26P57
100271402	RPS29P28
100271404	RPL12P26
100271405	RPL12P30
100271406	RPL12P31
100271407	RPL12P34
100271408	RPL12P36
100271410	RPL12P39
100271411	RPL17P37
100271413	RPL17P40
100271414	RPL17P45
100271415	RPL17P47
100271416	RPL17P48
100271417	RPL17P38
100271418	RPL17P42
100271419	RPL17P46
100271420	RPL18AP14
100271421	RPL21P88
100271422	RPL21P89
100271423	RPL21P90
100271424	RPL21P91
100271425	RPL21P94
100271427	RPL21P95
100271428	RPL21P96
100271429	RPL21P99
100271430	RPL21P100
100271431	RPL21P101
100271432	RPL21P102
100271433	RPL21P103
100271434	RPL21P108
100271435	RPL21P104
100271437	RPL21P109
100271438	RPL21P110
100271439	RPL21P111
100271440	RPL21P113
100271441	RPL21P114
100271443	RPL21P115
100271444	RPL21P116
100271445	RPL21P121
100271446	RPL21P118
100271447	RPL21P122
100271448	RPL21P123
100271449	RPL21P126
100271450	RPL21P124
100271451	RPL21P129
100271452	RPL21P127
100271453	RPL21P130
100271455	RPL22P21
100271456	RPL23AP27
100271457	RPL23AP28
100271458	RPL23AP29
100271459	RPL23AP30
100271460	RPL23AP31
100271461	RPL23AP39
100271462	RPL23AP40
100271464	RPL23AP51
100271465	RPL23AP52
100271466	RPL23AP54
100271467	RPL23AP55
100271469	RPL26P31
100271470	RPL26P34
100271471	RPL26P27
100271472	RPL29P22
100271474	RPL29P29
100271475	RPL31P51
100271476	RPL31P52
100271477	RPL31P53
100271478	RPL31P56
100271479	RPL31P46
100271480	RPL31P59
100271481	RPL31P47
100271482	RPL31P62
100271483	RPL31P54
100271485	RPL31P58
100271486	RPL31P60
100271487	RPL31P61
100271488	RPL32P32
100271489	RPL32P24
100271490	RPL32P25
100271491	RPL32P26
100271492	RPL32P30
100271493	RPL32P33
100271494	RPL34P19
100271495	RPL34P21
100271498	RPL34P22
100271499	RPL34P23
100271500	RPL34P28
100271501	RPL34P25
100271502	RPL34P32
100271503	RPL34P29
100271504	RPL34P35
100271505	RPL34P30
100271506	RPL35AP21
100271507	RPL35AP22
100271508	RPL36AP24
100271509	RPL36AP28
100271510	RPL36AP29
100271511	RPL36AP30
100271512	RPL36AP32
100271513	RPL36AP34
100271515	RPL37P19
100271516	RPL37P21
100271517	RPL39P25
100271518	RPL39P26
100271519	RPL39P30
100271520	RPL39P28
100271521	RPL39P33
100271522	RPL39P29
100271523	RPL39P34
100271524	RPL39P35
100271525	RPL39P31
100271526	RPL39P36
100271528	RPL39P37
100271529	RPL39P38
100271530	RPL39P39
100271531	RPL39P40
100271532	RPL39P41
100271533	RPL7AP51
100271534	RPL7AP52
100271535	RPL7AP55
100271536	RPL7AP56
100271537	RPL7AP57
100271538	RPL7AP60
100271539	RPL7AP61
100271542	RPL7AP67
100271543	RPL7AP65
100271545	RPL7AP69
100271546	RPS10P25
100271547	RPS10P20
100271548	RPS10P26
100271549	RPS12P20
100271550	RPS12P21
100271551	RPS12P24
100271552	RPS12P27
100271553	RPS12P28
100271555	RPS12P30
100271556	RPS12P32
100271557	RPS15AP22
100271558	RPS15AP23
100271560	RPS20P28
100271561	RPS20P29
100271562	RPS20P30
100271563	RPS20P31
100271564	RPS20P33
100271565	RPS20P34
100271566	RPS20P35
100271567	RPS26P41
100271568	RPS26P42
100271569	RPS26P44
100271570	RPS26P45
100271571	RPS26P43
100271572	RPS26P46
100271574	RPS26P48
100271575	RPS26P49
100271576	RPS26P51
100271577	RPS26P52
100271581	RPS27P20
100271583	RPS27P26
100271584	RPS27P25
100271585	RPS27P27
100271586	RPS27P28
100271587	RPS29P20
100271588	RPS29P23
100271589	RPS29P24
100271590	RPS29P25
100271591	RPS29P26
100271592	RPS29P27
100271593	RPS3AP37
100271594	RPS3AP38
100271595	RPS3AP41
100271596	RPS3AP46
100271597	RPS3AP42
100271600	RPS3AP51
100271601	RPS3AP50
100271602	RPL10AP13
100271603	RPL13AP24
100271604	RPL18AP12
100271605	RPL27AP8
100271606	RPL37AP9
100271607	RPS15AP30
100271610	RPL36AP35
100271611	RPL36AP53
100271612	RPL36AP54
100271613	RPS15AP27
100271616	RPL23AP58
100271617	RPL23AP62
100271618	RPL23AP59
100271619	RPL23AP70
100271620	RPL23AP66
100271621	RPL23AP72
100271622	RPL23AP67
100271623	RPL23AP69
100271624	RPL23AP78
100271625	RPL23AP73
100271626	RPL23AP79
100271627	RPL23AP81
100271630	RPL35AP26
100271631	RPL35AP24
100271632	RPL35AP32
100271633	RPL35AP23
100271634	RPL35AP33
100271635	RPL35AP27
100271636	RPL35AP35
100271637	RPL35AP28
100271638	RPL35AP29
100271639	RPL35AP30
100271640	RPL35AP31
100271641	RPL35AP34
100271642	RPL36AP38
100271643	RPL36AP39
100271644	RPL36AP41
100271646	RPL36AP43
100271647	RPL36AP47
100271648	RPL36AP50
100271649	RPS15AP32
100271650	RPS15AP36
100271651	RPS15AP37
100271652	RPS15AP31
100271654	RPS15AP33
100271655	RPS15AP38
100271656	NANPP1
100271700	NONOP2
100271702	LINC00940
100271703	HAUS1P3
100271715	ARHGEF33
100271722	LINC00899
100271836	SMG1P3
100271846	ERVV-2
100271849	MEF2B
100271870	RBM22P4
100271871	RBM22P2
100271873	AIRN
100271874	ZNRF2P2
100271884	SMARCE1P1
100271893	SAMM50P1
100271918	MKI67P1
100271927	RASA4B
100272146	NFE2L3P2
100272147	CMC4
100272205	TATDN2P2
100272220	RPAP2P1
100272228	EOLA2-DT
100286844	BCDIN3D-AS1
100286906	LINC03010
100286918	NDUFS5P2
100286925	PPM1F-AS1
100286929	NMD3P2
100286938	VPS13A-AS1
100286948	APOOP1
100286954	HSPE1P12
100286958	TMEM183AP6
100286963	DEFB109C
100286964	TSPY23P
100286965	CBX3P8
100286971	UBDP1
100286979	ANAPC1P1
100286986	LOC100286986
100286996	TSPY22P
100287013	FAM86KP
100287015	MCPH1-DT
100287016	DSTNP3
100287026	TTTY25P
100287028	ANKRD33BP5
100287029	DDX11L10
100287036	LOC100287036
100287042	MIF4GD-DT
100287045	FAM90A26
100287046	GUSBP13
100287049	DCAF8-DT
100287055	TSPY21P
100287063	GEMIN2P2
100287066	DEFB131D
100287067	MTCO1P51
100287074	ACTR1AP1
100287082	GACAT2
100287083	DEFT1P2
100287084	ZNF72AP
100287085	OCIAD2P1
100287087	H3P36
100287091	ATP5MGP5
100287098	TONSL-AS1
100287102	DDX11L1
100287114	LINC00421
100287128	IGHV1OR15-2
100287136	CICP28
100287140	HSPD1P14
100287144	USP17L10
100287167	TTTY29P
100287171	WASHC1
100287173	UBE2V1P5
100287177	EML2-AS1
100287178	USP17L11
100287183	NUTF2P8
100287191	HNRNPA1P47
100287193	ISCA2P1
100287200	RAB9AP1
100287205	USP17L12
100287215	UBL5P2
100287216	SH3RF3-AS1
100287225	LINC01630
100287226	ZNF729
100287227	TIPARP-AS1
100287229	BRD7P4
100287234	RAB9AP5
100287238	USP17L13
100287261	CSPG4P3Y
100287266	HNRNPA1P42
100287270	USP17L14P
100287272	USP8P1
100287275	PCOTHP1
100287279	UBE2V1P6
100287284	MANSC4
100287290	LOC100287290
100287294	LOC100287294
100287296	LINC00265-2P
100287302	USP17L16P
100287314	LINC00941
100287325	KRT8P37
100287327	USP17L17
100287335	TMEM183AP4
100287345	VENTXP2
100287361	PPIAP64
100287362	PRSS46P
100287364	USP17L18
100287366	OSTM1-AS1
100287369	HSPE1P4
100287372	IGHV3OR16-13
100287388	LIN28AP2
100287399	POTEB2
100287402	PET100P1
100287404	USP17L19
100287419	CDK8P2
100287425	STMP1P1
100287427	RMP24P1
100287441	USP17L20
100287461	MTND1P8
100287463	BOLA3P2
100287470	LINC00265-3P
100287472	NPM1P31
100287478	USP17L21
100287482	SMKR1
100287483	ELOCP28
100287495	GCSHP4
100287497	SEPTIN7P13
100287502	CSPG4P4Y
100287505	BRWD1P2
100287512	RPS3AP53
100287513	USP17L22
100287520	GLYATL1B
100287528	IGLL4P
100287542	RAB9AP2
100287551	HSPA8P8
100287559	ADPGK-AS1
100287567	TRMT112P7
100287569	LINC00173
100287573	TOMM22P6
100287577	RAB9AP3
100287579	ELOCP22
100287591	MTND1P22
100287592	LINC02106
100287596	DDX11L5
100287603	SSXP10
100287606	TTTY28P
100287616	LOXL1-AS1
100287625	SUPT4H1P2
100287630	PSAT1P4
100287632	SELENOKP3
100287635	KRT18P62
100287639	MTHFD2P1
100287647	PCMTD1P2
100287653	PDAP1P1
100287680	SUB1P2
100287682	EXTL2P1
100287692	ELOCP24
100287708	MIX23P2
100287715	KRTAP9-12P
100287718	ANKRD66
100287722	AP4B1-AS1
100287725	GAPDHP76
100287728	SMIM10L2B-AS1
100287745	MTATP6P2
100287755	ATP5MC1P4
100287757	SLIRPP1
100287765	LINC00630
100287768	COX6A1P3
100287769	RBMY1GP
100287778	ELOCP20
100287814	LINC00582
100287817	NDUFS5P4
100287818	TTTY26P
100287822	SETP10
100287837	ARHGEF17-AS1
100287844	TTTY30P
100287845	GOLGA6L16P
100287846	LOC100287846
100287852	FAM136CP
100287868	NUTF2P7
100287874	TTTY27P
100287879	LINC00994
100287880	COXFA4P2
100287887	RPL13AP25
100287895	NARS1P2
100287896	LIPT2-AS1
100287898	TTC34
100287900	GM2AP2
100287902	LGALS8-AS1
100287905	TTTY31P
100287908	ZNF519P2
100287912	ANKRD11P1
100287919	VN1R30P
100287928	HADHBP1
100287932	TIMM23
100287941	TTTY24P
100287948	LINC01699
100287960	HIGD1AP10
100287964	ATP5MGP7
100287965	TERF1P6
100287966	ATP5PFP2
100287985	RBX1P1
100288008	PRR13P4
100288013	NDUFA5P12
100288022	VN1R33P
100288028	CCDC59P2
100288031	BRK1P1
100288035	NDUFA5P3
100288038	HNRNPA1P28
100288042	ZNF519P3
100288072	SDR42E2
100288077	WTAPP1
100288083	CICP22
100288111	BOLA3P1
100288112	OR11J7P
100288122	LDLRAD4-AS1
100288125	NME2P3
100288129	ADI1P3
100288130	MTCL1P1
100288142	NBPF20
100288148	OR11J6P
100288149	NDUFS5P3
100288151	SREK1IP1P1
100288152	SLC9A3-AS1
100288165	HMGN2P15
100288170	UBE2V1P15
100288173	TRMT112P4
100288179	TSEN15P1
100288181	LNCOC1
100288185	PPIAP1
100288195	VN1R104P
100288198	HMGN3-AS1
100288203	WHAMMP4
100288222	ATP5MC1P8
100288227	MTND1P27
100288235	HSPE1P10
100288248	ZNHIT1P1
100288250	ISCA1P5
100288252	RPL10P1
100288264	VN1R105P
100288283	HNRNPA1P61
100288287	KRTAP22-2
100288298	GCSHP2
100288307	ATP5MKP1
100288319	AK3P5
100288323	KRTAP21-3
100288330	H2AZP5
100288332	NPIPA5
100288336	LOC100288336
100288337	NDUFB5P1
100288339	NDUFA5P6
100288343	SLC25A14P1
100288346	NCAM1-AS1
100288378	LRRC34P1
100288380	ULK4P2
100288392	OR7E111FP
100288397	RAB9AP4
100288405	SFTPA3P
100288413	ERVMER34-1
100288420	NDUFB4P3
100288425	EIF1P2
100288428	LMCD1-AS1
100288432	IL10RB-DT
100288436	SLC4A1APP1
100288440	COX5BP5
100288451	RBBP4P5
100288463	CUL1P1
100288465	FAM197Y10
100288470	REXO1L11P
100288483	HSBP1P2
100288485	MTRNR2L7
100288486	DDX11L9
100288493	ELOCP5
100288500	REXO1L10P
100288503	SMIM12P1
100288506	PNPT1P1
100288513	TUBB3P1
100288517	ISCA1P2
100288520	USP17L15
100288524	FOXL3-OT1
100288527	REXO1L2P
100288533	RPL14P6
100288540	POM121B
100288542	C14ORF119P1
100288543	FOLR3P1
100288558	C4ORF46P4
100288560	MRPS18CP7
100288562	LOC100288562
100288563	HMGB3P23
100288580	ACTR3P1
100288584	CCDC34P1
100288596	SNRPCP1
100288610	LINC00268-2P
100288613	UBE2NP1
100288615	WHAMMP1
100288654	NDUFB4P1
100288659	ZNF317P1
100288661	SUB1P4
100288663	ARPC1BP1
100288666	RPL7L1P17
100288667	CICP7
100288675	LOC100288675
100288687	DUX4
100288690	WASHC2FP
100288691	HMGN2P8
100288695	LIMS4
100288702	ARL6IP1P1
100288711	DUX4L9
100288713	PMS2P10
100288724	TRPC6P3
100288726	HSPE1P20
100288730	PAN3-AS1
100288739	SPCS2P3
100288742	H2BC2P
100288748	LINC02894
100288757	SUMO2P4
100288771	PFDN1P2
100288772	CCT7P2
100288774	AGGF1P10
100288778	WASH8P
100288785	UQCRBP3
100288788	RBMXP5
100288797	TMEM239
100288798	SLC38A4-AS1
100288801	FRG2C
100288802	RPL23AP93
100288805	HYDIN2
100288806	CDC27P8
100288814	CLDN34
100288825	TTC39CP1
100288827	CYP4F25P
100288831	SRGAP3-AS3
100288841	RBPJP5
100288842	B3GALT9
100288843	NAPGP1
100288846	MIA2-AS1
100288861	TRMT112P1
100288866	NGFR-AS1
100288868	KRT18P63
100288870	ERLEC1P1
100288885	DYNLL1P6
100288892	COX6CP4
100288897	FAR2P3
100288904	CICP11
100288908	LOC100288908
100288911	CRIM1-DT
100288935	TMEM258P1
100288948	BRD7P1
100288950	MTND1P25
100288960	PRSS43P
100288964	FABP5P5
100288971	ADI1P2
100288974	BMS1P21
100288979	DCAF13P2
100288984	MTND1P3
100288998	MTND1P15
100289004	ACTR3BP7
100289009	LOC100289009
100289017	MOXD2P
100289019	SLC25A25-AS1
100289027	CDK2AP2P1
100289028	BNIP3P4
100289034	RPL23AP88
100289047	DNAJB6P2
100289051	CYB5AP5
100289058	LOC100289058
100289059	DMAC1P1
100289061	ADAMTSL4-AS2
100289087	TSPY10
100289092	ATP2A1-AS1
100289095	BCL2L12P1
100289097	FRG1CP
100289098	LINC03011
100289099	RPL30P16
100289102	EIF4A1P8
100289118	MTCH2P1
100289124	FAM27E2
100289131	COX6CP6
100289133	KRT8P32
100289137	FAM95C
100289141	H3P20
100289150	FAM197Y5
100289158	HMGB3P13
100289170	COX20P2
100289178	GNG12-AS1
100289184	RPL22P23
100289186	SDHDP1
100289187	TMEM225B
100289188	FAM197Y4
100289191	HMGN3P1
100289193	UBE2L3P1
100289196	STMP1P2
100289211	LINC00624
100289220	LTV1P1
100289237	CEP164P1
100289244	PPIAP79
100289255	TMEM238L
100289259	ZFYVE9P1
100289264	RPL7P60
100289265	FAM197Y1
100289274	DNAJC3-DT
100289279	CNTNAP3C
100289280	CUBNP2
100289286	HNRNPA1P58
100289295	NUP58P1
100289300	HIGD1AP5
100289303	TUBAP12
100289315	NME2P2
100289319	KRT8P43
100289341	MAN1B1-DT
100289350	IGSF3P2
100289360	HIGD2AP1
100289361	U2SURP-AS1
100289371	MTCO3P22
100289373	UBAC2-AS1
100289380	PTP4A1P5
100289381	AP3S1P1
100289383	CICP25
100289388	KCTD21-AS1
100289404	MTCO2P22
100289410	MCF2L-AS1
100289414	PHB1P9
100289419	CTF2P
100289442	PHF5AP7
100289448	REXO1L12P
100289450	SLC7A15P
100289462	DEFB4B
100289475	LDHBP1
100289489	MICOS10P2
100289501	FTLP11
100289509	KCNIP2-AS1
100289545	H3C9P
100289561	LOC100289561
100289564	SNRPCP18
100289574	HERC2P4
100289579	NDUFA5P9
100289580	HSALR1
100289581	DUX4L13
100289584	NPM1P40
100289605	HIGD1AP15
100289607	HSPE1P22
100289619	TRIAP1P1
100289623	UBE2V1P14
100289635	ZNF605
100289640	PPATP1
100289643	HSPA8P16
100289644	PRR13P7
100289650	PSG8-AS1
100289662	COX6B1P5
100289663	STMN1P2
100289667	POLR3KP1
100289673	LINC01848
100289678	ZNF783
100289682	HMGN2P13
100289683	ERVH-3
100291105	RBM38-AS1
100291323	LOC100291323
100292290	HSPE1P8
100292680	LINC00942
100293090	MTND4P12
100293516	ZNF587B
100293534	C4B_2
100293704	LOC100293704
100293948	ATG12P2
100294362	RNF213-AS1
100294720	NHEG1
100302090	DDX11L8
100302111	MIR1184-1
100302112	MIR1284
100302113	MIR1200
100302114	MIR513C
100302115	MIR1468
100302116	MIR1265
100302117	MIR320B1
100302118	MIR1286
100302119	MIR1538
100302121	MIR1276
100302122	MIR1183
100302123	MIR1275
100302124	MIR1288
100302125	MIR1289-1
100302126	MIR1471
100302127	MIR1470
100302128	MIR1302-3
100302129	MIR1915
100302130	MIR1302-4
100302131	MIR302F
100302132	MIR1182
100302133	MIR1287
100302134	MIR1289-2
100302135	MIR320C1
100302136	MIR1252
100302137	MIR1914
100302138	MIR1292
100302139	MIR1537
100302140	MIR1302-6
100302141	MIR1913
100302142	MIR1246
100302143	MIR1248
100302144	MIR1912
100302145	MIR1247
100302146	MIR1302-5
100302147	MIR1302-7
100302148	MIR1263
100302149	MIR1249
100302150	MIR1296
100302152	MIR548N
100302153	MIR1298
100302155	MIR1256
100302156	MIR1229
100302157	MIR1185-1
100302158	MIR1231
100302159	MIR548F3
100302160	MIR1233-1
100302161	MIR1205
100302163	MIR1278
100302164	MIR2113
100302166	MIR1322
100302167	MIR1299
100302168	MIR1257
100302169	MIR320D2
100302170	MIR1206
100302171	MIR1321
100302172	MIR1258
100302174	MIR1307
100302175	MIR1207
100302177	MIR1269A
100302178	MIR1295A
100302179	MIR1270
100302181	MIR1294
100302182	MIR1279
100302183	MIR1825
100302184	MIR1272
100302185	MIR1204
100302186	MIR548I3
100302187	MIR1297
100302188	MIR1243
100302190	MIR1976
100302191	MIR548I4
100302192	MIR548F1
100302193	MIR1255A
100302195	MIR320C2
100302196	MIR1234
100302197	MIR1306
100302201	MIR1228
100302202	MIR1266
100302203	MIR1271
100302204	MIR548I1
100302205	MIR1283-2
100302208	MIR1253
100302209	MIR1185-2
100302210	MIR1909
100302211	MIR1203
100302212	MIR1324
100302213	MIR1181
100302214	MIR1277
100302217	MIR1827
100302218	MIR1285-1
100302219	MIR1245A
100302220	MIR1293
100302221	MIR1291
100302222	MIR1911
100302223	MIR1302-8
100302224	MIR2110
100302225	MIR2053
100302226	MIR1238
100302227	MIR1302-1
100302228	MIR1261
100302229	MIR1250
100302232	MIR1226
100302233	MIR1268A
100302234	MIR664A
100302235	MIR1179
100302236	MIR1260A
100302237	MIR1281
100302238	MIR103B1
100302239	MIR548F5
100302240	MIR1304
100302242	MIR1236
100302243	MIR1972-1
100302246	MIR1301
100302250	MIR1197
100302251	MIR1264
100302254	MIR1282
100302255	MIR1323
100302256	MIR1180
100302257	MIR1539
100302258	MIR1469
100302259	MIR1202
100302260	MIR2052
100302261	MIR1910
100302263	MIR1908
100302265	MIR1283-1
100302267	MIR2054
100302268	MIR1285-2
100302270	MIR1305
100302274	MIR1178
100302275	MIR548L
100302276	MIR1290
100302277	MIR548I2
100302278	MIR1302-2
100302279	MIR1262
100302280	MIR1237
100302281	MIR1208
100302282	MIR103B2
100302283	MIR1227
100302284	MIR1303
100302285	MIR1244-1
100302286	MIR1267
100302287	MIR548H3
100302288	MIR548P
100302289	MIR1251
100302290	MIR1973
100302401	RASAL2-AS1
100302522	PTCSC1
100302526	FAM41AY2
100302640	LINC00882
100302650	BABAM2-AS1
100302652	GPR75-ASB3
100302657	DDX11L3
100302666	CSPG4P13
100302689	GPN3P1
100302690	DLG2-AS1
100302691	LINC00184
100302692	FTX
100302736	TMED7-TICAM2
100302737	ZNF861P
100302738	RNU6-21P
100302739	PCNA-AS1
100302740	FAS-AS1
100302741	RNU6-15P
100302742	RNU6-42P
100302743	SNORA80B
100302746	NCRUPAR
100302751	NCLP1
100303453	TSNAX-DISC1
100303491	ZEB2-AS1
100303728	SLC25A5-AS1
100303743	LSM3P5
100303745	LSM3P2
100303748	LSM3P1
100303755	PET117
100306951	PITPNA-AS1
100306975	NDUFAF4P1
100307126	CHMP4BP1
100309464	OTX2-AS1
100310812	SPDYE2B
100310838	VDAC1P3
100310839	VDAC1P7
100310840	VDAC1P8
100310841	VDAC1P11
100310842	RBPJP1
100310846	ANKRD61
100310848	SNRPCP4
100310849	SNRPCP19
100310850	SNRPCP11
100310851	SNRPCP8
100310852	SNRPCP7
100310853	SNRPCP9
100310854	SNRPCP12
100310855	SNRPCP14
100310856	SNRPCP6
100310857	SNRPCP15
100310869	IGKV2OR2-7D
100312774	VN1R56P
100312775	VN1R20P
100312781	VN1R24P
100312782	VN1R25P
100312783	VN1R26P
100312784	VN1R27P
100312785	VN1R28P
100312786	VN1R29P
100312787	VN1R31P
100312788	VN1R32P
100312789	VN1R35P
100312790	VN1R36P
100312791	VN1R39P
100312792	VN1R40P
100312793	VN1R41P
100312794	VN1R42P
100312795	VN1R43P
100312796	VN1R45P
100312797	VN1R47P
100312798	VN1R48P
100312799	VN1R49P
100312801	VN1R51P
100312802	VN1R52P
100312803	VN1R110P
100312804	VN1R15P
100312805	VN1R16P
100312806	VN1R53P
100312807	VN1R54P
100312808	VN1R55P
100312809	VN1R57P
100312810	VN1R58P
100312811	VN1R59P
100312812	VN1R60P
100312813	VN1R61P
100312814	VN1R62P
100312815	VN1R63P
100312816	VN1R69P
100312817	VN1R71P
100312818	VN1R73P
100312819	VN1R74P
100312820	VN1R75P
100312821	VN1R76P
100312822	VN1R77P
100312823	VN1R78P
100312824	VN1R79P
100312825	VN1R80P
100312826	VN1R81P
100312827	VN1R82P
100312828	VN1R83P
100312829	VN1R84P
100312830	VN1R85P
100312831	VN1R86P
100312832	VN1R87P
100312833	VN1R88P
100312834	VN1R89P
100312835	VN1R90P
100312836	VN1R91P
100312837	VN1R92P
100312838	VN1R93P
100312839	VN1R94P
100312840	VN1R97P
100312841	VN1R98P
100312842	VN1R99P
100312843	VN1R19P
100312844	VN1R22P
100312845	VN1R23P
100312846	VN1R100P
100312847	VN1R102P
100312848	VN1R106P
100312849	VN1R107P
100312850	VN1R108P
100312851	VN1R109P
100312852	VN1R111P
100312853	VN1R72P
100312854	VN1R112P
100312855	VN1R44P
100312985	IGKV1OR15-118
100313532	MFSD1P1
100313769	MIR320B2
100313770	MIR548K
100313771	MIR548F2
100313772	MIR548M
100313773	MIR548H2
100313774	MIR302E
100313777	MIR670
100313778	MIR759
100313779	MIR2117
100313780	MIR2278
100313781	MIR718
100313782	PIRC7
100313783	PIRC10
100313784	PIRC14
100313785	PIRC20
100313786	PIRC23
100313787	PIRC31
100313788	PIRC38
100313789	PIRC42
100313790	PIRC48
100313791	PIRC52
100313792	PIRC55
100313793	PIRC63
100313794	PIRC65
100313795	PIRC73
100313796	PIRC76
100313797	PIRC79
100313798	PIRC90
100313799	PIRC94
100313800	PIRC96
100313801	PIRC104
100313802	PIRC107
100313803	PIRC112
100313806	MIR1255B1
100313807	PIRC4
100313808	PIRC12
100313809	PIRC17
100313810	PIRC24
100313811	PIRC32
100313812	PIRC37
100313813	PIRC45
100313814	PIRC50
100313815	PIRC54
100313816	PIRC62
100313817	PIRC67
100313818	PIRC71
100313819	PIRC80
100313820	PIRC84
100313821	PIRC97
100313822	MIR513B
100313824	MIR663B
100313829	MIR548O
100313830	MIR548H1
100313835	MIR1255B2
100313837	MIR762
100313838	MIR764
100313839	MIR2114
100313840	MIR2115
100313841	MIR548Q
100313842	MIR2276
100313843	MIR711
100313844	PIRC1
100313845	PIRC5
100313846	PIRC6
100313847	PIRC9
100313848	PIRC15
100313849	PIRC16
100313850	PIRC22
100313851	PIRC25
100313852	PIRC26
100313853	PIRC30
100313854	PIRC33
100313855	PIRC35
100313856	PIRC39
100313857	PIRC43
100313858	PIRC46
100313859	PIRC47
100313860	PIRC51
100313861	PIRC53
100313862	PIRC56
100313863	PIRC60
100313864	PIRC64
100313865	PIRC66
100313866	PIRC70
100313867	PIRC72
100313868	PIRC77
100313869	PIRC78
100313870	PIRC81
100313871	PIRC85
100313872	PIRC87
100313873	PIRC89
100313874	PIRC98
100313875	PIRC99
100313876	PIRC102
100313877	PIRC106
100313878	PIRC108
100313879	PIRC110
100313880	PIRC113
100313881	PIRC114
100313884	MIR548H4
100313886	MIR2116
100313887	MIR2277
100313888	PIRC101
100313890	PIRC34
100313891	PIRC83
100313892	MIR761
100313893	PIRC28
100313894	PIRC88
100313895	MIR548F4
100313896	MIR320D1
100313897	PIRC11
100313898	PIRC40
100313899	PIRC61
100313900	PIRC91
100313901	PIRC103
100313905	PIRC3
100313906	PIRC18
100313907	PIRC27
100313908	PIRC44
100313909	PIRC59
100313910	PIRC69
100313911	PIRC86
100313912	PIRC100
100313913	PIRC109
100313914	MIR548J
100313915	PIRC8
100313916	PIRC21
100313917	PIRC41
100313918	PIRC58
100313919	PIRC75
100313920	PIRC92
100313921	MIR548E
100313923	MIR449C
100313924	PIRC2
100313925	PIRC13
100313926	PIRC19
100313927	PIRC29
100313928	PIRC36
100313929	PIRC49
100313930	PIRC57
100313931	PIRC68
100313932	PIRC74
100313933	PIRC82
100313934	PIRC93
100313935	PIRC95
100313936	PIRC105
100313937	PIRC111
100313938	MIR548G
100313962	RFKP1
100313968	RFKP4
100316867	ARF4P5
100316868	HOTTIP
100316904	SAP25
100327036	PPP2R2DP1
100329108	GCSHP5
100329109	GCSHP3
100329135	TRPC5OS
100337589	FMO7P
100337590	FMO11P
100337591	SNORA70F
100337616	CSN1S2BP
100337622	DDX11L4
100337646	CT45B1P
100359394	LINC00102
100359396	HSPD1P11
100359397	HSPD1P18
100379132	SNORA70G
100379141	SNORA70D
100379142	NCLP2
100379174	MACROD2-AS1
100379220	TMED11P
100379224	ZNF225-AS1
100379249	BOK-AS1
100379250	SNORA70E
100379251	NPPA-AS1
100379287	RNY4P6
100379288	RNY4P11
100379291	RNY4P15
100379295	RNY4P8
100379296	RNY4P13
100379297	RNY4P4
100379298	RNY4P18
100379299	RNY4P5
100379300	RNY4P9
100379323	ERVW-2
100379345	MIR181A2HG
100379378	RNY4P20
100379564	RNY4P17
100379571	BACE1-AS
100379584	RNY4P14
100379592	RNY4P10
100379623	LARP1P1
100379658	RNY5P5
100379661	GRIK1-AS2
100379663	RNY5P6
100379664	RNY5P3
100379666	RNY5P1
100379667	NEK2P2
100380271	RNY5P4
100380272	NDUFB1P2
100380878	RNY5P8
100380945	ZNF848P
100381178	TMPRSS11CP
100381202	NEK2P4
100381208	RNY5P2
100381215	DYNLT3P2
100381270	ZBED6
100384884	IGHV1OR15-5
100384885	RRAS2P2
100418706	FXNP2
100418707	SEPTIN7P10
100418708	CLUHP1
100418709	CLUHP2
100418710	KIAA1191P1
100418711	CLUHP4
100418712	KIAA1328P1
100418714	SEPTIN7P15
100418715	SEPTIN7P4
100418718	SEPTIN7P5
100418719	CLUHP7
100418720	SEPTIN7P6
100418721	FMN2P1
100418722	CFAP97P1
100418724	CCNJP2
100418728	KRT8P40
100418731	AKIRIN1P1
100418733	CLUHP8
100418735	SEPTIN7P8
100418736	GOLGA5P1
100418737	KRT8P33
100418739	DNM1P48
100418740	PPP1R26P1
100418742	CLUHP9
100418743	CCNL2P1
100418744	KRT8P46
100418745	CLUHP5
100418747	KRT8P35
100418748	KRT8P36
100418750	KRT8P42
100418751	GOLGA2P1
100418753	SEPTIN7P12
100418754	CLUHP6
100418756	CLUHP11
100418763	CCNT2P1
100418769	KRT18P52
100418770	KRT18P26
100418774	PHB1P4
100418779	KRT127P
100418781	KRT8P39
100418792	KRT18P54
100418799	KRT8P38
100418804	PHB1P8
100418811	KRT8P34
100418814	MTDHP1
100418815	PHB1P10
100418819	IPO8P1
100418820	PHB1P12
100418828	KRT125P
100418829	KRT18P60
100418832	MTDHP3
100418834	MTDHP4
100418835	MTDHP2
100418836	MTDHP5
100418837	PHB1P2
100418843	PHB1P13
100418861	KRT43P
100418862	SPECC1P1
100418865	KRT18P61
100418871	CYTH1P1
100418877	KRT18P7
100418881	NBEAP2
100418887	TAGLN2P1
100418889	STX18P1
100418892	GYG2P2
100418897	NBEAP4
100418898	TNPO3P2
100418902	TUBBP10
100418903	NBEAP5
100418904	NBEAP6
100418905	NBEAP3
100418906	SFXN4P1
100418908	GLRX3P1
100418910	ACTG1P14
100418919	TNPO1P1
100418920	ACTG1P13
100418921	ACTG1P12
100418924	ACTG1P18
100418928	RDM1P3
100418937	TUBB8P1
100418940	ATMINP2
100418942	PRDX4P2
100418943	PRDX2P3
100418949	PRDX4P1
100418951	ACTG1P15
100418955	PRDX3P4
100418956	PRR11P1
100418960	ACTG1P16
100418964	TUBB6P1
100418968	SNX2P1
100418972	SNX18P14
100418973	CSP1
100418974	TUBB4BP2
100418975	SNX18P3
100418976	SNX18P4
100418977	SNX18P5
100418980	SNX18P7
100418981	SNX18P8
100418983	NF1P12
100418999	SNX18P1Y
100419004	SNX18P24
100419005	SNX18P25
100419006	NF1P1
100419007	TUBAP3
100419008	PRR20G
100419017	CCNYL7
100419019	SNX18P15
100419020	SNX18P16
100419021	SNX18P18
100419022	SNX18P19
100419023	PDCL3P6
100419024	SNX18P17
100419025	SNX18P21
100419026	SNX18P20
100419027	SNX18P22
100419028	SNX25P1
100419029	NF1P4
100419031	PRDX3P1
100419033	APONP
100419036	TUBAP14
100419038	SNX18P26
100419040	SNX18P10
100419042	SNX18P13
100419043	SNX18P11
100419047	SNX19P4
100419053	SMSP1
100419054	SAGE3P
100419056	CLCN3P1
100419062	FOSL1P1
100419066	NUP35P1
100419068	PNLIPP1
100419069	ENO1P3
100419070	NUP210P3
100419074	AK3P2
100419075	AK3P3
100419077	FCRL6P1
100419081	DUXAP12
100419085	SRMP3
100419095	TXNL1P1
100419096	WDR12P1
100419098	ENO1P2
100419110	RPL4P7
100419149	HCFC2P1
100419158	SETP12
100419174	WDR12P2
100419178	SETP6
100419185	PDLIM1P4
100419187	SETP11
100419209	PRSS52P
100419246	BTG3P1
100419301	RPS8P11
100419324	BCL9P1
100419337	CENPIP1
100419353	H3P15
100419391	RPL21P135
100419392	RPL12P44
100419416	SRPK2P1
100419423	ASNSP4
100419426	PDLIM1P2
100419427	PDLIM1P3
100419471	RPS23P10
100419472	RPS23P9
100419477	RPL12P45
100419489	HDAC1P2
100419521	RPL21P136
100419548	RPS27AP18
100419554	ZNF92P1Y
100419558	KARS1P1
100419560	KARS1P2
100419570	RPL29P35
100419583	RNF4BP
100419595	HDAC1P1
100419599	RNF10P1
100419606	ZNF90P2
100419608	ZNF602P
100419609	ZNF70P1
100419610	TYMSP1
100419614	MIOXP1
100419643	RNF14P3
100419645	RNF14P4
100419649	PRAMEF35P
100419650	RPL23AP85
100419673	PHF10P2
100419682	ZNF863P
100419687	RNF152P1
100419705	ZNF92P2
100419709	ZNF887P
100419714	AHCYP6
100419717	SALL4P1
100419722	RNF19BPY
100419724	ZNF736P8Y
100419725	ZNF736P7Y
100419726	ZNF736P9Y
100419727	ZNF736P10Y
100419728	ZNF886P
100419729	ZNF884P
100419730	ZNF736P11Y
100419731	ZNF736P12Y
100419732	ZNF736P6Y
100419733	ZNF839P1
100419734	ZNF885P
100419735	ZNF736P4Y
100419742	R3HDM2P1
100419743	DBET
100419750	DTWD1P2
100419751	ZNF587P1
100419756	ZNF968P
100419758	PKMP3
100419764	GARS1P1
100419776	ZNF619P1
100419777	RNF138P2
100419780	ZNF722
100419788	RNF19BPX
100419792	ZNF622P1
100419793	BEND7P1
100419811	IL9RP6
100419814	ANKRD49P1
100419815	SOWAHCP5
100419816	OTX2P2
100419821	CSNK1G2P1
100419827	ZKSCAN7P1
100419829	RARS1P1
100419853	TMEM69P2
100419854	ZNF646P1
100419855	SALL4P4
100419866	ZNF444P1
100419867	ZNF101P1
100419868	ZNF33BP1
100419873	ZNF519P1
100419875	FNBP1P2
100419877	BRD7P7
100419878	METTL5P2
100419880	KIF3AP1
100419882	TMEM98P2
100419883	YAP1P3
100419893	ZNF415P1
100419895	ZNF971P
100419903	RWDD4P1
100419906	ANKRD11P2
100419909	YAP1P2
100419916	CDK8P1
100419920	ANKRD33BP1
100419923	DENRP4
100419929	GCNAP1
100419930	CENPUP2
100419945	TRIM51DP
100419947	HMGB1P21
100419948	HMGB3P17
100419949	HMGB3P3
100419950	HMGB1P35
100419955	SDAD1P4
100419957	SOWAHCP2
100419962	ANKRD54P1
100419963	YY1P1
100419964	RSU1P3
100419967	PLSCR4P1
100419968	HMGB1P36
100419969	MYLKP2
100419971	PRELID1P2
100419972	HMGB1P39
100419974	HMGB1P17
100419978	HMGB1P46
100419979	HMGB1P19
100419989	THUMPD3P1
100419995	HMGB1P32
100419996	HMGB1P11
100420003	E2F3P2
100420004	HSPA8P10
100420005	FAR2P4
100420012	ARF1P2
100420013	HMGB1P49
100420015	HMGB3P29
100420018	WEE2P1
100420021	ANKRD33BP8
100420022	ANKRD33BP10
100420024	ANKRD33BP7
100420025	ANKRD33BP9
100420028	HSPA8P4
100420030	MORF4L1P4
100420033	HMGB3P7
100420036	RFPL4AP4
100420038	HSPA8P12
100420041	HMGB1P43
100420042	CARS1P1
100420043	CACYBPP1
100420044	HMGB1P7
100420046	PRELID1P3
100420047	RAD51AP1P1
100420048	PCBP2P4
100420049	HSPA8P19
100420050	DONSONP1
100420051	HSPA8P15
100420055	RFPL4AP7
100420058	RFPL4AP5
100420059	RFPL4AP2
100420063	HMGB1P24
100420064	DENRP3
100420067	TMEM231P1
100420072	EI24P4
100420073	DPY19L4P2
100420075	PLCE1P1
100420080	HSPA8P7
100420100	HMGB1P34
100420108	RBM7P1
100420109	WBP1P1
100420110	SCYL2P1
100420113	KLF4P1
100420121	MRGPRX9P
100420123	MRGPRX8P
100420133	HSPA8P2
100420143	HSPA8P3
100420144	MEMO1P6
100420149	BECN1P2
100420155	RPL7L1P2
100420158	FTLP16
100420159	RRM2P3
100420166	RPL7L1P22
100420170	RPL7L1P21
100420177	KLHL12P1
100420178	E2F6P3
100420180	DBF4P2
100420189	SEPHS1P3
100420190	SEPHS2P1
100420198	LUC7L3P1
100420200	RPL7L1P12
100420201	RPL7L1P6
100420203	CICP16
100420206	RPL36AP55
100420207	MED28P1
100420213	RBM11P1
100420216	ALOXE3P1
100420223	MRM3P2
100420224	CICP12
100420251	MFFP1
100420253	CTBP2P8
100420257	CICP27
100420258	PLA2G12AP1
100420259	GDI2P2
100420260	NOTCH2P1
100420263	CICP21
100420269	FBP2P1
100420273	RAD54L2P1
100420275	PRELID3BP4
100420277	PRELID3BP9
100420281	PLA2G12AP2
100420287	SEC63P2
100420292	SEPHS1P2
100420293	CICP9
100420295	MRM3P1
100420300	FTH1P23
100420303	FTH1P26
100420307	NTAN1P2
100420308	ITM2BP1
100420317	CHMP5P1
100420326	FTH1P28
100420341	SEC63P1
100420342	CHIAP1
100420351	USP8P2
100420354	ECM1P1
100420356	NTAN1P3
100420358	BUD13P1
100420359	RPA2P3
100420362	TRIM60P1Y
100420363	TRIM60P2Y
100420364	TRIM60P3Y
100420367	TRIM60P4Y
100420368	TRIM60P5Y
100420369	TRIM60P6Y
100420370	TRIM60P7Y
100420373	TRIM60P8Y
100420374	TRIM60P9Y
100420376	TRIM60P10Y
100420377	TRIM60P11Y
100420378	TRIM60P12Y
100420389	NTAN1P1
100420392	BTBD7P2
100420393	TPMTP2
100420394	NT5C3AP2
100420401	BTBD10P2
100420405	TRIM60P15
100420406	IRF5P1
100420410	H3P41
100420412	TRIM60P16
100420413	GPR141BP
100420414	TRIM60P17
100420415	TRIM60P18
100420428	USP21P2
100420434	STIP1P1
100420435	USP21P1
100420436	STIP1P2
100420439	USP12P3
100420450	SERBP1P6
100420457	NT5CP3
100420458	TATDN2P3
100420462	LDHAL6EP
100420471	ARL4AP4
100420473	DUSP12P1
100420476	SSR1P1
100420477	LDHAL6FP
100420482	GPR160P2
100420484	THEMIS3P
100420501	YRDCP1
100420502	CDCA4P1
100420503	EGLN3P1
100420505	ADAM1B
100420508	LDHAL6DP
100420509	XIAPP2
100420510	MTMR12P1
100420512	RPEP1
100420515	CTDNEP1P2
100420519	RANP8
100420520	MOCS3P2
100420526	PAWRP1
100420527	RBBP4P2
100420528	CTDNEP1P1
100420535	PAWRP2
100420546	GTF2IP5
100420551	SSX18P
100420552	RBBP8P1
100420555	RPEP3
100420556	CPT2P1
100420557	NSRP1P1
100420558	CDCA4P3
100420567	PGAM1P6
100420568	VDAC1P13
100420571	RAB1AP1
100420574	VDAC2P4
100420575	LRRC57P1
100420588	MIX23P5
100420589	DNAAF11P1
100420590	RPEP6
100420591	OSBPL9P3
100420593	GTF3AP4
100420607	RBBP8P2
100420608	RPP40P2
100420611	CENATACP1
100420612	ERP29P1
100420613	LRRC34P2
100420618	PLD5P1
100420620	MCUR1P2
100420621	MTAPP2
100420627	GSTA8P
100420631	BTRCP1
100420633	PGAM1P10
100420638	CLIC1P2
100420650	PGAM1P7
100420656	QTRT1P1
100420660	PGAM1P11
100420665	RPEP4
100420666	KDM3AP1
100420669	SLC44A3P1
100420670	NPAP1P8
100420671	NPAP1P5
100420678	CCDC150P1
100420681	PGAM1P9
100420689	GOLM2P1
100420695	ABT1P1
100420710	TPST2P1
100420734	RAB5CP1
100420737	NEFMP1
100420738	C9ORF78P1
100420752	SRP72P1
100420754	SOCS5P1
100420758	PABPN1P1
100420759	SOCS6P1
100420760	CORO1CP1
100420763	CKAP2P1
100420770	MYG1P1
100420772	COPRSP1
100420776	CNTNAP3P6
100420777	CNTNAP3P7
100420778	CDRT15P6
100420784	CDRT15P14
100420785	CNTNAP3P8
100420786	CNTNAP3P5
100420787	CNTNAP3P1
100420788	CDRT15P7
100420789	CDRT15P12
100420792	NDFIP1P1
100420798	PABPN1P2
100420811	CDRT15P10
100420818	EVA1CP2
100420821	EVA1CP1
100420827	NPAP1P1
100420829	NPAP1P2
100420830	NPAP1P3
100420831	INAVAP1
100420832	CSRP2P2
100420833	FGFR3P4
100420834	SRRM1P2
100420841	KATNBL1P5
100420843	KNOP1P4
100420848	MSANTD3P1
100420854	SPDYE22P
100420859	C2ORF69P4
100420863	EVA1CP3
100420869	ACAA2P1
100420875	FAM204BP
100420877	SLC25A39P1
100420881	FGFR3P6
100420886	RNFT1P1
100420888	TOR1BP1
100420889	ANAPC1P3
100420890	ANAPC1P5
100420892	RTRAFP1
100420893	VPS26CP1
100420898	KNOP1P2
100420900	PRXL2AP1
100420901	HAUS8P1
100420907	EVA1CP4
100420909	LYSETP1
100420910	PRMT1P1
100420911	RTRAFP2
100420916	FAM204CP
100420919	KATNBL1P1
100420920	ZDHHC4P1
100420921	AMMECR1LP1
100420924	RNF6P1
100420925	CDRT15P8
100420926	ZEB2P1
100420927	PRMT5P1
100420939	NAP1L5P1
100420941	BTN1A1P1
100420946	KATNBL1P3
100420950	MRPL37P1
100420952	FGFR3P5
100420954	GRPEL1P2
100420957	TCERG1P1
100420958	TM9SF5P
100420963	FAM204DP
100420968	LYARP1
100420972	ZFYVE9P2
100420975	GMCL1P2
100421002	HAVCR1P2
100421008	SLC9B1P3
100421018	AMZ2P2
100421029	TCERG1P2
100421039	NLRP7P1
100421045	BCAS2P2
100421046	SOD2P1
100421047	RBMX2P3
100421053	RIPPLY3P1
100421055	ZMYND19P1
100421057	GSTM3P2
100421058	PABPC1P11
100421071	ZCCHC10P2
100421072	COQ10BP2
100421075	RCC2P2
100421090	RCC2P4
100421092	ESDP1
100421096	NCAPGP1
100421097	ALG1L12P
100421108	ITPK1P1
100421109	KPNA4P1
100421110	VENTXP8
100421113	CROCCP4
100421114	CROCCP5
100421123	PGBD4P5
100421125	SMC4P1
100421129	IFNL3P1
100421131	RCC2P6
100421133	PGAM5P1
100421136	PGBD4P3
100421137	DPPA2P1
100421143	ELL2P2
100421146	PGBD4P4
100421148	NCAPGP2
100421150	COQ10BP1
100421153	DLEC1P1
100421154	DPPA4P2
100421156	DPPA4P1
100421166	SEC24AP1
100421167	SCML2P1
100421172	SCML2P2
100421175	NCAPD2P1
100421177	CRIPTOP1
100421178	PGAM4P1
100421180	PGBD4P6
100421182	PGBD4P7
100421184	ZBTB2P1
100421185	PGBD4P8
100421188	GAPDHP57
100421189	GAPDHP49
100421194	PDK1P1
100421198	LAMP1P1
100421217	USP9YP5
100421219	USP9YP8
100421220	USP9YP9
100421222	USP9YP10
100421224	USP9YP11
100421226	RABEPKP1
100421228	PGBD4P2
100421232	GAPDHP56
100421236	GAPDHP50
100421238	DDX5P1
100421239	FANCD2P1
100421245	NIP7P3
100421267	PDE4DIPP8
100421269	PDE4DIPP10
100421271	GAPDHP51
100421279	PDE4DIPP9
100421289	PRCPP1
100421295	PRPS1P2
100421296	SRSF11P1
100421307	DDX43P1
100421311	BRCC3P1
100421313	GAPDHP52
100421318	GAPDHP53
100421319	GAPDHP54
100421323	HNRNPRP3
100421324	GAPDHP55
100421328	DDX50P2
100421331	SAMD11P1
100421338	CNOT7P1
100421340	FNDC3CP
100421341	UBE2V2P3
100421350	TCEA1P4
100421351	HNRNPA1P14
100421353	HNRNPA1P15
100421354	HNRNPRP2
100421357	HNRNPA3P7
100421361	IDI1P3
100421362	HSD17B12P2
100421363	ANKRD20A17P
100421369	DDX20P1
100421371	DDX10P1
100421372	MSANTD7
100421374	MPRIPP1
100421376	HNRNPA1P17
100421378	HNRNPA1P77
100421379	HNRNPA1P37
100421384	HNRNPA1P38
100421389	HNRNPA1P9
100421390	EIF5P1
100421391	EIF5P2
100421395	HNRNPA3P12
100421397	HNRNPA1P68
100421398	HNRNPA1P54
100421399	HNRNPA1P46
100421409	GNPNAT1P1
100421413	HNRNPA3P10
100421414	GCM1P1
100421415	HNRNPA3P9
100421419	PPP4R2P1
100421420	TPT1P5
100421422	ANKRD20A10P
100421424	HNRNPA1P29
100421427	ANKRD20A16P
100421428	RNGTTP1
100421429	RTEL1P1
100421430	HNRNPA1P74
100421431	HNRNPA3P11
100421432	HNRNPA1P44
100421433	HNRNPA1P71
100421436	UBE2FP1
100421437	DNAJB6P7
100421438	DNAJC8P2
100421439	TPT1P3
100421451	HNRNPA3P16
100421455	EIF4EP4
100421462	TRAPPC2LP1
100421472	MTFR2P1
100421473	TVP23BP2
100421478	GARIN3P1
100421479	HTR1DP1
100421480	TPT1P12
100421483	TGFBR1P1
100421484	MARK2P11
100421485	MARK2P5
100421487	CCNQP2
100421490	DNAJC9P1
100421493	PIMREGP4
100421495	ACTR6P1
100421496	MARK2P4
100421498	MARK2P8
100421499	MARK2P17
100421500	MARK2P6
100421501	MARK2P1
100421502	MARK2P2
100421503	MARK3P2
100421506	ILF2P1
100421507	MARK2P3
100421508	MARK2P19
100421509	LARP7P4
100421510	FAM20BP1
100421511	MARK2P18
100421512	RBPMS2P1
100421515	BMPR1AP1
100421525	DNAJB6P8
100421528	EIF4BP5
100421531	MARK2P7
100421533	EIF4A1P10
100421535	GEMIN8P3
100421537	BPNT2P1
100421539	SUZ12P2
100421542	DNAJA1P6
100421545	EIF4HP2
100421549	RFC5P1
100421550	MARK3P1
100421560	GCNT1P2
100421561	FAM133HP
100421565	MARK2P12
100421566	CCNQP3
100421569	GLYR1P1
100421572	MESTP2
100421577	WASHC2EP
100421579	EIF4A2P2
100421580	ABRAXAS1P1
100421581	GCNT1P3
100421582	PAIP1P1
100421588	SINHCAFP1
100421589	LRRC37A7P
100421594	MTCH2P3
100421595	THRAP3P3
100421598	GCNT1P5
100421599	TVP23CP1
100421601	PPATP2
100421606	FAM133FP
100421610	C4BPAP3
100421614	ACTR2P1
100421617	FAM133GP
100421621	FAM187B2P
100421623	ZP3P1
100421629	METTL21AP1
100421632	THRAP3P2
100421633	WARS2P1
100421634	CUBNP3
100421637	ACSL3P1
100421638	CTAGE13P
100421642	ZP3P2
100421648	SUCLA2P3
100421652	PTP4A1P1
100421657	HNRNPDLP4
100421664	SPICP5
100421669	RRBP1P2
100421670	DRG1P2
100421671	SUCLG2P1
100421672	SNRPB2P1
100421675	ARL2BPP9
100421681	PTP4A1P7
100421689	NSA2P5
100421693	NSA2P7
100421694	GLULP5
100421695	BNIP3P10
100421696	BNIP3P14
100421697	BNIP3P23
100421698	BNIP3P24
100421699	BNIP3P26
100421700	BNIP3P29
100421701	BNIP3P39
100421702	BNIP3P40
100421703	BNIP3P12
100421704	BNIP3P17
100421705	BNIP3P20
100421706	BNIP3P22
100421707	BNIP3P25
100421708	BNIP3P27
100421709	BNIP3P38
100421710	BNIP3P8
100421712	SUCLG2P3
100421716	UBE2Q2P4Y
100421717	UBE2Q2P5Y
100421718	NEK4P1
100421721	NSA2P6
100421724	BNIP3P5
100421728	NEK4P3
100421729	VPS26BP1
100421730	TMED2P1
100421731	VPS26AP1
100421733	EEF1GP6
100421734	NEK4P2
100421736	BNIP3P3
100421741	ARAFP1
100421749	NSA2P1
100421754	BNIP3P2
100421756	EEF1B2P7
100421765	NSA2P4
100421766	UBE2Q2P7
100421767	UBE2Q2P11
100421768	UBE2Q2P12
100421769	UBE2Q2P6
100421771	UBE2Q2P8
100421774	EEF1B2P8
100421776	NIPA2P4
100421779	ACSM5P1
100421784	STK24P1
100421788	KMT5AP2
100421790	PUS7P1
100421794	HNRNPCP6
100421795	ST3GAL5P1
100421796	EEF1A1P19
100421797	EEF1A1P20
100421798	EEF1A1P50
100421799	LONRF2P2
100421803	ENPP7P9
100421804	ST3GAL1P1
100421805	ENPP7P10
100421806	ENPP7P11
100421807	EEF1A1P21
100421809	LONRF2P3
100421810	LONRF2P4
100421813	ENPP7P2
100421815	EEF1A1P23
100421816	ENPP7P4
100421817	EEF1A1P45
100421819	KMT5AP3
100421820	EEF1A1P36
100421822	PTPN11P2
100421823	ENPP7P1
100421825	EEF1A1P37
100421827	LONRF2P1
100421828	HNRNPCP4
100421829	EEF1A1P10
100421840	EEF1A1P44
100421854	EEF1A1P4
100421859	ENPP7P7
100421860	ENPP7P8
100421861	CBX3P3
100421865	EEF1A1P3
100421893	IGF2BP2P3
100421894	XPOTP3
100421925	MOB4P1
100421926	NACAP9
100421943	CBX3P5
100421973	ARPC3P4
100421975	CBX3P7
100421976	ISG20L2P2
100422019	EFL1P2
100422023	UGT2A3P7
100422044	ARPC1AP1
100422055	VPS35P1
100422059	ABCF2P2
100422088	ASH2LP2
100422091	SLC30A6P1
100422094	KCTD5P1
100422179	KCTD9P5
100422200	EIF3EP4
100422229	MAPRE1P3
100422230	KCTD10P1
100422232	PARK7P2
100422235	CYP4F36P
100422238	CYP4F23P
100422242	KCTD9P4
100422243	NPM1P27
100422247	CYP4F34P
100422249	NPM1P41
100422250	SUMO2P11
100422254	EBAG9P1
100422256	NPM1P23
100422259	NPM1P29
100422261	NPM1P37
100422264	CYP51A1P3
100422265	SUMO2P19
100422268	BRIX1P1
100422270	NPM1P44
100422271	PSMC2P2
100422272	NPM1P52
100422273	KCTD9P1
100422284	NPM1P49
100422285	CPSF1P2
100422286	PSMA1P1
100422288	CYP4A27P
100422289	PSMB7P1
100422292	RGL4P1
100422294	CAPZA1P2
100422296	PARK7P1
100422298	ISCA1P7
100422299	C1QBPP2
100422305	PSMC1P13
100422309	NPM1P43
100422310	C1QBPP3
100422312	NPM1P24
100422313	NPM1P26
100422316	NPM1P45
100422324	CAPZA1P5
100422330	QRSL1P2
100422337	GNA13P1
100422338	G3BP1P1
100422339	SDR42E1P5
100422340	SDR42E1P1
100422342	PIGUP1
100422343	UPF3AP3
100422346	SDR42E1P2
100422347	SDR42E1P3
100422348	SDR42E1P4
100422349	PIGFP2
100422354	CHCHD3P2
100422363	BUB1P1
100422369	PARD6BP1
100422371	RIMKLBP2
100422372	NDE1P1
100422374	QRSL1P3
100422381	PPP1R10P1
100422384	POLR3DP1
100422385	DIMT1P1
100422386	ADAD1P1
100422391	POLR3GP2
100422395	POLR3GP1
100422407	ADAD1P2
100422411	PSMD8P1
100422413	PSMD7P2
100422414	PSMD7P4
100422416	ADAMTS7P5
100422417	SLC6A14P3
100422426	CRADDP1
100422429	NAPGP2
100422431	NDUFB5P2
100422432	SLC6A14P1
100422437	MYL6BP1
100422445	NUDT19P5
100422449	TIAL1P1
100422450	NUDT19P3
100422452	NUDT19P4
100422458	NUDT19P2
100422467	NUDT21P1
100422469	B3GNT2P1
100422473	TOMM40P4
100422486	KRR1P1
100422496	PRPF19P1
100422500	TRPC6P4
100422502	TRPC6P6
100422505	ATP8A2P1
100422514	ATP5PBP4
100422517	BSNDP2
100422523	ATP5PBP1
100422527	SLC4A1APP2
100422531	FCF1P8
100422532	NDUFAF4P3
100422533	FCF1P1
100422535	FCF1P6
100422536	FCF1P7
100422540	VTI1BP4
100422545	HIRAP1
100422546	XRCC6P4
100422547	SLC16A1P1
100422550	SLC5A4P1
100422558	SMG1P6
100422559	RACK1P2
100422561	RACK1P1
100422562	RACK1P3
100422580	ELOAP1
100422581	DFFBP1
100422582	ELOCP31
100422588	MGAT2P1
100422589	MGAT2P2
100422591	SDHCP3
100422595	PCMTD1P3
100422598	SDHCP4
100422600	SDHCP1
100422602	ST13P14
100422603	ST13P15
100422604	LILRA2P1
100422605	ST13P16
100422606	SLC25A3P3
100422608	SLC25A24P2
100422624	SLC25A15P1
100422625	GOT2P5
100422628	GOT2P7
100422634	CASP1P3
100422635	SLC25A15P3
100422636	SLC25A15P4
100422642	SLC25A15P5
100422644	SERPINA7P1
100422646	ACCSLP1
100422656	EEF1DP7
100422657	RAC1P6
100422658	RAC1P9
100422666	YWHABP2
100422674	YWHAQP7
100422686	SLC25A6P3
100422690	SLC25A6P4
100422691	ITGB1P1
100422710	PPFIA1P1
100422711	THAP12P2
100422712	THAP12P7
100422715	THAP12P10
100422716	ST6GALNAC2P1
100422737	LINC02532
100422821	MIR1273C
100422823	MIR4300
100422824	MIR3128
100422825	MIR3160-2
100422826	MIR4274
100422827	MIR3160-1
100422828	MIR4287
100422829	MIR4319
100422830	MIR3171
100422831	MIR1302-9
100422832	MIR3191
100422833	MIR3188
100422834	MIR1302-10
100422835	MIR3183
100422836	MIR3180-3
100422837	MIR1193
100422838	MIR3195
100422839	MIR3119-1
100422840	MIR4317
100422841	MIR3174
100422842	MIR3074
100422843	MIR4293
100422844	MIR3118-3
100422845	MIR1233-2
100422846	MIR3164
100422847	MIR514B
100422848	MIR4283-2
100422849	MIR548T
100422850	MIR548V
100422851	MIR4316
100422852	MIR4259
100422853	MIR3182
100422854	MIR3187
100422855	MIR4301
100422856	MIR3123
100422857	MIR4318
100422858	MIR4285
100422859	MIR3136
100422860	MIR4292
100422861	MIR4306
100422862	MIR548S
100422863	MIR4265
100422864	MIR544B
100422865	MIR4320
100422866	MIR3115
100422867	MIR378C
100422868	MIR4270
100422869	MIR3152
100422870	MIR3180-1
100422871	MIR3117
100422872	MIR1244-3
100422873	MIR4297
100422874	MIR4279
100422875	MIR3192
100422876	MIR3148
100422877	MIR3202-2
100422878	MIR3168
100422879	MIR3124
100422880	MIR3162
100422881	MIR3170
100422882	MIR3120
100422883	MIR4325
100422884	MIR548U
100422885	MIR1244-2
100422886	MIR3179-2
100422887	MIR4280
100422888	MIR4264
100422889	MIR3194
100422891	MIR4327
100422892	MIR3157
100422893	MIR3154
100422894	MIR4260
100422895	MIR4294
100422896	MIR3140
100422897	MIR4302
100422898	MIR4255
100422899	MIR3190
100422900	MIR3158-1
100422901	MIR3135A
100422902	MIR3116-1
100422903	MIR4288
100422904	MIR3193
100422905	MIR4311
100422907	MIR3156-2
100422908	MIR3129
100422909	MIR4295
100422910	MIR2861
100422911	MIR500B
100422912	MIR3200
100422913	MIR320E
100422914	MIR4253
100422915	MIR3065
100422916	MIR3201
100422917	MIR4283-1
100422918	MIR3167
100422919	MIR1302-11
100422920	MIR548X
100422921	MIR3149
100422922	MIR1972-2
100422923	MIR548W
100422924	MIR4303
100422925	MIR4322
100422926	MIR3137
100422927	MIR4291
100422928	MIR3127
100422929	MIR4261
100422930	MIR4330
100422931	MIR4304
100422932	MIR4328
100422933	MIR378B
100422934	MIR3143
100422935	MIR3118-4
100422936	MIR3153
100422937	MIR4275
100422938	MIR3142
100422939	MIR3147
100422940	MIR4305
100422941	MIR4272
100422942	MIR3133
100422943	MIR3189
100422944	MIR3186
100422945	MIR4326
100422946	MIR3116-2
100422947	MIR3122
100422948	MIR4284
100422949	MIR3118-2
100422950	MIR3141
100422951	MIR3144
100422952	MIR4271
100422953	MIR3165
100422954	MIR4309
100422955	MIR4273
100422956	MIR3180-2
100422957	MIR3131
100422959	MIR4268
100422960	MIR3179-1
100422961	MIR4315-2
100422962	MIR4281
100422963	MIR4290
100422964	MIR3150A
100422965	MIR4263
100422966	MIR4277
100422967	MIR3146
100422968	MIR4251
100422969	MIR2909
100422971	MIR4312
100422972	MIR3181
100422973	MIR3169
100422974	MIR3178
100422975	MIR4252
100422976	MIR4256
100422977	MIR1184-3
100422978	MIR3185
100422979	MIR4324
100422980	MIR4323
100422981	MIR3173
100422982	MIR4286
100422983	MIR4314
100422984	MIR4308
100422985	MIR1184-2
100422986	MIR3125
100422987	MIR3202-1
100422988	MIR3156-1
100422989	MIR3155A
100422990	MIR3134
100422991	MIR1260B
100422992	MIR3151
100422993	MIR3130-1
100422994	MIR4267
100422995	MIR3175
100422996	MIR4262
100422997	MIR4257
100422998	MIR3199-2
100422999	MIR4278
100423000	MIR3161
100423001	MIR3145
100423002	MIR3130-2
100423003	MIR3184
100423004	MIR4315-1
100423005	MIR4282
100423006	MIR3179-3
100423008	MIR3118-1
100423009	MIR4329
100423010	MIR3119-2
100423011	MIR3138
100423012	MIR3177
100423013	MIR4310
100423014	MIR3196
100423015	MIR4289
100423016	MIR3159
100423017	MIR3139
100423018	MIR3156-3
100423019	MIR4307
100423020	MIR4258
100423021	MIR4298
100423023	MIR3197
100423025	MIR3198-1
100423026	MIR4299
100423027	MIR4266
100423028	MIR4254
100423029	MIR3163
100423030	MIR3126
100423031	MIR4321
100423032	MIR3121
100423033	MIR3158-2
100423034	MIR3199-1
100423035	MIR4313
100423036	MIR2355
100423037	MIR3176
100423038	MIR466
100423039	MIR3132
100423040	MIR3166
100423041	MIR4296
100423042	MIR4276
100423043	MIR4269
100423046	STX8P1
100423060	ASNSP6
100423061	ASNSP3
100423062	IGLL5
100431168	MYL6P2
100431172	KLRF2
100431173	RNY4P16
100431174	CLTAP1
100431177	GPRASP3P1
100462647	NKAIN1P1
100462648	NKAIN1P2
100462652	SLC6A14P2
100462732	ATP6V1G1P6
100462767	ACTBP12
100462772	FTH1P22
100462776	RRAGAP1
100462780	FTLP9
100462782	MEMO1P3
100462785	MEMO1P4
100462786	FTLP18
100462787	CICP10
100462788	FTLP6
100462790	FTLP8
100462792	FTLP12
100462793	FTLP13
100462794	FTLP14
100462795	H2AZP4
100462797	FTH1P24
100462799	FTH1P25
100462800	H2AZP6
100462809	RSL24D1P8
100462810	RHOT1P3
100462811	RHOT1P2
100462812	FGFR3P1
100462813	RHOT1P1
100462815	FGFR3P2
100462816	FGFR3P3
100462820	USP9YP6
100462821	USP9YP7
100462824	EIF4A1P3
100462825	ATP7BP1
100462826	EIF4A1P13
100462829	GCNT1P4
100462830	EIF4A1P12
100462832	PNPLA4P1
100462833	ISCUP1
100462836	EIF3EP3
100462838	ATP6V1G1P3
100462840	ATP6V1G1P5
100462843	ATP6V1G1P4
100462844	ATP6V1E1P2
100462850	COX6B1P4
100462851	COX6B1P6
100462857	LSM6P2
100462862	ATP5MGP8
100462865	ATP5MGP6
100462866	ELOCP21
100462867	ELOCP6
100462868	ELOCP7
100462869	ELOCP8
100462870	ELOCP9
100462871	ELOCP10
100462872	ELOCP11
100462873	ELOCP4
100462874	ELOCP12
100462875	ELOCP13
100462876	ELOCP14
100462877	ELOCP15
100462878	ELOCP16
100462879	ELOCP17
100462880	ELOCP19
100462881	ELOCP23
100462886	TAF13P2
100462953	MICOS10P1
100462954	MICOS10P3
100462957	MICOS10P4
100462977	MTRNR2L1
100462981	MTRNR2L2
100462983	MTRNR2L3
100462984	HSPD1P22
100462985	HSPD1P16
100462986	HSPD1P17
100462987	HSPD1P13
100462989	HSPD1P20
100462990	HSPD1P21
100463285	MTRNR2L4
100463286	CCT6P5
100463288	HSPD1P19
100463289	MTRNR2L5
100463482	MTRNR2L6
100463486	MTRNR2L8
100463487	MTRNR2L9
100463488	MTRNR2L10
100463489	MTRNR2L11
100463498	MTRNR2L12
100463500	MTRNR2L13
100463528	LSP1P1
100498661	OSBPL9P4
100498859	LINC00881
100499171	LINC00276
100499177	THAP9-AS1
100499183	BAALC-AS1
100499191	MSL3P2
100499192	MSL3P3
100499194	LINC02992
100499227	USP2-AS1
100499251	GMFBP1
100499252	ZBTB12BP
100499258	SNRPBP1
100499259	CKS1BP4
100499261	BTF3P6
100499405	LINC00987
100499416	TOMM22P1
100499417	TOMM22P2
100499418	MTCYBP1
100499435	TEX16P
100499457	MTND2P3
100499466	LINC00674
100499467	LINC00673
100499468	MTND1P1
100499469	MTND6P1
100499481	MED13P1
100499483	CCDC180
100499484	SUGT1P4-STRA6LP
100499485	SRIP2
100499489	LINC03027
100499496	MATR3P1
100499497	MATR3P3
100499563	PTP4A1P2
100500737	PPIAP20
100500773	SRSF3P2
100500797	USP9YP19
100500798	USP9YP23
100500801	MIR3659
100500802	MIR3685
100500803	MIR3919
100500804	MIR3654
100500807	MIR374C
100500808	MIR3917
100500809	MIR23C
100500810	MIR3620
100500811	MIR3621
100500812	MIR3677
100500813	MIR3646
100500814	MIR3616
100500816	MIR3649
100500817	MIR3612
100500818	MIR3945
100500819	MIR3609
100500820	MIR3655
100500821	MIR3910-1
100500822	MIR3937
100500823	MIR3920
100500824	MIR3650
100500825	MIR3660
100500826	MIR3909
100500827	MIR3614
100500828	MIR3619
100500829	MIR3943
100500830	MIR550B2
100500831	MIR3912
100500832	MIR3658
100500834	MIR3924
100500835	MIR3907
100500836	MIR3914-1
100500837	MIR3606
100500838	MIR3926-2
100500839	MIR3686
100500841	MIR3678
100500842	MIR3652
100500843	MIR3922
100500844	MIR3664
100500845	MIR642B
100500846	MIR3689A
100500847	MIR3615
100500849	MIR3916
100500850	MIR3682
100500851	MIR3918
100500852	MIR3180-4
100500853	MIR3605
100500854	MIR3671
100500855	MIR3713
100500856	MIR548Z
100500857	MIR3939
100500858	MIR3622A
100500859	MIR3921
100500860	MIR3618
100500861	MIR3665
100500862	MIR3648-1
100500863	MIR548AA1
100500864	MIR3929
100500865	MIR3936
100500866	MIR3941
100500867	MIR3684
100500868	MIR3913-2
100500869	MIR3672
100500870	MIR3926-1
100500871	MIR3622B
100500872	MIR3911
100500873	MIR3934
100500875	MIR3938
100500876	MIR3675
100500877	MIR3923
100500878	MIR3679
100500879	MIR3668
100500880	MIR3662
100500881	MIR3688-1
100500882	MIR3667
100500883	MIR550B1
100500884	MIR3681
100500885	MIR3925
100500886	MIR3683
100500887	MIR676
100500888	MIR3940
100500889	MIR3657
100500890	MIR3611
100500891	MIR3935
100500893	MIR3663
100500894	MIR3690
100500895	MIR548AA2
100500896	MIR3666
100500897	MIR3617
100500898	MIR3927
100500899	MIR3692
100500900	MIR3691
100500901	MIR3928
100500902	MIR3910-2
100500903	MIR3913-1
100500904	MIR3942
100500905	MIR3661
100500906	MIR3689B
100500907	MIR3150B
100500908	MIR3613
100500909	MIR3908
100500910	MIR3670-1
100500911	MIR3944
100500912	MIR3674
100500913	MIR3714
100500914	MIR3610
100500915	MIR3915
100500916	MIR3180-5
100500917	MIR3680-1
100500918	MIR3651
100500919	MIR548Y
100500920	MIR3914-2
100500934	RBX1P2
100500938	CCDC179
100505383	BPIFB5P
100505385	IQCJ-SCHIP1
100505474	LINC01539
100505475	SYNE1-AS1
100505477	LINC01602
100505478	TEX48
100505483	PRKAG2-AS1
100505494	ANKRD10-IT1
100505495	PCAT19
100505501	TOX-DT
100505502	LOC100505502
100505506	BANF1P3
100505515	LINC01723
100505518	EDNRB-AS1
100505530	LINC02520
100505532	LINC01301
100505534	GPR176-DT
100505536	ISM1-AS1
100505538	RBM26-AS1
100505540	SLIT1-AS1
100505545	LINC01095
100505547	LINC01208
100505549	ATP8B1-AS1
100505557	GSTM5P1
100505561	GOLGA7B-DT
100505566	LINC00578
100505570	LINC02708
100505573	INAFM2
100505576	LASP1NB
100505583	LINC00838
100505588	LHX2-AS1
100505591	LRRC3C
100505592	GAPLINC
100505601	PARD3-DT
100505609	LINC02053
100505616	SNHG21
100505619	LINC00919
100505621	NDUFV1-DT
100505622	LNROP
100505624	GTF3C2-AS1
100505625	LINC02102
100505633	LINC01133
100505635	DAAM2-AS1
100505636	MALINC1
100505641	FGD5-AS1
100505642	C9ORF85P2
100505648	RAD51-AS1
100505650	LOC100505650
100505658	DIAPH1-AS1
100505659	LINC00967
100505663	LINC01370
100505664	LINC03125
100505666	DCST1-AS1
100505676	RRS1-DT
100505678	STARD4-AS1
100505679	UBE2Q2P16
100505681	NAPA-AS1
100505683	LINC01431
100505685	LINC03074
100505687	SNHG33
100505690	TXN2P1
100505692	FTO-IT1
100505694	FAM133EP
100505696	SH3BP5-AS1
100505702	LINC01094
100505704	ATP5MC1P6
100505705	SDIM1
100505715	CATED
100505716	BABAM2-AS2
100505718	LINC01592
100505724	KRTAP9-7
100505738	MIR4458HG
100505739	LINC01603
100505741	SPATA1
100505746	ITGB2-AS1
100505753	KRTAP16-1
100505755	MTND5P28
100505758	PRMT5-AS1
100505761	C10ORF95-AS1
100505767	SPDYE18
100505768	LINC01364
100505771	MHENCR
100505776	LINC01541
100505783	OSER1-DT
100505785	KIRREL1-IT1
100505795	PBX1-AS1
100505797	NETO1-DT
100505806	SNHG18
100505811	LINC02148
100505812	CARD8-AS1
100505817	LINC02582
100505824	LINC02805
100505826	STK4-DT
100505832	PROX1-AS1
100505835	LINC01532
100505839	SH3PXD2A-AS1
100505841	ZNF475
100505845	ROPN1L-AS1
100505851	ZNF276-AS1
100505852	ZNF355P
100505853	LINC01898
100505854	APTR
100505855	EIF1P1
100505865	LINC00920
100505869	CFAP58-DT
100505875	LINC01088
100505876	CEBPZOS
100505877	UBE2E2-DT
100505878	LINC02059
100505879	KIF25-AS1
100505881	MAGI2-AS3
100505887	LINC01672
100505890	SORCS3-AS1
100505892	CCNB1IP1P2
100505893	SLIT2-IT1
100505894	TMEM161B-DT
100505911	SOS1-IT1
100505919	CFL1P7
100505921	GLCCI1-DT
100505929	LINC01549
100505933	ADD3-AS1
100505938	ICA1-AS1
100505945	BTF3L4P1
100505948	LINC02184
100505953	CICP23
100505964	LINC01304
100505967	LINC00645
100505970	HEXD-IT1
100505975	ENO1-AS1
100505982	UBE2V1P13
100505984	LINC02478
100505989	SMIM31
100505993	TMEM210
100505994	LUCAT1
100505996	SOX1-OT
100506000	HSPE1P5
100506001	NARF-IT1
100506007	RTCA-AS1
100506012	PPP5D1P
100506013	APELA
100506020	ARAP1-AS2
100506022	LINC02606
100506025	CRPPA-AS1
100506033	PTOV1-AS1
100506035	LINC00989
100506036	CNNM3-DT
100506039	HMGB3P8
100506046	GAS5-AS1
100506047	LINC02580
100506049	LRRC72
100506050	LINC01005
100506054	RNASEH1-DT
100506055	MXRA7P1
100506058	EIF5A2P1
100506060	SMG1P7
100506061	BTF3L4P4
100506068	DACT3-AS1
100506070	RBFADN
100506071	COCH-AS1
100506080	HMGA1P4
100506082	LINC02749
100506083	DDX19A-DT
100506084	ARL17B
100506085	LINC02275
100506098	GIRGL
100506099	PPIAP45
100506100	ZDHHC12-DT
100506107	LINC02382
100506108	SIX3-AS1
100506113	UVRAG-DT
100506115	PELATON
100506119	LINC01503
100506122	LINC02431
100506123	APPAT
100506125	ADCY6-DT
100506126	LINC00867
100506127	GVQW3
100506134	TTC21B-AS1
100506142	RHOQ-AS1
100506144	TMEM35B
100506157	SRP54-AS1
100506159	LINC02470
100506161	TAF1A-AS1
100506164	HSFX1
100506169	MTND5P11
100506172	LOHAN2
100506175	RIPOR3-AS1
100506178	STEAP1B-AS1
100506188	LINC03001
100506190	LINC00963
100506195	LARGE-AS1
100506205	TMEM185AP1
100506211	MIR210HG
100506215	PAXBP1-AS1
100506217	LOC100506217
100506229	LINC01093
100506233	RAB30-DT
100506237	NKX2-1-AS1
100506242	LOC100506242
100506243	KRABD1
100506244	SUMO2P8
100506246	REXO1L9P
100506248	PTMAP9
100506258	SYT9-AS1
100506272	LINC02492
100506275	KRABD1-AS1
100506282	ANKRD42-DT
100506286	TBC1D8-AS1
100506289	LINC03095
100506299	ID2-AS1
100506302	RBM33-DT
100506305	LINC00958
100506311	HOTAIRM1
100506314	GPRC5D-AS1
100506319	LINC01988
100506321	MAX-AS1
100506325	SP2-AS1
100506328	LINC01127
100506330	WBP1LP2
100506334	LINC00649
100506343	INKA2-AS1
100506356	ARSD-AS1
100506365	OTUD6B-AS1
100506368	FZD4-DT
100506371	LINC02091
100506374	EDDM13
100506376	TTLL10-AS1
100506380	RNF32-DT
100506384	PHACTR3-AS1
100506385	LINC01426
100506388	RPH3AL-AS1
100506390	RAP1BP1
100506392	SLC16A1-AS1
100506393	LINC02398
100506394	GAS6-DT
100506400	TMEM258P2
100506406	CAPSL-DT
100506409	ELOVL2-AS1
100506411	MAP3K9-DT
100506412	LINC00871
100506413	DOCK4-AS1
100506421	PANTR1
100506422	LINC03106
100506424	UBE2L2
100506428	CBR3-AS1
100506433	LINC00648
100506436	SPAG5-AS1
100506443	ITPKB-IT1
100506451	RASSF8-AS1
100506457	MIR3681HG
100506462	SRD5A3-AS1
100506465	LINC01234
100506469	TMEM147-AS1
100506470	LINC01718
100506473	C2ORF49-DT
100506475	EGFLAM-AS2
100506476	MIDEAS-AS1
100506492	DSCAM-AS1
100506495	LIFR-AS1
100506497	CPVL-AS2
100506498	LINC02274
100506504	PRKCZ-AS1
100506506	MORC1-AS1
100506514	LOC100506514
100506516	LINC01176
100506526	LINC03123
100506527	LINC01007
100506530	LINC02349
100506540	MISFA
100506542	LINC01082
100506544	L3MBTL2-AS1
100506555	NECTIN3-AS1
100506562	LOC100506562
100506564	SPMAP2L
100506569	SRSF3P1
100506571	LINC02809
100506574	SNRPGP9
100506576	UBE2L3P3
100506578	C12ORF71BP
100506581	C16ORF95
100506585	PTPRN2-AS1
100506595	HMGB1P40
100506599	PPP1R26-AS1
100506603	VASH1-AS1
100506606	FAR2-AS1
100506622	LINC00540
100506633	UFM1P3
100506637	PRKAR2A-AS1
100506649	PXN-AS1
100506654	GEMIN7P1
100506655	LCMT1-AS2
100506658	OCLN
100506660	DDX11-AS1
100506667	LOC100506667
100506668	NRAV
100506672	COX7CP2
100506673	ZBTB20-AS2
100506674	MRPS30-DT
100506675	LINC03031
100506679	TTLL1-AS1
100506680	SACS-AS1
100506681	JARID2-AS1
100506682	LINC03012
100506685	STMN1P1
100506686	IQCH-AS1
100506688	LINC02982
100506691	LINC02985
100506696	PCAT6
100506697	LINC00327
100506700	LINC02308
100506706	CICP19
100506710	EBLN3P
100506712	HNRNPA1P5
100506714	NUP50-DT
100506715	PNKDP1
100506721	MTND1P36
100506723	TMSB10P1
100506724	LINC00901
100506725	LINC03013
100506731	FLRT2-AS1
100506733	FAM170B-AS1
100506736	SLFN12L
100506737	LINC01589
100506742	CASP12
100506746	AFF1-AS1
100506747	MGAT4FP
100506749	AGAP1-IT1
100506753	MAILR
100506755	MIR497HG
100506757	LINC00629
100506759	OR7E37P
100506765	IGSF11-AS1
100506769	C10ORF71-AS1
100506775	LINC01353
100506776	TRG-AS1
100506779	TSPOAP1-AS1
100506783	HOXD-AS2
100506787	LINC01543
100506791	LINC01511
100506795	LINC01354
100506797	THORLNC
100506801	ECE1-AS1
100506804	TMEM30A-DT
100506810	LINC01132
100506811	H3P43
100506815	FOXP1-IT1
100506826	MYLK-AS1
100506827	LINC02475
100506834	GAS1RR
100506835	LINC00840
100506840	IQCF4P
100506844	GIHCG
100506860	LINC00513
100506866	TTN-AS1
100506872	RNF7P1
100506874	LINC00933
100506881	MKLN1-AS
100506885	LNC-LBCS
100506888	ELOA3DP
100506895	LUARIS
100506897	DAPK1-IT1
100506898	MAGOH2P
100506907	CFAP100-DT
100506915	CHRM3-AS2
100506922	MAP3K2-DT
100506925	HNRNPA1P31
100506930	LINC00665
100506938	S100A11P4
100506939	PRKG1-AS1
100506944	LOC100506944
100506946	PPIAP70
100506953	FABP7P1
100506963	ELOA-AS1
100506965	PWAR6
100506990	FAM86B2-DT
100506994	PTPRG-AS1
100506999	LINC02318
100507003	GFY
100507008	LINC00844
100507012	BMPR1B-DT
100507027	MRLN
100507032	TMCC1-DT
100507034	PITRM1-AS1
100507040	LINC00427
100507043	TUNAR
100507044	NBPF5P
100507046	HSPE1P3
100507050	TPBGL
100507055	LRCOL1
100507056	CCAT1
100507057	MELTF-AS1
100507058	LINC00845
100507059	LINC00703
100507062	PSMD6-AS2
100507064	TEX26-AS1
100507065	MSRB3-AS1
100507066	CLIP1-AS1
100507067	GOLGA8UP
100507071	PIWIL2-DT
100507073	LINC01798
100507083	ATP5MC2P5
100507086	DLG1-AS1
100507091	PITPNM2-AS1
100507096	GIMD1
100507097	ATP5MC2P3
100507098	ADAMTS9-AS2
100507099	FRY-AS1
100507102	COX20P1
100507103	LINC02937
100507113	ZNF638-IT1
100507114	LINC00445
100507117	ASAP1-IT2
100507118	PRC1-AS1
100507124	HMGN1P25
100507125	ERHP1
100507135	SPART-AS1
100507140	LINC01792
100507143	LINC00708
100507144	CD44-DT
100507156	LOXL2-AS1
100507157	MTND1P30
100507163	LINC00709
100507170	CT47A12
100507171	BOLA3-DT
100507173	LINC01012
100507175	LINC02408
100507178	SLFNL1-AS1
100507194	LINC02525
100507195	LINC02384
100507201	LINC01815
100507203	SMLR1
100507205	LINC02740
100507206	LINC00943
100507210	LINC02000
100507217	CHASERR
100507218	RNF157-AS1
100507221	LOC100507221
100507231	PPIAP42
100507240	VWA8-AS1
100507244	MAMDC2-AS1
100507246	SNHG16
100507249	C8ORF17
100507250	NUP107-DT
100507251	CICP6
100507254	LINC01013
100507257	MEG9
100507261	MIR670HG
100507266	STX18-AS1
100507267	LINC01187
100507274	LINC01210
100507277	LINC02314
100507283	MSANTD2-AS1
100507290	ZNF865
100507291	COPB2-DT
100507297	TMEM44-AS1
100507300	ALKBH3-AS1
100507303	SNHG19
100507308	TARID
100507316	MINCR
100507321	ERVK13-1
100507331	ZSWIM8-AS1
100507341	SMIM18
100507347	VIM-AS1
100507354	CDC42P5
100507357	RPL23AP86
100507361	PCNPP5
100507362	LINC01015
100507373	ADGRL1-AS1
100507377	LINC02882
100507381	KCNQ5-IT1
100507388	PARM1-AS1
100507389	HLMR1
100507391	LINC01968
100507392	SENCR
100507398	INTS6-AS1
100507401	LRP4-AS1
100507404	TMLHE-AS1
100507406	LINC02539
100507410	C1QTNF1-AS1
100507419	MMP25-AS1
100507420	LINC01605
100507421	TMEM178B
100507423	MKNK1-AS1
100507428	LINC00458
100507431	LINC02551
100507433	ZNF571-AS1
100507435	DLGAP2-AS1
100507436	MICA
100507437	MTA1-DT
100507444	PPP1R2P1
100507458	ZNF213-AS1
100507459	NRSN2-AS1
100507461	LINC02032
100507462	CCDC28A-AS1
100507463	PSMB8-AS1
100507466	DPH6-DT
100507468	CT66
100507470	GRID1-AS1
100507475	IDH1-AS1
100507477	LINC02941
100507480	LINC02853
100507487	LINC02615
100507489	LINC01277
100507490	ZNF859P
100507494	LOC100507494
100507495	SDCBP2-AS1
100507500	EGFR-AS1
100507501	LINC01569
100507506	ECI2-DT
100507507	FAM131B-AS2
100507516	LINC02984
100507521	LINC02733
100507524	ARHGEF26-AS1
100507526	SMG1P4
100507527	LINC03103
100507528	LINC00613
100507530	MCPH1-AS1
100507533	SOX21-AS1
100507534	LINC02192
100507537	STRIT1
100507540	LINC01504
100507549	HMGB3P32
100507551	PGLS-DT
100507554	RPL37A-DT
100507557	EPM2A-DT
100507561	ANKRD33BP6
100507564	MAGOH-DT
100507567	RAB11B-AS1
100507582	BHLHE40-AS1
100507584	LINC01016
100507586	COX7BP3
100507588	TGFBR3L
100507589	NAGPA-AS1
100507599	TFIP11-DT
100507600	LCT-AS1
100507602	TRIM52-AS1
100507605	LINC00837
100507606	ANKRD33BP3
100507607	NPIPB9
100507608	KRTAP9-6
100507612	LINC00402
100507616	LINC02397
100507617	PPP1R14BP3
100507629	LINC00658
100507632	LINC00968
100507633	TNKS2-DT
100507639	LINC02432
100507642	LINC03014
100507648	CICP15
100507650	RNF212B
100507651	LINC01606
100507657	LINC02554
100507661	LINC02082
100507670	ZNF687-AS1
100507674	MARK2P9
100507679	MUC22
100507747	C13ORF46
100508120	GMDS-DT
100508631	LINC02616
100509091	LOC100509091
100509620	AQP7B
100509857	KRT8P4
100509894	CPB2-AS1
100509927	H2ACP1
100510707	TBC1D3JP
100526416	AK4P5
100526656	GNG10P1
100526664	LY75-CD302
100526693	ARPC4-TTLL3
100526694	MSANTD3-TMEFF1
100526735	CRYZP2
100526737	RBM14-RBM4
100526738	SUMO2P5
100526739	CENPS-CORT
100526740	ATP5MF-PTCD1
100526760	ABHD14A-ACY1
100526761	CCDC169-SOHLH2
100526767	RNF103-CHMP3
100526771	SMIM35
100526772	STIMATE-MUSTN1
100526773	EPPIN-WFDC6
100526776	CSNK1A1P3
100526783	ARPIN-AP3S2
100526793	CKS1BP5
100526794	NT5C1B-RDH14
100526820	CAHM
100526825	INMT-MINDY4
100526830	SLX1A-SULT1A3
100526831	SLX1B-SULT1A4
100526832	PHOSPHO2-KLHL23
100526835	FPGT-TNNI3K
100526836	BLOC1S5-TXNDC5
100526837	EEF1E1-BLOC1S5
100526838	C18ORF32P3
100526839	C18ORF32P1
100526840	C18ORF32P2
100526841	C18ORF32P4
100526842	RPL17-C18ORF32
100527943	TGIF2-RAB5IF
100527945	NDUFA12P1
100527946	PDCD5P1
100527947	PDCD5P2
100527948	HMGB1P27
100527949	GIMAP1-GIMAP5
100527960	MROH7-TTC4
100527963	PMF1-BGLAP
100527964	LHX4-AS1
100527978	TLCD4-RWDD3
100528006	DPPA5P3
100528007	BORCS7-ASMT
100528016	TMX2-CTNND1
100528017	SAA2-SAA4
100528018	ARL2-SNX15
100528019	HSPB2-C11ORF52
100528020	FAM187A
100528021	ST20-MTHFS
100528030	POC1B-GALNT4
100528031	FKBP1A-SDCBP2
100528032	KLRC4-KLRK1
100528061	GGCTP1
100528062	ARMCX5-GPRASP2
100528063	GGCTP3
100528064	NEDD8-MDP1
100529052	GGCTP2
100529063	BCL2L2-PABPN1
100529097	RPL36A-HNRNPH2
100529111	NPLP1
100529144	CORO7-PAM16
100529145	TEN1-CDK3
100529209	RNASEK-C17ORF49
100529211	TMEM256-PLSCR3
100529215	ZNF559-ZNF177
100529239	RPS10-NUDT3
100529240	ZNF816-ZNF321P
100529241	HSPE1-MOB4
100529251	CKLF-CMTM1
100529257	SYNJ2BP-COX16
100529261	CHURC1-FNTB
100529262	MIA-RAB4B
100529264	RAB4B-EGLN2
100529855	ZNF625-ZNF20
100532724	NPHP3-ACAD11
100532726	NDUFC2-KCTD14
100532731	COMMD3-BMI1
100532732	MSH5-SAPCD1
100532735	INO80B-WBP1
100532736	MICOS10-NBL1
100532737	ATP6V1G2-DDX39B
100532746	PPT2-EGFL8
100533105	C8ORF44-SGK3
100533106	ZHX1-C8ORF76
100533107	RTEL1-TNFRSF6B
100533111	ZNF670-ZNF695
100533177	KRTAP29-1
100533178	PRORY
100533179	UBE2F-SCLY
100533181	FXYD6-FXYD2
100533182	SEC24B-AS1
100533183	ZNF664-RFLNA
100533184	ARHGAP19-SLIT1
100533467	BIVM-ERCC5
100533483	DNAAF4-CCPG1
100533496	TVP23C-CDRT4
100533619	TMPOP2
100533620	TUBBP7
100533621	FBRSL1P1
100533624	SNX33P1
100533626	TUBAP9
100533627	TUBAP8
100533637	ZNF72BP
100533642	FNBP1P1
100533646	ZNF840P
100533658	HSPA8P17
100533660	EI24P5
100533661	SGO1P2
100533662	STK25P1
100533663	HRGP1
100533664	PTCHD3P2
100533665	PTCHD3P3
100533666	SGO1P1
100533668	KLF2P4
100533671	ADAM20P2
100533672	TRIM60P19
100533673	OSBPL9P6
100533674	NPAP1P4
100533675	NPAP1P6
100533676	PHACTR2P1
100533682	MIPEPP1
100533695	RLIMP1
100533705	SLC9B1P5
100533711	CKAP2LP1
100533712	MDM4P1
100533713	ELL2P3
100533714	DDX43P2
100533717	BCAR1P1
100533718	BCAR1P2
100533719	ANKRD20A14P
100533720	ANKRD20A15P
100533721	PNPT1P2
100533725	ERVFRD-3
100533731	RLIMP2
100533754	MARK3P3
100533755	MARK2P20
100533757	SSBL3P
100533789	LRRC37A8P
100533790	LRRC37A9P
100533791	LRRC37A10P
100533794	MARK2P15
100533795	MARK2P16
100533800	BMPR1AP2
100533814	TCAF2C
100533844	TARS2P1
100533847	TYW1P1
100533849	MAPKAPK5P1
100533850	MPHOSPH10P7
100533851	ATP8A2P2
100533952	RBAK-RBAKDN
100533955	SENP3-EIF4A1
100533970	P2RX5-TAX1BP3
100533990	APOC4-APOC2
100533997	MAGEA10-MAGEA5
100534012	TNFAIP8L2-SCNM1
100534589	HOXA10-HOXA9
100534592	URGCP-MRPS24
100534593	STX16-NPEPL1
100534595	HNRNPUL2-BSCL2
100534599	ISY1-RAB43
100534611	TM4SF19-DYNLT2B
100534612	C1QTNF3-AMACR
100551499	LINC00159
100568447	IGHV3OR16-14
100616100	ERVK-2
100616101	ERVK-10
100616102	ERVK-9
100616103	ERVK-21
100616104	ERVFH21-1
100616105	ERVE-4
100616106	ERVK3-4
100616107	ERVK3-6
100616108	ERVK3-8
100616109	MIR4464
100616110	MIR2681
100616111	MIR4455
100616112	MIR4793
100616113	MIR4680
100616114	MIR4668
100616115	MIR4469
100616116	MIR4648
100616117	MIR4653
100616118	MIR4486
100616119	MIR4697
100616120	MIR4695
100616121	MIR1268B
100616122	MIR4523
100616123	MIR4436B1
100616124	MIR4647
100616125	MIR4731
100616126	MIR4686
100616127	MIR4448
100616128	MIR4679-1
100616129	MIR4445
100616130	MIR4526
100616131	MIR3689D1
100616132	MIR4728
100616133	MIR4699
100616134	MIR499B
100616135	MIR4507
100616136	MIR4430
100616137	MIR4501
100616138	MIR4787
100616139	MIR4741
100616140	MIR4506
100616141	MIR4428
100616142	MIR4458
100616143	MIR4763
100616144	MIR548AN
100616146	MIR4534
100616147	MIR4769
100616148	MIR4760
100616149	MIR4512
100616150	MIR4720
100616151	MIR4480
100616152	MIR4804
100616153	MIR4726
100616154	MIR4466
100616155	MIR4536-1
100616157	MIR4772
100616158	MIR4505
100616159	MIR4779
100616160	MIR4655
100616161	MIR4795
100616162	MIR4483
100616163	MIR4530
100616164	MIR4420
100616165	MIR4771-2
100616166	MIR4796
100616167	MIR4722
100616168	MIR4754
100616169	MIR378D2
100616170	MIR4739
100616171	MIR4752
100616172	MIR4719
100616173	MIR203B
100616174	MIR4643
100616175	MIR4633
100616176	MIR4708
100616178	MIR4641
100616179	MIR4498
100616180	MIR4465
100616181	MIR4514
100616182	MIR4500
100616183	MIR4513
100616184	MIR4477A
100616185	MIR371B
100616186	MIR4490
100616187	MIR4783
100616188	MIR3972
100616189	MIR4421
100616190	MIR548O2
100616191	MIR548AJ1
100616192	MIR4679-2
100616193	MIR4453
100616194	MIR4477B
100616195	MIR4718
100616196	MIR4525
100616197	ERVK-23
100616198	ERVW-6
100616199	ERVK3-7
100616200	ERVS71-2
100616201	MIR378D1
100616202	MIR4634
100616203	MIR4734
100616204	MIR4729
100616205	MIR4704
100616206	MIR4652
100616207	MIR4439
100616208	MIR4782
100616210	MIR4737
100616211	MIR4709
100616212	MIR3689F
100616213	MIR4437
100616214	MIR4667
100616215	MIR548AL
100616216	MIR4797
100616218	MIR3135B
100616219	MIR4765
100616220	MIR4736
100616221	MIR4662A
100616222	MIR4487
100616223	MIR4509-1
100616224	MIR4753
100616225	MIR4756
100616226	MIR4468
100616227	MIR4502
100616228	MIR4509-2
100616229	MIR4473
100616230	MIR4646
100616231	MIR4519
100616232	MIR4528
100616234	MIR4454
100616235	MIR4457
100616236	MIR4669
100616237	MIR4640
100616238	MIR3529
100616239	MIR4705
100616240	MIR4496
100616241	MIR4717
100616242	MIR4673
100616243	MIR4759
100616244	MIR3976
100616245	MIR4661
100616246	MIR4799
100616247	MIR151B
100616248	MIR4724
100616249	MIR4768
100616250	MIR3960
100616251	MIR1587
100616252	MIR548AJ2
100616253	MIR4762
100616254	MIR548AH
100616255	MIR4662B
100616256	MIR4721
100616257	MIR3975
100616258	MIR4516
100616259	MIR378I
100616260	MIR4663
100616261	MIR4504
100616262	MIR4701
100616263	MIR4485
100616264	MIR4527
100616265	MIR4433A
100616266	MIR4733
100616267	MIR4776-1
100616268	MIR4472-1
100616269	MIR4639
100616270	MIR4651
100616271	MIR4637
100616272	MIR4422
100616273	MIR451B
100616274	MIR4802
100616275	MIR4508
100616276	MIR4538
100616277	MIR4522
100616278	MIR4540
100616279	MIR3974
100616280	MIR4503
100616281	MIR4788
100616282	MIR4738
100616283	MIR4766
100616284	MIR4489
100616285	MIR4645
100616286	MIR4676
100616287	MIR4495
100616288	MIR4665
100616289	MIR4475
100616290	MIR4529
100616291	MIR4791
100616292	MIR4690
100616293	MIR4510
100616294	MIR4740
100616295	MIR4764
100616296	MIR4678
100616297	MIR3977
100616299	MIR4450
100616300	MIR4710
100616301	MIR4674
100616302	MIR548X2
100616303	MIR3688-2
100616304	MIR4499
100616305	MIR548AE1
100616306	MIR378H
100616307	MIR4757
100616308	MIR4666A
100616309	MIR4472-2
100616310	MIR4650-1
100616311	MIR3973
100616312	MIR4478
100616313	MIR4749
100616314	MIR4750
100616315	MIR4781
100616316	MIR4524A
100616317	MIR4777
100616318	MIR4664
100616319	MIR4493
100616320	MIR4481
100616321	MIR378G
100616322	MIR4682
100616323	MIR4482
100616324	MIR1245B
100616325	MIR4460
100616326	MIR4636
100616327	MIR4484
100616328	MIR4424
100616329	MIR4700
100616330	MIR4491
100616331	MIR4650-2
100616332	MIR4716
100616333	MIR3689C
100616334	MIR4790
100616335	MIR219B
100616336	MIR548AB
100616337	MIR4747
100616338	MIR4794
100616339	MIR548AE2
100616340	MIR4758
100616341	MIR4435-2
100616342	MIR4638
100616343	MIR4677
100616344	MIR3689D2
100616345	MIR4426
100616346	MIR4649
100616347	MIR548AI
100616348	MIR4659A
100616349	MIR4451
100616350	MIR4660
100616351	MIR4670
100616352	MIR4642
100616354	MIR550A3
100616355	MIR4531
100616356	MIR4774
100616357	MIR3591
100616358	MIR4800
100616359	MIR4730
100616360	MIR2467
100616361	MIR4775
100616362	MIR4533
100616363	MIR4735
100616364	MIR4785
100616365	MIR4425
100616366	MIR4743
100616367	MIR4467
100616368	MIR4688
100616369	MIR4713
100616370	MIR4771-1
100616371	MIR4746
100616372	MIR4659B
100616373	MIR4770
100616374	MIR4539
100616375	MIR4438
100616376	MIR4492
100616377	MIR4803
100616378	MIR4784
100616379	MIR4511
100616380	MIR4671
100616381	MIR4456
100616382	MIR4509-3
100616383	MIR4675
100616384	MIR548AC
100616385	MIR4732
100616386	MIR4654
100616387	MIR3064
100616388	MIR4723
100616389	MIR4463
100616390	MIR4427
100616391	MIR4684
100616392	MIR4773-1
100616393	MIR4657
100616394	MIR4444-1
100616395	MIR4789
100616396	MIR4712
100616397	MIR4440
100616398	MIR4681
100616399	MIR4436A
100616400	MIR3198-2
100616401	MIR4520-1
100616402	MIR4696
100616403	MIR4691
100616404	MIR4515
100616405	MIR4518
100616406	MIR4521
100616407	MIR4443
100616408	MIR5047
100616409	MIR4711
100616410	MIR4692
100616411	ERVK-16
100616412	ERVK3-5
100616413	MIR4462
100616414	MIR4761
100616415	MIR4535
100616416	MIR4727
100616417	MIR4786
100616418	MIR4773-2
100616419	MIR4434
100616420	MIR4744
100616421	MIR4689
100616422	MIR4537
100616423	MIR4703
100616424	MIR4707
100616425	MIR4748
100616426	MIR4694
100616428	MIR548AM
100616429	MIR4672
100616430	MIR4644
100616431	MIR4431
100616432	MIR4714
100616433	MIR4418
100616434	MIR4755
100616435	MIR4801
100616436	MIR4449
100616437	MIR1343
100616438	MIR4632
100616439	MIR4658
100616440	MIR548AG2
100616441	MIR4474
100616442	ERVK-12
100616443	ERVK-15
100616444	ERVK-20
100616445	ERVK-22
100616446	ERVH-1
100616447	MIR4780
100616449	MIR4725
100616450	MIR548AG1
100616451	MIR4471
100616452	MIR2682
100616453	MIR4687
100616454	MIR4497
100616455	MIR548H5
100616456	MIR4476
100616457	MIR4693
100616459	MIR4745
100616460	MIR3689E
100616461	ERVH-2
100616462	ERVK3-3
100616463	MIR4452
100616464	MIR4778
100616465	MIR4656
100616466	MIR4520-2
100616467	MIR4767
100616468	MIR4742
100616469	MIR4429
100616470	MIR4488
100616471	MIR4798
100616472	MIR4776-2
100616473	MIR4432
100616474	MIR4715
100616475	MIR548AD
100616476	MIR4446
100616477	MIR4442
100616478	MIR4494
100616479	MIR4635
100616480	MIR4479
100616481	MIR4423
100616482	MIR4685
100616483	MIR4751
100616484	MIR4470
100616485	MIR4447
100616486	MIR4698
100616487	MIR4517
100616488	MIR548AK
100616490	MIR4706
100616491	MIR3978
100616492	MIR378F
100616493	MIR4441
100616494	MIR1269B
100616495	MIR2392
100616496	ERVW-4
100616497	ERV9-1
100616498	MIR378E
100616499	MIR4435-1
100616500	MIR4683
100616530	CFAP418-AS1
100616668	TPTE2P5
100628307	DIO2-AS1
100628315	DNM3OS
100628560	MIR3155B
100630918	PARTICL
100630920	RPL10P18
100631239	KRT18P67
100631247	GRAMD4P8
100631248	GRAMD4P3
100631249	GRAMD4P5
100631250	GRAMD4P6
100631251	GRAMD4P7
100631252	GRAMD4P1
100631253	TBC1D3P4
100631254	CSPG4P11
100631260	MARK2P13
100631261	MARK2P14
100631265	MPHOSPH10P4
100631266	MPHOSPH10P9
100631267	MPHOSPH10P5
100631268	MPHOSPH10P8
100631269	SLC10A5P1
100631378	WDR87BP
100631381	PPP6R2P1
100631382	ZFAND6P1
100631383	FAM47E-STBD1
100642175	SPRY4-IT1
100652730	LINC00659
100652736	LINC01311
100652739	RAET1E-AS1
100652740	PYCARD-AS1
100652748	TIMM23B
100652749	SPATA8-AS1
100652759	PRICKLE2-AS1
100652770	DSG2-AS1
100652772	NNT-AS1
100652777	PLA2G10BP
100652781	SNX29P1
100652792	FTLP20
100652794	CMPK1P1
100652796	BOLA2P1
100652801	NXT1P1
100652824	KIAA2012
100652831	NANOGNBP3
100652840	MPHOSPH10P3
100652853	LINC01023
100652856	LINC00408
100652857	TMCO5B
100652865	LINC00539
100652883	ALOX15P1
100652897	DENRP2
100652899	ANP32BP3
100652909	LINC00904
100652911	LINC01838
100652918	GAPDHP75
100652929	LINC02078
100652939	MTND2P28
100652955	COPS3P1
100652974	SOD1P2
100652976	ANKRD33BP4
100652988	LINC00702
100652997	LINC00706
100652999	ATF7-AS1
100653049	LOC100653049
100653053	TAS2R68P
100653061	LOC100653061
100653133	GOLGA6L23P
100653233	MIR3147HG
100653395	MAT2AP1
100653396	YPEL5P3
100653423	BANF1P4
100653489	MTND4P14
100653515	CEP295NL
100689073	ARHGAP22-IT1
100689074	POU6F2-AS2
100689229	H3P12
100689296	CNN2P11
100736411	ASH2LP3
100736412	ASH2LP4
100750225	PCAT1
100750245	SNAPC5P1
100750246	HIF1A-AS1
100750247	HIF1A-AS2
100750325	RCAN3AS
100750326	HTT-AS
100775104	KLHL7-DT
100775105	ERVK-18
100775107	RBM5-AS1
100820709	LINC00501
100820732	LSM1P1
100820733	LSM2P2
100820734	LSM2P1
100820735	H2BP6
100820741	RBBP4P6
100820829	MYZAP
100846978	LINC00506
100846991	MIR5197
100846992	MIR548AW
100846993	MIR5009
100846994	MIR3670-2
100846995	MIR5000
100846996	MIR5007
100846997	MIR5583-2
100846998	MIR5689
100846999	MIR4444-2
100847000	MIR5579
100847001	MIR5680
100847002	MIR5011
100847003	MIR5693
100847004	MIR5188
100847005	MIR5701-2
100847006	MIR5571
100847007	MIR5696
100847008	MIR4524B
100847009	MIR1295B
100847010	MIR5581
100847012	MIR5004
100847013	MIR5692B
100847014	MIR5100
100847015	MIR5691
100847016	MIR5695
100847017	MIR5692C2
100847018	MIR5585
100847019	MIR5687
100847020	MIR5582
100847021	MIR5002
100847022	MIR5093
100847023	MIR5091
100847024	MIR5698
100847025	MIR5583-1
100847026	MIR5006
100847027	MIR5705
100847028	MIR5587
100847029	MIR5003
100847030	MIR548AT
100847031	MIR5700
100847032	MIR5707
100847033	MIR4436B2
100847034	MIR5683
100847035	MIR548AR
100847036	MIR5186
100847037	MIR5001
100847038	MIR5692A2
100847039	MIR5092
100847040	MIR5704
100847041	MIR3680-2
100847042	MIR5572
100847043	MIR5682
100847044	MIR5087
100847045	MIR548AU
100847046	MIR5010
100847047	MIR4666B
100847048	MIR5690
100847049	MIR4999
100847050	MIR5191
100847051	MIR5194
100847052	MIR664B
100847053	MIR5702
100847054	MIR5588
100847055	MIR5697
100847056	MIR5708
100847057	MIR5189
100847058	MIR5681A
100847059	MIR5094
100847060	MIR5701-1
100847061	MIR4536-2
100847062	MIR5195
100847063	MIR548AX
100847064	MIR5694
100847065	MIR5591
100847066	MIR5692A1
100847067	MIR5089
100847068	MIR548AO
100847069	MIR5590
100847070	MIR5196
100847071	MIR5684
100847072	MIR5008
100847073	MIR5090
100847074	MIR5088
100847075	MIR5685
100847076	MIR5580
100847077	MIR5688
100847078	MIR548AQ
100847079	MIR5193
100847080	MIR5190
100847081	MIR5703
100847082	MIR5692C1
100847083	MIR548AV
100847084	MIR548AP
100847085	MIR5706
100847086	MIR5699
100847087	MIR5192
100847088	MIR5586
100847089	MIR5584
100847090	MIR5187
100847091	MIR5681B
100847092	MIR548AS
100847093	MIR5589
100852405	RNF185-AS1
100852406	POTEH-AS1
100852407	CARS1-AS1
100852408	EGFLAM-AS4
100852409	NEGR1-IT1
100852410	ZRANB2-DT
100856791	TBPL1P1
100856809	OR3A5P
100856810	ELOBP3
100856811	NRG1-IT1
100856877	SETP15
100856878	SETP21
100856881	MTND1P32
100859920	HIGD1AP3
100859921	LINC00536
100859922	ERVK11-1
100859924	SUMO2P2
100859925	COX5BP8
100859926	NANOGNBP1
100859930	HEIH
100861402	CERS6-AS1
100861412	FSBP
100861429	YRDCP3
100861430	PDCD6IPP1
100861431	YBX1P7
100861434	USP9YP13
100861435	SRIP3
100861436	PRPS1P1
100861443	DNAJC19P3
100861445	DNAJC19P2
100861449	DNAJC19P6
100861453	DNAJC19P5
100861455	DNAJC19P8
100861458	DNAJC19P7
100861467	ERVK-13
100861468	LINC00492
100861469	PTP4A1P3
100861470	YBX1P9
100861476	YBX1P8
100861485	DUTP3
100861504	LINC00538
100861506	LINC00903
100861507	FTCD-AS1
100861510	LRRC3-DT
100861512	CDKN1A-AS1
100861513	ZMYM4-AS1
100861514	ELMO1-AS1
100861515	TRAPPC12-AS1
100861516	RAI1-AS1
100861517	OCIAD1-AS1
100861518	P4HA2-AS1
100861519	GDNF-AS1
100861520	POU6F2-AS1
100861522	LINC00489
100861523	RPS6KA2-AS1
100861530	UFL1-AS1
100861540	CYP3A7-CYP3A51P
100861541	DOCK9-DT
100861542	LINC00554
100861543	LINC00555
100861544	LINC00557
100861545	LINC00561
100861546	LINC00564
100861547	LINC00566
100861548	PINK1-AS
100861549	LINC00562
100861550	PLUT
100861551	LINC00556
100861552	LINC00558
100861554	LINC00563
100861555	SWINGN
100861556	YBX1P3
100861563	SCAANT1
100861569	YBX1P5
100861573	LINC00572
100861574	SNRPGP6
100862662	ALDH1L1-AS2
100862663	RNY4P21
100862664	RNY4P24
100862665	RNY4P25
100862666	RNY1P2
100862667	RNY1P5
100862668	RNY3P2
100862669	RNY3P3
100862670	RNY3P7
100862671	TMEM265
100862672	RNY3P9
100862673	RNY4P30
100862674	RNY4P31
100862675	RNU4-9P
100862676	RNU4-10P
100862677	RBMX2P4
100862679	NAALADL2-AS3
100862680	LINC00507
100862683	ERVK-25
100862684	ERVK-24
100862686	ERVK-17
100862687	ERVK-14
100862688	ERVK-11
100862689	ERVK-3
100862690	ERVK-1
100862691	ERVE-2
100862692	DIP2A-IT1
100862693	ERVPABLB-1
100862695	ERVW-5
100862696	ERVW-3
100862697	ERVK3-2
100862698	ERVH-7
100862699	ERVH-5
100862700	ERVE-3
100862704	RB1-DT
100862705	KANK1P1
100862725	TIMM9P3
100862726	TIMM9P1
100862727	TIMM9P2
100862728	UPK1A-AS1
100862850	EEF1A1P39
100862852	SLAMF6P1
100862853	MTND4P13
100862854	MTND5P16
100862855	COX6CP5
100873064	AIMP1P2
100873065	PTCHD1-AS
100873165	SRGAP2-AS1
100873166	SETP7
100873168	MTCYBP2
100873169	MTCYBP4
100873170	MTND1P2
100873171	MTND1P4
100873172	MTND1P7
100873173	MTND1P6
100873174	MTND1P5
100873175	MTND2P4
100873176	MTND2P5
100873177	MTND2P6
100873178	MTND2P8
100873179	MTND2P7
100873180	MTND3P2
100873181	MTND3P4
100873182	MTND3P6
100873183	MTND3P7
100873184	MTND3P9
100873185	MTND3P8
100873186	MTND3P5
100873187	MTND3P3
100873188	MTND4P2
100873189	MTND4P3
100873190	MTND4P4
100873191	MTND4P5
100873192	MTND4P6
100873193	MTND4P9
100873194	MTND4P8
100873195	MTND4P7
100873196	MTND5P6
100873197	MTND5P7
100873198	MTND5P8
100873199	MTND5P9
100873200	MTND5P4
100873201	MTND5P5
100873202	MTCO2P2
100873203	MTCO2P3
100873204	MTCYBP3
100873205	MTCO1P3
100873206	MTND5P1
100873207	MTCO3P2
100873208	MTND3P1
100873209	MTND5P2
100873210	MTND5P3
100873211	MTND4P1
100873212	MTND1P11
100873213	MTND1P16
100873214	MTND1P26
100873215	MTND1P28
100873216	MTND1P29
100873217	MTND1P31
100873218	MTND1P33
100873219	MTND1P34
100873220	MTND1P19
100873221	MTND1P9
100873222	MTND2P11
100873223	MTND2P14
100873224	MTND2P18
100873225	MTND2P19
100873226	MTND2P20
100873227	MTND2P21
100873228	MTND2P22
100873229	MTND2P23
100873230	MTND2P24
100873231	MTND2P25
100873232	MTND2P27
100873233	MTND2P29
100873234	MTND2P30
100873235	MTND2P31
100873236	MTND2P33
100873237	MTND2P32
100873238	MTND2P10
100873239	MTND3P10
100873240	MTND4P15
100873241	MTND4P16
100873242	MTND4P17
100873243	MTND4P21
100873244	MTND4P22
100873245	MTND4P23
100873246	MTND4P25
100873247	MTND4P26
100873248	MTND4P27
100873249	MTND4P28
100873250	MTND4P29
100873251	MTND4P30
100873252	MTND4P31
100873253	MTND4P32
100873254	MTND4P24
100873255	MTND4P11
100873256	MTND4P10
100873257	MTND5P12
100873258	MTND5P14
100873259	MTND5P15
100873260	MTND5P22
100873261	MTND5P23
100873262	MTND5P24
100873263	MTND5P25
100873264	MTND5P27
100873265	MTND5P29
100873266	MTND5P30
100873267	MTND5P31
100873268	MTND5P26
100873269	MTND5P20
100873270	MTND5P19
100873271	MTND5P18
100873272	MTND5P13
100873273	RNA5SP18
100873274	RNA5SP19
100873275	RNA5SP20
100873276	RNA5SP21
100873277	RNA5SP22
100873278	RNA5SP23
100873279	RNA5SP40
100873280	RNA5SP41
100873281	RNA5SP42
100873282	RNA5SP43
100873283	RNA5SP44
100873284	RNA5SP45
100873285	RNA5SP46
100873286	RNA5SP47
100873287	RNA5SP48
100873288	RNA5SP49
100873289	RNA5SP51
100873290	RNA5SP52
100873291	RNA5SP53
100873292	RNA5SP54
100873293	RNA5SP55
100873294	RNA5SP56
100873295	RNA5SP60
100873296	RNA5SP61
100873297	RNA5SP62
100873298	RNA5SP63
100873299	RNA5SP64
100873300	RNA5SP65
100873301	RNA5SP66
100873302	RNA5SP67
100873303	RNA5SP68
100873304	RNA5SP69
100873305	RNA5SP71
100873306	RNA5SP72
100873307	RNA5SP73
100873308	RNA5SP74
100873309	RNA5SP75
100873310	RNA5SP76
100873311	RNA5SP77
100873312	RNA5SP78
100873313	RNA5SP79
100873314	RNA5SP80
100873315	RNA5SP81
100873316	RNA5SP82
100873317	RNA5SP84
100873318	RNA5SP85
100873319	RNA5SP86
100873320	RNA5SP87
100873321	RNA5SP88
100873322	RNA5SP89
100873323	RNA5SP90
100873324	RNA5SP91
100873325	RNA5SP92
100873326	RNA5SP93
100873327	RNA5SP94
100873328	RNA5SP95
100873329	RNA5SP96
100873330	RNA5SP97
100873331	RNA5SP98
100873332	MTND6P21
100873333	SEPTIN2P1
100873334	RNA5-8SP3
100873335	RNA5-8SP5
100873336	RNA5-8SP6
100873337	MTND1P14
100873338	MTND1P18
100873339	MTND1P20
100873340	MTND1P21
100873341	MTND1P24
100873342	MTND1P17
100873343	MTND1P10
100873344	MTND2P12
100873345	MTND2P13
100873346	MTND2P15
100873347	MTND2P16
100873348	MTND2P17
100873349	MTND2P26
100873350	MTND4P18
100873351	MTND4P19
100873352	MTND4P20
100873353	MTND5P17
100873354	MTND5P21
100873355	TEKT4P3
100873356	RNA5SP24
100873357	RNA5SP25
100873358	RNA5SP26
100873359	RNA5SP27
100873360	RNA5SP28
100873361	RNA5SP29
100873362	RNA5SP30
100873363	RNA5SP31
100873364	RNA5SP32
100873365	RNA5SP33
100873366	RNA5SP34
100873367	RNA5SP35
100873368	RNA5SP36
100873369	RNA5SP37
100873370	RNA5SP38
100873371	RNA5SP39
100873372	RNA5SP101
100873373	RNA5SP102
100873374	RNA5SP103
100873375	RNA5SP104
100873376	RNA5SP105
100873377	RNA5SP107
100873378	RNA5SP108
100873379	RNA5SP109
100873380	RNA5SP110
100873381	RNA5SP111
100873382	RNA5SP112
100873383	RNA5SP113
100873384	RNA5SP114
100873385	RNA5SP115
100873386	RNA5SP116
100873387	RNA5SP117
100873388	RNA5SP118
100873389	RNA5SP119
100873390	RNA5SP120
100873391	RNA5SP121
100873392	RNA5SP122
100873393	RNA5SP123
100873394	RNA5SP124
100873395	RNA5SP125
100873396	RNA5SP126
100873397	RNA5SP127
100873398	RNA5SP128
100873399	RNA5SP129
100873400	RNA5SP131
100873401	RNA5SP132
100873402	RNA5SP133
100873403	RNA5SP135
100873404	RNA5SP136
100873405	RNA5SP137
100873406	RNA5SP138
100873407	RNA5SP139
100873408	RNA5SP141
100873409	RNA5SP142
100873410	RNA5SP143
100873411	RNA5SP144
100873412	RNA5SP145
100873413	RNA5SP146
100873414	RNA5SP147
100873415	RNA5SP148
100873416	RNA5SP150
100873417	RNA5SP151
100873418	RNA5SP152
100873419	RNA5SP153
100873420	RNA5SP154
100873421	RNA5SP155
100873422	RNA5SP156
100873423	RNA5SP157
100873424	RNA5SP158
100873425	RNA5SP159
100873426	RNA5SP160
100873427	RNA5SP162
100873428	RNA5SP163
100873429	RNA5SP164
100873430	RNA5SP165
100873431	RNA5SP166
100873432	RNA5SP167
100873433	RNA5SP168
100873434	RNA5SP169
100873435	RNA5SP170
100873436	RNA5SP171
100873437	RNA5SP173
100873438	RNA5SP176
100873439	RNA5SP177
100873440	RNA5SP178
100873441	RNA5SP179
100873442	RNA5SP180
100873443	RNA5SP181
100873444	RNA5SP182
100873445	RNA5SP183
100873446	RNA5SP184
100873447	RNA5SP185
100873448	RNA5SP186
100873449	RNA5SP187
100873450	RNA5SP188
100873451	RNA5SP189
100873452	RNA5SP190
100873453	RNA5SP191
100873454	RNA5SP192
100873455	RNA5SP193
100873456	RNA5SP194
100873457	RNA5SP195
100873458	RNA5SP196
100873459	RNA5SP197
100873460	RNA5SP198
100873461	RNA5SP200
100873462	RNA5SP201
100873463	RNA5SP202
100873464	RNA5SP203
100873465	RNA5SP204
100873466	RNA5SP205
100873467	RNA5SP207
100873468	RNA5SP208
100873469	RNA5SP209
100873470	RNA5SP210
100873471	RNA5SP211
100873472	RNA5SP212
100873473	RNA5SP213
100873474	RNA5SP214
100873475	RNA5SP215
100873476	RNA5SP216
100873477	RNA5SP217
100873478	RNA5SP218
100873479	RNA5SP219
100873480	RNA5SP220
100873481	RNA5SP222
100873482	RNA5SP223
100873483	RNA5SP224
100873484	RNA5SP225
100873485	RNA5SP227
100873486	RNA5SP228
100873487	RNA5SP229
100873488	RNA5SP230
100873489	RNA5SP231
100873490	RNA5SP232
100873491	RNA5SP233
100873492	RNA5SP234
100873493	RNA5SP235
100873494	RNA5SP236
100873495	RNA5SP237
100873496	RNA5SP238
100873497	RNA5SP239
100873498	RNA5SP240
100873499	RNA5SP241
100873500	RNA5SP242
100873501	RNA5SP245
100873502	RNA5SP246
100873503	RNA5SP247
100873504	RNA5SP248
100873505	RNA5SP249
100873506	RNA5SP250
100873507	RNA5SP251
100873508	RNA5SP252
100873509	RNA5SP255
100873510	RNA5SP256
100873511	RNA5SP257
100873512	RNA5SP258
100873513	RNA5SP259
100873514	RNA5SP260
100873515	RNA5SP261
100873516	RNA5SP262
100873517	RNA5SP264
100873518	RNA5SP265
100873519	RNA5SP266
100873520	RNA5SP267
100873521	RNA5SP268
100873522	RNA5SP269
100873523	RNA5SP270
100873524	RNA5SP271
100873525	RNA5SP272
100873526	RNA5SP273
100873527	RNA5SP274
100873528	RNA5SP275
100873529	RNA5SP276
100873530	RNA5SP277
100873531	RNA5SP278
100873532	RNA5SP279
100873533	RNA5SP280
100873534	RNA5SP281
100873535	RNA5SP282
100873536	RNA5SP283
100873537	RNA5SP284
100873538	RNA5SP285
100873539	RNA5SP286
100873540	RNA5SP287
100873541	RNA5SP288
100873542	RNA5SP289
100873543	RNA5SP290
100873544	RNA5SP291
100873545	RNA5SP292
100873546	RNA5SP293
100873547	RNA5SP294
100873548	RNA5SP295
100873549	RNA5SP296
100873550	RNA5SP499
100873551	RNA5SP500
100873552	RNA5SP501
100873553	RNA5SP502
100873554	RNA5SP503
100873555	RNA5SP504
100873556	RNA5SP505
100873557	RNA5SP506
100873558	RNA5SP507
100873559	RNA5SP508
100873560	RNA5SP509
100873561	RNA5SP510
100873562	RNA5SP511
100873563	RNA5SP512
100873564	RNA5SP513
100873565	RNA5SP514
100873566	RNA5SP515
100873567	RNA5SP516
100873568	RNA5SP517
100873569	RNA5SP518
100873570	RNA5SP519
100873571	RNA5-8SP2
100873572	RNA5-8SP4
100873573	RNA5-8SP7
100873574	RNA5SP299
100873575	RNA5SP300
100873576	RNA5SP301
100873577	RNA5SP303
100873578	RNA5SP304
100873579	RNA5SP305
100873580	RNA5SP306
100873581	RNA5SP307
100873582	RNA5SP308
100873583	RNA5SP309
100873584	RNA5SP318
100873585	RNA5SP319
100873586	RNA5SP320
100873587	RNA5SP321
100873588	RNA5SP322
100873589	RNA5SP323
100873590	RNA5SP324
100873591	RNA5SP325
100873592	RNA5SP326
100873593	RNA5SP327
100873594	RNA5SP328
100873595	RNA5SP329
100873596	RNA5SP330
100873597	RNA5SP331
100873598	RNA5SP332
100873599	RNA5SP336
100873600	RNA5SP337
100873601	RNA5SP338
100873602	RNA5SP339
100873603	RNA5SP340
100873604	RNA5SP341
100873605	RNA5SP343
100873606	RNA5SP344
100873607	RNA5SP345
100873608	RNA5SP346
100873609	RNA5SP347
100873610	RNA5SP348
100873611	RNA5SP349
100873612	RNA5SP352
100873613	RNA5SP353
100873614	RNA5SP354
100873615	RNA5SP356
100873616	RNA5SP357
100873617	RNA5SP358
100873618	RNA5SP359
100873619	RNA5SP360
100873620	RNA5SP361
100873621	RNA5SP362
100873622	RNA5SP363
100873623	RNA5SP364
100873624	RNA5SP365
100873625	RNA5SP366
100873626	RNA5SP367
100873627	RNA5SP368
100873628	RNA5SP369
100873629	RNA5SP371
100873630	RNA5SP372
100873631	RNA5SP373
100873632	RNA5SP374
100873633	RNA5SP375
100873634	RNA5SP378
100873635	RNA5SP379
100873636	RNA5SP380
100873637	RNA5SP382
100873638	RNA5SP383
100873639	RNA5SP384
100873640	RNA5SP385
100873641	RNA5SP386
100873642	RNA5SP388
100873643	RNA5SP390
100873644	RNA5SP391
100873645	RNA5SP392
100873646	RNA5SP393
100873647	RNA5SP394
100873648	RNA5SP395
100873649	RNA5SP396
100873650	RNA5SP397
100873651	RNA5SP398
100873652	RNA5SP399
100873653	RNA5SP400
100873654	RNA5SP401
100873655	RNA5SP402
100873656	RNA5SP404
100873657	RNA5SP405
100873658	RNA5SP406
100873659	RNA5SP407
100873660	RNA5SP408
100873661	RNA5SP409
100873662	RNA5SP410
100873663	RNA5SP412
100873664	RNA5SP413
100873665	RNA5SP414
100873666	RNA5SP415
100873667	RNA5SP416
100873668	RNA5SP417
100873669	RNA5SP418
100873670	RNA5SP419
100873671	RNA5SP420
100873672	RNA5SP421
100873673	RNA5SP422
100873674	RNA5SP423
100873675	RNA5SP424
100873676	RNA5SP425
100873677	RNA5SP426
100873678	RNA5SP427
100873679	RNA5SP428
100873680	RNA5SP430
100873681	RNA5SP431
100873682	RNA5SP432
100873683	RNA5SP433
100873684	RNA5SP434
100873685	RNA5SP436
100873686	RNA5SP437
100873687	RNA5SP438
100873688	RNA5SP440
100873689	RNA5SP441
100873690	RNA5SP444
100873691	RNA5SP445
100873692	RNA5SP446
100873693	RNA5SP447
100873694	RNA5SP449
100873695	RNA5SP450
100873696	RNA5SP451
100873697	RNA5SP452
100873698	RNA5SP453
100873699	RNA5SP454
100873700	RNA5SP455
100873701	RNA5SP456
100873702	RNA5SP457
100873703	RNA5SP459
100873704	RNA5SP460
100873705	RNA5SP461
100873706	RNA5SP462
100873707	RNA5SP463
100873708	RNA5SP464
100873709	RNA5SP465
100873710	RNA5SP466
100873711	RNA5SP467
100873712	RNA5SP469
100873713	RNA5SP470
100873714	RNA5SP471
100873715	RNA5SP472
100873716	RNA5SP474
100873717	RNA5SP475
100873718	RNA5SP476
100873719	RNA5SP477
100873720	RNA5SP478
100873721	RNA5SP479
100873722	RNA5SP480
100873723	RNA5SP481
100873724	RNA5SP482
100873725	RNA5SP483
100873726	RNA5SP484
100873727	RNA5SP485
100873728	RNA5SP486
100873729	RNA5SP487
100873730	RNA5SP488
100873731	RNA5SP489
100873732	RNA5SP490
100873733	RNA5SP491
100873734	RNA5SP492
100873735	RNA5SP493
100873736	RNA5SP494
100873737	RNA5SP495
100873738	RNA5SP496
100873739	RNA5SP497
100873740	RNU6-31P
100873741	RNU6-26P
100873742	GOLGA2P4
100873743	NCSTNP1
100873744	PFN1P8
100873745	RNU6-10P
100873746	RNU6-14P
100873747	RNU6-30P
100873748	RNU6-33P
100873749	RNU6-34P
100873750	RNU6-35P
100873751	PHB1P14
100873752	PHB1P15
100873753	RNU6-16P
100873754	RNU6-19P
100873755	RNU6-23P
100873756	RNU6-28P
100873757	RNU6-36P
100873758	RNU6-39P
100873759	RNU6-45P
100873760	RNU6-46P
100873761	RNU6-52P
100873762	RNU6-53P
100873763	RNU6-55P
100873764	RNU6-56P
100873765	RNU6-57P
100873766	RNU6-58P
100873767	RNU6-59P
100873768	RNU6-63P
100873769	RNU6-64P
100873770	RNU6-66P
100873771	RNU6-67P
100873772	RNU6-68P
100873773	RNU6-69P
100873774	RNU6-71P
100873775	RNU6-72P
100873776	RNU6-75P
100873777	RNU6-76P
100873778	RNU6-78P
100873779	RNU6-79P
100873780	RNU6-81P
100873781	RNU6-82P
100873782	RNU6-83P
100873783	UBBP5
100873784	PFN1P11
100873785	SNX2P2
100873786	TMSB10P2
100873787	GPM6BP3
100873788	SNX18P27
100873789	AK3P6
100873790	FHP1
100873791	CHEK2P3
100873792	CBX3P4
100873793	PHF2P2
100873794	ASNSP5
100873795	WDR95P
100873796	RPL35P9
100873797	RPSAP64
100873798	RPS21P8
100873799	ZNF90P3
100873800	RNY4P22
100873801	RNY4P23
100873802	RNY1P1
100873803	RNY1P3
100873804	RNY1P4
100873805	RNY1P6
100873806	RNY1P7
100873807	RNY1P8
100873808	RNY3P4
100873809	RNY3P5
100873810	RNY3P6
100873811	ZNF877P
100873812	CFL1P8
100873813	HLFP1
100873814	RNU1-17P
100873815	RNU1-18P
100873816	RNU1-20P
100873817	RPL7AP73
100873818	RPS3AP52
100873819	RNY4P26
100873820	RNY3P10
100873821	RNY4P27
100873822	RNY4P28
100873823	RNY4P29
100873824	RNU2-7P
100873825	RNU2-6P
100873826	RNU5F-2P
100873827	RNU5E-2P
100873828	RNU5E-3P
100873829	RNU5E-4P
100873830	RNU5A-2P
100873831	RNU5A-3P
100873832	RNU5E-6P
100873833	RNU5F-6P
100873834	RNU5F-7P
100873835	RNU5A-5P
100873836	RNU5E-7P
100873837	RNU5E-8P
100873838	RNU5A-8P
100873839	RNU5F-8P
100873840	RNU5E-9P
100873841	RNU5D-2P
100873842	RNU7-87P
100873843	RNU7-88P
100873844	RNU7-89P
100873845	RN7SKP1
100873846	RN7SKP2
100873847	RN7SKP3
100873848	RN7SKP4
100873849	RN7SKP5
100873850	RN7SKP6
100873851	RN7SKP7
100873852	RN7SKP8
100873853	RN7SKP9
100873854	MOB1AP2
100873855	RPL36P19
100873856	SNORD116-30
100873857	SNORD115-46
100873858	SDAD1P3
100873859	RPL18AP17
100873860	RNU1-16P
100873861	RNU1-19P
100873862	RNU1-21P
100873863	RNU1-22P
100873864	LAP3P1
100873865	RNU1-24P
100873866	RNU5F-3P
100873867	RNU5F-4P
100873868	RNU5F-5P
100873869	RNU5E-5P
100873870	RNU5A-4P
100873871	RNU5A-6P
100873872	RNU5A-7P
100873873	RN7SKP10
100873874	MOB1AP1
100873875	PSPC1P2
100873876	TRV-CAC10-1
100873877	TMSB4XP3
100873878	MORF4L1P6
100873879	HMGB3P9
100873880	TMEM97P1
100873881	GRAMD4P2
100873882	ANKRD26P4
100873883	FGFR1OP2P1
100873884	SNX3P1X
100873885	SNX3P1Y
100873886	SCAND3P1
100873887	PGAM1P3
100873888	RNU5E-10P
100873889	RNU4ATAC2P
100873890	HMGB3P4
100873891	HMGB1P23
100873892	HMGB1P29
100873893	HMGB1P30
100873894	HMGB1P31
100873895	HMGB1P38
100873896	HMGB1P41
100873897	HMGB1P47
100873898	HMGB3P12
100873899	HMGB3P14
100873900	HMGB3P16
100873901	HMGB3P21
100873902	GK-AS1
100873903	HSPA9P2
100873904	MYB-AS1
100873905	HMGB1P33
100873906	HMGB1P42
100873907	LTO1P1
100873908	HMGB3P25
100873909	DUTP2
100873910	DUTP4
100873911	DUTP5
100873912	DUTP6
100873913	DUTP7
100873914	DUTP8
100873916	DMD-AS3
100873917	LPP-AS1
100873918	MME-AS1
100873919	NDP-AS1
100873920	NHS-AS1
100873921	SYP-AS1
100873922	ZFX-AS1
100873923	HYI-AS1
100873924	HLX-AS1
100873926	TAB3-AS2
100873928	CASK-AS1
100873930	DLG3-AS1
100873932	DPYD-AS1
100873933	DPYD-AS2
100873934	ETV5-AS1
100873935	MTOR-AS1
100873937	GRM7-AS1
100873938	GYG2-AS1
100873939	LNX1-AS1
100873941	OPA1-AS1
100873944	PRKX-AS1
100873945	HLTF-AS1
100873946	VAV3-AS1
100873947	LMLN-AS1
100873948	NREP-AS1
100873949	IPO9-AS1
100873950	ZIC4-AS1
100873951	MLIP-AS1
100873952	SZT2-AS1
100873953	WWC3-AS1
100873954	SNRK-AS1
100873955	LNX1-AS2
100873956	EAF1-AS1
100873957	FABP5P14
100873958	FABP5P15
100873960	FTLP19
100873961	TRN-GTT21-1
100873962	LINC00278
100873963	LINC00279
100873964	LINC00280
100873965	MED4-AS1
100873966	SPATA2P1
100873967	LSP1P2
100873969	GPC5-AS1
100873970	GPC5-AS2
100873972	GPC6-AS1
100873973	GPC6-AS2
100873974	KCNC4-DT
100873975	CNTN4-AS1
100873976	CNTN4-AS2
100873977	RBMS3-AS1
100873978	RBMS3-AS2
100873979	RBMS3-AS3
100873980	RERG-AS1
100873981	ANO1-AS1
100873982	ABCC5-AS1
100873983	MAGI1-AS1
100873984	CHRM3-AS1
100873985	MED14OS
100873986	FGF12-AS1
100873987	FGF12-AS2
100873988	FGF12-AS3
100873989	GRM5-AS1
100873990	HCFC1-AS1
100873991	IGBP1-AS1
100873992	ITGB5-AS1
100873993	ITIH4-AS1
100873994	ITPKB-AS1
100873995	KCND3-AS1
100873997	KCNQ5-AS1
100873998	MEIS1-AS2
100874001	NCBP2-AS1
100874002	OXCT1-AS1
100874003	PLCL2-AS1
100874004	PPEF1-AS1
100874006	TTC3-AS1
100874007	VIPR1-AS1
100874008	WNT5A-AS1
100874009	BIRC6-AS1
100874010	NLGN1-AS1
100874011	XIRP2-AS1
100874012	NAV2-AS5
100874013	NAV2-AS3
100874014	NAV2-AS2
100874015	NAV2-AS1
100874016	SYNPR-AS1
100874018	EPN2-AS1
100874019	KLHL6-AS1
100874020	MAGI2-AS1
100874021	MAGI2-AS2
100874022	ATG10-AS1
100874023	WDFY3-AS1
100874024	TRPC7-AS1
100874025	GFOD1-AS1
100874027	TPRG1-AS2
100874028	SGO1-AS1
100874029	CFAP44-AS1
100874030	SIDT1-AS1
100874031	AGBL5-AS1
100874032	PRRT3-AS1
100874033	SPIN4-AS1
100874034	UBXN7-AS1
100874035	PLCH1-AS1
100874036	PLCH1-AS2
100874037	CADM2-AS2
100874038	CADM2-AS1
100874039	THOC7-AS1
100874040	PEX5L-AS1
100874041	MACC1-AS1
100874042	HM13-AS1
100874043	TPRG1-AS1
100874044	HHATL-AS1
100874045	MEAF6P1
100874047	LINC00499
100874048	DGUOK-AS1
100874051	LZTS1-AS1
100874052	LINC00534
100874053	JRKL-AS1
100874054	FALEC
100874055	LINC00570
100874056	NLGN4Y-AS1
100874057	LINC00283
100874058	COX10-DT
100874059	LINC00297
100874060	SPATA20P1
100874061	WASF3-AS1
100874063	CLYBL-AS2
100874064	PCDH9-AS2
100874065	PCDH9-AS1
100874066	LATS2-AS1
100874067	MYO16-AS2
100874068	GRTP1-AS1
100874069	STK24-AS1
100874070	USP12-AS1
100874072	SMAD9-IT1
100874073	FREM2-AS1
100874074	DLEU7-AS1
100874075	ARAP1-AS1
100874077	ATP1B3-AS1
100874078	EIF1AX-AS1
100874079	LINC01840
100874080	FARP1-AS1
100874081	FGF14-AS1
100874082	HTR2A-AS1
100874083	KCNAB1-AS2
100874084	KCNAB1-AS1
100874085	NUCB1-AS1
100874086	PCDH9-AS3
100874087	PCDH9-AS4
100874088	PCYT1B-AS1
100874089	RUVBL1-AS1
100874090	SLC6A1-AS1
100874091	TM4SF1-AS1
100874092	UBE2E1-AS1
100874093	BRWD1-AS1
100874095	ADIPOQ-AS1
100874096	DOCK9-AS1
100874097	UBE2Q1-AS1
100874098	ARPP21-AS1
100874100	STEAP2-AS1
100874101	HDAC11-AS1
100874102	HS6ST2-AS1
100874103	SRGAP3-AS1
100874104	PLSCR5-AS1
100874106	MTUS2-AS2
100874107	MTUS2-AS1
100874108	A2ML1-AS1
100874109	CNOT10-AS1
100874110	GLYCTK-AS1
100874111	STEAP3-AS1
100874112	CCDC39-AS1
100874113	YEATS2-AS1
100874114	CCDC13-AS1
100874115	PLCXD2-AS1
100874116	EGFLAM-AS3
100874117	EGFLAM-AS1
100874118	INTS6L-AS1
100874119	TCEAL3-AS1
100874120	ZNF630-AS1
100874121	FRMPD4-AS1
100874122	FRMPD3-AS1
100874123	ZNRF3-AS1
100874124	RPLP1P13
100874126	LINC00331
100874127	LINC00332
100874128	LINC00333
100874129	ENOX1-AS1
100874130	ENOX1-AS2
100874131	ZBTB20-AS4
100874135	LINC00349
100874136	TPTE2-AS1
100874137	LINC00351
100874138	LINC00352
100874139	LINC00353
100874143	LINC00358
100874144	LINC00362
100874145	LINC00364
100874146	LINC00365
100874147	LINC00366
100874150	LINC00379
100874152	LINC00387
100874153	LINC00388
100874155	LINC00392
100874156	LINC00393
100874157	LINC00395
100874158	LINC00398
100874159	LINC00400
100874160	LINC00404
100874161	LINC00411
100874164	LINC00417
100874167	LINC00423
100874168	LINC00433
100874169	LINC00434
100874172	LINC00440
100874175	LINC00446
100874176	LINC00448
100874178	LINC00454
100874179	LINC00457
100874180	LINC00459
100874182	LINC00424
100874183	NCOR1P3
100874184	LINC00502
100874185	FRMD6-AS2
100874186	PLCB2-AS1
100874187	LINC00559
100874188	LINC00571
100874189	NKX2-2-AS1
100874190	SAMSN1-AS1
100874191	RANP2
100874192	RANP7
100874193	RANP9
100874194	CLDN10-AS1
100874195	DIAPH3-AS1
100874196	DIAPH3-AS2
100874197	EFCAB6-AS1
100874198	SHANK2-AS1
100874200	ARHGEF3-AS1
100874201	B4GALT4-AS1
100874202	MIS18A-AS1
100874203	COL4A2-AS1
100874204	ALDH1L1-AS1
100874205	ATP11A-AS1
100874206	OSBPL10-AS1
100874207	ST3GAL6-AS1
100874208	NDFIP2-AS1
100874210	ZMYND10-AS1
100874211	MID1IP1-AS1
100874212	MYCBP2-AS1
100874213	MYCBP2-AS2
100874214	TM4SF19-AS1
100874216	ZNF385D-AS1
100874217	TBL1XR1-AS1
100874218	ATP13A5-AS1
100874219	TMEM212-AS1
100874220	PCNPP4
100874221	ZNF385D-AS2
100874222	OBI1-AS1
100874223	FTOP1
100874224	KRTAP10-13P
100874225	RPP40P1
100874226	ARHGEF7-AS1
100874227	RANP3
100874229	DCUN1D2-AS
100874231	SPATA13-AS1
100874232	C1QTNF9-AS1
100874234	CACNA1C-AS4
100874236	COL18A1-AS2
100874237	CACNA2D3-AS1
100874238	ARHGEF7-AS2
100874239	ARHGAP26-AS1
100874241	STARD13-AS
100874242	PRICKLE2-AS2
100874243	PRICKLE2-AS3
100874244	NAALADL2-AS2
100874245	NAALADL2-AS1
100874246	ARHGAP31-AS1
100874247	ANKRD33B-AS1
100874248	USP24P1
100874249	DENND5B-AS1
100874250	KIRREL3-AS1
100874251	KIRREL3-AS2
100874252	USP32P4
100874253	LINC00853
100874254	JTBP1
100874255	RNASEH2B-AS1
100874256	TNR-IT1
100874257	MTAPP1
100874258	SCGB1D5P
100874259	SLC25A30-AS1
100874260	UBE2CP5
100874261	CCDC200
100874262	UBE2D3P3
100874263	AKT3-IT1
100874264	AOAH-IT1
100874267	DPYD-IT1
100874268	E2F3-IT1
100874269	AFF2-IT1
100874270	HAO2-IT1
100874272	KLF7-IT1
100874273	TGFA-IT1
100874274	THRB-IT1
100874275	LINC01216
100874276	LINC01217
100874278	ERI3-IT1
100874281	NTM-IT
100874282	MLIP-IT1
100874284	DNM3-IT1
100874286	NRG1-IT3
100874287	TSPY24P
100874288	TSPY25P
100874289	VDAC1P12
100874290	RERG-IT1
100874291	ALMS1-IT1
100874292	CDC42-IT1
100874293	GPC5-IT1
100874294	HLCS-IT1
100874295	KCND3-IT1
100874296	KCNH1-IT1
100874298	RASA2-IT1
100874299	KDM5C-IT1
100874300	SYNJ2-IT1
100874301	EIPR1-IT1
100874302	ITCH-IT1
100874303	ALG9-IT1
100874305	NAV2-IT1
100874306	ACAP2-IT1
100874307	RSF1-IT2
100874308	RSF1-IT1
100874309	EPN2-IT1
100874310	MAST4-IT1
100874311	ATG10-IT1
100874312	FNDC1-IT1
100874313	AGBL4-IT1
100874314	TTLL7-IT1
100874317	FABP7P2
100874319	NAP1L4P2
100874321	RASA3-IT1
100874322	BACH1-IT2
100874323	HOXA10-AS
100874324	ATP2B2-IT1
100874325	ATP2B2-IT2
100874326	DSCAM-IT1
100874327	DSCR4-IT1
100874330	LINC01014
100874331	LARGE-IT1
100874332	OPCML-IT2
100874333	OPCML-IT1
100874334	TCF7L1-IT1
100874336	ARID4B-IT1
100874337	PLCB1-IT1
100874338	TRIM36-IT1
100874339	ZNRF3-IT1
100874342	RNF216-IT1
100874343	HS1BP3-IT1
100874344	FBXO36-IT1
100874345	ZBTB40-IT1
100874346	NCKAP5-IT1
100874348	ZDHHC20P3
100874350	HOXB-AS2
100874351	HOXB-AS4
100874352	AMMECR1-IT1
100874353	RPS6KA2-IT1
100874354	ST6GAL2-IT1
100874355	ARHGEF9-IT1
100874356	TSPAN9-IT1
100874358	RNY1P9
100874359	TMEM212-IT1
100874360	GRPEL2P1
100874361	PPP2R2B-IT1
100874362	HOXB-AS1
100874363	HOXC-AS1
100874364	HOXC-AS2
100874365	HOXC-AS3
100874366	HOXC13-AS
100874367	ZDHHC20-IT1
100874370	CACNA1C-IT3
100874371	ARHGEF7-IT1
100874372	ARHGAP26-IT1
100874373	STARD13-IT1
100874374	ARHGEF38-IT1
100874375	NALF1-IT1
100874377	SMIM2-IT1
100874378	PTGER4P3
100874379	POM121L13P
100874380	DPPA5P2
100874381	NPIPP1
100874382	USP9YP12
100874383	USP9YP22
100874384	USP9YP30
100874385	HNRNPKP5
100874386	OSTCP5
100874387	OSTCP6
100874388	OSTCP8
100874389	CNOT4P1
100874390	RAC1P7
100874391	OSTCP7
100874392	ANKRD20A12P
100874393	EIF2AP1
100874394	EIF2AP2
100874395	EIF2AP3
100874396	HNRNPA1P24
100874397	CDKN2AIPNLP3
100874398	RAC1P8
100874399	IMPDH1P10
100874400	HNRNPA1P18
100874401	EIF2AP4
100874402	HNRNPA1P19
100874403	ERHP2
100874404	LINC00328-2P
100874405	PPIAP27
100874406	FAM106DP
100874407	SNRPGP3
100874408	SNRPGP7
100874409	SNRPGP8
100874410	HMGN1P9
100874411	SNRPFP2
100874412	SNRPFP4
100874413	SNRPEP5
100874414	SNRPEP6
100874415	SNRPEP7
100874416	SNRPEP9
100874417	TIMM8BP2
100874418	SNRPGP5
100874419	IPPKP1
100874420	ARL2BPP5
100874421	ARL2BPP6
100874422	SNRPFP3
100874423	SNRPEP8
100874424	SNRPEP10
100874425	TIMM8BP1
100874426	SNRPGP11
100874427	SNRPGP12
100874428	SNRPGP13
100874429	HMGN1P5
100874430	HMGN1P6
100874431	HMGN1P8
100874432	TCEAL4P1
100874433	IQCJ-SCHIP1-AS1
100874434	SNRPGP14
100874435	HIGD1AP4
100874436	HIGD1AP6
100874437	HIGD1AP7
100874438	HMGN1P10
100874439	HMGN1P13
100874440	HMGN1P14
100874441	HMGN1P15
100874442	HMGN1P16
100874443	HMGN1P17
100874444	HMGN1P18
100874445	HMGN1P19
100874446	HMGN1P33
100874447	HMGN1P34
100874448	HMGN1P35
100874449	ARL2BPP10
100874450	HIGD1AP2
100874451	HIGD1AP8
100874452	HIGD1AP9
100874453	HIGD1AP11
100874454	HIGD1AP13
100874455	HIGD1AP14
100874456	HIGD1AP18
100874457	CASP1P1
100874458	HMGN2P14
100874459	HMGN1P20
100874460	HMGN1P22
100874461	HMGN1P23
100874462	HMGN1P24
100874463	HMGN1P27
100874464	HMGN1P28
100874465	HMGN1P32
100874466	HMGN2P19
100874467	HMGN2P21
100874468	HMGN2P22
100874469	HMGN2P23
100874470	HMGN2P26
100874471	HMGN2P27
100874472	HMGN2P29
100874473	HMGN2P32
100874474	HMGN2P33
100874475	HMGN2P45
100874476	HIGD1AP16
100874477	HIGD1AP17
100874478	HMGN2P34
100874479	HMGN2P35
100874480	HMGN2P36
100874481	HMGN2P37
100874482	HMGN2P38
100874483	HMGN2P39
100874484	HMGN2P40
100874485	HMGN2P42
100874486	HMGN2P43
100874487	HMGN2P44
100874488	NIPA2P5
100874489	DDX3P2
100874490	EEF1A1P40
100874491	EEF1A1P41
100874492	BRK1P2
100874493	PIEZO1P2
100874494	CYP46A4P
100874495	CYP4A43P
100874497	RBMY1KP
100874498	SPTLC1P2
100874499	SPTLC1P3
100874500	SPTLC1P4
100874501	NME1P1
100874502	ATP6V0E1P1
100874503	ATP6V0E1P2
100874504	ATP6V0E1P4
100874505	CYP2C59P
100874506	CHCHD2P1
100874507	CHCHD2P4
100874508	CHCHD2P5
100874509	CHCHD2P7
100874510	PSMA6P3
100874511	SPTLC1P1
100874512	SPTLC1P5
100874513	CYP2C115P
100874514	ATP6V1G1P7
100874515	POLR2KP1
100874516	LAMTOR3P2
100874517	TOMM22P4
100874518	ATP8A2P3
100874519	ELOBP4
100874520	PCMTD1P1
100874521	ST13P22
100874522	SLC25A15P2
100874523	HIF1AP1
100874524	ST6GALNAC4P1
100874528	XXYLT1-AS1
100874529	MPRIP-AS1
100874530	APOBEC3B-AS1
100874531	LINC00581
100884155	MTND2P9
100885775	BANCR
100885776	UGDH-AS1
100885777	PCCA-AS1
100885778	NALCN-AS1
100885779	LINC-ROR
100885780	VWC2L-IT1
100885781	LINC00348
100885782	MYO16-AS1
100885789	IFNG-AS1
100885795	LARS2-AS1
100885796	SLC9A9-AS1
100885797	BPY2DP
100885798	LINC00210
100885799	ENO1P4
100885800	SNAP47-AS1
100885848	PTGES3L
100885850	PTGES3L-AARSD1
100885864	RNA5SP244
100885865	HMGN1P29
100885866	MRPS31P4
100886964	PTCSC3
100887067	KRT8P48
100887068	KRT8P52
100887073	DUX4L31
100887074	DUX4L45
100887075	ARHGAP42P1
100887740	RNA5SP411
100887744	RNU6-48P
100887745	MTND1P13
100887746	UNC93B7
100887747	EEF1A1P18
100887748	UNC93B8
100887749	MTND1P23
100887750	MRPS31P5
100887754	LINC00359
100887755	TRERNA1
100887824	DDX11L11
100913179	SLIRPP2
100913182	MARCKSL1P2
100913183	MARCKSL1P1
100913187	APOBEC3A_B
100996246	LINC02361
100996249	LINC03076
100996251	LRIG2-DT
100996255	LINC02256
100996259	FAM106B
100996263	TENT5C-DT
100996266	COMETT
100996279	LINC00269
100996280	LINC00911
100996286	LINC02273
100996288	PIN1-DT
100996291	LINC01993
100996295	DNAH17-AS1
100996301	FOXD3-AS1
100996307	LIPE-AS1
100996315	CHIAP3
100996324	LINC01882
100996325	CEP72-DT
100996331	POTEB
100996333	ADGRA3P1
100996335	FAM230H
100996338	LINC02169
100996342	LINC01664
100996345	LINC02140
100996348	CA3-AS1
100996350	DUX4L26
100996351	GNA15-DT
100996404	GRK3-AS1
100996413	LOC100996413
100996415	FAM230D
100996419	MRNIP-DT
100996425	ARLNC1
100996432	FAM230F
100996435	CA15P1
100996438	MED15P6
100996442	WASH9P
100996447	MLF1-DT
100996455	LINC02724
100996465	L1CAM-AS1
100996478	LINC01964
100996481	PRIM2BP
100996485	PITX1-AS1
100996490	LINC01206
100996492	CTXND1
100996500	PDSS1P2
100996501	HNRNPA1P34
100996511	LINC01355
100996517	SEC22B3P
100996520	RPSAP68
100996521	CTXND2
100996538	CCDC74BP1
100996539	ITPR1-DT
100996541	FAM157C
100996556	CA15P3
100996564	SSX11P
100996567	ANTXRLP1
100996569	NAMA
100996570	NFIA-AS2
100996571	CYYR1-AS1
100996579	LINC01806
100996582	FAM74A7
100996586	IGLV8OR8-1
100996590	LINC01505
100996597	LINC00690
100996600	IGKV2OR2-8
100996609	LINC01436
100996624	LINC01981
100996629	LINC00849
100996630	LINC01760
100996631	TCP11X1
100996635	LINC02607
100996645	LNCBRM
100996648	TCP11X2
100996649	ALG1L14P
100996654	SEC61G-DT
100996665	LINC01533
100996669	LINC01544
100996679	LINC02369
100996684	AKR1C5P
100996686	TMT1AP1
100996693	SPEGNB
100996694	LINC02502
100996701	LOC100996701
100996702	LINC01356
100996709	LOC100996709
100996712	SRGAP2D
100996716	SEC22B2P
100996717	NOTCH2NLC
100996721	LOC100996721
100996722	UBE2D4P3
100996724	PDE4DIPP2
100996732	LINC02802
100996738	HERC2P11
100996746	SPDYE11
100996747	LOC100996747
100996750	LOC100996750
100996758	NPY4R2
100996763	NOTCH2NLB
100996813	LOC100996813
100996842	MPDU1-AS1
100996851	XIAPP1
100996860	TARDBPP5
100996876	RORA-AS2
100996902	LINC01883
100996928	FMC1-LUC7L2
100996930	LINC00621
100996939	PYURF
100996941	IL21-AS1
100996944	NDUFS5P1
101054525	PGR-AS1
101055625	OVCH1-AS1
101056700	NADK2-AS1
101059905	ELOCP36
101059914	FAM218BP
101059915	CXORF49C
101059916	NUP35P2
101059918	GOLGA8R
101059920	FRG2HP
101059924	AKTIPP1
101059926	FRG2JP
101059935	LOC101059935
101059938	NPIPA7
101059948	SAXO3
101059953	NPIPA8
101059973	NACAP7
101059988	BNIP3P41
101059990	DNAJB6P3
101060002	TRMT10BP1
101060004	LINC01523
101060006	NANOGNBP2
101060020	OLA1P3
101060032	RHEBP2
101060038	LINC02446
101060039	HNRNPA1P57
101060040	CHCHD2P11
101060043	SRXN1P1
101060045	PCBP2P1
101060052	SLC39A1P1
101060056	MPV17L2P1
101060091	ACTR3-AS1
101060105	CFAP144P2
101060111	LUZP4P1
101060113	POMPP1
101060144	MED28P8
101060146	CHMP1B2P
101060152	NCKAP1P1
101060159	PRR23E2P
101060160	DDTP1
101060171	ODAD2P1
101060176	TPRKBP1
101060181	LOC101060181
101060189	UBE2FP2
101060192	BNIP3P13
101060195	FCF1P2
101060200	ZNF891
101060206	MTERF1P1
101060211	CT45A7
101060226	NBPF19
101060233	OPN1MW3
101060236	DPPA3P4
101060254	PDE4DIPP5
101060264	FOXP4-AS1
101060280	SPDYE20P
101060301	HNRNPCL4
101060321	TBC1D3G
101060351	TBC1D3K
101060363	PPIAP34
101060376	TBC1D3L
101060385	LINC01939
101060386	LOC101060386
101060389	TBC1D3D
101060391	SNTG2-AS1
101060399	LOC101060399
101060405	LOC101060405
101060498	LINC02265
101060521	LOC101060521
101060542	LINC01910
101060544	LINC01563
101060580	LOC101060580
101060581	LOC101060581
101060596	LOC101060596
101060604	LOC101060604
101060684	NBPF26
101060691	NUTM2B-AS1
101101692	HELLPAR
101101772	LINC00601
101101773	LINC00609
101101775	TMEM220-AS1
101101776	BMS1P17
101154644	LINCMD1
101154686	MROH4P
101154687	LINC01081
101154753	PANDAR
101180897	RABGGTBP1
101180976	IFNL4
101232810	STMN3P1
101234261	LSINCT5
101234262	COX5BP6
101241875	RPS3AP1
101241877	ATP5MFP1
101241878	USP17L23
101241891	LINC00850
101241892	NPTN-IT1
101241901	C4ORF46P2
101241902	C4ORF46P3
101243544	ERCC6-PGBD3
101243545	LINC02067
101243555	PTENP1-AS
101290500	SNAP23P1
101290501	TBCAP3
101290502	SUMO1P4
101290503	BANF1P5
101290504	YWHAQP6
101290506	LRRFIP1P1
101290508	YWHAQP9
101340250	SNORA11E
101340251	SNORD124
101340252	SNORD121B
101362076	GVQW1
101409253	LINC00676
101409254	LINC00681
101409257	EZR-AS1
101409258	OSGEPL1-AS1
101409261	OGFR-AS1
101409262	CDC42P7
101410533	YTHDF3-DT
101410534	DLGAP1-AS4
101410535	LAMTOR5-AS1
101410536	EVX1-AS
101410537	MAGEA8-AS1
101410538	MMP24OS
101410540	FANK1-AS1
101410541	LINC00678
101410542	UCHL1-DT
101410543	XXYLT1-AS2
101410544	RMDN2-AS1
101410545	STPG2-AS1
101410546	CST2P1
101447996	RNVU1-8
101515984	LINC01080
101559451	PELP1-DT
101669762	BLACAT1
101669763	JADRR
101669764	CMKLR2-AS
101669766	ZNF350-AS1
101669767	SCHLAP1
101730217	SPECC1L-ADORA2A
101735302	STAG3L5P
101752334	PVRIG2P
101752399	STAG3L5P-PVRIG2P-PILRB
101752400	CAPN10-DT
101805488	CCAT2
101805491	LINC02583
101805492	CASC9
101867536	PRNCR1
101926888	RALY-AS1
101926890	DAB1-AS1
101926892	LINC03020
101926893	LIX1-AS1
101926895	CRTC3-AS1
101926896	GLIS2-AS1
101926897	LINC02338
101926898	RCAN2-DT
101926900	DNAJB5-DT
101926903	LSAMP-AS1
101926904	LINC01265
101926905	PCDHB1-AS1
101926906	SLC16A12-AS1
101926911	VPS33B-DT
101926913	ERICH2-DT
101926917	ANKRD18CP
101926918	GTF2IP12
101926924	LINC01375
101926926	RDH10-AS1
101926930	LINC00378
101926933	PRMT5-DT
101926934	TDRD6-AS1
101926938	RPL12P48
101926940	LINC02104
101926941	SPRY4-AS1
101926942	LINC02653
101926943	GTF2I-AS1
101926945	NXPE2P1
101926947	LINC01617
101926950	LINC01570
101926951	LINC02339
101926955	LINC01733
101926957	LINC02885
101926960	LINC02996
101926962	ADGRF5-AS1
101926963	PRKAR1B-AS1
101926966	LINC01804
101926967	ATXN7L3-AS1
101926971	LINC01284
101926977	VIRMA-DT
101926978	LINC01111
101926983	LINC02049
101926987	DLGAP4-AS1
101926996	RUNDC3A-AS1
101927000	PRKAR1B-AS2
101927003	PKIA-AS1
101927006	RPSAP76
101927007	LINC01365
101927009	LINC02177
101927015	LINC01506
101927017	LINC01180
101927021	ZFAND2A-DT
101927027	CHROMR
101927034	ROR1-AS1
101927038	LINC02400
101927039	UQCRB-AS1
101927043	EPCAM-DT
101927049	PLCE1-AS2
101927050	KMT2CP4
101927051	PDXP-DT
101927056	LINC02614
101927058	LINC02402
101927059	LINC01957
101927060	LRRC37A2-AS1
101927062	LINC02294
101927067	LINC01607
101927070	LINC02611
101927074	LINC00682
101927075	FGF10-AS1
101927079	OR4M2-OT1
101927080	ITFG1-AS2
101927081	MIR4307HG
101927084	LINC01359
101927086	KLF9-DT
101927087	LINC02516
101927096	CLMAT3
101927100	TICAM2-AS1
101927101	RPS3AP54
101927102	ITFG1-AS1
101927109	LINC02379
101927111	SUCLG2-DT
101927112	LINC01581
101927115	LINC01933
101927117	PLCG1-AS1
101927120	LINC02735
101927123	LINC02016
101927124	HEATR5A-DT
101927125	ELFN1-AS1
101927126	GTF2IP7
101927129	LINC01580
101927132	LINC02133
101927134	LINC01470
101927136	KILH
101927138	PTPRT-AS1
101927139	PDE4B-AS1
101927142	NPAS2-AS1
101927149	LINC01471
101927150	L3MBTL4-AS1
101927151	LINC02987
101927152	SAMMSON
101927153	LINC02207
101927155	LMO7-AS1
101927156	LINC01934
101927158	RPSAP69
101927165	LINC01813
101927167	GATA2-AS1
101927168	ARHGAP28-AS1
101927171	LINC01564
101927174	CHL1-AS2
101927176	LINC01069
101927180	ATP6V1FP2
101927186	ADGRL3-AS1
101927193	CHL1-AS1
101927195	LINC00382
101927204	FAM111A-DT
101927207	LINC02075
101927211	ZNF451-AS1
101927215	LINC01266
101927217	LINC01473
101927219	HNF4A-AS1
101927220	DEPDC1-AS1
101927221	UBR5-DT
101927224	LINC01049
101927227	SNX29-AS2
101927228	LINC02179
101927229	LINC01929
101927230	TILAM
101927233	SEMA6A-AS1
101927239	LINC01989
101927242	LINC01430
101927244	LINC01788
101927248	LINC00391
101927249	PDZRN3-AS1
101927256	CARD11-AS1
101927257	MRTFA-AS1
101927258	LINC01474
101927265	BNIP3P7
101927267	TROAP-AS1
101927273	LINC01416
101927274	LINC02071
101927275	NDUFV2-AS1
101927278	HPS1-AS1
101927279	EP300-AS1
101927280	LINC02208
101927282	LINC02466
101927288	MANEA-DT
101927289	LINC01237
101927292	LINC02395
101927295	LINC01360
101927300	GOT1-DT
101927305	SNHG27
101927311	LINC02185
101927318	AQP5-AS1
101927320	ERICH3-AS1
101927322	MALT1-AS1
101927323	PPP4R1-AS1
101927324	LINC01475
101927327	SUMO2P20
101927331	LINC01831
101927332	LINC01582
101927334	LINC02127
101927345	LOC101927345
101927346	LINC02047
101927347	GRM7-AS3
101927348	LINC02186
101927350	LINC01254
101927352	PLS3-AS1
101927354	LINC03016
101927355	EYA2-AS1
101927356	CACNA2D1-AS1
101927359	PCDH10-DT
101927360	LINC01103
101927362	LINC01875
101927363	LINC02353
101927364	LINC01571
101927365	PNISR-AS1
101927367	SMIM36
101927378	LINC03017
101927379	LINC02201
101927380	CARNMT1-AS1
101927381	LINC01163
101927390	GTF2IP6
101927391	MIOS-DT
101927392	LINC03084
101927396	LINC01514
101927399	PPIAP32
101927400	LINC02966
101927402	AFTPH-DT
101927406	LINC01821
101927411	LINC01782
101927412	LINC01781
101927415	TMED2-DT
101927416	SRGAP3-AS2
101927417	FHAD1-AS1
101927419	LINC02681
101927420	DMTF1-AS1
101927422	GNA14-AS1
101927423	PANO1
101927424	LINC01961
101927429	KMT2CP1
101927430	LINC01903
101927431	LINC01790
101927433	LINC01255
101927437	CLYBL-AS3
101927438	LINC01800
101927440	SRGAP3-AS4
101927441	EFHD2-AS1
101927447	SCUBE1-AS1
101927449	LINC01282
101927455	TMEM108-AS1
101927457	LINC01522
101927459	LINC01608
101927460	LINC02240
101927464	LINC02359
101927465	CLYBL-AS1
101927472	ITPRIP-AS1
101927476	LINC03099
101927477	LINC01507
101927478	NUP133-DT
101927479	EPHA2-AS1
101927481	LINC01909
101927482	HECW2-AS1
101927487	LINC01609
101927489	TCERG1L-AS1
101927490	QKILA
101927492	MRPS9-AS1
101927494	LINC02070
101927496	GREB1L-DT
101927497	CDK6-AS1
101927498	LINC01361
101927501	PINCR
101927502	TLE1-DT
101927503	LINC02688
101927504	LINC01682
101927505	LINC02348
101927509	HDLBP-AS1
101927512	LINC01275
101927516	MAML3-AS1
101927519	TUBBP8
101927521	GREB1L-AS1
101927523	LINC02620
101927524	LINC02587
101927525	COL1A2-AS1
101927526	LINC01656
101927528	LINC01204
101927532	LINC01736
101927539	MSI2-AS1
101927540	TOMM20P2
101927541	LINC01273
101927542	LINC01712
101927543	SNTB1-AS2
101927546	ANO7L1
101927547	ANKRD44-IT1
101927549	LINC02627
101927553	LINC01737
101927554	LINC01250
101927559	CEBPB-AS1
101927562	LOC101927562
101927565	LINC01267
101927572	LOC101927572
101927574	LINC01186
101927577	LINC01797
101927579	DNM1P50
101927580	LINC02141
101927581	CCDC182
101927586	LINC01271
101927587	LINC01725
101927590	LINC01166
101927591	DPP10-AS3
101927592	LINC02405
101927596	ANKRD44-AS1
101927597	NCK1-DT
101927599	ZNF529-AS1
101927601	GOLGA6L19
101927606	LINC01922
101927612	RNF139-DT
101927616	LINC02375
101927619	LINC01923
101927620	DDHD1-DT
101927621	ZNF567-DT
101927624	LINC01150
101927629	LINC02165
101927630	LINC02889
101927631	ADNP-AS1
101927632	PPP1R35-AS1
101927635	PORCN-DT
101927637	LINC02411
101927640	LAMA4-AS1
101927641	LINC01877
101927642	LINC01444
101927646	LINC03082
101927650	LINC02126
101927651	LINC01927
101927653	LINC02388
101927659	SMAD1-AS2
101927666	DYNLL2-DT
101927667	LINC01535
101927668	MACC1-OT1
101927671	MIR202HG
101927678	LINC01429
101927682	CD81-AS1
101927683	LINC01744
101927685	HSFX4
101927686	LINC02541
101927688	SEPTIN4-AS1
101927689	PPIAP56
101927693	ACSL6-AS1
101927694	LINC02368
101927697	LINC02227
101927698	DSCAS
101927699	SYT15-AS1
101927700	LINC01524
101927701	LINC01812
101927703	FOXCUT
101927704	MIR3663HG
101927715	LINC01029
101927717	GTF2IP8
101927718	DSG1-AS1
101927720	ZNF793-AS1
101927721	LNCPRESS1
101927722	LINC01644
101927726	BEAN1-AS1
101927728	LINC01476
101927729	LINC02322
101927730	SERPINB9-AS1
101927735	TMEM132D-AS2
101927740	LINC02202
101927746	EMSLR
101927750	ATP6V1B1-AS1
101927751	ALDH1A3-AS1
101927752	CLN8-AS1
101927755	RNFT1-DT
101927760	LINC02944
101927761	TH2LCRR
101927762	LARP4B-DT
101927763	OLFM5P
101927765	COA6-AS1
101927766	LINC01847
101927768	HDAC2-AS2
101927770	ZNF217-AS1
101927774	LINC00824
101927777	SATB1-AS1
101927780	LINC01303
101927789	FAUP4
101927795	BZW1-AS1
101927796	LINC01441
101927797	MIR548XHG
101927801	LINC01823
101927802	LINC00368
101927808	CLSTN2-AS1
101927809	COSMOC
101927811	ITGB8-AS1
101927813	HMMR-AS1
101927815	LINC03021
101927821	LINC01425
101927824	PFKP-DT
101927828	OVOL1-AS1
101927832	PAQR9-AS1
101927833	IFNL4P1
101927834	MYO7B-AS1
101927835	LINC02143
101927837	ATP6V0D1-DT
101927843	LINC01687
101927844	LINC02801
101927849	LINC02355
101927851	LNCATV
101927854	THRB-AS2
101927858	RNF32-AS1
101927859	FAM230G
101927862	TENM2-AS1
101927865	MYOSLID-AS1
101927866	LINC02010
101927868	GRK5-IT1
101927869	LINC01689
101927870	SLC26A5-AS1
101927873	LINC01508
101927876	LINC01654
101927877	MARCHF10-DT
101927880	LINC02669
101927884	EVA1A-AS
101927886	RFX5-AS1
101927889	LINC01153
101927891	PKN2-AS1
101927895	EMC1-AS1
101927900	LINC01477
101927901	LINC02421
101927904	LINC02660
101927905	LINC02449
101927907	LRRTM4-AS1
101927911	RAP1GAP2-AS1
101927913	CDYL-AS1
101927917	TUB-AS1
101927921	LINC01478
101927922	LINC01479
101927924	LINC01856
101927926	LINC01851
101927931	LINC01480
101927934	LINC01843
101927936	RIC3-DT
101927943	SETBP1-DT
101927944	FAM53B-AS1
101927953	EPIST
101927957	LINC01572
101927963	DENND3-AS1
101927969	SLIT3-AS2
101927972	FARS2-AS1
101927973	LINC01695
101927974	CBLL1-AS1
101927978	ZFHX3-AS1
101927979	CAMTA2-AS1
101927980	SLC14A2-AS1
101927983	EDRF1-AS1
101927987	CTNNA2-AS1
101927988	LINC01527
101927989	ZNF516-AS1
101927990	TRDN-AS1
101927992	LINC01213
101927994	LINC01087
101928000	ZNF232-AS1
101928001	PRKCA-AS1
101928005	PKD2L2-DT
101928015	LINC01985
101928020	KANSL1L-AS1
101928021	HELZ-AS1
101928022	LINC01214
101928031	LINC01809
101928033	KCNIP1-OT1
101928035	PSMD7-DT
101928040	BARX1-DT
101928042	ARHGAP11A-DT
101928043	LINC01635
101928052	FSTL5-AS1
101928058	KBTBD11-AS1
101928062	PRANCR
101928063	ZNF230-DT
101928067	LINC01945
101928068	EFCAB2-AS1
101928069	DPP3-DT
101928075	TTC9-DT
101928076	DSP-AS1
101928079	SLC44A3-AS1
101928085	ERICH6-AS1
101928089	SMYD3-AS1
101928092	LINC03112
101928099	PCAT7
101928100	KLRK1-AS1
101928101	IL6R-AS1
101928103	SNHG31
101928104	LINC01482
101928106	LINC02522
101928108	LY6L
101928111	HDAC4-AS1
101928113	ST3GAL5-AS1
101928114	LINC01811
101928118	RWDD3-DT
101928119	AOPEP-AS1
101928120	PYGO2-AS1
101928122	LINC01483
101928123	PAPLN-AS1
101928132	LINC02683
101928134	RYR3-DT
101928136	LINC01484
101928137	LINC02444
101928138	LINC01486
101928140	PTPRK-AS1
101928141	LINC01028
101928142	AADACL2-AS1
101928144	LINC02837
101928147	C21ORF140
101928150	LINC02648
101928151	LINC01179
101928153	ITGA9-AS1
101928154	LINC01485
101928158	LAMA5-AS1
101928161	NCKAP5-AS2
101928162	LINC02366
101928165	CASC17
101928167	LINC01917
101928169	LINC01650
101928173	LINC01943
101928174	GJD2-DT
101928176	LINC01411
101928185	NCKAP5-AS1
101928190	LINC01487
101928200	MRGPRF-AS1
101928203	LINC02125
101928205	LINC02097
101928222	WDR35-DT
101928223	LINC01612
101928226	LYPD9P
101928227	LINC02345
101928228	LINC03070
101928231	CT69
101928232	LINC01280
101928233	LINC01671
101928235	PIK3R5-DT
101928237	LINC03091
101928238	ZNF426-DT
101928241	LINC01787
101928242	TMEM30BP1
101928243	DARS1-AS1
101928244	TESC-AS1
101928248	LINC01229
101928251	SDK2-AS1
101928256	UBE2Q2P10
101928259	PHKA1-AS1
101928270	LINC01708
101928271	LINC02850
101928276	LINC01227
101928278	IGFBP-AS1
101928280	LINC02549
101928284	PDE9A-AS1
101928287	LINC01285
101928288	LINC02504
101928290	PLBD1-AS1
101928292	LINC01488
101928296	ATP5PFP3
101928298	LINC02670
101928300	CABP1-DT
101928303	ZPLD2P
101928304	LINC03002
101928307	ADGRB3-DT
101928309	LINC02530
101928311	LINC01668
101928314	GALNTL6-AS1
101928316	LINC02859
101928317	PLBD1-AS2
101928322	CELF2-DT
101928323	ZBTB47-AS1
101928324	DHDDS-AS1
101928327	TESHL
101928333	GRM8-AS1
101928336	LINC03098
101928337	PTCSC2
101928340	LINC01489
101928345	PABPC1L2B-AS1
101928346	KDM2B-DT
101928353	LINC01610
101928358	IRS4-AS1
101928363	EHD4-AS1
101928370	S1PR1-DT
101928371	EIF2AK3-AS1
101928376	IL12A-AS1
101928377	JDP2-AS1
101928378	PTOV1-AS2
101928386	QTMAN-AS1
101928388	PLA2G4E-AS1
101928397	FAM131B-AS1
101928399	LINC01679
101928402	STAG2-AS1
101928403	EIF2AK3-DT
101928404	RGS5-AS1
101928405	LINC02023
101928406	LINC02543
101928414	SLC28A2-AS1
101928418	MYOCD-AS1
101928420	LINC01490
101928424	TMEM123-DT
101928425	SHISA5P2
101928429	MAP3K5-AS2
101928433	ATXN1-AS1
101928435	LINC01700
101928436	RNPC3-DT
101928440	FBXO3-DT
101928442	LINC01491
101928443	LINC02753
101928445	RUFY1-AS1
101928448	C5ORF67
101928449	LINC02426
101928453	FRMD4A-AS3
101928455	LINC01412
101928460	LINC01756
101928461	MAP3K5-AS1
101928462	TSHR-AS1
101928464	ZNF433-AS1
101928465	SLCO4A1-AS2
101928469	MIR325HG
101928470	TMEM246-AS1
101928471	SOX5-AS1
101928476	LINC01676
101928477	MMP20-AS1
101928478	LINC02269
101928483	NALT1
101928484	LINC01363
101928489	CD109-AS1
101928492	OR2A1-AS1
101928496	LINC01492
101928504	GTF2A1-AS1
101928509	LINC02268
101928513	CATIP-AS1
101928514	LINC02080
101928521	PDE6B-AS1
101928523	LINC03094
101928527	PIGBOS1
101928530	CHFR-DT
101928536	LINC01493
101928539	LINC02225
101928545	SEPTIN7-DT
101928550	SMC2-DT
101928554	SSPN-AS1
101928555	LINC01537
101928559	LINC01467
101928566	TBC1D3P6
101928567	LINC02087
101928569	LINC02101
101928571	ZNF649-AS1
101928578	RAP2C-AS1
101928580	P4HA3-AS1
101928583	SLC7A14-AS1
101928589	LOC101928589
101928590	GPM6A-DT
101928591	LINC02745
101928595	YPEL3-DT
101928597	ZNF84-DT
101928599	LINC02301
101928600	LINC02108
101928601	MEI4
101928602	LINC01775
101928603	ARMH2
101928604	ZBTB46-AS1
101928605	ARHGEF35-AS1
101928607	TRPM2-AS
101928610	PPIAP62
101928611	LINC01413
101928612	LNCEGFL7OS
101928614	LINC02189
101928616	LINC00354
101928617	BTG1-DT
101928630	SMIM15-AS1
101928635	LOC101928635
101928638	LINC02692
101928646	BMAL2-AS1
101928650	GORAB-AS1
101928651	LINC03152
101928656	LINC01099
101928658	SCFD2-AS1
101928659	C16ORF95-DT
101928661	ADGB-DT
101928673	PRDX6-AS1
101928674	SOCS3-DT
101928677	ETDA
101928679	LINC02500
101928684	LINC01209
101928685	NACAP8
101928687	LNCAROD
101928689	LINC01424
101928694	LIPC-AS1
101928696	RABGAP1L-AS1
101928698	LINC01070
101928700	CNTNAP2-AS1
101928707	CD2BP2-DT
101928710	SCAT1
101928715	TPT1P10
101928716	SUGCT-AS1
101928720	LINC01509
101928725	MINDY2-DT
101928731	CRADD-AS1
101928734	WWC2-AS1
101928736	MIR762HG
101928737	ZCCHC14-DT
101928738	LINC01978
101928739	PIK3CA-DT
101928741	LINC02065
101928744	LINC01450
101928745	BNAT1
101928751	LINC01657
101928752	LINC01043
101928765	LINC01807
101928766	LINC01979
101928767	LINC02328
101928769	LINC02229
101928770	LINC01526
101928773	LINC01449
101928776	LINC01258
101928778	LINC01741
101928781	TMEM26-AS1
101928784	RORA-AS1
101928788	ARL4AP5
101928790	PEX5L-AS2
101928791	LINC01147
101928794	MAST4-AS1
101928795	LINC01448
101928807	PLXNA4-AS2
101928809	SDAD1-AS1
101928813	LINC02757
101928817	FOXN3-AS3
101928820	LINC02535
101928823	LINC02763
101928827	ELOCP33
101928834	MALRD1-AS1
101928836	CAMTA1-AS1
101928837	TSKU-AS1
101928840	PWRN3
101928841	LOC101928841
101928845	LINC01842
101928846	HIPK1-AS1
101928847	NCAM1-AS2
101928851	LINC02380
101928856	TTC14-DT
101928857	TERLR1
101928858	LINC02997
101928865	LINC02728
101928869	GABRG3-AS1
101928877	LINC02436
101928879	COMMD5P1
101928880	LINC02182
101928885	LINC02198
101928886	LINC01864
101928887	LINC02671
101928891	LINC01637
101928895	LINC01786
101928896	NARS2-AS1
101928904	NPM1P30
101928907	VPS13C-DT
101928909	TTC7B-AS1
101928913	LINC01515
101928917	HSFX3
101928919	LINC02489
101928922	LINC00463
101928931	SEMA3B-AS1
101928941	RHOXF1P1
101928942	PRKG2-AS1
101928943	MADD-AS1
101928944	LINC02720
101928963	HNRNPD-DT
101928969	RHOXF1-AS1
101928971	LINC01262
101928973	LINC01732
101928978	LINC02994
101928979	LINC01719
101928982	ZFP28-DT
101928989	MIR4300HG
101928991	CCDC92B
101928992	LINC02069
101928995	LINC01649
101928999	IQCF5-AS1
101929002	LINC02287
101929006	LINC03003
101929008	GTF2IP13
101929010	SIRPG-AS1
101929011	LINC02702
101929013	PRR23D3P
101929019	LINC02270
101929023	LINC01762
101929025	LINC01516
101929026	ZACNP1
101929027	LINC02387
101929031	CHEK2P6
101929034	LINC02116
101929043	DLG2-AS2
101929052	LINC00836
101929054	TWF2-DT
101929056	IRX4-AS1
101929057	MDN1-AS1
101929058	C12ORF42-AS1
101929059	ZIM2-AS1
101929064	MAPK10-AS1
101929066	ASAH1-AS1
101929069	LINC01633
101929071	LINC01182
101929072	MICA-AS1
101929074	PIK3CD-AS2
101929076	SKOR1-AS1
101929077	LINC02334
101929080	LINC02292
101929082	LINC01333
101929083	CASC6
101929084	LINC02401
101929086	LINC01447
101929088	LINC03075
101929089	TTC36-AS1
101929093	LINC01350
101929095	C1QTNF7-AS1
101929099	CD101-AS1
101929107	SYNE3-AS1
101929110	CASC18
101929111	LINC01149
101929117	LINC03028
101929120	BRINP3-DT
101929121	LINC00437
101929122	FNDC1-AS1
101929123	LINC02493
101929125	LINC01730
101929127	PGM5P3-AS1
101929134	PIGY-DT
101929140	KBTBD6-DT
101929141	LOC101929141
101929144	LINC01858
101929145	PPP3CB-AS1
101929147	WARS2-AS1
101929151	LINC02204
101929152	P3H2-AS1
101929153	LINC02114
101929157	PGM5P3
101929159	DENND6A-DT
101929162	PRDM4-AS1
101929163	TSBP1-AS1
101929164	LINC01859
101929172	LINC03093
101929173	THSD4-AS2
101929176	ADAMTS16-DT
101929179	LINC01388
101929180	LINC02673
101929181	LINC01647
101929184	LINC01031
101929188	ITPR3-AS1
101929191	LINC03022
101929194	LNCPRESS2
101929196	THSD4-AS1
101929198	ATP13A4-AS1
101929199	LINC02261
101929202	MKX-AS1
101929203	RNFT1P3
101929210	SMARCAD1-DT
101929212	SMIM2-AS1
101929215	THBS4-AS1
101929217	LINC03054
101929218	LINC01517
101929221	INSYN1-AS1
101929222	DISC1FP1
101929224	DDX59-AS1
101929225	MCM8-AS1
101929229	PINX1-DT
101929231	MMADHC-DT
101929237	PEBP4-AS1
101929238	CFAP20DC-AS1
101929239	PACRG-AS2
101929241	LINC02325
101929243	ILRUN-AS1
101929244	CASC20
101929247	LINC01231
101929254	LRRC37A12P
101929260	LINC01920
101929261	LINC02123
101929265	LINC01428
101929272	DTNB-AS1
101929282	LINC02612
101929284	LINC02199
101929285	SCUBE3-AS1
101929286	KCNMA1-AS3
101929288	LINC01751
101929290	MTMR9-AS1
101929293	PTGES3P2
101929294	ADAM7-AS1
101929295	LNCRNA-IUR
101929302	RFX3-DT
101929309	LINC03135
101929310	KCNMA1-AS2
101929312	LINC01706
101929315	ADAM7-AS2
101929316	PRICKLE2-DT
101929328	KCNMA1-AS1
101929329	LAMP5-AS1
101929331	LINC02975
101929335	ADAMTS9-AS1
101929337	LINC02037
101929338	SEMA5A-AS1
101929340	ESAM-AS1
101929341	ST18-AS3
101929344	LINC01198
101929350	LINC01665
101929351	CDC37L1-DT
101929352	LINC02664
101929353	DDIT4L-AS1
101929355	CFAP97D2
101929371	PARAL1
101929372	LOC101929372
101929374	LINC01659
101929378	LINC01876
101929384	SLC6A12-AS1
101929387	LMF1-AS1
101929390	LINC01247
101929395	LINC01752
101929397	LINC01518
101929402	EXTL3-AS1
101929406	LINC01648
101929407	PTPRD-AS1
101929410	SUCLA2-AS1
101929412	LINC02212
101929415	PENK-AS1
101929422	LINC02285
101929423	MEF2C-AS1
101929425	BTBD9-AS1
101929427	KIRREL3-AS4
101929428	PTPRD-DT
101929437	PRRX2-AS1
101929440	UNKL-AS1
101929441	ERLNC1
101929445	LINC02623
101929447	IATPR
101929448	LINC02428
101929450	LINC02099
101929454	LINC02149
101929459	TMCC2-AS1
101929464	PHC2-AS1
101929467	LURAP1L-AS1
101929468	CXXC4-AS1
101929469	TEX52
101929471	HINT2P1
101929475	ITGB1-DT
101929476	LINC01698
101929478	LINGO1-AS2
101929480	MAPK8IP3-AS1
101929484	LINC01615
101929486	LINC01722
101929495	LINC01339
101929497	LINC02712
101929505	LINC02150
101929511	LINC01970
101929512	PSMD14-DT
101929516	PABPC4-AS1
101929517	ETS1-AS1
101929520	LINC00993
101929523	THBS2-AS1
101929524	RETREG1-AS1
101929526	DTD1-AS1
101929528	LINC03133
101929529	GSTCD-AS1
101929530	FANCD2P2
101929531	LINC01871
101929539	LINC01422
101929541	LINC02608
101929542	PRKD3-DT
101929544	LINC02217
101929548	FOCAD-AS1
101929549	GAU1
101929557	LINC01395
101929559	PIRAT1
101929560	ARNT2-DT
101929565	LINC01740
101929570	KCNH7-AS1
101929574	TSPAN14-AS1
101929575	CFAP61-AS1
101929579	CCDC54-AS1
101929580	GTF2IP23
101929581	MZT1P2
101929582	LINC01241
101929584	LINC02443
101929586	ARNT2-AS3
101929589	RPL7P61
101929590	NRG3-AS1
101929591	KIZ-AS1
101929592	ST3GAL3-AS1
101929595	CYP2U1-AS1
101929596	LINC02613
101929598	ZCCHC10P1
101929601	LOC101929601
101929602	IFT74-AS1
101929607	LINC01990
101929608	LINC01726
101929620	LINC01243
101929623	LINC01215
101929624	LINC01519
101929625	LINC01727
101929627	LOC101929627
101929628	LINC02842
101929631	LINC01653
101929634	LINC02280
101929637	NTM-AS1
101929639	B4GALT1-AS1
101929646	LINC02647
101929651	LINC01398
101929653	NTM-AS2
101929655	TMC3-AS1
101929660	LINC02109
101929663	LINC01427
101929664	HORMAD2-AS1
101929669	GEMIN2P1
101929679	LINC02883
101929680	SCN1A-AS1
101929681	LINC02064
101929684	LINC01520
101929685	LNCNEF
101929688	UBE2R2-AS1
101929690	LINC01583
101929693	RARA-AS1
101929694	LINC02042
101929696	PSD2-AS1
101929697	LINC01983
101929700	LINC01794
101929701	LINC01584
101929704	TTC23L-AS1
101929705	SCIRT
101929709	PARAIL
101929715	ODC1-DT
101929716	ARMC2-AS1
101929717	LINC02044
101929721	AGBL4-AS1
101929723	LINC01914
101929726	MYMX
101929730	LINC01352
101929733	LINC01954
101929736	LINC01372
101929741	METTL14-DT
101929743	LINC01586
101929745	LINC02119
101929746	ZNF341-AS1
101929753	MYO3B-AS1
101929754	ZBTB20-AS5
101929760	PIK3IP1-DT
101929765	LINC01585
101929768	OSMR-DT
101929769	LINC01063
101929773	LOC101929773
101929780	NBPF25P
101929796	NOTCH2NLR
101929798	PDE4DIPP4
101929801	FAM91A2P
101929812	LOC101929812
101929826	LINC01632
101929866	LINC02597
101929876	LOC101929876
101929882	KLF11-DT
101929897	IKBKB-DT
101929901	FOXO6-AS1
101929926	TEX51
101929947	ITGA6-AS1
101929950	LOC101929950
101929951	MACORIS
101929959	BMS1P14
101929970	LOC101929970
101929977	MARCHF6-DT
101929983	PRAMEF27
101929989	LITAFD
101930006	LOC101930006
101930010	DST-AS1
101930013	LOC101930013
101930023	LINC02391
101930075	LOC101930075
101930085	HERPUD2-AS1
101930094	RSPH1-DT
101930105	FAM239A
101930114	HSD11B1-AS1
101930115	LOC101930115
101930123	LOC101930123
101930150	NF1P9
101930162	LINC02417
101930164	LINC02555
101930165	LOC101930165
101930168	LOC101930168
101930275	MTUS1-DT
101930294	LINC02317
101930370	GALNT7-DT
101930421	DIP2C-AS2
101930452	LINC02367
101930531	FRG1GP
101930593	DNAAF3-AS1
101930744	SERPINA15P
101930745	SERPINE4P
101930746	LINC00945
101930747	LINC00380
101930748	LINC00367
101930749	LINC00397
101937451	LINC01030
101954204	LINC00644
101954264	RNVU1-4
101954266	RNVU1-14
101954267	RNVU1-15
101954268	RNVU1-20
101954269	RNVU1-17
101954271	RNU6-9
101954272	RNVU1-3
101954273	RNVU1-1
101954275	RNU6-7
101954276	RNVU1-6
101954277	RNVU1-19
101954278	RNU6-8
101978719	LINC00970
101978785	PCAT14
102030688	TEX28P3
102031319	EPC1-AS1
102060282	RASSF1-AS1
102060414	C2-AS1
102157400	LINC00384
102157401	PCBP2-OT1
102157402	AK6
102191832	FBXW7-AS1
102216268	CISTR
102216341	LINC01109
102216342	LINC01108
102238594	SPACA6-AS1
102288414	C11ORF98
102388891	MCRIP2P1
102443352	UFM1P1
102464817	MIR5787
102464823	MIR6068
102464824	MIR6069
102464825	MIR6070
102464826	MIR6073
102464827	MIR6074
102464828	MIR6076
102464829	MIR6078
102464830	MIR6079
102464831	MIR6080
102464832	MIR6083
102464833	MIR6084
102464834	MIR6085
102464836	MIR6088
102464837	MIR6089
102465133	MIR6125
102465134	MIR6126
102465135	MIR6128
102465136	MIR378J
102465137	MIR6129
102465138	MIR6131
102465139	MIR6133
102465140	MIR6134
102465141	MIR6165
102465246	MIR6499
102465247	MIR548AY
102465248	MIR6501
102465249	MIR6502
102465250	MIR6503
102465251	MIR6504
102465252	MIR6506
102465253	MIR6507
102465254	MIR6509
102465255	MIR6512
102465256	MIR6513
102465257	MIR6514
102465427	MIR6715B
102465428	MIR6717
102465429	MIR6511B1
102465430	MIR6718
102465431	MIR6722
102465433	MIR6724-1
102465434	MIR6726
102465435	MIR6727
102465436	MIR6728
102465437	MIR6731
102465438	MIR6732
102465439	MIR6733
102465440	MIR6735
102465441	MIR6737
102465442	MIR6738
102465443	MIR6740
102465444	MIR6742
102465445	MIR6743
102465446	MIR6746
102465447	MIR6747
102465448	MIR6748
102465449	MIR6751
102465450	MIR6752
102465451	MIR6753
102465452	MIR6755
102465453	MIR6756
102465454	MIR6758
102465455	MIR6760
102465456	MIR6761
102465457	MIR6762
102465458	MIR6765
102465459	MIR6767
102465460	MIR6768
102465461	MIR6770-1
102465462	MIR6771
102465463	MIR6772
102465464	MIR6775
102465465	MIR6776
102465466	MIR6777
102465467	MIR6779
102465468	MIR6781
102465469	MIR6782
102465470	MIR6784
102465471	MIR6786
102465472	MIR6787
102465473	MIR6790
102465474	MIR6791
102465475	MIR6792
102465476	MIR6795
102465477	MIR6796
102465478	MIR6797
102465479	MIR6799
102465480	MIR6800
102465481	MIR6802
102465482	MIR6804
102465483	MIR6805
102465484	MIR6806
102465485	MIR6809
102465486	MIR6811
102465487	MIR6812
102465488	MIR6814
102465489	MIR6815
102465490	MIR6816
102465491	MIR6819
102465492	MIR6820
102465493	MIR6821
102465494	MIR6823
102465495	MIR6824
102465496	MIR6826
102465497	MIR6828
102465498	MIR6830
102465499	MIR6831
102465500	MIR6833
102465501	MIR6834
102465502	MIR6835
102465503	MIR6836
102465504	MIR6838
102465505	MIR6839
102465506	MIR6841
102465507	MIR6842
102465508	MIR6843
102465509	MIR6846
102465510	MIR6847
102465511	MIR6848
102465512	MIR6851
102465513	MIR6852
102465514	MIR6854
102465515	MIR6856
102465516	MIR6857
102465517	MIR6858
102465518	MIR6860
102465519	MIR6861
102465520	MIR6862-1
102465521	MIR6864
102465522	MIR6865
102465523	MIR6867
102465524	MIR6869
102465525	MIR6870
102465526	MIR6872
102465527	MIR6876
102465528	MIR6877
102465529	MIR6878
102465530	MIR6881
102465531	MIR6882
102465532	MIR6883
102465533	MIR6885
102465534	MIR6886
102465535	MIR6888
102465536	MIR6890
102465537	MIR6891
102465538	MIR6892
102465539	MIR6895
102465665	MIR7107
102465666	MIR7109
102465667	MIR7110
102465668	MIR7111
102465669	MIR7113
102465683	MIR6511A3
102465684	MIR6511A4
102465688	MIR7150
102465689	MIR7152
102465690	MIR7153
102465691	MIR7154
102465692	MIR7157
102465693	MIR7158
102465694	MIR7161
102465695	MIR7160
102465696	MIR486-2
102465800	MIR7702
102465801	MIR7703
102465802	MIR7704
102465803	MIR7706
102465832	MIR7843
102465833	MIR4433B
102465834	MIR7844
102465835	MIR7845
102465836	MIR7846
102465837	MIR7849
102465838	MIR7850
102465839	MIR7852
102465840	MIR7854
102465841	MIR7855
102465842	MIR7856
102465854	MIR548BA
102465855	MIR7973-2
102465856	MIR7974
102465857	MIR7976
102465858	MIR7977
102465859	MIR7978
102465860	MIR8054
102465861	MIR8055
102465862	MIR8056
102465863	MIR8058
102465864	MIR8060
102465865	MIR8062
102465866	MIR8064
102465867	MIR8065
102465868	MIR8066
102465869	MIR8067
102465870	MIR8070
102465871	MIR8071-1
102465872	MIR8073
102465873	MIR8074
102465874	MIR8075
102465875	MIR8077
102465876	MIR8079
102465877	MIR8080
102465878	MIR8082
102465879	MIR8085
102465880	MIR8086
102465881	MIR8087
102465882	MIR8089
102465906	MIR7112
102465907	MIR6862-2
102465908	MIR6770-2
102465909	MIR6859-2
102465910	MIR6859-3
102465944	MIR6072
102465974	MIR6719
102465975	MIR6763
102465976	MIR6807
102465977	MIR6829
102465978	MIR6850
102465985	MIR6511B2
102465993	MIR7847
102465995	MIR8081
102466081	MIR5739
102466103	MIR6075
102466104	MIR6090
102466162	MIR548AZ
102466189	MIR6715A
102466190	MIR6721
102466191	MIR6736
102466192	MIR6750
102466193	MIR6757
102466194	MIR6773
102466195	MIR6780A
102466196	MIR6794
102466197	MIR6810
102466198	MIR6817
102466199	MIR6825
102466200	MIR6844
102466201	MIR6853
102466202	MIR6769B
102466203	MIR6874
102466204	MIR6880
102466205	MIR6887
102466222	MIR7106
102466223	MIR7114
102466225	MIR6077
102466227	MIR7162
102466235	MIR7515
102466247	MIR1273H
102466250	MIR7973-1
102466251	MIR8061
102466253	MIR8076
102466259	MIR6770-3
102466268	MIR6511A1
102466270	MIR6741
102466271	MIR6893
102466515	MIR1199
102466516	MIR6071
102466518	MIR6081
102466519	MIR6086
102466615	MIR6127
102466616	MIR6132
102466656	MIR6500
102466657	MIR6505
102466658	MIR6510
102466659	MIR6515
102466719	MIR6716
102466720	MIR6720
102466721	MIR892C
102466722	MIR6730
102466723	MIR6734
102466724	MIR6739
102466725	MIR6744
102466726	MIR6745
102466727	MIR6749
102466728	MIR6754
102466729	MIR6759
102466730	MIR6764
102466731	MIR6769A
102466732	MIR6774
102466733	MIR6778
102466734	MIR6783
102466735	MIR6788
102466736	MIR6789
102466737	MIR6793
102466738	MIR6798
102466739	MIR6803
102466740	MIR6808
102466741	MIR6813
102466742	MIR6818
102466743	MIR6822
102466744	MIR6827
102466745	MIR6832
102466746	MIR6780B
102466747	MIR6840
102466748	MIR6845
102466749	MIR6849
102466750	MIR6855
102466751	MIR6859-1
102466752	MIR6863
102466753	MIR6868
102466754	MIR6873
102466755	MIR6875
102466756	MIR6879
102466757	MIR6884
102466758	MIR6889
102466759	MIR6894
102466806	MIR7108
102466812	MIR6511A2
102466814	MIR7151
102466815	MIR7155
102466816	MIR7159
102466854	MIR7705
102466864	MIR6516
102466865	MIR7848
102466866	MIR7853
102466872	MIR7975
102466873	MIR8052
102466874	MIR8057
102466875	MIR8063
102466876	MIR8068
102466877	MIR8072
102466878	MIR8078
102466879	MIR8083
102466880	MIR8088
102466889	MIR8071-2
102466906	MIR6124
102466911	MIR6785
102466912	MIR6871
102466918	MIR8059
102466953	MIR6082
102466967	MIR6130
102466972	MIR6508
102466982	MIR6729
102466983	MIR6766
102466984	MIR6801
102466985	MIR6837
102466986	MIR6866
102466995	MIR7156
102467003	MIR7851
102467004	MIR8053
102467005	MIR8084
102467073	PDCD6-DT
102467074	LINC01377
102467077	LINC00603
102467079	LINC02180
102467080	LINC02998
102467146	MAFTRR
102467147	LINC01948
102467212	LINC02115
102467213	LINC01950
102467214	LINC02200
102467222	LINC03023
102467223	LINC02214
102467224	LINC02147
102467225	LINC02215
102467655	LINC02219
102524628	RASGRF2-AS1
102546175	LINC01338
102546227	LINC01340
102546228	LINC02039
102546229	LINC02999
102546294	FBXO38-DT
102546298	NDST1-AS1
102557615	LINC01947
102577424	LINC01574
102577425	ARHGAP23P1
102577426	LINC01962
102578074	PCAT5
102606462	PRELID2P1
102606463	LINC01152
102606465	DPH5-DT
102659288	LINC02888
102659353	THRIL
102682016	LINC01159
102723099	GHET1
102723165	LINC01169
102723166	STAM-DT
102723167	MIR133A1HG
102723168	IGHV2-70D
102723169	IGHV1-69D
102723170	IGHV3-64D
102723313	SOX7-AS1
102723314	PRELID3BP11
102723316	FRG1DP
102723318	LINC01053
102723320	CERS3-AS1
102723322	E2F5-DT
102723330	LINC02729
102723332	LINC00412
102723344	LINC02568
102723346	HCG21
102723350	LINC02636
102723354	LINC02298
102723356	ZFPM2-AS1
102723362	LINC01884
102723377	CDH23-AS1
102723378	LINC01495
102723383	LOC102723383
102723385	COQ7-DT
102723390	FRG1EP
102723407	LOC102723407
102723416	CDC27P3
102723423	DUX4L25
102723426	LINC01496
102723430	NEPRO-AS1
102723439	ADK-AS1
102723442	LINC01754
102723448	LINC01986
102723449	DUX4L24
102723451	FAM243B
102723465	ELF3-AS1
102723471	LHX1-DT
102723472	DUX4L23
102723475	KCNE1B
102723481	SMASR
102723483	CSE1L-DT
102723487	LINC01497
102723493	SMAD3-DT
102723495	DUX4L22
102723498	CDC27P4
102723503	LOC102723503
102723505	ROCR
102723508	KANTR
102723510	LCMT1-AS1
102723513	ZNF30-AS1
102723518	DUX4L21
102723525	LINC02498
102723526	LINC02218
102723532	LOC102723532
102723538	DUX4L20
102723547	CSAG2
102723548	PAQR5-DT
102723552	ANKRD20A21P
102723553	SMIM11B
102723555	SPDYE16
102723557	LMNB1-DT
102723562	LINC01498
102723567	LINC02074
102723570	CDC27P9
102723574	HAUS6P3
102723578	LINC01440
102723582	WDR5B-DT
102723584	CDC27P10
102723590	BMP7-AS1
102723591	PLXNB3-AS1
102723603	CDC27P11
102723605	LINC01445
102723617	LINC01766
102723619	ATXN2-AS
102723623	GOLGA6L26
102723626	TUBB8P8
102723629	LINC02677
102723631	CT45A10
102723636	ZNF285DP
102723640	LINC02259
102723641	HID1-AS1
102723644	LINC01499
102723647	RPL23AP97
102723648	BRPF3-AS1
102723649	LINC03004
102723660	SOWAHCP3
102723661	LINC02790
102723672	LINC03015
102723675	CCDC149-AS1
102723680	CT45A9
102723694	MIR30DHG
102723699	LINC02284
102723711	CDC27P7
102723722	LOC102723722
102723727	LPGAT1-AS1
102723728	LOC102723728
102723729	GPAT4-AS1
102723737	CT45A8
102723741	LINC02863
102723742	LINC01500
102723750	CLK3-AS1
102723757	SLC38A2-AS1
102723761	LINC02773
102723763	LINC03159
102723764	LINC02364
102723766	LINC02362
102723775	LINC01315
102723778	LINC02497
102723780	FRG1FP
102723796	TLE7
102723809	HSPA2-AS1
102723817	CNIH3-AS2
102723818	LINC01248
102723824	EML4-AS1
102723828	LINC02506
102723833	USH2A-AS2
102723849	SPDYE17
102723852	TPT1P7
102723854	LINC01819
102723859	TBC1D3E
102723875	LINC01065
102723885	SRI-AS1
102723886	LYPLAL1-AS1
102723895	LINC02552
102723899	PTTG1IP2
102723904	PPM1B-DT
102723920	LINC02515
102723924	SCMH1-DT
102723932	LNCARSR
102723952	UBE2V1P16
102723955	PDE4DIPP7
102723977	UBE2V1P11
102723981	RPL23AP84
102723989	FRMD3-AS1
102723996	LOC102723996
102724000	LINC01626
102724001	LINC01418
102724009	KIF1C-AS1
102724015	SIPA1L1-AS1
102724018	FRG2KP
102724023	GATD3B
102724035	NDUFA5P2
102724039	LINC02654
102724047	WWOX-AS1
102724050	GPR84-AS1
102724053	LINC02529
102724062	FAM153DP
102724064	B4GAT1-DT
102724076	LINC01038
102724077	LINC01389
102724084	DYNLRB2-AS1
102724094	MUC12-AS1
102724097	TTC39A-AS1
102724100	SLC35F3-AS1
102724101	TP53TG3E
102724105	ZNF528-AS1
102724122	RMEL3
102724127	TP53TG3F
102724130	LINC02564
102724153	FLVCR2-AS1
102724156	LINC03026
102724159	LOC102724159
102724163	CDH13-AS2
102724165	LINC02703
102724167	PABPC5-AS1
102724168	LINC02542
102724188	LINC01674
102724190	LINC02289
102724197	LOC102724197
102724200	LOC102724200
102724201	TBX18-AS1
102724208	LINC01900
102724219	LINC03104
102724224	LINC01117
102724229	LOC102724229
102724231	C3ORF86P
102724233	LINC02576
102724238	FAM88C
102724246	TTC39C-AS1
102724250	LOC102724250
102724264	LINC02658
102724265	LINC02953
102724279	CLEC4OP
102724294	LINC02311
102724297	CCR5AS
102724301	NECTIN1-DT
102724307	CYP17A1-AS1
102724312	LINC01770
102724316	SVIL-AS1
102724321	LINC01628
102724329	ATF6-DT
102724330	PCMTD1-DT
102724334	LOC102724334
102724338	LINC02305
102724341	NEURL1-AS1
102724344	LINC02188
102724350	LINC02637
102724358	UAP1-DT
102724360	HOMER3-AS1
102724362	SPINT1-AS1
102724364	SEC22B4P
102724368	LINC02585
102724373	LINC02831
102724380	LINC02316
102724386	LINC01393
102724392	LINC02197
102724397	TWSG1-DT
102724404	NIPAL4-DT
102724406	SIM1-AS1
102724416	DNAJC6-AS1
102724426	LOC102724426
102724428	SIK1B
102724430	KRT8P50
102724433	LINC02420
102724449	SOD1-DT
102724450	RNF207-AS1
102724468	OR4F8BP
102724470	LINC01887
102724473	GAGE10
102724474	F10-AS2
102724481	LINC01702
102724484	CHN2-AS1
102724485	CCNYL1B
102724488	SYT15B
102724502	LINC01690
102724508	EFCAB13-DT
102724515	LINC01291
102724536	PRR33
102724539	LINC01714
102724548	LINC03102
102724550	LINC02015
102724552	RERE-AS1
102724555	ASB15-AS1
102724560	CBSL
102724566	CARMAL
102724571	LNCTAM34A
102724589	LINC02626
102724594	U2AF1L5
102724596	ZNF652-AS1
102724601	RABGAP1L-DT
102724602	COMMD6P1
102724605	UBE2V1P10
102724617	LINC02031
102724623	LINC01414
102724627	LINC02674
102724631	POTEB3
102724643	FAM245B
102724651	LINC01919
102724652	CRYAA2
102724655	AQP7P5
102724657	MSANTD5
102724659	C1ORF167-AS1
102724660	HILPDA-AS1
102724661	LINC01645
102724663	PPFIA2-AS1
102724665	LOC102724665
102724668	DPY19L1P2
102724678	LINC01423
102724679	LINC02556
102724691	MRPS9-AS2
102724698	LINC01905
102724699	LINC02043
102724706	UBE2V1P8
102724708	ARFGEF1-DT
102724714	LINC01857
102724715	MYO1D-DT
102724740	LINC02940
102724742	PRAMEF28P
102724745	LINC03110
102724763	LINC02040
102724770	LOC102724770
102724774	LINC01594
102724776	MAP9-AS1
102724784	DENND2B-AS1
102724788	LOC102724788
102724810	CHD1-DT
102724814	AP1G2-AS1
102724816	UBE2V1P4
102724820	LANCL1-AS1
102724826	ZNF337-AS1
102724827	MIATNB
102724828	LOC102724828
102724832	ANKRD17-DT
102724834	LINC02822
102724845	LINC00596
102724850	CCL3-AS1
102724853	NDUFA5P10
102724855	LINC02113
102724859	SYNAGE
102724862	TBC1D3I
102724866	NDUFA5P11
102724868	TPT1P11
102724880	PPP1R3B-DT
102724890	LINC02293
102724895	LIVAR
102724907	CYLD-AS1
102724908	ERVE-5
102724913	LINC01899
102724917	LINC02327
102724919	PDC-AS1
102724923	FRG1KP
102724927	TRIDDENT
102724928	CCNYL3
102724933	LINC02412
102724940	LINC02128
102724951	LINC03105
102724954	RGS2-AS1
102724965	LOC102724965
102724971	LOC102724971
102724985	LOC102724985
102725021	ARHGAP11B-DT
102725022	LINC02352
102725023	LOC102725023
102725045	NOVA1-DT
102725060	LOC102725060
102725068	MICB-DT
102725072	POM121L15P
102725079	LINC01878
102725105	CDH18-AS1
102725117	LOC102725117
102725121	DDX11L17
102725138	LOC102725138
102725140	LMX1A-AS1
102725176	LINC01595
102725179	LOC102725179
102725191	C7ORF78
102725193	CAMTA1-AS2
102725201	CEP250-AS1
102725207	LOC102725207
102725509	LINC01232
102725541	ELDR
102800310	HAGLROS
102800311	TP53COR1
102800314	LINC03156
102800315	LINC01246
102800316	LINC01222
102800317	TPTEP2-CSNK1E
102800446	LINC-ADAIN
102800447	LINC01828
103021164	CASC21
103021165	CASC19
103021296	SLC26A9-AS1
103091863	NDUFA5P8
103091864	SNHG22
103091866	LINC01145
103106900	TRBVC
103106901	IGHV3-43D
103106903	LINC01276
103157000	PAUPAR
103164619	PCAT2
103191607	LINC02333
103283057	LINC01362
103312105	LINC02759
103344718	HOTS
103344926	PYDC2-AS1
103344928	KIAA1614-AS1
103344929	BGLT3
103344930	LINC01391
103344932	PGM5P4-AS1
103352539	LINC01410
103352540	IGKV1OR9-1
103352670	LINC01419
103456507	LINC01442
103456509	TRN-GTT18-1
103482523	TRUND-NNN2-1
103482524	TRUND-NNN5-1
103482525	TRUND-NNN6-1
103482526	TRUND-NNN9-1
103482527	TRUND-NNN3-1
103482528	TRUND-NNN8-1
103482529	TRUND-NNN1-1
103482530	TRUND-NNN4-1
103482531	TRUND-NNN7-1
103482532	TRUND-NNN10-1
103504726	MIR3670-3
103504727	MIR6724-2
103504729	MIR3179-4
103504730	MIR9500
103504731	MIR3648-2
103504732	MIR941-5
103504733	MIR6724-4
103504734	MIR1244-4
103504735	MIR548BB
103504736	MIR8069
103504737	MIR8485
103504738	MIR6859-4
103504739	MIR6724-3
103504740	MIR3670-4
103504741	MIR5701-3
103539957	ERVK-26
103539958	TRG-CCC8-1
103581030	TRN-ATT1-2
103581031	CASC23
103611155	PAPPA-AS2
103611157	TGFB2-OT1
103625681	LLPH-DT
103625683	LINC00456
103625684	RNU6-2
103689843	LINC01046
103689844	LINC01288
103689845	LINC01050
103689846	ADAMTS19-AS1
103689911	CATIP-AS2
103689912	TBX2-AS1
103689913	LINC00383
103689915	DLEU1-AS1
103689917	LINC01337
103689918	LINC01378
103695363	FOXG1-AS1
103695364	PKNOX2-DT
103695365	LINC01435
103695366	LINC01461
103695431	LINC01048
103695433	LINC01322
103695434	LINC01396
103695435	BBOX1-AS1
103695436	LINC01269
103724386	LINC00377
103724387	LINC01058
103724388	LINC01068
103724389	LINC01170
103724390	LINC01287
103752554	MYCNUT
103752555	SPATA17-AS1
103752581	LINC01055
103752583	LINC01075
103752584	CCND2-AS1
103752585	RORB-AS1
103752586	BIRC6-AS2
103752587	FOXC2-AS1
103752588	PACERR
103752589	TMEM92-AS1
103908604	FAM88F
103908605	FAM88E
104169670	RXYLT1-AS1
104169671	LINC01036
104266956	LINC01044
104266957	KBTBD11-OT1
104266958	LINC01151
104266959	LINC01195
104266960	LINC01201
104266961	LINC01221
104266962	LINC01228
104266963	LINC01264
104310350	LINC01327
104310351	LINC01331
104310353	LINC01399
104326051	MAFA-AS1
104326052	NRIR
104326053	LINC00363
104326054	LINC00399
104326055	APOA1-AS
104326056	ZNF511-PRAP1
104326057	GACAT1
104326058	SMAD1-AS1
104326188	LINC01202
104326190	LINC01309
104326192	PTPRJ-AS1
104326193	DLX2-DT
104355133	ABHD15-AS1
104355135	LINC00431
104355136	LINC01033
104355137	LINC01072
104355138	LINC01162
104355139	LINC01397
104355140	LINC00375
104355141	LINC01143
104355143	TXNDC12-AS1
104355145	NCOA7-AS1
104355146	LINC00396
104355147	LINC00428
104355149	LINC01039
104355150	LINC01054
104355152	LINC01090
104355217	ERICD
104355218	LINC01177
104355219	LHX5-AS1
104355220	LINC01219
104355285	LINC01256
104355286	LINC01307
104355287	LINC01317
104355288	LINC01320
104355289	LINC01324
104355290	MIR217HG
104355291	LINC01392
104355292	LINC01525
104355293	LINC00376
104355294	LINC01386
104355295	SGMS1-AS1
104355296	SCEL-AS1
104355297	ABCA9-AS1
104355426	LENG8-AS1
104384744	TET2-AS1
104413890	ZBTB20-AS3
104413891	SAPCD1-AS1
104413892	F10-AS1
104457406	MIR222HG
104472519	STX18-IT1
104472713	PCAT29
104472714	DISC1-IT1
104472715	SNHG14
104472716	WARS2-IT1
104472717	LINC01224
104472718	LINC00508
104472848	IRAIN
104502416	FOXP1-AS1
104502417	MGAT3-AS1
104533120	TRIM31-AS1
104548970	UBE2V2P2
104548971	SALRNA1
104548972	SALRNA3
104548973	SALRNA2
104564224	LUNAR1
104564225	MHRT
104644205	ENPP7P13
104797536	LINC01402
104797537	GACAT3
104797538	KCNMB2-AS1
104798195	ACE2-DT
104909134	LINC02210-CRHR1
104940698	DALIR
104968399	MYL12-AS1
105180390	SPDYE13
105180391	SPDYE15
105221694	BISPR
105369145	LOC105369145
105369147	LOC105369147
105369150	LINC02750
105369168	LINC02934
105369192	PPM1K-DT
105369201	GCAWKR
105369219	SIRPB3P
105369222	ILRUNP1
105369274	OR4N4C
105369295	SETD4-AS1
105369296	CYP4F9P
105369316	SLC25A47P1
105369317	LINC02739
105369318	PATL1-DT
105369319	LINC02705
105369323	TMEM109-DT
105369332	STX5-DT
105369340	PPP1R14B-AS1
105369343	MIR194-2HG
105369346	LINC02736
105369347	RELA-DT
105369351	KLC2-AS2
105369352	KLC2-AS1
105369360	LINC02754
105369362	CHKA-DT
105369364	LINC02701
105369378	PDE2A-AS2
105369379	PDE2A-AS1
105369381	IUR1
105369388	TPBGL-AS1
105369391	MAP6-AS1
105369413	LINC02734
105369423	LINC02711
105369427	LINC02748
105369428	LINC02756
105369431	LINC02746
105369436	LINC02700
105369438	PIWIL4-AS1
105369443	LINC02737
105369446	TOMM20P1
105369449	LINC02553
105369454	LINC02713
105369464	PDGFDDN
105369473	LINC02719
105369482	LINC02715
105369486	LINC02732
105369490	LINC02550
105369507	CADM1-AS1
105369512	LINC02698
105369525	NECTIN1-AS1
105369528	LINC02744
105369536	SORL1-AS1
105369541	LINC02727
105369547	CCDC15-DT
105369549	PKNOX2-AS1
105369550	STT3A-AS1
105369557	TIRAP-AS1
105369563	LINC02725
105369564	LINC02098
105369584	LINC02706
105369586	LINC02697
105369588	LINC02717
105369589	LINC02684
105369592	IQSEC3-AS1
105369593	IQSEC3-AS2
105369597	LINC02455
105369606	LINC02827
105369609	PARP11-AS1
105369611	LINC03141
105369635	MIR200CHG
105369652	LINC02390
105369678	LINC02378
105369684	LINC02468
105369689	KCNJ8-AS1
105369691	ETNK1-DT
105369692	C2CD5-AS1
105369699	BCAT1-AS1
105369717	LINC02386
105369723	LINC02422
105369729	ZNF970P
105369730	LINC02406
105369734	LINC02471
105369739	LINC02450
105369740	LINC02461
105369748	RPAP3-DT
105369758	DDN-AS1
105369759	DHH-AS1
105369760	TUBA1B-AS1
105369776	SMUG1-AS1
105369779	CD63-AS1
105369783	CTDSP2-AS1
105369785	LINC02403
105369791	LRIG3-DT
105369792	LINC02448
105369804	RASSF3-DT
105369807	LINC02454
105369810	LINC02425
105369815	LINC02442
105369822	LINC02373
105369826	LINC02821
105369828	PTPRB-AS1
105369840	LINC02445
105369841	LINC02394
105369848	LNCOG
105369854	LINC02464
105369860	LINC02424
105369864	PPP1R12A-AS2
105369865	PPP1R12A-AS1
105369876	LINC02820
105369891	LINC02399
105369893	LINC02392
105369897	LINC02823
105369900	LINC02404
105369906	LINC02413
105369920	LINC02410
105369921	SNRPF-DT
105369924	LINC02452
105369929	LINC02409
105369942	LINC02456
105369948	LINC02385
105369954	C12ORF75-AS1
105369971	FIGNL2-DT
105369973	HNRNPA1P69
105369980	LINC01404
105369984	LINC02356
105369987	IMMP1LP2
105369996	LINC02459
105370000	TBX3-AS1
105370004	LINC02463
105370013	LINC02460
105370014	LINC02423
105370015	LINC02440
105370016	LINC02439
105370022	SRRM4-AS1
105370027	PRKAB1-AS1
105370035	TIALD
105370057	LINC02826
105370059	LINC02350
105370060	LINC02824
105370065	LINC02376
105370070	LINC02441
105370078	LINC02419
105370085	LINC02414
105370141	LINC00385
105370145	TEX26-AS2
105370154	LINC02344
105370158	LINC02343
105370177	LINC02341
105370183	LINC00390
105370208	LINC00345
105370242	LINC01052
105370253	LINC02342
105370268	LINC03157
105370306	LINC00373
105370308	LINC01040
105370309	LINC02336
105370333	PCCA-DT
105370357	LINC00370
105370361	LINC03032
105370364	SPACA7BP
105370369	LINC02337
105370400	LINC02332
105370401	TRD-AS1
105370404	OXA1L-DT
105370413	GZMH-AS1
105370414	LINC02286
105370422	LINC02300
105370423	LINC02281
105370424	LINC02282
105370425	LINC02326
105370431	G2E3-AS1
105370437	NUBPL-DT
105370439	LINC02313
105370445	EGLN3-AS1
105370458	SEC23A-AS1
105370469	LRFN5-DT
105370471	LINC02307
105370474	PRPF39-DT
105370479	LINC02303
105370496	LINC02310
105370498	LINC02319
105370503	LINC02331
105370509	FBXO34-AS1
105370518	SLC35F4-AS1
105370522	TOMM20L-DT
105370524	PCNX4-DT
105370525	PRKCH-AS2
105370540	LINC02290
105370550	GALNT16-AS1
105370560	RBM25-AS1
105370578	LINC01629
105370583	NRXN3-AS3
105370589	NRXN3-AS2
105370601	MALNC
105370605	LINC02329
105370607	LINC02309
105370610	LINC02296
105370611	LINC02330
105370612	KCNK10-AS1
105370622	TTC7B-AS2
105370623	LINC02321
105370625	CCDC88C-DT
105370629	LINC02833
105370646	LINC02299
105370648	LINC02304
105370652	LINC02295
105370672	LINC03117
105370676	LINC02320
105370681	LINC02323
105370683	LINC00677
105370687	EIF5-DT
105370708	KIF26A-DT
105370722	OR4H6BP
105370731	PWRN4
105370737	LINC02250
105370738	ATP10A-DT
105370752	TRPM1-AS1
105370757	SCG5-AS1
105370762	LINC02252
105370795	VPS39-DT
105370807	CTXN2-AS1
105370809	FBN1-DT
105370822	LINC02490
105370833	LINC03065
105370844	RORA-AS4
105370868	DIS3L-AS1
105370876	LINC02896
105370880	LINC02205
105370888	TMEM202-AS1
105370894	LINC02255
105370911	DNAJA4-DT
105370932	BNC1-AS1
105370966	IDH2-DT
105370985	LINC02852
105371008	LINC02251
105371011	LINC02351
105371016	SYNM-AS1
105371018	LINC02244
105371026	LRRK1-AS1
105371027	PCSK6-AS1
105371045	PERCC1
105371048	LINC02124
105371049	PKD1-AS1
105371055	FLYWCH1-AS1
105371066	LINC02164
105371071	LINC02152
105371074	USP7-AS1
105371084	RSL1D1-DT
105371085	SNX29-AS3
105371113	LINC02858
105371115	IQCK-AS1
105371130	SLC68A2P
105371142	LINC02194
105371146	LINC02191
105371152	LINC02195
105371156	LINC02129
105371173	LINC02190
105371184	STUB1-DT
105371238	LINC02134
105371242	PPIAL4H
105371248	LINC02178
105371251	CYLD-AS2
105371252	LINC02168
105371260	LIX1L-AS1
105371264	LINC03064
105371267	CHD9NB
105371273	LINC02183
105371286	NUP93-DT
105371295	LINC02137
105371333	LINC02136
105371346	CPHXL
105371350	LINC02131
105371361	C16ORF46-AS1
105371363	HSD17B2-AS1
105371368	CDH13-AS1
105371374	ATP2C2-AS1
105371379	LINC02176
105371416	LINC02166
105371433	LINC02988
105371450	THBS3-AS1
105371453	BCAN-AS1
105371455	LINC02772
105371462	LINC02819
105371468	CD84-AS1
105371471	NECTIN4-AS1
105371479	ABR-AS1
105371485	RTN4RL1-AS1
105371492	CTNS-AS1
105371496	LINC01975
105371506	DHX33-DT
105371541	LINC02093
105371560	TBC1D26-AS1
105371561	LMX1A-AS2
105371562	LINC02090
105371564	SMCR2
105371582	LINC02088
105371586	FAM78B-AS1
105371590	LINC01675
105371595	LINC02002
105371600	GPA33-AS1
105371609	LINC01681
105371611	FMO1-AS1
105371620	RC3H1-DT
105371638	LINC02816
105371644	LINC01688
105371660	LINC01680
105371673	LINC01724
105371692	LRRN2-AS1
105371708	LINC01992
105371722	MIR4733HG
105371737	ASIC2-AS2
105371743	SNHG30
105371766	LINC02079
105371768	CACNB1-AS1
105371781	RAB5C-AS1
105371786	LINC02594
105371795	HEXIM2-AS2
105371807	SKAP1-AS2
105371809	LINC02086
105371828	LINC02073
105371830	LINC01982
105371831	LINC02089
105371849	HEATR6-DT
105371855	MARCHF10-AS1
105371880	MAP2K6-AS1
105371893	SLC9A3R1-AS1
105371894	RAB37-AS1
105371898	PTMAP13
105371907	SEPTIN9-DT
105371919	LINC01977
105371925	TEPSIN-AS1
105371927	LINC01971
105371941	NARF-AS2
105371942	FOXK2-AS1
105371963	LPIN2-AS2
105371964	LINC01895
105371967	DLGAP1-AS6
105371969	LINC01892
105371994	LINC01928
105372009	LINC01906
105372030	LINC01894
105372037	LINC01908
105372079	LINC01902
105372080	LINC01901
105372097	ST8SIA5-DT
105372104	ZBTB7C-AS1
105372105	CTIF-AS1
105372125	LINC03035
105372127	TCF4-AS1
105372138	LINC02565
105372145	ALPK2-AS1
105372147	LINC01926
105372156	GAD3P
105372175	LINC01912
105372207	LINC01893
105372217	MBP-AS1
105372232	MADCAM1-AS1
105372233	BSG-AS1
105372267	NFILZ
105372272	LIMASI
105372273	DOCK6-AS1
105372274	TSPAN16-AS1
105372278	LINC02926
105372280	GNG14
105372281	RTBDN-AS1
105372288	LINC01841
105372290	UCA1-AS1
105372315	ERVS71-1
105372352	UQCRFS1-DT
105372360	LINC02841
105372363	LINC01837
105372382	LOC105372382
105372397	MAP4K1-AS1
105372414	ZNF222-DT
105372419	GEMIN7-AS1
105372426	PPP5C-AS1
105372429	ZNF114-AS1
105372440	SMIM47
105372444	LINC01872
105372446	LIM2-AS1
105372457	MYADM-AS1
105372476	ZNF460-AS1
105372481	ERVK3-1
105372482	ZNF8-DT
105372483	ZNF497-AS1
105372489	SERTAD3-AS1
105372516	LINC01713
105372520	TMX4-AS1
105372550	ZNF133-AS1
105372556	LINC00237
105372566	LINC01747
105372572	NXT1-AS1
105372576	WAKMAR1
105372578	LINC02967
105372587	FAM242A
105372589	BCL2L1-AS1
105372608	LINC01746
105372626	LINC01728
105372629	R3HDML-AS1
105372654	SCREEM1
105372669	TSHZ2-AS1
105372682	LINC01716
105372712	LINC02970
105372720	KCNQ2-AS1
105372730	LINC01666
105372731	CDRT15P9
105372746	LINC01683
105372751	LINC01684
105372763	LINC01673
105372779	MRAP-AS1
105372799	KCNJ6-AS1
105372808	PCSEAT
105372833	DNMT3L-AS1
105372840	LINC01694
105372860	UFD1-AS1
105372876	DYRK3-AS1
105372883	LINC02767
105372891	LINC02769
105372893	LINC01717
105372894	LINC01774
105372897	LINC01696
105372907	LINC02771
105372911	LINC02775
105372918	USH2A-AS1
105372925	LINC01710
105372929	LINC02779
105372935	FAM247A
105372942	FAM247D
105372944	LINC01651
105372955	LINC02557
105372963	MYO18B-AS1
105372972	LINC02559
105372974	SEZ6L-AS1
105372978	LINC01638
105372999	LINC02558
105373004	SYN3-AS1
105373006	LINC01640
105373010	LINC01643
105373021	CACNG2-DT
105373051	SCUBE1-AS2
105373054	LINC01639
105373058	EFCAB6-DT
105373085	NHIP
105373095	SELENOO-AS1
105373098	KLHDC7B-DT
105373105	LINC02968
105373106	CNIH3-AS1
105373110	LINC02765
105373113	LINC01703
105373125	LINC03114
105373140	PTMAP14
105373144	LINC01456
105373148	SAT1-DT
105373159	RAB4A-AS1
105373185	LINC02601
105373199	LINC01745
105373202	ASMER2
105373212	LINC02768
105373241	NXTAR
105373251	FAM236D
105373300	LINC02589
105373338	ENOX2-AS1
105373350	LINC01865
105373354	TMEM18-DT
105373368	MAGEA4-AS1
105373370	MAGEA3-DT
105373377	PNMA6F
105373381	ECMXP
105373384	MRFAP1P1
105373400	LINC01810
105373450	ZPAXP
105373460	LINC01808
105373463	LAPTM4A-DT
105373507	LINC01849
105373509	BBIP1P1
105373518	LINC01796
105373519	LINC01935
105373536	LINC01789
105373537	LINC01886
105373538	LINC01885
105373557	SOCAR
105373597	LINC01889
105373600	LINC01941
105373615	LINC02572
105373617	POTEF-AS1
105373635	LINC01832
105373637	SPOPL-DT
105373647	LINC01853
105373654	ARHGAP15-AS1
105373656	LINC02993
105373662	LINC01966
105373669	LINC01911
105373683	LINC01817
105373684	LINC01818
105373708	LINC01958
105373719	TANK-AS1
105373748	GPR155-DT
105373764	PDE11A-AS1
105373767	EPCART
105373772	UBE2E3-DT
105373786	CALCRL-AS1
105373805	STAT4-AS1
105373813	CAVIN2-AS1
105373818	LINC01827
105373824	ANKRD44-DT
105373852	LINC01802
105373853	MYOSLID
105373863	LINC01953
105373868	FN1-DT
105373869	LINC01614
105373878	TNS1-AS1
105373884	DNPEP-AS1
105373885	ASIC4-AS1
105373886	LINC02832
105373889	LINC01803
105373904	ACSL3-AS1
105373934	LINC01891
105373951	COPS8-DT
105373958	RAB17-DT
105373962	LINC01937
105373970	SNED1-AS1
105373979	LINC01880
105373984	LINC01918
105374003	LINC00973
105374057	LINC02024
105374104	LINC02021
105374105	LINC02014
105374119	LINC02004
105374136	PLS1-AS1
105374146	LINC02045
105374149	LINC02046
105374155	SIAH2-AS1
105374158	LINC02066
105374165	LINC02006
105374166	LINC03109
105374177	LINC02029
105374201	LINC01997
105374205	MECOM-AS1
105374219	LINC02068
105374245	ATP11B-DT
105374249	EIF2B5-DT
105374250	LINC02054
105374251	LINC01839
105374254	TMEM41A-DT
105374258	HRG-AS1
105374261	LINC02041
105374266	LINC01991
105374272	LINC02013
105374285	LINC02038
105374289	LINC02048
105374293	LINC01972
105374322	LINC01830
105374323	LINC02923
105374339	CPLX1-AS1
105374341	GAK-AS1
105374344	RNF212-DT
105374347	MAEA-DT
105374363	GTF3C2-AS2
105374366	LINC02482
105374373	HTRA3-AS1
105374374	LINC02517
105374394	LINC02484
105374400	LINC02505
105374410	LINC02513
105374411	LINC02278
105374419	SMIM14-DT
105374421	LIMCH1-AS1
105374425	PHOX2B-AS1
105374436	LINC02383
105374449	LINC01946
105374454	RASGRP3-AS1
105374476	SLC2A9-AS1
105374480	CLNK-AS3
105374481	CLNK-AS2
105374482	CLNK-AS1
105374484	LINC02360
105374495	RAB28-DT
105374505	LDB2-AS1
105374514	SLIT2-AS1
105374521	GBA3-AS1
105374527	PPARGC1A-AS1
105374535	PI4K2B-DT
105374538	SMIM20-AS1
105374540	LINC02357
105374542	RBPJ-AS1
105374546	STIM2-AS1
105374561	LINC02472
105374565	LINC02501
105374580	PRKCE-AS1
105374582	LINC01820
105374596	LINC01867
105374624	LINC02162
105374627	LINC02063
105374631	LINC02121
105374640	SPTBN1-AS1
105374644	LINC02142
105374648	LINC02221
105374652	DAP-DT
105374658	LINC02220
105374667	EML6-AS1
105374676	LINC02241
105374677	LINC02146
105374693	LINC02211
105374694	LINC02228
105374698	LINC02103
105374714	LINC02061
105374716	LINC02160
105374723	RAI14-DT
105374727	CPLANE1-AS1
105374728	LINC02117
105374731	LINC02107
105374744	LINC01795
105374749	C5ORF34-AS1
105374758	C2ORF74-AS1
105374771	LGALSL-DT
105374774	LINC01805
105374775	SERTAD2-AS1
105374791	LINC01890
105374811	TACR1-AS1
105374845	CHMP3-AS1
105374847	LINC01955
105374855	MALLP2
105374869	LIRIL2R
105374880	FOXF2-AS1
105374885	LINC02521
105374888	NQO2-AS1
105374895	LINC02533
105374902	LINC03055
105374952	NUP153-AS1
105374956	MIR548A1HG
105374972	LINC03005
105374978	LINC02828
105375009	LINC02829
105375011	ERVK9-12
105375013	HCG20
105375014	LINC02570
105375015	LINC02571
105375037	ETV7-AS1
105375077	RUNX2-AS1
105375095	GCLC-AS1
105375120	CHLSN-AS1
105375132	SDK1-AS1
105375176	HDAC9-AS1
105375192	TSEN15P3
105375210	TAX1BP1-AS1
105375215	FKBP14-AS1
105375240	YAE1-DT
105375261	H2AZ2-DT
105375273	LINC02838
105375287	VOPP1-DT
105375304	SNX10-AS1
105375355	UPK3B
105375359	CCDC146-AS1
105375368	DDX3ILA1
105375380	LINC00972
105375382	GRM3-AS1
105375392	LINC02932
105375396	TMBIM7P
105375401	TFPI2-DT
105375405	PPP1R9A-AS1
105375416	LINC03158
105375430	SLC12A9-AS1
105375441	PRKAR2B-AS1
105375475	LINC02476
105375486	LINC02830
105375519	LINC03060
105375538	AGK-DT
105375545	TMEM139-AS1
105375563	REPIN1-AS1
105375564	ZNF775-AS1
105375591	INSIG1-DT
105375606	MNX1-AS2
105375616	LINC01022
105375622	LINC02849
105375624	WWP1-AS1
105375645	RBM12B-DT
105375650	MIR3150BHG
105375660	NIPAL2-AS1
105375666	VPS13B-DT
105375674	LINC03044
105375675	LINC03090
105375679	LINC02844
105375680	LINC02845
105375700	OXR1-AS1
105375706	LINC02237
105375726	MAL2-AS1
105375732	LINC02855
105375734	SMILR
105375744	SQLE-DT
105375746	LINC02964
105375773	LINC03024
105375787	SLC45A4-AS1
105375790	ASTILCS
105375795	LY6S
105375819	UBE2V2-AS1
105375822	LINC02947
105375823	LINC02847
105375843	XKR4-AS1
105375847	CERNA3
105375904	LINC03071
105375914	MITA1
105375929	LINC02839
105375968	LINC02851
105376036	LINC01627
105376064	FAM242F
105376072	TMEM252-DT
105376114	UBQLN1-AS1
105376116	SLC28A3-AS1
105376124	LINC02834
105376131	CDK20-AS1
105376144	LINC02957
105376162	HSD17B3-AS1
105376168	TMOD1-AS1
105376199	FKTN-AS1
105376220	LINC02977
105376230	TEX53
105376277	LMX1B-DT
105376290	IER5L-AS1
105376297	FIBCD1-AS1
105376310	LINC02247
105376323	LINC02846
105376331	CACNA1B-AS1
105376348	LINC02662
105376351	LINC02645
105376354	LINC02668
105376365	LINC02639
105376382	LASTR
105376383	LINC02678
105376386	LINC02665
105376388	LINC02642
105376402	LINC02663
105376421	BEND7-DT
105376425	FRMD4A-AS2
105376432	DCLRE1CP1
105376433	FAM171A1-AS1
105376444	LINC02643
105376453	C10ORF67-AS1
105376462	SELENOOLP
105376463	LINC02680
105376466	MPP7-DT
105376468	LINC02652
105376480	LINC02644
105376486	LOC105376486
105376490	LINC02628
105376491	LINC02635
105376495	LINC02630
105376499	ZNF25-DT
105376505	IFITM3-AS1
105376513	LINC02689
105376527	STIM1-AS1
105376541	NRIP3-DT
105376544	ADM-DT
105376550	LINC02752
105376554	LINC02547
105376557	RASSF10-DT
105376561	LINC02545
105376562	LINC02548
105376569	LINC02751
105376570	LINC02682
105376580	CSRP3-AS1
105376592	LINC02718
105376593	LINC02726
105376594	LINC02686
105376596	LINC02699
105376599	ANO3-AS1
105376602	LINC02758
105376603	LINC02742
105376605	LINC02755
105376606	LINC02546
105376607	ARL14EP-DT
105376609	MPPED2-AS1
105376619	LINC02722
105376620	LINC02721
105376623	LINC02707
105376633	LINC02760
105376640	LINC02741
105376647	LINC02704
105376658	LINC02690
105376662	LINC02710
105376671	LGR4-AS1
105376672	LINC01345
105376673	LINC02780
105376679	LINC01646
105376680	LINC02781
105376681	LINC02782
105376698	MPHOSPH10P6
105376714	SLC30A4-AS1
105376731	TRCG1P
105376736	EXOSC10-AS1
105376744	LINC02766
105376745	LINC01784
105376748	NEMP2-DT
105376752	NPIPA9
105376762	KAZN-AS1
105376814	IGSF21-AS1
105376827	LINC01757
105376834	LINC02596
105376843	SNHG25
105376854	LINC01925
105376871	GRHL3-AS1
105376878	RUNX3-AS1
105376879	LINC02793
105376890	WDTC1-DT
105376906	ERVK-19
105376946	GRM7-AS2
105376955	LINC02022
105376992	LINC01742
105376997	RARB-AS1
105377003	LRRC3B-AS1
105377006	LINC02084
105377007	LINC01980
105377023	PDCD6IP-DT
105377031	LINC02033
105377068	LINC02009
105377096	LINC02017
105377098	LINC02030
105377100	ERC2-AS1
105377105	FLNB-AS1
105377108	FAM3D-AS1
105377110	CFAP20DC-DT
105377137	LINC03039
105377138	LINC01678
105377156	PROK2-DT
105377165	LINC02005
105377172	LINC02077
105377175	LINC02050
105377180	LINC02008
105377182	FAM247C
105377192	LINC02025
105377199	MYH9-DT
105377224	KDM5D-DT
105377240	REREP1Y
105377243	REREP2Y
105377245	LINC02619
105377247	LINC02429
105377248	LINC02496
105377249	LINC02271
105377256	LINC02835
105377283	LINC02562
105377289	SHROOM3-AS1
105377301	LINC02469
105377303	PRDM8-AS1
105377307	VAMP9P
105377321	SCPPPQ1
105377335	UNC5C-AS1
105377338	LINC02267
105377342	TSPAN5-DT
105377348	UBE2D3-AS1
105377349	LINC02503
105377355	LINC02173
105377372	NEUROG2-AS1
105377373	ANK2-AS1
105377389	LINC02262
105377390	LINC02263
105377391	LINC02264
105377394	SYNPO2-AS1
105377400	NDNF-AS1
105377420	LINC02479
105377424	LINC02377
105377434	LINC02462
105377439	LINC02485
105377441	LINC02511
105377443	LINC02172
105377446	LINC00498
105377456	LINC02276
105377466	LINC02266
105377467	LINC02491
105377473	TTC29-AS1
105377477	LINC02507
105377486	FHIP1A-DT
105377512	LINC02477
105377532	APOBEC3AP1
105377536	LINC02174
105377540	SAP30-DT
105377555	HAFML
105377556	LINC02509
105377585	LINC02427
105377586	LINC02365
105377595	RPSAP70
105377600	LINC02374
105377602	LINC02514
105377606	LINC02434
105377610	LINC02508
105377617	LINC01596
105377621	NFKB1-AS1
105377623	USP38-DT
105377633	USP34-DT
105377641	PLCL2UT
105377652	LINC02480
105377656	LINC02283
105377659	LINC02928
105377663	EXOC1-AS1
105377667	CHAER1
105377671	LINC02494
105377682	LINC01932
105377690	FABP6-AS1
105377701	LINC01938
105377703	LINC03000
105377709	TENM2-AS3
105377716	KCNIP1-AS1
105377728	LINC01944
105377736	LINC01942
105377745	THOC3-AS1
105377750	FAM193B-DT
105377765	LINC02222
105377769	TRIM7-AS2
105377782	LOC105377782
105377820	RARRES2P6
105377826	LINC02887
105377849	FAM135A-AS1
105377860	LINC02540
105377880	LINC01611
105377922	LINC02836
105377926	LINC02526
105377935	ZBTB24-DT
105377946	LINC02527
105377957	LINC02518
105377959	LNCPOIR
105377962	LINC02534
105377986	HEY2-AS1
105377997	LINC02536
105378013	LINC02524
105378020	SIMALR
105378032	LINC02919
105378047	UST-AS2
105378049	TAB2-AS1
105378065	LINC02840
105378078	SNX9-AS1
105378083	TAGAP-AS1
105378097	LNCR-SMAL
105378146	LOC105378146
105378147	LINC02519
105378215	PPP2R2B-AS2
105378217	STK32A-AS1
105378220	MARCOL
105378235	ATOX1-AS1
105378238	LINC01861
105378240	MRFAP1L1-DT
105378270	LINC02633
105378277	LINC02659
105378292	LINC03029
105378309	LINC02672
105378320	ANK3-DT
105378325	LINC02621
105378330	JMJD1C-AS2
105378340	CTNNA3-AS1
105378346	LINC02651
105378349	LINC02622
105378360	SYNPO2L-AS1
105378385	LINC02679
105378386	LINC02655
105378397	LINC02650
105378421	PANK1-AS1
105378470	LINC02624
105378478	LINC02661
105378481	DUSP5-DT
105378499	HSPA12A-AS1
105378500	SLC18A2-AS1
105378511	GRK5-AS1
105378516	LINC02930
105378525	HTRA1-AS1
105378531	LINC02641
105378533	CPXM2-AS1
105378552	DOCK1-AS1
105378558	EBF3-AS1
105378567	JAKMIP3-AS1
105378568	LINC03068
105378580	LINC01409
105378585	ANKRD65-AS1
105378591	PRKCZ-DT
105378597	MMEL1-AS1
105378610	TP73-AS3
105378614	MICOS10-DT
105378616	TAF12-DT
105378622	LINC01778
105378645	TFAP2E-AS1
105378653	MIR3659HG
105378655	LINC02786
105378656	LINC01685
105378663	RRAGC-DT
105378666	BMP8B-AS1
105378668	MYCL-AS1
105378672	EXO5-DT
105378683	TMEM269-DT
105378687	CDC20-DT
105378688	LINC02918
105378696	TMEM275
105378701	CYP4A22-AS1
105378712	LINC02808
105378715	FAF1-AS1
105378716	LINC01562
105378720	EPS15-AS1
105378732	LRP8-DT
105378734	LINC02784
105378738	LINC01755
105378739	LINC01753
105378744	LINC01767
105378753	LINC02777
105378756	FGGY-DT
105378760	LINC02778
105378763	LINC01748
105378769	LINC01739
105378785	LINC01707
105378786	LINC02791
105378788	LINC01758
105378792	LRRC7-AS1
105378803	LRRC53
105378824	LINC02795
105378828	CLCA4-AS1
105378852	LINC02787
105378853	LINC02609
105378854	LINC01763
105378855	LINC02788
105378872	LINC01709
105378884	LINC01677
105378889	LINC01661
105378892	TMEM167B-DT
105378897	SLC6A17-AS1
105378909	LINC02884
105378910	PPM1J-DT
105378916	LINC01765
105378934	LINC01780
105378949	GNB1-DT
105378952	KLF18
105378960	LINC02118
105378966	LINC02105
105378991	ERCC8-AS1
105378992	LINC02057
105379006	LINC02242
105379033	LINC02230
105379036	LINC02122
105379037	LINC01157
105379041	SV2C-AS1
105379042	SV2C-AS2
105379054	VCAN-AS1
105379057	EDIL3-DT
105379069	LINC02144
105379076	LINC02161
105379098	LINC01846
105379132	SEMA6A-AS2
105379141	LINC02216
105379143	DMXL1-DT
105379152	PRDM6-AS1
105379194	CTNNA1-AS1
105379197	PDZPH1P
105379202	FAM30B
105379219	FAM85B
105379234	MSRA-DT
105379241	BLK-AS1
105379268	FAM197Y8
105379269	FAM197Y7
105379270	FAM197Y6
105379351	LINC02948
105379385	LINC02866
105379393	KAT6A-AS1
105379407	LINC02747
105379427	ZNF73P
105379438	FAM242E
105379478	FAM242B
105379479	DUX4L34
105379487	LINC01670
105379511	NCOR1P4
105379695	IER3-AS1
105379778	LINC02794
105416157	NKILA
105419997	SFTPD-AS1
105447648	LINC02130
105463123	XACT
105616916	LINC01455
105616981	B3GALT1-AS1
105616982	LINC01047
105664404	WSPAR
105667213	LINC01601
105682749	CCEPR
105694156	ERVW-28
105748977	NTRAS
105751187	LRP1-AS
105755953	LINC02676
105755954	ADGRD1-AS1
105827617	LINC02563
106029310	DANT1
106050037	NDUFB9P1
106099130	GSTT1-AS1
106144524	HUNK-AS1
106144526	PLA2G4C-AS1
106144527	LINC01438
106144528	DENND6A-AS1
106144529	GRPEL2-AS1
106144531	LINC00374
106144532	ARF4-AS1
106144533	LINC00430
106144534	BICRA-AS1
106144535	LINC01037
106144536	LINC01078
106144537	LINC01173
106144538	KCNK15-AS1
106144539	FOXD1-AS1
106144540	LINC01326
106144542	LINC01385
106144544	LINC01066
106144555	ERVK-29
106144559	ERVW-8
106144560	ERVW-11
106144561	ERVW-14
106144562	ERVW-18
106144563	ERVW-22
106144564	ERVW-24
106144565	ERVW-27
106144566	ERVK-27
106144567	ERVW-17
106144568	LINC01381
106144571	ERVW-19
106144572	ERVW-26
106144576	ERVW-13
106144578	LINC00604
106144579	ERVW-10
106144580	ERVW-12
106144581	ERVW-16
106144583	ERVW-29
106144584	LINC01290
106144585	LINC01318
106144587	ERVW-21
106144589	ERVW-7
106144590	ERVK-31
106144591	ERVK-30
106144592	LINC01035
106144593	NOP53-AS1
106144597	ERVW-15
106144598	FARSA-AS1
106144599	LINC01259
106144601	LINC01034
106144602	LINC01076
106144603	ERVW-23
106144604	ERVW-20
106144605	ERVW-25
106144607	LINC01074
106144608	LINC00976
106146146	LINC01079
106146148	PSLNR
106146149	LINC01613
106182118	LIMS1-AS1
106182249	LUADT1
106456574	LINC01616
106478909	MTND4LP1
106478910	LAMTOR5P1
106478911	CST12P
106478912	RNU6-41P
106478913	RNU6-5P
106478914	RNU6-4P
106478915	RNU6-11P
106478916	RNU6-18P
106478917	RNU6-22P
106478918	RNU6-27P
106478919	RNU6-3P
106478920	RNU6-37P
106478921	RNU6-43P
106478922	RNU6-44P
106478923	RNU6-49P
106478924	DHRSX-IT1
106478925	KRT18P53
106478926	DPH3P2
106478927	USP9YP16
106478928	USP9YP24
106478929	USP9YP26
106478930	USP9YP31
106478931	USP9YP33
106478932	USP9YP36
106478933	PRYP5
106478934	HSFY5P
106478935	HSFY7P
106478936	FTH1P9
106478937	TPM3P3
106478938	OOEP-AS1
106478939	PHB1P5
106478940	PHB1P6
106478941	MTND6P2
106478942	MTND6P3
106478943	MTND6P4
106478944	MTND6P6
106478945	MTND6P7
106478946	MTND6P9
106478947	MTND6P10
106478948	MTND6P14
106478949	MTND6P15
106478950	MTND6P16
106478951	MTND6P18
106478952	MTND6P20
106478953	RBM22P7
106478955	C4A-AS1
106478956	MDC1-AS1
106478957	DDX39B-AS1
106478958	CYP4F26P
106478959	CYP2C56P
106478960	CYP2AC1P
106478961	ATP6V0CP2
106478962	BACH1-AS1
106478963	BSN-AS1
106478964	CACNA1C-AS3
106478965	IGBP1-AS2
106478966	RRM1-AS1
106478967	SEC62-AS1
106478968	TRPC7-AS2
106478969	DPP10-AS2
106478970	HTR3E-AS1
106478971	ALG13-AS1
106478973	FMR1-IT1
106478974	REV3L-IT1
106478975	SMYD3-IT1
106478976	ASH1L-IT1
106478977	WWTR1-IT1
106478978	FAR1-IT1
106478979	A2ML1-AS2
106478980	RNU1-23P
106478981	TUBB4BP1
106478982	TUBB8P2
106478983	CYP3A52P
106478984	RNY3P1
106478985	RNY3P8
106478986	RNU6-54P
106478987	RNU6-62P
106478988	RNU6-70P
106478989	RNU6-73P
106478990	RNU6-80P
106478992	RNA5SP50
106478993	RNA5SP99
106478994	RNA5SP106
106478995	RNA5SP130
106478996	RNA5SP140
106478997	RNA5SP172
106478998	RNA5SP174
106478999	RNA5SP206
106479000	RNA5SP226
106479001	RNA5SP243
106479002	RNA5SP263
106479003	RNA5SP297
106479004	RNA5SP302
106479005	RNA5SP315
106479006	RNA5SP317
106479007	RNA5SP335
106479008	RNA5SP342
106479009	RNA5SP355
106479010	RNA5SP376
106479011	RNA5SP377
106479012	RNA5SP403
106479013	RNA5SP435
106479014	RNA5SP439
106479015	RNA5SP448
106479016	RNA5SP458
106479017	RNA5SP473
106479018	RNA5SP521
106479019	RNA5SP522
106479020	WASHC5-AS1
106479021	CHEK2P4
106479022	CHEK2P5
106479023	H3P4
106479024	LRRC37A13P
106479025	LRRC37A14P
106479026	NECAP1P2
106479027	KRT18P56
106479028	AIG1P1
106479029	WBP1LP1
106479030	WBP1LP7
106479031	WBP1LP3
106479032	SLC66A2P1
106479033	TRMT112P2
106479034	LARP1BP2
106479035	GZMAP1
106479036	EIF1AXP2
106479037	ALG1L10P
106479038	ALG1L13P
106479039	CHCHD4P5
106479040	CRIP1P3
106479041	TUBAP4
106479042	MTATP8P2
106479043	MTATP6P3
106479044	MTATP6P9
106479045	FCF1P5
106479046	FCF1P10
106479047	EFCAB14P1
106479048	UBE2V1P12
106479049	NIFKP7
106479050	KSR1P1
106479051	NDUFA3P2
106479052	NDUFA3P6
106479053	MED28P5
106479054	TMEM256P2
106479055	SOD1P1
106479056	PIGPP2
106479057	FABP12P1
106479058	COPS8P3
106479059	OLA1P2
106479060	RNU7-90P
106479061	RNU7-92P
106479062	RNU7-95P
106479063	RNU7-97P
106479064	RNU7-102P
106479065	RNU7-105P
106479066	RNU7-106P
106479067	RNU7-107P
106479068	RNU7-113P
106479069	RNU7-115P
106479070	RNU7-119P
106479071	RNU7-123P
106479072	RNU7-124P
106479073	RNU7-126P
106479074	RNU7-130P
106479075	RNU7-133P
106479076	RNU7-136P
106479077	RNU7-140P
106479078	RNU7-143P
106479079	RNU7-144P
106479080	RNU7-149P
106479081	RNU7-152P
106479082	RNU7-153P
106479083	RNU7-156P
106479085	RNU7-160P
106479086	RNU7-164P
106479087	RNU7-165P
106479088	RNU7-167P
106479089	RNU7-171P
106479090	RNU7-173P
106479091	RNU7-175P
106479092	RNU7-179P
106479093	RNU7-181P
106479094	RNU7-185P
106479095	RNU7-187P
106479096	RNU7-190P
106479097	RNU7-195P
106479098	RNU7-196P
106479099	RN7SKP11
106479100	RN7SKP13
106479101	RN7SKP14
106479102	RN7SKP17
106479103	RN7SKP19
106479104	RN7SKP20
106479105	RN7SKP23
106479106	RN7SKP26
106479107	RN7SKP28
106479108	RN7SKP30
106479109	RN7SKP32
106479110	RN7SKP34
106479111	RN7SKP35
106479112	RN7SKP38
106479113	RN7SKP40
106479114	RN7SKP44
106479115	RN7SKP45
106479116	RN7SKP48
106479117	RN7SKP51
106479118	RN7SKP52
106479119	RN7SKP55
106479120	RN7SKP57
106479121	RN7SKP59
106479122	RN7SKP61
106479123	RN7SKP63
106479124	RN7SKP65
106479125	RN7SKP67
106479126	RN7SKP71
106479127	RN7SKP74
106479128	RN7SKP77
106479129	RN7SKP78
106479130	RN7SKP80
106479131	RN7SKP83
106479132	RN7SKP85
106479133	RN7SKP87
106479134	RN7SKP89
106479135	RN7SKP92
106479136	RN7SKP93
106479137	RN7SKP96
106479138	RN7SKP99
106479139	RN7SKP100
106479140	RN7SKP103
106479141	RN7SKP105
106479142	RN7SKP106
106479143	RN7SKP109
106479144	RN7SKP111
106479145	RN7SKP112
106479146	RN7SKP115
106479147	RN7SKP117
106479148	RN7SKP122
106479149	RN7SKP123
106479150	RN7SKP125
106479151	RN7SKP128
106479152	RN7SKP129
106479153	RN7SKP131
106479154	RN7SKP134
106479155	RN7SKP136
106479156	RN7SKP137
106479157	RN7SKP141
106479158	RN7SKP143
106479159	RN7SKP144
106479160	RN7SKP146
106479161	RN7SKP149
106479162	RN7SKP151
106479163	RN7SKP152
106479164	RN7SKP155
106479165	RN7SKP157
106479166	RN7SKP160
106479167	RN7SKP161
106479168	RN7SKP163
106479169	RN7SKP167
106479170	RN7SKP168
106479171	RN7SKP170
106479172	RN7SKP174
106479173	RN7SKP175
106479174	RN7SKP177
106479175	RN7SKP178
106479176	RN7SKP181
106479177	RN7SKP182
106479178	RN7SKP185
106479179	RN7SKP188
106479180	RN7SKP189
106479181	RN7SKP193
106479182	RN7SKP196
106479183	RN7SKP198
106479184	RN7SKP199
106479185	RN7SKP203
106479186	RN7SKP205
106479187	RN7SKP206
106479188	RN7SKP209
106479189	RN7SKP211
106479190	RN7SKP216
106479191	RN7SKP217
106479192	RN7SKP219
106479193	RN7SKP222
106479194	RN7SKP223
106479195	RN7SKP225
106479196	RN7SKP228
106479197	RN7SKP230
106479198	RN7SKP231
106479199	RN7SKP235
106479200	RN7SKP237
106479201	RN7SKP238
106479202	RN7SKP240
106479203	RN7SKP244
106479204	RN7SKP246
106479205	RN7SKP247
106479206	RN7SKP250
106479207	RN7SKP252
106479208	RN7SKP253
106479209	RN7SKP255
106479210	RN7SKP257
106479211	RN7SKP260
106479212	RN7SKP262
106479213	RN7SKP264
106479214	RN7SKP266
106479215	RN7SKP268
106479216	RN7SKP270
106479217	RN7SKP272
106479218	RN7SKP276
106479219	RN7SKP277
106479220	RN7SKP280
106479221	RN7SKP283
106479222	RN7SKP284
106479223	RN7SKP288
106479224	RN7SKP289
106479225	RN7SKP292
106479226	RN7SKP294
106479227	RN7SKP297
106479228	RN7SKP298
106479229	RN7SL11P
106479230	RN7SL15P
106479231	RN7SL16P
106479232	RN7SL20P
106479233	RN7SL25P
106479234	RN7SL26P
106479235	RN7SL30P
106479236	RN7SL33P
106479237	RN7SL36P
106479238	RN7SL37P
106479239	RN7SL39P
106479240	RN7SL42P
106479241	RN7SL43P
106479242	RN7SL47P
106479243	RN7SL50P
106479244	RN7SL55P
106479245	RN7SL58P
106479246	RN7SL62P
106479247	RN7SL65P
106479248	RN7SL67P
106479249	RN7SL70P
106479250	RN7SL73P
106479251	RN7SL76P
106479252	RN7SL77P
106479253	RN7SL81P
106479254	RN7SL83P
106479255	RN7SL87P
106479256	RN7SL89P
106479257	RN7SL92P
106479258	RN7SL97P
106479259	RN7SL98P
106479260	RN7SL101P
106479261	RN7SL106P
106479262	RN7SL107P
106479263	RN7SL111P
106479264	RN7SL117P
106479265	RN7SL121P
106479266	RN7SL123P
106479267	RN7SL125P
106479268	RN7SL126P
106479269	RN7SL130P
106479270	RN7SL132P
106479271	RN7SL134P
106479272	RN7SL140P
106479273	RN7SL143P
106479274	RN7SL147P
106479275	RN7SL148P
106479276	RN7SL150P
106479277	RN7SL154P
106479278	RN7SL155P
106479279	RN7SL159P
106479280	RN7SL163P
106479281	RN7SL165P
106479282	RN7SL166P
106479283	RN7SL170P
106479284	RN7SL173P
106479285	RN7SL174P
106479286	RN7SL178P
106479287	RN7SL182P
106479288	RN7SL184P
106479289	RN7SL185P
106479290	RN7SL188P
106479291	RN7SL190P
106479292	RN7SL191P
106479293	RN7SL196P
106479294	RN7SL198P
106479295	RN7SL202P
106479296	RN7SL203P
106479297	RN7SL205P
106479298	RN7SL210P
106479299	RN7SL211P
106479300	RN7SL214P
106479301	RN7SL217P
106479302	RN7SL219P
106479303	RN7SL220P
106479304	RN7SL225P
106479305	RN7SL229P
106479306	RN7SL230P
106479307	RN7SL234P
106479308	RN7SL237P
106479309	RN7SL239P
106479310	RN7SL240P
106479311	RN7SL244P
106479312	RN7SL248P
106479313	RN7SL250P
106479314	RN7SL253P
106479315	RN7SL255P
106479316	RN7SL261P
106479317	RN7SL262P
106479318	RN7SL265P
106479319	RN7SL268P
106479320	RN7SL269P
106479321	RN7SL271P
106479322	RN7SL274P
106479323	RN7SL277P
106479324	RN7SL278P
106479325	RN7SL283P
106479326	RN7SL285P
106479327	RN7SL286P
106479328	RN7SL291P
106479329	RN7SL294P
106479330	RN7SL297P
106479331	RN7SL299P
106479332	RN7SL302P
106479333	RN7SL304P
106479334	RN7SL305P
106479335	RN7SL308P
106479336	RN7SL310P
106479337	RN7SL316P
106479338	RN7SL317P
106479339	RN7SL319P
106479340	RN7SL322P
106479341	RN7SL323P
106479342	RN7SL326P
106479343	RN7SL329P
106479344	RN7SL331P
106479345	RN7SL332P
106479346	RN7SL336P
106479347	RN7SL338P
106479348	RN7SL339P
106479349	RN7SL342P
106479350	RN7SL346P
106479351	RN7SL351P
106479352	RN7SL352P
106479353	RN7SL356P
106479354	RN7SL359P
106479355	RN7SL361P
106479356	RN7SL364P
106479357	RN7SL368P
106479358	RN7SL372P
106479359	RN7SL375P
106479360	RN7SL377P
106479361	RN7SL380P
106479362	RN7SL381P
106479363	RN7SL383P
106479364	RN7SL386P
106479365	RN7SL388P
106479366	RN7SL390P
106479367	RN7SL394P
106479368	RN7SL396P
106479369	RN7SL397P
106479370	RN7SL399P
106479371	RN7SL402P
106479372	RN7SL404P
106479373	RN7SL405P
106479374	RN7SL413P
106479375	RN7SL415P
106479376	RN7SL419P
106479377	RN7SL420P
106479378	RN7SL423P
106479379	RN7SL428P
106479380	RN7SL429P
106479381	RN7SL435P
106479382	RN7SL438P
106479383	RN7SL441P
106479384	RN7SL444P
106479385	RN7SL446P
106479386	RN7SL447P
106479387	RN7SL452P
106479388	RN7SL454P
106479389	RN7SL455P
106479390	RN7SL459P
106479391	RN7SL462P
106479392	RN7SL465P
106479393	RN7SL466P
106479394	RN7SL470P
106479395	RN7SL472P
106479396	RN7SL473P
106479397	RN7SL477P
106479398	RN7SL479P
106479399	RN7SL483P
106479400	RN7SL484P
106479401	RN7SL488P
106479402	RN7SL492P
106479403	RN7SL493P
106479404	RN7SL495P
106479405	RN7SL498P
106479406	RN7SL500P
106479407	RN7SL502P
106479408	RN7SL507P
106479409	RN7SL509P
106479410	RN7SL510P
106479411	RN7SL516P
106479412	RN7SL519P
106479413	RN7SL521P
106479414	RN7SL523P
106479415	RN7SL526P
106479416	RN7SL531P
106479417	RN7SL535P
106479418	RN7SL539P
106479419	RN7SL542P
106479420	RN7SL546P
106479421	RN7SL547P
106479422	RN7SL551P
106479423	RN7SL554P
106479424	RN7SL555P
106479425	RN7SL557P
106479426	RN7SL560P
106479427	RN7SL563P
106479428	RN7SL564P
106479429	RN7SL568P
106479430	RN7SL570P
106479431	RN7SL571P
106479432	RN7SL575P
106479433	RN7SL578P
106479434	RN7SL581P
106479435	RN7SL582P
106479436	RN7SL585P
106479437	RN7SL587P
106479438	RN7SL589P
106479439	RN7SL594P
106479440	RN7SL597P
106479441	RN7SL602P
106479442	RN7SL604P
106479443	RN7SL606P
106479444	RN7SL610P
106479445	RN7SL612P
106479446	RN7SL615P
106479447	RN7SL618P
106479448	RN7SL620P
106479449	RN7SL621P
106479450	RN7SL625P
106479451	RN7SL628P
106479452	RN7SL629P
106479453	RN7SL633P
106479454	RN7SL635P
106479455	RN7SL638P
106479456	RN7SL640P
106479457	RN7SL645P
106479458	RN7SL647P
106479459	RN7SL648P
106479460	RN7SL652P
106479461	RN7SL654P
106479462	RN7SL659P
106479463	RN7SL660P
106479464	RN7SL664P
106479465	RN7SL667P
106479466	RN7SL668P
106479467	RN7SL671P
106479468	RN7SL674P
106479469	RN7SL676P
106479470	RN7SL677P
106479471	RN7SL681P
106479472	RN7SL684P
106479473	RN7SL685P
106479474	RN7SL688P
106479475	RN7SL690P
106479476	RN7SL692P
106479477	RN7SL693P
106479478	RN7SL700P
106479479	RN7SL703P
106479480	RN7SL706P
106479481	RN7SL708P
106479482	RN7SL711P
106479483	RN7SL715P
106479484	RN7SL716P
106479485	RN7SL718P
106479486	RN7SL722P
106479487	RN7SL724P
106479488	RN7SL726P
106479489	RN7SL733P
106479490	RN7SL734P
106479491	RN7SL740P
106479492	RN7SL743P
106479493	RN7SL744P
106479494	RN7SL749P
106479495	RN7SL751P
106479496	RN7SL753P
106479497	RN7SL754P
106479498	RN7SL759P
106479499	RN7SL761P
106479500	RN7SL762P
106479501	RN7SL766P
106479502	RN7SL769P
106479503	RN7SL776P
106479504	RN7SL778P
106479505	RN7SL783P
106479506	RN7SL786P
106479507	RN7SL787P
106479508	RN7SL789P
106479509	RN7SL792P
106479510	RN7SL794P
106479511	RN7SL795P
106479512	RN7SL800P
106479513	RN7SL802P
106479514	RN7SL803P
106479515	RN7SL806P
106479516	RN7SL809P
106479517	RN7SL811P
106479518	RN7SL812P
106479519	RN7SL815P
106479520	RN7SL818P
106479521	RN7SL822P
106479522	RN7SL823P
106479523	RN7SL826P
106479524	RN7SL832P
106479525	RN7SL833P
106479526	RN7SL835P
106479527	RN7SL838P
106479528	RN7SL840P
106479529	RN7SL842P
106479530	RN7SL846P
106479531	RN7SL849P
106479532	RN7SL850P
106479533	RN7SL856P
106479534	RN7SL861P
106479535	RN7SL862P
106479536	RN7SL864P
106479537	RN7SL868P
106479538	VTRNA2-2P
106479539	RNU4ATAC4P
106479540	RNU4ATAC6P
106479541	RNU4ATAC9P
106479542	RNU4ATAC10P
106479543	RNU4ATAC13P
106479544	RNU4ATAC15P
106479545	RNU6ATAC6P
106479546	RNU6ATAC7P
106479547	RNU6ATAC9P
106479548	RNU6ATAC12P
106479549	RNU6ATAC13P
106479550	RNU6ATAC16P
106479551	RNU6ATAC18P
106479552	RNU6ATAC21P
106479553	RNU6ATAC22P
106479554	RNU6ATAC24P
106479555	RNU6ATAC28P
106479556	RNU6ATAC32P
106479557	RNU6ATAC34P
106479558	RNU6ATAC37P
106479559	RNU6ATAC38P
106479560	RNU6ATAC40P
106479561	RNU11-2P
106479562	RNU11-3P
106479563	RNU11-5P
106479564	RNU4-12P
106479565	RNU4-15P
106479566	RNU4-16P
106479567	RNU4-20P
106479568	RNU4-23P
106479569	RNU4-26P
106479570	RNU4-28P
106479571	RNU4-30P
106479572	RNU4-32P
106479573	RNU4-36P
106479574	RNU4-38P
106479575	RNU4-39P
106479576	RNU4-40P
106479577	RNU4-42P
106479578	RNU4-44P
106479579	RNU4-47P
106479580	RNU4-48P
106479581	RNU4-51P
106479582	RNU4-53P
106479583	RNU4-54P
106479584	RNU4-57P
106479585	RNU4-60P
106479586	RNU4-62P
106479587	RNU4-63P
106479588	RNU4-66P
106479589	RNU4-68P
106479590	RNU4-69P
106479591	RNU4-72P
106479592	RNU4-74P
106479593	RNU4-75P
106479594	RNU4-78P
106479595	RNU4-81P
106479596	RNU4-83P
106479597	RNU4-85P
106479598	RNU4-87P
106479599	RNU4-88P
106479600	RNU4-90P
106479601	RNU4-92P
106479602	RPPH1-3P
106479603	RNU6-84P
106479604	RNU6-86P
106479605	RNU6-88P
106479606	RNU6-91P
106479607	RNU6-92P
106479608	RNU6-95P
106479609	RNU6-98P
106479610	RNU6-99P
106479611	RNU6-101P
106479612	RNU6-104P
106479613	RNU6-106P
106479614	RNU6-107P
106479615	RNU6-110P
106479616	RNU6-113P
106479617	RNU6-115P
106479618	RNU6-118P
106479619	RNU6-120P
106479620	RNU6-123P
106479621	RNU6-125P
106479622	RNU6-126P
106479623	RNU6-129P
106479624	RNU6-131P
106479625	RNU6-135P
106479626	RNU6-136P
106479627	RNU6-138P
106479628	RNU6-142P
106479629	RNU6-143P
106479630	RNU6-145P
106479631	RNU6-148P
106479632	RNU6-150P
106479633	RNU6-151P
106479634	RNU6-153P
106479635	RNU6-156P
106479636	RNU6-157P
106479637	RNU6-160P
106479638	RNU6-163P
106479639	RNU6-164P
106479640	RNU6-168P
106479641	RNU6-170P
106479642	RNU6-172P
106479643	RNU6-173P
106479644	RNU6-176P
106479645	RNU6-178P
106479646	RNU6-179P
106479647	RNU6-182P
106479648	RNU6-184P
106479649	RNU6-188P
106479650	RNU6-189P
106479651	RNU6-191P
106479652	RNU6-194P
106479653	RNU6-195P
106479654	RNU6-197P
106479655	RNU6-200P
106479656	RNU6-202P
106479657	RNU6-203P
106479658	RNU6-208P
106479659	RNU6-210P
106479660	RNU6-211P
106479661	RNU6-214P
106479662	RNU6-216P
106479663	RNU6-218P
106479664	RNU6-219P
106479665	RNU6-222P
106479666	RNU6-224P
106479667	RNU6-225P
106479668	RNU6-228P
106479669	RNU6-230P
106479670	RNU6-234P
106479671	RNU6-235P
106479672	RNU6-237P
106479673	RNU6-240P
106479674	RNU6-241P
106479675	RNU6-243P
106479676	RNU6-247P
106479677	RNU6-249P
106479678	RNU6-250P
106479679	RNU6-254P
106479680	RNU6-256P
106479681	RNU6-257P
106479682	RNU6-260P
106479683	RNU6-263P
106479684	RNU6-266P
106479685	RNU6-268P
106479686	RNU6-270P
106479687	RNU6-272P
106479688	RNU6-274P
106479689	RNU6-276P
106479690	RNU6-279P
106479691	RNU6-282P
106479692	RNU6-283P
106479693	RNU6-285P
106479694	RNU6-288P
106479695	RNU6-289P
106479696	RNU6-291P
106479697	RNU6-294P
106479698	RNU6-296P
106479699	RNU6-297P
106479700	RNU6-300P
106479701	RNU6-302P
106479702	RNU6-303P
106479703	RNU6-306P
106479704	RNU6-309P
106479705	RNU6-311P
106479706	RNU6-312P
106479707	RNU6-315P
106479708	RNU6-317P
106479709	RNU6-321P
106479710	RNU6-324P
106479711	RNU6-328P
106479712	RNU6-329P
106479713	RNU6-331P
106479714	RNU6-334P
106479715	RNU6-335P
106479716	RNU6-337P
106479717	RNU6-340P
106479718	RNU6-342P
106479719	RNU6-343P
106479720	RNU6-347P
106479721	RNU6-349P
106479722	RNU6-351P
106479723	RNU6-353P
106479724	RNU6-356P
106479725	RNU6-359P
106479726	RNU6-360P
106479727	RNU6-363P
106479728	RNU6-365P
106479729	RNU6-368P
106479730	RNU6-369P
106479731	RNU6-371P
106479732	RNU6-376P
106479733	RNU6-377P
106479734	RNU6-379P
106479735	RNU6-382P
106479736	RNU6-383P
106479737	RNU6-388P
106479738	RNU6-390P
106479739	RNU6-391P
106479740	RNU6-395P
106479741	RNU6-397P
106479742	RNU6-398P
106479743	RNU6-401P
106479744	RNU6-405P
106479745	RNU6-407P
106479746	RNU6-408P
106479747	RNU6-411P
106479748	RNU6-413P
106479749	RNU6-414P
106479750	RNU6-417P
106479751	RNU6-419P
106479753	RNU6-424P
106479754	RNU6-426P
106479755	RNU6-429P
106479756	RNU6-430P
106479757	RNU6-432P
106479758	RNU6-435P
106479759	RNU6-437P
106479760	RNU6-438P
106479761	RNU6-442P
106479762	RNU6-444P
106479763	RNU6-445P
106479764	RNU6-448P
106479765	RNU6-451P
106479766	RNU6-453P
106479767	RNU6-455P
106479768	RNU6-457P
106479769	RNU6-460P
106479770	RNU6-462P
106479771	RNU6-464P
106479772	RNU6-467P
106479773	RNU6-470P
106479774	RNU6-471P
106479775	RNU6-473P
106479776	RNU6-475P
106479777	RNU6-476P
106479778	RNU6-478P
106479779	RNU6-481P
106479780	RNU6-483P
106479781	RNU6-484P
106479782	RNU6-488P
106479783	RNU6-490P
106479784	RNU6-491P
106479785	RNU6-494P
106479786	RNU6-497P
106479787	RNU6-499P
106479788	RNU6-500P
106479789	RNU6-503P
106479790	RNU6-505P
106479791	RNU6-506P
106479792	RNU6-509P
106479793	RNU6-511P
106479794	RNU6-516P
106479795	RNU6-517P
106479796	RNU6-519P
106479797	RNU6-522P
106479798	RNU6-523P
106479799	RNU6-525P
106479800	RNU6-528P
106479801	RNU6-530P
106479802	RNU6-531P
106479803	RNU6-535P
106479804	RNU6-537P
106479805	RNU6-538P
106479806	RNU6-540P
106479807	RNU6-543P
106479808	RNU6-545P
106479809	RNU6-546P
106479810	RNU6-549P
106479811	RNU6-551P
106479812	RNU6-554P
106479813	RNU6-555P
106479814	RNU6-557P
106479815	RNU6-561P
106479816	RNU6-562P
106479817	RNU6-564P
106479818	RNU6-567P
106479819	RNU6-571P
106479820	RNU6-574P
106479821	RNU6-576P
106479822	RNU6-577P
106479823	RNU6-581P
106479824	RNU6-583P
106479825	RNU6-584P
106479826	RNU6-588P
106479827	RNU6-591P
106479828	RNU6-593P
106479829	RNU6-595P
106479830	RNU6-598P
106479831	RNU6-600P
106479832	RNU6-601P
106479833	RNU6-604P
106479834	RNU6-606P
106479835	RNU6-610P
106479836	RNU6-611P
106479837	RNU6-613P
106479838	RNU6-616P
106479839	RNU6-617P
106479840	RNU6-619P
106479841	RNU6-622P
106479842	RNU6-624P
106479843	RNU6-625P
106479844	RNU6-629P
106479845	RNU6-631P
106479846	RNU6-632P
106479847	RNU6-634P
106479848	RNU6-637P
106479849	RNU6-639P
106479850	RNU6-640P
106479851	RNU6-643P
106479852	RNU6-645P
106479853	RNU6-648P
106479854	RNU6-649P
106479855	RNU6-651P
106479856	RNU6-655P
106479857	RNU6-656P
106479858	RNU6-658P
106479859	RNU6-661P
106479860	RNU6-662P
106479861	RNU6-664P
106479862	RNU6-667P
106479863	RNU6-670P
106479864	RNU6-675P
106479865	RNU6-678P
106479866	RNU6-679P
106479867	RNU6-682P
106479868	RNU6-685P
106479869	RNU6-687P
106479870	RNU6-689P
106479871	RNU6-692P
106479872	RNU6-694P
106479873	RNU6-696P
106479874	RNU6-697P
106479875	RNU6-699P
106479876	RNU6-703P
106479877	RNU6-704P
106479878	RNU6-706P
106479879	RNU6-709P
106479880	RNU6-710P
106479881	RNU6-711P
106479882	RNU6-713P
106479883	RNU6-716P
106479884	RNU6-717P
106479885	RNU6-720P
106479886	RNU6-723P
106479887	RNU6-724P
106479888	RNU6-728P
106479889	RNU6-730P
106479890	RNU6-732P
106479891	RNU6-733P
106479892	RNU6-738P
106479893	RNU6-740P
106479894	RNU6-741P
106479895	RNU6-744P
106479896	RNU6-746P
106479897	RNU6-750P
106479898	RNU6-751P
106479899	RNU6-753P
106479900	RNU6-756P
106479901	RNU6-757P
106479902	RNU6-759P
106479903	RNU6-762P
106479904	RNU6-764P
106479905	RNU6-765P
106479906	RNU6-769P
106479907	RNU6-771P
106479908	RNU6-772P
106479909	RNU6-775P
106479910	RNU6-778P
106479911	RNU6-781P
106479912	RNU6-783P
106479913	RNU6-785P
106479914	RNU6-787P
106479915	RNU6-789P
106479916	RNU6-791P
106479917	RNU6-793P
106479918	RNU6-797P
106479919	RNU6-798P
106479920	RNU6-801P
106479921	RNU6-804P
106479922	RNU6-805P
106479923	RNU6-807P
106479924	RNU6-809P
106479925	RNU6-811P
106479926	RNU6-812P
106479927	RNU6-817P
106479928	RNU6-819P
106479929	RNU6-820P
106479930	RNU6-822P
106479931	RNU6-826P
106479932	RNU6-828P
106479933	RNU6-829P
106479934	RNU6-832P
106479935	RNU6-834P
106479936	RNU6-837P
106479937	RNU6-838P
106479938	RNU6-1342P
106479939	RNU6-844P
106479940	RNU6-845P
106479941	RNU6-848P
106479942	RNU6-851P
106479943	RNU6-853P
106479944	RNU6-855P
106479945	RNU6-858P
106479946	RNU6-860P
106479947	RNU6-861P
106479948	RNU6-865P
106479949	RNU6-867P
106479950	RNU6-871P
106479951	RNU6-873P
106479952	RNU6-874P
106479953	RNU6-875P
106479954	RNU6-878P
106479955	RNU6-880P
106479956	RNU6-881P
106479957	RNU6-884P
106479958	RNU6-886P
106479959	RNU6-888P
106479960	RNU6-891P
106479961	RNU6-893P
106479962	RNU6-895P
106479963	RNU6-897P
106479964	RNU6-899P
106479965	RNU6-901P
106479966	RNU6-904P
106479967	RNU6-905P
106479968	RNU6-908P
106479969	RNU6-911P
106479970	RNU6-912P
106479971	RNU6-917P
106479972	RNU6-919P
106479973	RNU6-921P
106479974	RNU6-922P
106479975	RNU6-925P
106479976	RNU6-927P
106479977	RNU6-928P
106479978	RNU6-931P
106479979	RNU6-933P
106479980	RNU6-937P
106479981	RNU6-938P
106479982	RNU6-940P
106479983	RNU6-944P
106479984	RNU6-945P
106479985	RNU6-947P
106479986	RNU6-950P
106479987	RNU6-952P
106479988	RNU6-953P
106479989	RNU6-957P
106479990	RNU6-959P
106479991	RNU6-960P
106479992	RNU6-964P
106479993	RNU6-967P
106479994	RNU6-969P
106479995	RNU6-972P
106479996	RNU6-973P
106479997	RNU6-975P
106479998	RNU6-978P
106479999	RNU6-979P
106480001	RNU6-985P
106480002	RNU6-987P
106480003	RNU6-988P
106480004	RNU6-991P
106480005	RNU6-993P
106480006	RNU6-994P
106480007	RNU6-997P
106480008	RNU6-999P
106480009	RNU6-1004P
106480010	RNU6-1006P
106480011	RNU6-1011P
106480012	RNU6-1013P
106480013	RNU6-1014P
106480014	RNU6-1017P
106480015	RNU6-1019P
106480016	RNU6-1022P
106480017	RNU6-1023P
106480018	RNU6-1025P
106480019	RNU6-1029P
106480020	RNU6-1031P
106480021	RNU6-1036P
106480022	RNU6-1038P
106480023	RNU6-1040P
106480024	RNU6-1042P
106480025	RNU6-1045P
106480026	RNU6-1046P
106480027	RNU6-1048P
106480028	RNU6-1052P
106480029	RNU6-1054P
106480030	RNU6-1057P
106480031	RNU6-1059P
106480032	RNU6-1060P
106480033	RNU6-1061P
106480034	RNU6-1065P
106480035	RNU6-1066P
106480036	RNU6-1069P
106480037	RNU6-1072P
106480038	RNU6-1076P
106480039	RNU6-1077P
106480040	RNU6-1079P
106480041	RNU6-1082P
106480042	RNU6-1084P
106480043	RNU6-1085P
106480044	RNU6-1088P
106480045	RNU6-1090P
106480046	RNU6-1092P
106480047	RNU6-1094P
106480048	RNU6-1097P
106480049	RNU6-1100P
106480050	RNU6-1101P
106480051	RNU6-1103P
106480052	RNU6-1105P
106480053	RNU6-1106P
106480054	RNU6-1109P
106480055	RNU6-1112P
106480056	RNU6-1113P
106480057	RNU6-1116P
106480058	RNU6-1118P
106480059	RNU6-1120P
106480060	RNU6-1123P
106480061	RNU6-1125P
106480062	RNU6-1128P
106480063	RNU6-1130P
106480064	RNU6-1131P
106480065	RNU6-1134P
106480066	RNU6-1136P
106480067	RNU6-1137P
106480068	RNU6-1140P
106480069	RNU6-1143P
106480070	RNU6-1146P
106480071	RNU6-1147P
106480072	RNU6-1150P
106480073	RNU6-1152P
106480074	RNU6-1154P
106480075	RNU6-1156P
106480076	RNU6-1158P
106480077	RNU6-1161P
106480078	RNU6-1162P
106480079	RNU6-1165P
106480080	RNU6-1169P
106480081	RNU6-1170P
106480082	RNU6-1175P
106480083	RNU6-1178P
106480084	RNU6-1179P
106480085	RNU6-1181P
106480086	RNU6-1186P
106480087	RNU6-1190P
106480088	RNU6-1192P
106480089	RNU6-1196P
106480090	RNU6-1198P
106480091	RNU6-1199P
106480092	RNU6-1203P
106480093	RNU6-1205P
106480094	RNU6-1208P
106480095	RNU6-1209P
106480096	RNU6-1211P
106480097	RNU6-1215P
106480098	RNU6-1216P
106480099	RNU6-1218P
106480100	RNU6-1222P
106480101	RNU6-1224P
106480102	RNU6-1226P
106480103	RNU6-1228P
106480104	RNU6-1231P
106480105	RNU6-1232P
106480106	RNU6-1234P
106480107	RNU6-1238P
106480108	RNU6-1242P
106480109	RNU6-1245P
106480110	RNU6-1246P
106480111	RNU6-1248P
106480112	RNU6-1251P
106480113	RNU6-1252P
106480114	RNU6-1256P
106480115	RNU6-1258P
106480116	RNU6-1261P
106480117	RNU6-1264P
106480118	RNU6-1266P
106480119	RNU6-1269P
106480120	RNU6-1271P
106480121	RNU6-1272P
106480122	RNU6-1275P
106480123	RNU6-1277P
106480124	RNU6-1278P
106480125	RNU6-1281P
106480126	RNU6-1284P
106480127	RNU6-1287P
106480128	RNU6-1288P
106480129	RNU6-1290P
106480130	RNU6-1293P
106480131	RNU6-1294P
106480132	RNU6-1296P
106480133	RNU6-1299P
106480134	RNU6-1300P
106480135	RNU6-1304P
106480136	RNU6-1306P
106480137	RNU6-1308P
106480138	RNU6-1311P
106480139	RNU6-1313P
106480140	RNU6-1316P
106480141	RNU6-1318P
106480142	RNU6-1319P
106480143	RNU6-1322P
106480144	RNU6-1324P
106480145	RNU6-1325P
106480146	RNU6-1328P
106480147	RNU6-1331P
106480148	RNU6-1334P
106480149	RNU6-1335P
106480150	RNU6-1338P
106480151	RNU6-1340P
106480152	RNU1-6P
106480153	RPS4XP23
106480154	RNU1-29P
106480155	RNU1-32P
106480156	RNU1-33P
106480157	RNU1-35P
106480158	RNU1-40P
106480159	RNU1-43P
106480160	RNU1-44P
106480161	RNU1-47P
106480162	RNU1-49P
106480163	RNU1-51P
106480164	RNU1-52P
106480165	RNU1-56P
106480166	RNU1-57P
106480167	RNVU1-24
106480168	RNU1-64P
106480169	RNU1-67P
106480171	RNU1-74P
106480172	RNU1-75P
106480173	RNU1-77P
106480174	RNU1-80P
106480175	RNU1-82P
106480176	RNU1-83P
106480177	RNVU1-34
106480178	RNVU1-33
106480179	RNU1-91P
106480180	RNU1-93P
106480181	RNU1-96P
106480182	RNU1-97P
106480183	RNU1-100P
106480184	RNU1-104P
106480185	RNU1-105P
106480186	RNU1-107P
106480187	RNU1-112P
106480188	RNU1-115P
106480189	RNU1-117P
106480190	RNVU1-21
106480191	RNU1-128P
106480192	RNU1-130P
106480193	RNU1-131P
106480194	RNU1-134P
106480195	RNU1-138P
106480196	RNU1-139P
106480197	RNU1-142P
106480198	RNU1-146P
106480199	RPL3P13
106480200	RNU2-8P
106480201	RNU2-10P
106480202	RNU2-12P
106480203	RNU2-13P
106480204	RNU2-17P
106480205	RNU2-18P
106480206	RNU2-21P
106480207	RNU2-24P
106480208	RNU2-25P
106480209	RNU2-29P
106480210	RNU2-31P
106480211	RNU2-33P
106480212	RNU2-35P
106480213	RNU2-37P
106480214	RNU2-39P
106480215	RNU2-41P
106480216	RNU2-43P
106480217	RNU2-45P
106480218	RNU2-46P
106480219	RNU2-49P
106480220	RNU2-53P
106480221	RNU2-56P
106480222	RNU2-57P
106480223	RNU2-59P
106480224	RNU2-62P
106480225	RNU2-63P
106480226	RNU2-65P
106480227	RNU2-70P
106480228	RNU2-71P
106480229	MED15P8
106480230	ENPP7P12
106480231	RARRES2P5
106480232	OSBPL9P5
106480233	HNRNPH3P1
106480234	HNRNPA3P15
106480235	HNRNPA1P62
106480236	HNRNPA1P72
106480237	MTHFD2P2
106480238	KRT128P
106480239	SLC2A13P1
106480240	SLC25A36P1
106480241	CLPTM1LP1
106480242	PRELID3BP5
106480243	PRELID3BP8
106480244	AZU1P1
106480245	RPL17P51
106480246	SRGNP1
106480247	NDE1P2
106480248	GRAMD4P4
106480249	RAP2CP1
106480250	ELOCP35
106480251	OOSP1P1
106480252	OOSP1P2
106480253	KLF2P1
106480254	HSPE1P6
106480255	HSPE1P9
106480256	HSPE1P13
106480257	HSPE1P18
106480258	HSPE1P21
106480259	HSPE1P24
106480260	HSPE1P25
106480261	HSPE1P27
106480262	SUMO2P12
106480263	SUMO2P13
106480264	SUMO2P14
106480265	COX6CP7
106480266	COX6CP11
106480267	COX6CP13
106480268	COX6CP15
106480269	COX6CP17
106480270	SNRPGP16
106480271	SNRPGP20
106480272	IMP3P2
106480273	YWHAEP3
106480274	IGKV1OR9-2
106480275	TXNP7
106480276	UBE2Q2P9
106480277	EIF1P6
106480278	MCRIP2P2
106480279	CRB3P1
106480280	BNIP3P9
106480281	BNIP3P19
106480282	BNIP3P31
106480283	BNIP3P32
106480284	BNIP3P35
106480285	BNIP3P37
106480286	BNIP3P11
106480287	LARP7P1
106480288	LSM1P2
106480289	C11ORF98P1
106480290	SNRPCP5
106480291	SNRPCP16
106480292	SNRPCP20
106480293	UBTFL10
106480294	NENFP1
106480295	PDCL2P2
106480296	MTCO2P4
106480297	THEM7P
106480298	NUTF2P3
106480299	CTHRC1P1
106480300	LLPHP2
106480301	TOMM20P3
106480302	MZT1P1
106480303	PRR13P2
106480304	MREGP1
106480305	AP1S2P1
106480306	AKIRIN1P2
106480307	CCND3P2
106480308	RNY1P10
106480309	RNY1P12
106480310	RNY1P13
106480311	RNY1P14
106480312	RNY1P16
106480313	RNY4P36
106480314	RNY4P37
106480315	RNY3P12
106480316	RNY3P14
106480317	MLECP1
106480318	MTCO1P5
106480319	NAMPTP3
106480320	TMF1P1
106480321	FRG2GP
106480322	BOLA2P2
106480323	BOLA2P3
106480324	BOLA3P4
106480325	WBP1LP8
106480326	WBP1LP10
106480327	WBP1LP12
106480328	TRIM80P
106480329	BSNDP1
106480330	BTG4P1
106480331	BUD31P1
106480332	BUD31P2
106480333	SULT1C2P2
106480334	BMS1P22
106480335	ACTP1
106480336	RPL23AP89
106480337	RPL23AP91
106480338	RPL23AP95
106480339	TCF4-AS2
106480340	SEPTIN14P1
106480341	SEPTIN14P8
106480342	ZYXP1
106480343	SEPTIN14P12
106480344	SEPTIN14P17
106480345	SEPTIN14P24
106480346	GTF2IP11
106480347	GTF2IP22
106480348	NF1P10
106480349	DUX4L46
106480350	DUX4L50
106480351	FRG2IP
106480352	FRG2LP
106480353	C1QL1P1
106480354	DUX4L52
106480355	USP9YP21
106480356	SLC9A9-AS2
106480357	RNA5SP59
106480358	RNA5SP311
106480359	PTGES3P5
106480360	UBE2FP3
106480361	RNU7-96P
106480362	RNU7-127P
106480363	RNU7-186P
106480364	RN7SKP25
106480365	RN7SKP94
106480366	RN7SKP140
106480367	RN7SKP165
106480368	RN7SKP234
106480369	RN7SKP281
106480370	RN7SL19P
106480371	RN7SL110P
106480372	RN7SL169P
106480373	RN7SL258P
106480374	RN7SL282P
106480375	RN7SL335P
106480376	RN7SL424P
106480377	RN7SL451P
106480378	RN7SL543P
106480379	RN7SL624P
106480380	RN7SL680P
106480381	RN7SL713P
106480382	RN7SL799P
106480383	RN7SL854P
106480384	RNU6ATAC25P
106480385	RNU4-34P
106480386	RNU4-80P
106480387	RNU6-161P
106480388	RNU6-232P
106480389	RNU6-299P
106480390	RNU6-325P
106480391	RNU6-1341P
106480392	RNU6-441P
106480393	RNU6-487P
106480394	RNU6-512P
106480395	RNU6-580P
106480396	RNU6-628P
106480397	RNU6-653P
106480398	RNU6-700P
106480399	RNU6-747P
106480400	RNU6-794P
106480401	RNU6-816P
106480402	RNU6-889P
106480403	RNU6-935P
106480404	RNU6-956P
106480405	RNU6-1028P
106480406	RNU6-1075P
106480407	RNU6-1167P
106480408	RNU6-1188P
106480409	RNU6-1262P
106480410	RNU6-1309P
106480411	RNU6-1330P
106480412	RNU1-89P
106480413	RNU1-150P
106480414	RNU2-26P
106480415	RNU2-51P
106480416	PRR20FP
106480417	SUMO2P15
106480418	BNIP3P16
106480419	B3GNTL1P2
106480420	PHB1P17
106480421	DPY19L2P5
106480422	KRTAP9-10P
106480423	RNU6-13P
106480424	USP9YP18
106480425	USP9YP29
106480426	GPM6BP2
106480427	MTND6P5
106480428	MTND6P13
106480429	HLA-DQB1-AS1
106480430	CYP2C58P
106480433	MTND1P35
106480434	TUBB4BP4
106480435	RNU6-61P
106480436	RNA5SP70
106480437	RNA5SP149
106480438	RNA5SP199
106480439	RNA5SP312
106480441	GCSHP1
106480442	SUB1P3
106480443	PKMP4
106480444	FCF1P9
106480445	MED28P2
106480446	EIF4A2P5
106480447	RAB11AP2
106480448	RNU7-104P
106480449	RNU7-121P
106480450	RNU7-129P
106480451	RNU7-147P
106480452	RNU7-161P
106480453	RNU7-170P
106480454	RNU7-183P
106480455	RNU7-197P
106480456	RN7SKP15
106480457	RN7SKP29
106480458	RN7SKP36
106480459	RN7SKP50
106480460	RN7SKP62
106480461	RN7SKP69
106480462	RN7SKP82
106480463	RN7SKP97
106480464	RN7SKP107
106480465	RN7SKP113
106480466	RN7SKP127
106480467	RN7SKP148
106480468	RN7SKP159
106480469	RN7SKP172
106480470	RN7SKP184
106480471	RN7SKP191
106480472	RN7SKP202
106480473	RN7SKP214
106480474	RN7SKP221
106480475	RN7SKP233
106480476	RN7SKP248
106480477	RN7SKP261
106480478	RN7SKP267
106480479	RN7SKP279
106480480	RN7SKP290
106480481	RN7SL14P
106480482	RN7SL23P
106480483	RN7SL40P
106480484	RN7SL57P
106480485	RN7SL66P
106480486	RN7SL96P
106480487	RN7SL105P
106480488	RN7SL116P
106480489	RN7SL138P
106480490	RN7SL153P
106480491	RN7SL168P
106480492	RN7SL181P
106480493	RN7SL193P
106480494	RN7SL209P
106480495	RN7SL216P
106480496	RN7SL242P
106480497	RN7SL260P
106480498	RN7SL280P
106480499	RN7SL301P
106480500	RN7SL307P
106480501	RN7SL321P
106480502	RN7SL334P
106480503	RN7SL344P
106480504	RN7SL363P
106480505	RN7SL379P
106480506	RN7SL392P
106480507	RN7SL401P
106480508	RN7SL418P
106480509	RN7SL434P
106480510	RN7SL443P
106480511	RN7SL456P
106480512	RN7SL469P
106480513	RN7SL482P
106480514	RN7SL491P
106480515	RN7SL504P
106480516	RN7SL525P
106480517	RN7SL538P
106480518	RN7SL553P
106480519	RN7SL584P
106480520	RN7SL601P
106480521	RN7SL608P
106480522	RN7SL623P
106480523	RN7SL650P
106480524	RN7SL658P
106480525	RN7SL673P
106480526	RN7SL697P
106480527	RN7SL714P
106480528	RN7SL720P
106480529	RN7SL735P
106480530	RN7SL757P
106480531	RN7SL764P
106480532	RN7SL785P
106480533	RN7SL798P
106480534	RN7SL813P
106480535	RN7SL820P
106480536	RN7SL837P
106480537	RN7SL851P
106480538	RN7SL863P
106480539	RNU4ATAC7P
106480540	RNU6ATAC10P
106480541	RNU6ATAC20P
106480542	RNU6ATAC26P
106480543	RNU6ATAC36P
106480544	RNU11-6P
106480545	RNU4-18P
106480546	RNU4-31P
106480547	RNU4-56P
106480548	RNU4-70P
106480549	RNU4-76P
106480550	RNU6-89P
106480551	RNU6-97P
106480552	RNU6-103P
106480553	RNU6-116P
106480554	RNU6-127P
106480555	RNU6-141P
106480556	RNU6-147P
106480557	RNU6-159P
106480558	RNU6-175P
106480559	RNU6-181P
106480560	RNU6-193P
106480561	RNU6-221P
106480562	RNU6-233P
106480563	RNU6-239P
106480564	RNU6-252P
106480565	RNU6-267P
106480566	RNU6-273P
106480567	RNU6-286P
106480568	RNU6-308P
106480569	RNU6-313P
106480570	RNU6-320P
106480571	RNU6-333P
106480572	RNU6-344P
106480573	RNU6-352P
106480574	RNU6-361P
106480575	RNU6-375P
106480576	RNU6-381P
106480577	RNU6-392P
106480578	RNU6-403P
106480579	RNU6-416P
106480580	RNU6-422P
106480581	RNU6-434P
106480582	RNU6-454P
106480583	RNU6-480P
106480584	RNU6-496P
106480585	RNU6-508P
106480586	RNU6-514P
106480587	RNU6-527P
106480588	RNU6-542P
106480589	RNU6-553P
106480590	RNU6-560P
106480591	RNU6-573P
106480592	RNU6-586P
106480593	RNU6-590P
106480594	RNU6-603P
106480595	RNU6-615P
106480596	RNU6-627P
106480597	RNU6-636P
106480598	RNU6-647P
106480599	RNU6-660P
106480600	RNU6-666P
106480601	RNU6-680P
106480602	RNU6-708P
106480603	RNU6-714P
106480604	RNU6-726P
106480605	RNU6-743P
106480606	RNU6-749P
106480607	RNU6-761P
106480608	RNU6-776P
106480609	RNU6-788P
106480610	RNU6-795P
106480611	RNU6-815P
106480612	RNU6-824P
106480613	RNU6-830P
106480614	RNU6-843P
106480615	RNU6-857P
106480616	RNU6-869P
106480617	RNU6-877P
106480618	RNU6-890P
106480619	RNU6-902P
106480620	RNU6-907P
106480621	RNU6-924P
106480622	RNU6-930P
106480623	RNU6-943P
106480624	RNU6-955P
106480625	RNU6-966P
106480626	RNU6-977P
106480627	RNU6-990P
106480628	RNU6-1001P
106480629	RNU6-1007P
106480630	RNU6-1016P
106480631	RNU6-1026P
106480632	RNU6-1034P
106480633	RNU6-1044P
106480634	RNU6-1062P
106480635	RNU6-1074P
106480636	RNU6-1081P
106480637	RNU6-1091P
106480638	RNU6-1110P
106480639	RNU6-1115P
106480640	RNU6-1127P
106480641	RNU6-1138P
106480642	RNU6-1148P
106480643	RNU6-1153P
106480644	RNU6-1164P
106480645	RNU6-1177P
106480646	RNU6-1189P
106480647	RNU6-1195P
106480648	RNU6-1207P
106480649	RNU6-1219P
106480650	RNU6-1225P
106480651	RNU6-1237P
106480652	RNU6-1249P
106480653	RNU6-1263P
106480654	RNU6-1268P
106480655	RNU6-1279P
106480656	RNU6-1292P
106480657	RNU6-1297P
106480658	RNU6-1310P
106480659	RNU6-1320P
106480660	RNU6-1332P
106480661	RNU6-1336P
106480662	RNU1-30P
106480663	RNU1-46P
106480664	RNU1-63P
106480665	RNU1-78P
106480666	RNU1-86P
106480667	RNU1-101P
106480668	RNU1-119P
106480669	RNU1-140P
106480670	RNU2-28P
106480671	RNU2-40P
106480672	RNU2-47P
106480673	RNU2-61P
106480674	ENPP7P5
106480675	HNRNPA1P76
106480676	KRT8P51
106480677	SQSTM1P1
106480678	KLF2P2
106480679	SUMO2P16
106480680	SNRPGP18
106480681	DYNLL1P5
106480682	GTF3AP2
106480683	AARS1P1
106480684	MTCO1P4
106480685	LLPHP1
106480686	RNY3P16
106480687	RBISP2
106480688	BRWD1P3
106480689	SAP18P1
106480690	RPL23AP90
106480691	DNAJC19P4
106480692	RN7SKP186
106480693	RN7SL199P
106480694	RN7SL369P
106480695	RN7SL738P
106480696	RNU4ATAC17P
106480697	RNU6-253P
106480698	RNU6-394P
106480699	RNU6-841P
106480700	RNU6-1096P
106480701	RNU6-1235P
106480702	RNU2-72P
106480703	RNU6-40P
106480704	RNU6-25P
106480705	RNU6-17P
106480706	RNU6-20P
106480707	RNU6-24P
106480708	RNU6-32P
106480709	RNU6-38P
106480710	RNU6-47P
106480711	ZNF736P5Y
106480712	FABP5P13
106480713	USP9YP15
106480714	USP9YP17
106480715	USP9YP25
106480716	USP9YP27
106480717	USP9YP20
106480718	USP9YP32
106480719	USP9YP35
106480720	GPM6BP1
106480721	PRYP6
106480722	HSFY6P
106480723	HSFY8P
106480724	MLLT10P2
106480725	HMGN1P12
106480726	MTND6P8
106480727	MTND6P11
106480728	MTND6P17
106480729	RPL7L1P10
106480730	C4B-AS1
106480731	C6ORF47-AS1
106480732	PSMC1P5
106480733	CYP4F44P
106480734	CYP2C61P
106480735	XIAP-AS1
106480736	MCCC1-AS1
106480737	ITCH-AS1
106480738	OSTN-AS1
106480739	RHOA-IT1
106480740	GK-IT1
106480741	ZNF346-IT1
106480742	RABGAP1L-IT1
106480743	BRWD1-IT1
106480744	MTND1P12
106480745	TUBBP11
106480746	TUBB4BP3
106480747	TUBB4BP5
106480748	CYP2C60P
106480749	CYP3A54P
106480750	RNU6-60P
106480751	RNU6-65P
106480752	RNU6-74P
106480753	RNU4ATAC3P
106480754	RNA5SP57
106480755	RNA5SP100
106480756	RNA5SP134
106480757	RNA5SP161
106480758	RNA5SP175
106480759	RNA5SP221
106480760	RNA5SP253
106480761	RNA5SP298
106480762	RNA5SP310
106480763	RNA5SP333
106480764	RNA5SP351
106480765	RNA5SP370
106480766	RNA5SP389
106480767	RNA5SP429
106480768	RNA5SP442
106480769	RNA5SP468
106480770	RNA5SP498
106480771	RNA5SP520
106480772	RNA5SP523
106480773	TBC1D3P7
106480774	PRSS3P4
106480775	PTGES3P4
106480776	SLC25A18P1
106480777	CIAO2AP1
106480778	ARL5AP3
106480779	WBP1LP4
106480780	WBP1LP5
106480781	TSEN15P2
106480782	POLHP1
106480783	CIR1P3
106480784	TRMT112P5
106480785	NDUFS5P6
106480786	ATG4AP1
106480787	VWA8P1
106480788	CST9LP2
106480789	ALG1L11P
106480790	ROBO2P1
106480791	HMGN2P47
106480792	CHCHD4P3
106480793	CRIP1P1
106480794	MRPL42P6
106480795	MTATP8P1
106480796	MTATP6P1
106480797	MTATP6P4
106480798	MTATP6P7
106480799	FCF1P4
106480800	UBL5P4
106480801	SDCBP2P1
106480802	UBE2V2P4
106480803	HSPA8P13
106480804	TPRKBP2
106480805	NIFKP9
106480806	NDUFA3P4
106480807	KRT19P6
106480808	MED28P6
106480809	CACYBPP3
106480810	RFPL4AP3
106480811	PIGPP4
106480812	PIGQP1
106480813	RNU7-93P
106480814	RNU7-99P
106480815	RNU7-110P
106480816	RNU7-116P
106480817	RNU7-120P
106480818	RNU7-125P
106480819	RNU7-128P
106480820	RNU7-134P
106480821	RNU7-137P
106480822	RNU7-141P
106480823	RNU7-148P
106480824	RNU7-151P
106480825	RNU7-155P
106480826	RNU7-157P
106480827	RNU7-169P
106480828	RNU7-172P
106480829	RNU7-174P
106480830	RNU7-180P
106480831	RNU7-182P
106480832	RNU7-188P
106480833	RNU7-192P
106480834	RNU7-194P
106480835	RNU7-200P
106480836	RN7SKP12
106480837	RN7SKP16
106480838	RN7SKP18
106480839	RN7SKP21
106480840	RN7SKP24
106480841	RN7SKP27
106480842	RN7SKP31
106480843	RN7SKP33
106480844	RN7SKP37
106480845	RN7SKP39
106480846	RN7SKP42
106480847	RN7SKP46
106480848	RN7SKP49
106480849	RN7SKP53
106480850	RN7SKP58
106480851	RN7SKP60
106480852	RN7SKP64
106480853	RN7SKP66
106480854	RN7SKP68
106480855	RN7SKP73
106480856	RN7SKP75
106480857	RN7SKP79
106480858	RN7SKP81
106480859	RN7SKP86
106480860	RN7SKP88
106480861	RN7SKP91
106480862	RN7SKP95
106480863	RN7SKP98
106480864	RN7SKP101
106480865	RN7SKP104
106480866	RN7SKP108
106480867	RN7SKP110
106480868	RN7SKP114
106480869	RN7SKP116
106480870	RN7SKP120
106480871	RN7SKP124
106480872	RN7SKP126
106480873	RN7SKP130
106480874	RN7SKP132
106480875	RN7SKP135
106480876	RN7SKP139
106480877	RN7SKP142
106480878	RN7SKP145
106480879	RN7SKP147
106480880	RN7SKP150
106480881	RN7SKP154
106480882	RN7SKP156
106480883	RN7SKP158
106480884	RN7SKP162
106480885	RN7SKP164
106480886	RN7SKP169
106480887	RN7SKP171
106480888	RN7SKP180
106480889	RN7SKP183
106480890	RN7SKP187
106480891	RN7SKP190
106480892	RN7SKP192
106480893	RN7SKP194
106480894	RN7SKP197
106480895	RN7SKP200
106480896	RN7SKP204
106480897	RN7SKP207
106480898	RN7SKP210
106480899	RN7SKP213
106480900	RN7SKP218
106480901	RN7SKP220
106480902	RN7SKP224
106480903	RN7SKP226
106480904	RN7SKP229
106480905	RN7SKP232
106480906	RN7SKP236
106480907	RN7SKP239
106480908	RN7SKP242
106480909	RN7SKP245
106480910	RN7SKP249
106480911	RN7SKP256
106480912	RN7SKP258
106480913	RN7SKP263
106480914	RN7SKP265
106480915	RN7SKP269
106480916	RN7SKP271
106480917	RN7SKP275
106480918	RN7SKP278
106480919	RN7SKP282
106480920	RN7SKP285
106480921	RN7SKP287
106480922	RN7SKP291
106480923	RN7SKP293
106480924	RN7SKP295
106480925	RN7SKP299
106480926	RN7SL12P
106480927	RN7SL18P
106480928	RN7SL22P
106480929	RN7SL28P
106480930	RN7SL32P
106480931	RN7SL35P
106480932	RN7SL38P
106480933	RN7SL41P
106480934	RN7SL44P
106480935	RN7SL49P
106480936	RN7SL51P
106480937	RN7SL52P
106480938	RN7SL60P
106480939	RN7SL63P
106480940	RN7SL69P
106480941	RN7SL72P
106480942	RN7SL74P
106480943	RN7SL79P
106480944	RN7SL82P
106480945	RN7SL88P
106480946	RN7SL91P
106480947	RN7SL93P
106480948	RN7SL100P
106480949	RN7SL104P
106480950	RN7SL108P
106480951	RN7SL113P
106480952	RN7SL118P
106480953	RN7SL120P
106480954	RN7SL122P
106480955	RN7SL124P
106480956	RN7SL127P
106480957	RN7SL131P
106480958	RN7SL135P
106480959	RN7SL141P
106480960	RN7SL144P
106480961	RN7SL149P
106480962	RN7SL152P
106480963	RN7SL156P
106480964	RN7SL160P
106480965	RN7SL164P
106480966	RN7SL167P
106480967	RN7SL172P
106480968	RN7SL176P
106480969	RN7SL177P
106480970	RN7SL180P
106480971	RN7SL183P
106480972	RN7SL186P
106480973	RN7SL189P
106480974	RN7SL192P
106480975	RN7SL197P
106480976	RN7SL200P
106480977	RN7SL204P
106480978	RN7SL208P
106480979	RN7SL213P
106480980	RN7SL215P
106480981	RN7SL218P
106480982	RN7SL221P
106480983	RN7SL228P
106480984	RN7SL231P
106480985	RN7SL233P
106480986	RN7SL236P
106480987	RN7SL238P
106480988	RN7SL241P
106480989	RN7SL246P
106480990	RN7SL251P
106480991	RN7SL254P
106480992	RN7SL259P
106480993	RN7SL263P
106480994	RN7SL266P
106480995	RN7SL270P
106480996	RN7SL272P
106480997	RN7SL275P
106480998	RN7SL279P
106480999	RN7SL284P
106481000	RN7SL288P
106481001	RN7SL290P
106481002	RN7SL292P
106481003	RN7SL296P
106481004	RN7SL300P
106481005	RN7SL303P
106481006	RN7SL306P
106481007	RN7SL309P
106481008	RN7SL313P
106481009	RN7SL318P
106481010	RN7SL320P
106481011	RN7SL325P
106481012	RN7SL327P
106481013	RN7SL330P
106481014	RN7SL333P
106481015	RN7SL337P
106481016	RN7SL340P
106481017	RN7SL341P
106481018	RN7SL343P
106481019	RN7SL350P
106481020	RN7SL353P
106481021	RN7SL357P
106481022	RN7SL362P
106481023	RN7SL366P
106481024	RN7SL370P
106481025	RN7SL376P
106481026	RN7SL378P
106481027	RN7SL382P
106481028	RN7SL384P
106481029	RN7SL387P
106481030	RN7SL391P
106481031	RN7SL395P
106481032	RN7SL398P
106481033	RN7SL400P
106481034	RN7SL403P
106481035	RN7SL411P
106481036	RN7SL414P
106481037	RN7SL416P
106481038	RN7SL422P
106481039	RN7SL425P
106481040	RN7SL430P
106481041	RN7SL432P
106481042	RN7SL440P
106481043	RN7SL442P
106481044	RN7SL445P
106481045	RN7SL449P
106481046	RN7SL453P
106481047	RN7SL457P
106481048	RN7SL460P
106481049	RN7SL464P
106481050	RN7SL468P
106481051	RN7SL471P
106481052	RN7SL474P
106481053	RN7SL478P
106481054	RN7SL481P
106481055	RN7SL487P
106481056	RN7SL489P
106481057	RN7SL494P
106481058	RN7SL496P
106481059	RN7SL499P
106481060	RN7SL503P
106481061	RN7SL508P
106481062	RN7SL513P
106481063	RN7SL515P
106481064	RN7SL517P
106481065	RN7SL520P
106481066	RN7SL524P
106481067	RN7SL530P
106481068	RN7SL536P
106481069	RN7SL541P
106481070	RN7SL544P
106481071	RN7SL549P
106481072	RN7SL552P
106481073	RN7SL556P
106481074	RN7SL558P
106481075	RN7SL561P
106481076	RN7SL565P
106481077	RN7SL569P
106481078	RN7SL573P
106481079	RN7SL574P
106481080	RN7SL577P
106481081	RN7SL580P
106481082	RN7SL583P
106481083	RN7SL586P
106481084	RN7SL591P
106481085	RN7SL596P
106481086	RN7SL600P
106481087	RN7SL605P
106481088	RN7SL607P
106481089	RN7SL614P
106481090	RN7SL616P
106481091	RN7SL619P
106481092	RN7SL622P
106481093	RN7SL627P
106481094	RN7SL630P
106481095	RN7SL632P
106481096	RN7SL634P
106481097	RN7SL636P
106481098	RN7SL643P
106481099	RN7SL646P
106481100	RN7SL649P
106481101	RN7SL653P
106481102	RN7SL655P
106481103	RN7SL663P
106481104	RN7SL665P
106481105	RN7SL670P
106481106	RN7SL672P
106481107	RN7SL675P
106481108	RN7SL678P
106481109	RN7SL683P
106481110	RN7SL687P
106481111	RN7SL689P
106481112	RN7SL691P
106481113	RN7SL698P
106481114	RN7SL702P
106481115	RN7SL704P
106481116	RN7SL709P
106481117	RN7SL712P
106481118	RN7SL717P
106481119	RN7SL719P
106481120	RN7SL725P
106481121	RN7SL727P
106481122	RN7SL732P
106481123	RN7SL737P
106481124	RN7SL741P
106481125	RN7SL748P
106481126	RN7SL750P
106481127	RN7SL752P
106481128	RN7SL756P
106481129	RN7SL760P
106481130	RN7SL763P
106481131	RN7SL767P
106481132	RN7SL771P
106481133	RN7SL782P
106481134	RN7SL784P
106481135	RN7SL788P
106481136	RN7SL790P
106481137	RN7SL793P
106481138	RN7SL797P
106481139	RN7SL801P
106481140	RN7SL804P
106481141	RN7SL807P
106481142	RN7SL810P
106481143	RN7SL814P
106481144	RN7SL817P
106481145	RN7SL819P
106481146	RN7SL824P
106481147	RN7SL828P
106481148	RN7SL834P
106481149	RN7SL836P
106481150	RN7SL841P
106481151	RN7SL843P
106481152	RN7SL847P
106481153	RN7SL853P
106481154	RN7SL865P
106481155	RN7SL870P
106481156	RNU4ATAC5P
106481157	RNU4ATAC8P
106481158	RNU4ATAC11P
106481159	RNU4ATAC14P
106481160	RNU4ATAC16P
106481161	RNU6ATAC8P
106481162	RNU6ATAC11P
106481163	RNU6ATAC14P
106481164	RNU6ATAC17P
106481165	RNU6ATAC19P
106481166	RNU6ATAC23P
106481167	RNU6ATAC27P
106481168	RNU6ATAC29P
106481169	RNU6ATAC31P
106481170	RNU6ATAC33P
106481171	RNU6ATAC35P
106481172	RNU6ATAC39P
106481173	RNU6ATAC42P
106481174	RNU11-4P
106481175	RNU4-11P
106481176	RNU4-14P
106481177	RNU4-17P
106481178	RNU4-21P
106481179	RNU4-24P
106481180	RNU4-27P
106481181	RNU4-29P
106481182	RNU4-35P
106481183	RNU4-37P
106481184	RNU4-41P
106481185	RNU4-43P
106481186	RNU4-45P
106481187	RNU4-49P
106481188	RNU4-52P
106481189	RNU4-55P
106481190	RNU4-58P
106481191	RNU4-61P
106481192	RNU4-65P
106481193	RNU4-67P
106481194	RNU4-71P
106481195	RNU4-73P
106481196	RNU4-77P
106481197	RNU4-79P
106481198	RNU4-82P
106481199	RNU4-86P
106481200	RNU4-89P
106481201	RNU4-91P
106481202	RPPH1-2P
106481203	RNU6-85P
106481204	RNU6-87P
106481205	RNU6-90P
106481206	RNU6-94P
106481208	RNU6-100P
106481209	RNU6-102P
106481210	RNU6-105P
106481211	RNU6-109P
106481212	RNU6-111P
106481213	RNU6-117P
106481214	RNU6-119P
106481215	RNU6-121P
106481217	RNU6-128P
106481218	RNU6-130P
106481219	RNU6-132P
106481220	RNU6-137P
106481221	RNU6-140P
106481222	RNU6-144P
106481223	RNU6-152P
106481224	RNU6-155P
106481225	RNU6-158P
106481226	RNU6-162P
106481227	RNU6-165P
106481228	RNU6-167P
106481229	RNU6-169P
106481230	RNU6-171P
106481231	RNU6-174P
106481232	RNU6-177P
106481233	RNU6-180P
106481234	RNU6-183P
106481235	RNU6-185P
106481236	RNU6-190P
106481237	RNU6-192P
106481238	RNU6-196P
106481239	RNU6-198P
106481240	RNU6-201P
106481241	RNU6-204P
106481242	RNU6-209P
106481243	RNU6-212P
106481244	RNU6-213P
106481245	RNU6-215P
106481246	RNU6-217P
106481247	RNU6-220P
106481248	RNU6-223P
106481249	RNU6-226P
106481250	RNU6-229P
106481251	RNU6-231P
106481252	RNU6-236P
106481253	RNU6-238P
106481254	RNU6-242P
106481255	RNU6-245P
106481256	RNU6-248P
106481257	RNU6-251P
106481258	RNU6-255P
106481259	RNU6-258P
106481260	RNU6-259P
106481261	RNU6-262P
106481262	RNU6-264P
106481263	RNU6-269P
106481264	RNU6-271P
106481265	RNU6-275P
106481266	RNU6-277P
106481267	RNU6-281P
106481268	RNU6-284P
106481269	RNU6-287P
106481270	RNU6-290P
106481271	RNU6-293P
106481272	RNU6-295P
106481273	RNU6-298P
106481274	RNU6-301P
106481275	RNU6-304P
106481276	RNU6-307P
106481277	RNU6-310P
106481278	RNU6-314P
106481279	RNU6-316P
106481280	RNU6-319P
106481281	RNU6-323P
106481282	RNU6-326P
106481283	RNU6-330P
106481284	RNU6-332P
106481285	RNU6-336P
106481286	RNU6-338P
106481287	RNU6-341P
106481288	RNU6-345P
106481289	RNU6-348P
106481290	RNU6-354P
106481291	RNU6-358P
106481292	RNU6-362P
106481293	RNU6-364P
106481294	RNU6-366P
106481295	RNU6-370P
106481296	RNU6-374P
106481297	RNU6-378P
106481298	RNU6-380P
106481299	RNU6-384P
106481300	RNU6-386P
106481301	RNU6-389P
106481302	RNU6-393P
106481303	RNU6-396P
106481304	RNU6-400P
106481305	RNU6-402P
106481306	RNU6-406P
106481307	RNU6-409P
106481308	RNU6-412P
106481309	RNU6-415P
106481310	RNU6-418P
106481311	RNU6-421P
106481312	RNU6-425P
106481314	RNU6-431P
106481315	RNU6-433P
106481316	RNU6-436P
106481317	RNU6-439P
106481318	RNU6-443P
106481319	RNU6-446P
106481320	RNU6-447P
106481321	RNU6-450P
106481322	RNU6-452P
106481323	RNU6-456P
106481324	RNU6-458P
106481325	RNU6-463P
106481326	RNU6-465P
106481327	RNU6-469P
106481328	RNU6-472P
106481329	RNU6-474P
106481330	RNU6-477P
106481331	RNU6-479P
106481332	RNU6-482P
106481333	RNU6-485P
106481334	RNU6-489P
106481335	RNU6-492P
106481336	RNU6-493P
106481337	RNU6-495P
106481338	RNU6-498P
106481339	RNU6-501P
106481340	RNU6-504P
106481341	RNU6-507P
106481342	RNU6-510P
106481343	RNU6-513P
106481344	RNU6-518P
106481345	RNU6-520P
106481346	RNU6-524P
106481347	RNU6-526P
106481348	RNU6-529P
106481349	RNU6-532P
106481350	RNU6-536P
106481351	RNU6-539P
106481352	RNU6-541P
106481353	RNU6-544P
106481354	RNU6-548P
106481355	RNU6-550P
106481356	RNU6-552P
106481357	RNU6-556P
106481358	RNU6-558P
106481359	RNU6-563P
106481360	RNU6-565P
106481361	RNU6-570P
106481362	RNU6-572P
106481363	RNU6-575P
106481364	RNU6-579P
106481365	RNU6-582P
106481366	RNU6-587P
106481367	RNU6-589P
106481368	RNU6-592P
106481369	RNU6-596P
106481370	RNU6-599P
106481371	RNU6-602P
106481372	RNU6-605P
106481373	RNU6-608P
106481374	RNU6-612P
106481375	RNU6-614P
106481376	RNU6-618P
106481377	RNU6-620P
106481378	RNU6-623P
106481379	RNU6-626P
106481380	RNU6-630P
106481381	RNU6-633P
106481382	RNU6-635P
106481383	RNU6-638P
106481384	RNU6-642P
106481385	RNU6-644P
106481386	RNU6-646P
106481387	RNU6-650P
106481388	RNU6-652P
106481389	RNU6-657P
106481390	RNU6-659P
106481391	RNU6-663P
106481392	RNU6-665P
106481393	RNU6-668P
106481394	RNU6-673P
106481395	RNU6-677P
106481396	RNU6-684P
106481397	RNU6-686P
106481398	RNU6-690P
106481399	RNU6-693P
106481400	RNU6-695P
106481401	RNU6-698P
106481402	RNU6-701P
106481403	RNU6-705P
106481404	RNU6-712P
106481405	RNU6-715P
106481406	RNU6-718P
106481407	RNU6-722P
106481408	RNU6-725P
106481409	RNU6-727P
106481410	RNU6-729P
106481411	RNU6-731P
106481412	RNU6-735P
106481413	RNU6-739P
106481414	RNU6-742P
106481415	RNU6-745P
106481416	RNU6-748P
106481417	RNU6-752P
106481418	RNU6-754P
106481419	RNU6-758P
106481420	RNU6-760P
106481421	RNU6-763P
106481422	RNU6-766P
106481423	RNU6-770P
106481425	RNU6-774P
106481426	RNU6-777P
106481427	RNU6-780P
106481428	RNU6-784P
106481429	RNU6-786P
106481430	RNU6-790P
106481431	RNU6-792P
106481432	RNU6-796P
106481433	RNU6-800P
106481434	RNU6-803P
106481435	RNU6-806P
106481436	RNU6-808P
106481437	RNU6-810P
106481438	RNU6-813P
106481439	RNU6-818P
106481440	RNU6-821P
106481441	RNU6-823P
106481442	RNU6-827P
106481443	RNU6-831P
106481444	RNU6-833P
106481445	RNU6-835P
106481446	RNU6-839P
106481447	RNU6-842P
106481448	RNU6-847P
106481449	RNU6-849P
106481450	RNU6-854P
106481451	RNU6-856P
106481452	RNU6-859P
106481453	RNU6-863P
106481454	RNU6-866P
106481455	RNU6-876P
106481456	RNU6-879P
106481457	RNU6-882P
106481458	RNU6-885P
106481459	RNU6-887P
106481460	RNU6-892P
106481461	RNU6-894P
106481462	RNU6-898P
106481463	RNU6-900P
106481464	RNU6-903P
106481465	RNU6-906P
106481466	RNU6-909P
106481467	RNU6-913P
106481468	RNU6-916P
106481469	RNU6-918P
106481470	RNU6-920P
106481471	RNU6-923P
106481472	RNU6-926P
106481473	RNU6-929P
106481474	RNU6-932P
106481475	RNU6-934P
106481476	RNU6-939P
106481477	RNU6-942P
106481478	RNU6-946P
106481479	RNU6-948P
106481480	RNU6-951P
106481481	RNU6-954P
106481482	RNU6-958P
106481483	RNU6-961P
106481484	RNU6-965P
106481485	RNU6-968P
106481486	RNU6-970P
106481487	RNU6-974P
106481488	RNU6-976P
106481489	RNU6-980P
106481490	RNU6-983P
106481491	RNU6-986P
106481492	RNU6-989P
106481493	RNU6-992P
106481494	RNU6-995P
106481495	RNU6-998P
106481496	RNU6-1000P
106481497	RNU6-1005P
106481498	RNU6-1008P
106481499	RNU6-1009P
106481500	RNU6-1012P
106481501	RNU6-1015P
106481502	RNU6-1018P
106481503	RNU6-1020P
106481504	RNU6-1024P
106481505	RNU6-1027P
106481506	RNU6-1032P
106481507	RNU6-1035P
106481508	RNU6-1037P
106481509	RNU6-1041P
106481510	RNU6-1043P
106481511	RNU6-1047P
106481512	RNU6-1050P
106481513	RNU6-1053P
106481514	RNU6-1056P
106481515	RNU6-1064P
106481516	RNU6-1067P
106481517	RNU6-1071P
106481518	RNU6-1073P
106481519	RNU6-1078P
106481520	RNU6-1080P
106481521	RNU6-1083P
106481522	RNU6-1087P
106481523	RNU6-1089P
106481524	RNU6-1093P
106481525	RNU6-1095P
106481526	RNU6-1099P
106481527	RNU6-1102P
106481528	RNU6-1104P
106481529	RNU6-1107P
106481530	RNU6-1111P
106481531	RNU6-1114P
106481532	RNU6-1117P
106481533	RNU6-1119P
106481534	RNU6-1124P
106481535	RNU6-1126P
106481536	RNU6-1129P
106481537	RNU6-1133P
106481538	RNU6-1135P
106481539	RNU6-1139P
106481540	RNU6-1141P
106481541	RNU6-1145P
106481542	RNU6-1149P
106481543	RNU6-1151P
106481544	RNU6-1155P
106481545	RNU6-1157P
106481546	RNU6-1160P
106481547	RNU6-1163P
106481548	RNU6-1168P
106481549	RNU6-1172P
106481550	RNU6-1174P
106481551	RNU6-1176P
106481552	RNU6-1180P
106481553	RNU6-1184P
106481554	RNU6-1187P
106481555	RNU6-1191P
106481556	RNU6-1193P
106481557	RNU6-1194P
106481558	RNU6-1197P
106481559	RNU6-1200P
106481560	RNU6-1204P
106481561	RNU6-1206P
106481562	RNU6-1210P
106481563	RNU6-1213P
106481564	RNU6-1217P
106481565	RNU6-1220P
106481566	RNU6-1223P
106481567	RNU6-1227P
106481568	RNU6-1229P
106481569	RNU6-1233P
106481570	RNU6-1236P
106481571	RNU6-1239P
106481572	RNU6-1241P
106481573	RNU6-1243P
106481574	RNU6-1247P
106481575	RNU6-1250P
106481576	RNU6-1254P
106481577	RNU6-1257P
106481578	RNU6-1260P
106481579	RNU6-1265P
106481580	RNU6-1267P
106481581	RNU6-1270P
106481582	RNU6-1274P
106481583	RNU6-1276P
106481584	RNU6-1280P
106481585	RNU6-1282P
106481586	RNU6-1286P
106481587	RNU6-1289P
106481588	RNU6-1291P
106481589	RNU6-318P
106481590	RNU6-1298P
106481591	RNU6-1301P
106481592	RNU6-1305P
106481593	RNU6-1307P
106481594	RNU6-1312P
106481595	RNU6-1314P
106481596	RNU6-1317P
106481597	RNU6-1321P
106481598	RNU6-1323P
106481599	RNU6-1327P
106481600	RNU6-1329P
106481601	RNU6-1333P
106481602	RNU6-1337P
106481603	RNU6-1339P
106481604	RNU1-8P
106481605	TCP11X3P
106481606	RNU1-31P
106481607	RNU1-34P
106481608	RNU1-38P
106481609	RNU1-42P
106481610	RNU1-45P
106481611	RNU1-54P
106481612	RNU1-58P
106481613	RNU1-62P
106481614	RNU1-65P
106481615	RNU1-68P
106481616	RNU1-73P
106481617	RNU1-76P
106481618	RNU1-84P
106481619	RNU1-88P
106481620	RNVU1-23
106481621	RNU1-95P
106481622	RNU1-98P
106481623	RNU1-103P
106481624	RNVU1-32
106481625	RNU1-109P
106481626	RNU1-114P
106481627	RNVU1-22
106481628	RNU1-123P
106481629	RNU1-124P
106481630	RNU1-129P
106481631	RNU1-133P
106481632	RNU1-136P
106481633	RNU1-141P
106481634	RNU1-143P
106481635	RNU1-148P
106481636	RNU2-9P
106481637	RNU2-11P
106481638	RNU2-14P
106481639	RNU2-16P
106481640	RNU2-20P
106481641	RNU2-23P
106481642	RNU2-27P
106481643	RNU2-30P
106481644	RNU2-32P
106481645	RNU2-36P
106481646	RNU2-38P
106481647	RNU2-42P
106481648	RNU2-44P
106481649	RNU2-48P
106481650	RNU2-50P
106481651	RNU2-54P
106481652	RNU2-58P
106481653	RNU2-60P
106481654	RNU2-64P
106481655	RNU2-66P
106481656	RNU2-69P
106481657	MED15P3
106481658	ENPP7P3
106481659	RARRES2P3
106481660	RARRES2P7
106481661	HNRNPDP2
106481662	HNRNPDLP3
106481663	HNRNPA1P49
106481664	HNRNPA1P65
106481665	MTHFD2P3
106481666	RPL37P25
106481667	PRELID3BP2
106481668	MEMO1P5
106481669	KLF17P2
106481670	ELOCP30
106481671	ELOCP34
106481672	KLF2P3
106481673	HSPE1P11
106481674	HSPE1P14
106481675	HSPE1P19
106481676	HSPE1P23
106481677	HSPE1P26
106481678	SUMO2P10
106481679	SUMO2P18
106481680	COX6CP8
106481681	COX6CP10
106481682	COX6CP12
106481683	COX6CP14
106481684	COX6CP18
106481685	SNRPGP17
106481686	SNRPGP19
106481687	PDIA3P2
106481688	YWHAEP2
106481689	IGKV1OR2-2
106481690	EIF1P5
106481691	EIF1P7
106481692	BNIP3P15
106481693	BNIP3P18
106481694	BNIP3P30
106481695	BNIP3P33
106481696	BNIP3P36
106481697	BNIP3P42
106481698	ECM1P2
106481699	LARP7P2
106481700	LARP7P3
106481701	SNRPCP10
106481702	SNRPCP17
106481703	NENFP3
106481704	PAXBP1P1
106481706	NUTF2P5
106481707	CARS1P2
106481708	VTA1P1
106481709	DDX43P3
106481710	RNY1P11
106481711	RNY1P15
106481712	RNY4P34
106481713	RNY3P11
106481714	RNY3P13
106481715	IMMP1LP3
106481716	SMARCE1P7
106481717	B4GALNT2P1
106481718	CFTRP3
106481719	RBISP1
106481720	ENPP7P14
106481721	BRD9P1
106481722	GPAA1P2
106481723	ART2BP
106481724	BRWD1P1
106481725	BSNDP3
106481726	BSNDP4
106481727	SETD6P1
106481728	DUX4L28
106481729	C1DP5
106481730	C1GALT1P3
106481731	RPL23AP92
106481732	CAB39P1
106481733	SEPTIN14P13
106481734	GTF2IP9
106481735	GTF2IP14
106481736	NF1P11
106481737	AGGF1P6
106481738	DUX4L47
106481739	FRG2MP
106481740	DUX4L51
106481741	DUXAP11
106481742	FRGCA
106481743	MTND6P12
106481744	AGBL5-IT1
106481745	RNA5SP443
106481746	UBE2V1P7
106481747	RNU7-159P
106481748	RN7SKP72
106481749	RN7SKP119
106481750	RN7SKP212
106481751	RN7SKP259
106481752	RN7SL78P
106481753	RN7SL145P
106481754	RN7SL223P
106481755	RN7SL311P
106481756	RN7SL393P
106481757	RN7SL480P
106481758	RN7SL505P
106481759	RN7SL598P
106481760	RN7SL656P
106481761	RN7SL774P
106481762	RN7SL827P
106481763	RNU4-13P
106481764	RNU4-59P
106481765	RNU6-114P
106481766	RNU6-207P
106481767	RNU6-278P
106481768	RNU6-346P
106481769	RNU6-420P
106481770	RNU6-466P
106481771	RNU6-559P
106481772	RNU6-607P
106481773	RNU6-674P
106481774	RNU6-721P
106481775	RNU6-768P
106481776	RNU6-864P
106481777	RNU6-910P
106481778	RNU6-1003P
106481779	RNU6-1049P
106481780	RNU6-1121P
106481781	RNU6-1214P
106481782	RNU6-1283P
106481783	RNU1-36P
106481784	NDUFA5P7
106481785	YWHAEP4
106481786	SNRPCP13
106481787	FTH1P6
106481788	MTND6P19
106481789	TRMT2B-AS1
106481790	RC3H1-IT1
106481791	CYP4A44P
106481792	RNU6-77P
106481793	RNA5SP254
106481794	RNA5SP350
106481795	HMBOX1-IT1
106481796	LRRC37A15P
106481797	WBP1LP6
106481798	RPEP5
106481799	RNU7-94P
106481800	RNU7-111P
106481801	RNU7-138P
106481802	RNU7-154P
106481803	RNU7-176P
106481804	RNU7-193P
106481805	RN7SKP22
106481806	RN7SKP43
106481807	RN7SKP56
106481808	RN7SKP76
106481809	RN7SKP90
106481810	RN7SKP102
106481811	RN7SKP121
106481812	RN7SKP133
106481813	RN7SKP153
106481814	RN7SKP166
106481815	RN7SKP179
106481816	RN7SKP195
106481817	RN7SKP208
106481818	RN7SKP227
106481819	RN7SKP243
106481820	RN7SKP254
106481821	RN7SKP273
106481822	RN7SKP286
106481823	RN7SKP296
106481824	RN7SL34P
106481825	RN7SL48P
106481826	RN7SL128P
106481827	RN7SL146P
106481828	RN7SL162P
106481829	RN7SL187P
106481830	RN7SL201P
106481831	RN7SL222P
106481832	RN7SL252P
106481833	RN7SL267P
106481834	RN7SL273P
106481835	RN7SL293P
106481836	RN7SL314P
106481837	RN7SL328P
106481838	RN7SL354P
106481839	RN7SL371P
106481840	RN7SL385P
106481841	RN7SL408P
106481842	RN7SL426P
106481843	RN7SL448P
106481844	RN7SL461P
106481845	RN7SL475P
106481846	RN7SL497P
106481847	RN7SL518P
106481848	RN7SL545P
106481849	RN7SL559P
106481850	RN7SL566P
106481851	RN7SL592P
106481852	RN7SL617P
106481853	RN7SL644P
106481854	RN7SL666P
106481855	RN7SL679P
106481856	RN7SL705P
106481857	RN7SL728P
106481858	RN7SL745P
106481859	RN7SL775P
106481860	RN7SL791P
106481861	RN7SL808P
106481862	RN7SL831P
106481863	RN7SL845P
106481864	RN7SL869P
106481865	RNU4ATAC12P
106481866	RNU4ATAC18P
106481867	RNU6ATAC15P
106481868	RNU6ATAC30P
106481869	RNU6ATAC41P
106481870	RNU4-25P
106481871	RNU4-50P
106481872	RNU4-64P
106481873	RNU4-84P
106481874	RMRPP5
106481875	RNU6-108P
106481876	RNU6-122P
106481877	RNU6-133P
106481878	RNU6-154P
106481879	RNU6-166P
106481880	RNU6-187P
106481881	RNU6-199P
106481882	RNU6-206P
106481883	RNU6-227P
106481884	RNU6-246P
106481885	RNU6-261P
106481886	RNU6-280P
106481887	RNU6-327P
106481888	RNU6-339P
106481889	RNU6-355P
106481890	RNU6-367P
106481891	RNU6-387P
106481892	RNU6-399P
106481893	RNU6-410P
106481894	RNU6-428P
106481895	RNU6-440P
106481896	RNU6-449P
106481897	RNU6-461P
106481898	RNU6-486P
106481899	RNU6-502P
106481900	RNU6-521P
106481901	RNU6-533P
106481902	RNU6-547P
106481903	RNU6-566P
106481904	RNU6-578P
106481905	RNU6-597P
106481906	RNU6-609P
106481907	RNU6-621P
106481908	RNU6-641P
106481909	RNU6-654P
106481910	RNU6-672P
106481911	RNU6-681P
106481912	RNU6-702P
106481913	RNU6-719P
106481914	RNU6-737P
106481915	RNU6-755P
106481916	RNU6-767P
106481917	RNU6-782P
106481918	RNU6-836P
106481919	RNU6-850P
106481920	RNU6-862P
106481921	RNU6-883P
106481922	RNU6-896P
106481923	RNU6-915P
106481924	RNU6-936P
106481925	RNU6-949P
106481926	RNU6-971P
106481927	RNU6-984P
106481928	RNU6-996P
106481929	RNU6-1010P
106481930	RNU6-1021P
106481931	RNU6-1039P
106481932	RNU6-1051P
106481933	RNU6-1068P
106481934	RNU6-1086P
106481935	RNU6-1098P
106481936	RNU6-1122P
106481937	RNU6-1132P
106481938	RNU6-1144P
106481939	RNU6-1159P
106481940	RNU6-1171P
106481941	RNU6-1183P
106481942	RNU6-1201P
106481943	RNU6-1212P
106481944	RNU6-1230P
106481945	RNU6-1244P
106481946	RNU6-1255P
106481947	RNU6-1273P
106481948	RNU6-1285P
106481949	RNU6-1303P
106481950	RNU6-1315P
106481951	RNU6-1326P
106481952	RNU1-7P
106481953	RNU1-39P
106481954	RNU1-55P
106481955	RNU1-72P
106481956	RNU1-94P
106481957	RNU1-108P
106481958	RNU1-132P
106481959	RNU2-19P
106481960	RNU2-34P
106481961	RNU2-55P
106481962	RNU2-68P
106481963	DPPA3P3
106481964	ELOCP32
106481965	COX6CP16
106481966	BNIP3P28
106481967	NOP56P3
106481968	B3GNTL1P1
106481969	WBP1LP11
106481970	DUX4L29
106481971	RPL23AP94
106481972	RARRES2P10
106481973	RNU6-12P
106481974	RN7SKP47
106481975	RN7SL45P
106481976	RN7SL567P
106481977	RNU6-139P
106481978	RNU6-534P
106481979	RNU6-982P
106481980	RNU1-61P
106481981	ZNF519P4
106614088	MIR34AHG
106631777	RNA45SN1
106631778	RNA45S3
106631779	RNA45S2
106631780	RNA45S1
106631781	RNA18SN1
106631782	RNA18S3
106632258	RNA18S2
106632259	RNA18S1
106632260	RNA5-8SN1
106632261	RNA5-8S3
106632262	RNA5-8S2
106632263	RNA5-8S1
106632264	RNA28SN1
106632265	RNA28S3
106632266	RNA28S2
106632267	RNA28S1
106632269	MIX23P4
106632270	DUX4L35
106632271	SNORD128
106633800	SNORD133
106633801	SCARNA28
106633802	RN7SKP118
106633803	SNORD134
106633804	SNORD135
106633805	SNORD136
106633806	SNORD142
106633807	RN7SKP251
106633808	SNORD143
106633809	SNORD144
106633810	SCARNA26A
106633813	SIRT1-AS
106633814	SNORA86
106633815	RNU6-205P
106633816	SCARNA26B
106635520	SNORA87
106635521	SNORA88
106635522	SNORA89
106635523	SNORA90
106635524	SNORA91
106635525	SNORA92
106635526	SNORA93
106635528	SNORA94
106635529	SNORA95
106635530	SNORA98
106635531	SNORA99
106635532	SNORA100
106635533	SNORA103
106635534	SNORA104
106635535	RN7SKP173
106635536	RN7SKP176
106635537	RN7SL860P
106635539	SNORA105A
106635540	SNORA105B
106635541	SNORA105C
106635542	SNORA107
106635543	SNORA108
106635544	SNORA109
106635545	SNORA110
106635546	SNORA111
106635547	SNORD129
106635548	SNORD130
106635549	SNORD131
106635550	SNORD132
106635615	SNORD137
106635682	SNORD140
106635683	SNORD141A
106635684	SNORD141B
106660605	MIR2117HG
106660606	MIR3677HG
106660607	DUX4L42
106660609	MIR4432HG
106660610	MIR5689HG
106660611	RNU2-22P
106660612	LINC00680
106660613	LINC00680-GUSBP4
106660614	EGLN1P1
106660616	SAP18P3
106660617	DUX4L43
106660619	TP53TG3GP
106660620	RARRES2P9
106660623	CNTNAP3P3
106660633	MTATP6P6
106699568	ERVW-9
106699570	DYNC1LI2-DT
106707175	ERVK-28
106736475	PCF11-AS1
106780802	KCNK4-CATSPERZ
106821730	BUB1B-PAK6
106865372	RNU6-146P
106865373	GET1-SH3BGR
106865374	RNU6-468P
106865375	RNA5SP334
106866913	RN7SL431P
106866914	RNU6-1240P
106866915	RNU1-125P
106866980	RNU2-15P
106866981	RNU6-244P
106903081	DUSP8P5
107001063	AP3S1P3
107048981	RN7SL731P
107048983	RNU1-149P
107048985	RNU4-46P
107057644	RN7SKP70
107057646	RNU4-22P
107057647	RNU6-112P
107063536	RN7SKP241
107063537	RNU6-669P
107063538	AHCYP8
107063539	RN7SL75P
107063540	RNU6-914P
107063541	CYP2C63P
107063543	CYP3A137P
107063544	RNU7-103P
107063611	MTND6P24
107063612	RNU6-941P
107074708	RN7SL657P
107075092	NDUFB4P4
107075094	NDUFB4P7
107075096	NDUFB4P5
107075097	NDUFB4P6
107075098	MTND4LP2
107075099	MTND4LP10
107075100	MTND4LP13
107075101	MTND4LP18
107075102	MTND4LP22
107075103	MTND4LP24
107075104	MTND4LP26
107075105	NDUFB4P10
107075106	RHOXF1P2
107075107	SEPTIN14P21
107075108	SLC47A1P1
107075109	RPSAP65
107075110	RPSAP66
107075111	RPSAP67
107075112	RPSAP72
107075113	RPSAP74
107075114	RPSAP75
107075115	RPL12P47
107075116	MIR3142HG
107075117	MTND4P35
107075118	MTND5P33
107075119	MTND5P35
107075120	MTCYBP14
107075121	MTCYBP10
107075122	MTCYBP11
107075123	MTCYBP12
107075124	MTCYBP9
107075125	MTCYBP5
107075126	MTCYBP16
107075127	MTCYBP19
107075128	MTCYBP20
107075129	MTCYBP13
107075130	MTCYBP18
107075131	MTCYBP23
107075132	MTCYBP24
107075133	MTCYBP27
107075134	MTCYBP28
107075135	MTCYBP29
107075136	MTCYBP31
107075137	MTCO1P6
107075138	MTCO1P8
107075139	MTCO1P9
107075140	MTCO1P10
107075141	MTCO1P12
107075142	MTCO1P14
107075143	MTCO1P18
107075144	MTCO1P19
107075145	MTCO2P7
107075146	MTCO2P8
107075147	MTCO2P15
107075148	MTCO2P16
107075149	MTCO2P18
107075150	MTCO3P7
107075151	MTCO3P8
107075152	MTCO3P10
107075153	MTCO3P11
107075154	MTCO3P15
107075155	MTCO3P16
107075156	MTCO3P19
107075157	MTATP6P14
107075158	MTATP6P16
107075159	MTATP6P18
107075160	MTND3P12
107075161	MTND3P19
107075162	MTCO3P21
107075163	MTCO1P20
107075164	MTCO1P21
107075165	MTCO1P22
107075166	MTCO1P24
107075167	MTCO1P25
107075168	MTCO1P27
107075169	MTCO1P28
107075170	MTCO1P30
107075171	MTCO1P31
107075172	MTCO1P40
107075173	MTCO1P43
107075174	MTCO1P45
107075175	MTCO1P46
107075176	MTCO1P48
107075177	MTCO1P49
107075178	MTCO1P54
107075179	MTCO1P55
107075180	MTCO3P20
107075181	MTCO2P5
107075182	MTCO3P23
107075183	MTCO3P27
107075184	MTCO3P28
107075185	MTCO3P29
107075186	MTCO3P31
107075187	MTCO3P38
107075188	MTCO3P40
107075189	MTCO3P42
107075190	MTCO3P43
107075191	MTCO2P21
107075192	MTCO2P23
107075193	MTCO2P24
107075194	MTCO2P29
107075195	MTCO2P30
107075196	MTCO2P32
107075197	MTCO2P33
107075198	MTND3P21
107075199	MTND3P24
107075200	MTND6P32
107075201	MTATP6P20
107075202	MTATP6P22
107075203	MTATP6P25
107075204	MTATP6P27
107075205	MTATP6P31
107075207	NDUFA8P1
107075208	NDUFB2P1
107075209	NDUFS6P1
107075210	MTND4LP16
107075211	NDUFB4P9
107075212	RPL12P50
107075213	MTCYBP17
107075214	MTCO2P11
107075215	MTCO3P18
107075216	MTCO3P4
107075217	MTCO3P24
107075218	MTCO3P45
107075219	LAPTM4BP2
107075220	MTCYBP8
107075221	MTCYBP22
107075222	MTCO1P17
107075223	MTCO2P19
107075224	MTCO3P13
107075225	MTCO1P29
107075226	MTCO1P44
107075227	MTCO1P52
107075228	MTCO3P5
107075229	MTCO3P30
107075230	MTCO2P20
107075231	MTCYBP32
107075232	MTATP6P24
107075234	MTCO1P35
107075235	MTND4LP5
107075236	MTND4LP7
107075237	MTND4LP9
107075238	MTND4LP11
107075239	MTND4LP12
107075240	MTND4LP17
107075241	MTND4LP19
107075242	MTND4LP20
107075243	MTND4LP25
107075244	MTND4LP30
107075245	MTND4LP3
107075246	NDUFB4P8
107075247	NDUFB4P11
107075248	RARRES2P11
107075249	RPSAP71
107075250	RPSAP73
107075251	RPL12P46
107075252	RPL12P49
107075253	MTND4P33
107075254	MTND5P32
107075255	MTND5P34
107075256	MTND5P40
107075257	MTCYBP7
107075258	MTCYBP15
107075259	MTCYBP6
107075260	MTCYBP21
107075261	MTND6P22
107075262	MTND6P25
107075263	MTCO1P7
107075264	MTCO1P11
107075265	MTCO1P15
107075266	MTCO2P6
107075267	MTCO2P9
107075268	MTCO2P17
107075269	MTCO3P9
107075270	MTCO3P12
107075271	MTCO3P17
107075272	MTATP6P13
107075273	MTATP6P15
107075274	MTATP6P17
107075275	MTATP6P19
107075276	MTND2P38
107075277	MTND3P13
107075278	MTND3P16
107075279	MTND3P17
107075280	MTND2P40
107075281	MTCO1P23
107075282	MTCO1P39
107075283	MTCO1P42
107075284	MTCO1P47
107075285	MTCO1P53
107075286	MTCO1P56
107075287	MTCO3P35
107075288	MTCO3P41
107075289	MTCO3P44
107075290	MTCO2P25
107075291	MTCO2P27
107075292	MTCO2P31
107075293	MTCO3P46
107075294	MTND3P20
107075295	MTND3P23
107075296	MTND4LP31
107075297	MTND3P25
107075298	MTND6P33
107075299	MTATP6P21
107075300	MTATP6P23
107075301	MTATP6P26
107075302	MTATP6P30
107075303	NDUFAB1P1
107075304	NDUFB10P2
107075305	MTND4LP14
107075306	MTND4LP21
107075307	RHOXF1P3
107075308	MTND4P34
107075309	MTND5P41
107075310	MTCO2P12
107075311	MTATP6P11
107075312	MTND2P39
107075313	MTCO3P39
107075314	MTND3P22
107075315	MTATP6P29
107075316	DUX4L32
107075318	RNU6-707P
107075319	RN7SL151P
107080107	MTATP8P4
107080108	DUX4L37
107080551	DUX4L33
107080553	PCMTD1P7
107080554	LINC01400
107080620	ODF2-AS1
107080621	LINC01077
107080622	USP9YP28
107080623	LINC01073
107080624	LINC01067
107080626	RN7SKP54
107080627	IQCA1-AS1
107080628	RNU1-48P
107080629	RNU2-52P
107080632	RN7SL68P
107080633	CFTRP2
107080636	RN7SL417P
107080637	UPK3BP1
107080639	ANKRD62P1
107080641	CYP4A26P
107080642	DUX4L36
107080645	DUX4L39
107080648	DUX4L38
107080649	DUX4L40
107080650	DUX4L41
107080651	DUX4L44
107080652	RN7SL736P
107080653	RN7SL796P
107080654	RN7SL825P
107080655	RNU4-33P
107105251	DUX4L48
107105252	DUX4L49
107105253	RNU6-322P
107105254	RNU6-799P
107105255	PCMTD1P6
107105256	RNU6-1055P
107105257	PCMTD1P8
107105258	PCMTD1P4
107105259	RNU6-1108P
107105260	PCMTD1P5
107105261	RNU1-5P
107105262	RNU1-41P
107105263	SEPTIN14P2
107105264	RNU1-70P
107105265	SEPTIN14P3
107105266	SEPTIN14P4
107105267	MTCO1P26
107105268	MTCO1P32
107105269	MTCO1P33
107105270	MTCO1P34
107105271	SEPTIN14P19
107105272	MTCO1P36
107105273	MTCO1P37
107105274	MTCO1P38
107105276	SEPTIN14P5
107105277	MTCO1P41
107105278	SEPTIN14P6
107105279	MTCO1P50
107105280	SEPTIN14P7
107105281	MTCO1P13
107105282	SCTR-AS1
107105283	MTCO1P16
107105352	SEPTIN14P10
107105353	SEPTIN14P11
107105354	SEPTIN14P14
107126282	SEPTIN14P15
107126283	SEPTIN14P16
107126284	SEPTIN14P18
107126285	SEPTIN14P20
107126286	SEPTIN14P22
107126287	BCRP9
107126289	SLC25A39P2
107126290	SEPTIN14P23
107126294	CYP4F60P
107126360	AOX3P
107126362	MTCO2P28
107131119	MTATP6P8
107131120	MTND4LP4
107131121	MTND4LP6
107131122	RNU6-29P
107131123	MTND4LP15
107131124	MTND4LP8
107133486	CDK2AP2P2
107133487	MTND4LP23
107133488	MTND4LP27
107133489	MTND4LP28
107133490	MTND4LP29
107133491	MTND5P36
107133493	MTND5P37
107133494	CYP4F27P
107133495	MTND5P38
107133496	MTND5P39
107133497	CYP4F32P
107133498	MTND6P23
107133499	CYP4F33P
107133500	MTND6P26
107133501	MTND6P27
107133502	USP9YP14
107133503	MTND6P28
107133504	MTND6P29
107133505	MTND6P30
107133507	MTND6P31
107133508	RNA5SP387
107133511	ENPP7P6
107133513	KRT18P64
107133516	SMURF2P1
107133519	PSAT1P2
107133522	DHX40P1
107133523	ELOCP27
107133524	PARP4P3
107161144	DTX2P1
107161145	PMS2P11
107161146	MTND2P34
107161147	MTND2P35
107161148	MTND2P36
107161150	MTND2P37
107161151	AOX3P-AOX2P
107161153	MTCO2P10
107161154	PGBD4P1
107161157	YAM1
107161159	LINC02415
107161160	MTND3P11
107161161	MTND3P14
107161162	MTND3P15
107161163	NPAP1P7
107161164	MTND3P18
107161229	MTATP8P3
107161230	CLUHP10
107178918	LINC01593
107178919	RNY3P15
107178920	CSGALNACT2P2
107181291	PYDC5
107282092	BOLA2-SMG1P6
107397391	SCARNA21B
107397392	SCARNA18B
107399301	SNORA101A
107399303	SNORA101B
107403064	MTCYBP25
107403065	MTCYBP26
107403066	MTCYBP30
107403068	CYP4F31P
107403069	MTATP6P10
107403070	MTATP6P28
107403071	MTATP6P12
107403073	MTATP6P5
107403074	MTND4P36
107403078	C2ORF69P5
107403079	WBP1LP9
107403081	CFAP144P3
107403148	CNTNAP3P9
107403150	CNTNAP3P4
107403151	GTF2IP10
107403154	GTF2IP15
107403156	GTF2IP17
107403157	GTF2IP19
107403163	MTCO2P26
107403168	MTCO2P13
107403169	MTCO2P14
107403235	MTCO3P6
107403236	MTCO3P14
107403237	MTCO3P3
107403240	MTCO3P25
107403241	MTCO3P26
107436001	MTCO3P32
107436003	MTCO3P33
107436004	MTCO3P34
107436006	MTCO3P36
107436007	MTCO3P37
107436076	CYP2C23P
107457588	CYP4F61P
107521942	RNU1-79P
107521946	RNU1-116P
107521952	RNU1-152P
107546764	LINC01976
107548099	IGHVII-30-21
107983955	ELOA3CP
107983975	CAPS2-AS1
107983987	SMIM34B
107983988	SPEM3
107983993	UPK3BL2
107983999	LINC02792
107984002	LINC02646
107984009	LINC00415
107984027	LINC02277
107984028	LINC02810
107984036	RAB33B-AS1
107984117	LINC02058
107984124	RHOBTB2-AS1
107984155	LOC107984155
107984158	LINC02935
107984161	ARL4AP3
107984178	LINC02632
107984201	IL2RA-AS1
107984208	USP6NL-AS1
107984213	CACNB2-AS2
107984237	LINC02625
107984241	LINC02640
107984280	LINC02666
107984324	SLC1A2-AS1
107984333	PRPF19-DT
107984337	NRXN2-AS1
107984345	SMIM38
107984349	PPIAP40
107984359	LINC02761
107984366	LINC02723
107984396	CENATAC-DT
107984414	LINC02730
107984426	LINC02695
107984427	ME3-DT
107984429	PRSS23-AS1
107984439	LINC02457
107984440	HSPB8-AS1
107984455	PUS1-AS1
107984461	MRPS35-DT
107984471	TODL
107984474	LRRK2-DT
107984497	SULT6B2P
107984499	PDZRN4-AS1
107984503	LINC02354
107984504	CPNE8-AS1
107984508	SLC4A8-AS1
107984516	LINC02955
107984528	LINC02416
107984535	ACSS3-AS1
107984539	LINC02371
107984540	CACNA1C-IT1
107984548	DRAM1-AS1
107984584	PDS5B-DT
107984636	FKBP1BP1
107984637	LINC02279
107984640	LBHD2
107984660	AJUBA-DT
107984700	LINC02306
107984714	MYO9A-AS1
107984757	DUT-AS1
107984759	RIDAP3
107984764	LINC02253
107984773	LINC01852
107984780	LINC02248
107984811	LINC02132
107984813	CTCF-DT
107984834	CORO1A-AS1
107984836	KCTD13-DT
107984844	SMG1-DT
107984858	CENPN-AS1
107984875	ZNF747-DT
107984876	LOC107984876
107984884	MMP2-AS1
107984921	LINC01772
107984947	MED8-AS1
107984953	LINC01738
107984955	ELAVL4-AS1
107984957	LINC02812
107984958	DHCR24-DT
107984969	TMEM11-DT
107984977	LINC02096
107984990	SSH2-AS1
107984992	BCAS3-AS1
107984995	LINC02094
107985040	FMNL1-AS1
107985053	SPNS2-AS1
107985065	CUEDC1-AS1
107985080	LROMI1
107985092	ARHGAP29-AS1
107985099	DNAJB6P6
107985113	RIDAP1
107985115	ZNF496-DT
107985128	LINC01916
107985140	WDR7-OT1
107985164	LINC03092
107985167	LINC01768
107985181	LINC02958
107985190	LINC01779
107985194	LINC02798
107985195	LINC01691
107985209	ARHGEF2-AS2
107985210	ARHGEF2-AS1
107985228	LINC02803
107985229	LINC02818
107985246	CSRP1-AS1
107985249	BMNCR
107985254	LINC01735
107985257	LINC02602
107985264	RPL35AP38
107985265	COX16P1
107985274	RPS27AP19
107985280	LINC01834
107985286	NFIX-AS1
107985293	LIG1-AS1
107985305	CEACAM16-AS1
107985307	LINC01705
107985311	TSHZ3-AS1
107985312	LINC01791
107985325	GP6-AS1
107985332	ERVFRD-2
107985338	LINC02813
107985343	LINC01836
107985353	ACBD3-AS1
107985359	CAPN9-AS1
107985395	PANK2-AS1
107985456	LINC01701
107985457	LINC02770
107985463	LINC01641
107985471	PEF1-AS1
107985484	LINC02943
107985519	LINC01773
107985533	SNRPNP2
107985535	LOC107985535
107985538	SGSM3-AS1
107985555	CCDC188BP
107985557	FAM136EP
107985565	LARGE1-AS1
107985578	NCF4-AS1
107985593	ANKRD35-DT
107985628	S100A11P5
107985629	PFDN4P3
107985630	FAM136GP
107985631	SMIM15P1
107985638	MAGEA6-DT
107985639	S100A11P7
107985644	NUDT19P6
107985655	S100A11P9
107985660	S100A11P8
107985691	NAA20P1
107985711	LINC01283
107985715	LINC03113
107985718	S100A11P6
107985730	MIR1302-2HG
107985737	MYOM3-AS1
107985740	LINC02811
107985748	TRG-CCC6-1
107985749	TRV-CAC5-1
107985750	TRN-GTT27-1
107985751	TRN-GTT9-1
107985752	TRN-GTT25-1
107985754	TRN-GTT10-1
107985755	TRQ-CTG3-1
107985756	TRN-GTT24-1
107985757	TRN-GTT5-1
107985758	TRE-TTC4-1
107985759	TRG-CCC4-1
107985760	TRK-CTT7-1
107985761	TRC-GCA7-1
107985762	TRN-GTT7-1
107985763	TRN-GTT11-1
107985770	SMANTIS
107985781	FSIP2-AS1
107985790	SRSF3P6
107985791	PPIAP60
107985793	ARL14EPP1
107985798	KMT2CP5
107985806	LINC01866
107985813	RPL38P6
107985818	LINC01826
107985820	CNTNAP5-DT
107985834	SEC61GP1
107985844	LINC01824
107985879	LINC01833
107985885	PPP4R3B-DT
107985892	PPP3R1-AS1
107985893	LINC01888
107985907	SNRPEP11
107985924	LINC01868
107985925	LINC01870
107985928	LINC01965
107985942	CLASP1-AS1
107985951	LINC01850
107985982	COXFA4P5
107985983	MARCHF4-AS1
107985985	SMARCAL1-AS1
107986014	PPIAP71
107986032	CBX3P10
107986034	KIAA1143P2
107986036	TCEAL8P1
107986039	CYCSP56
107986041	LINC01967
107986046	LINC01998
107986063	XPC-AS1
107986079	POMGNT2-AS1
107986085	LINC02019
107986096	MDFIC2
107986100	LINC02018
107986119	GSK3B-DT
107986120	CDK2AP1P1
107986125	LINC02034
107986136	IL20RB-AS1
107986147	LINC02083
107986164	LINC02020
107986165	LINC02051
107986186	BST1-AS1
107986196	SH3D19-AS1
107986199	PALLD-AS1
107986209	H3P14
107986226	LINC02358
107986233	LINC01218
107986241	LINC02512
107986250	RNF4-DT
107986251	LINC02600
107986256	STK32B-DT
107986264	LINC02438
107986266	LINC02473
107986311	LINC02435
107986313	LINC02465
107986319	LINC02430
107986321	NPY2R-AS1
107986322	LINC02272
107986333	LINC02437
107986374	COXFA4P3
107986389	NIHCOLE
107986402	LINC02196
107986407	MARCHF11-AS1
107986408	LINC02100
107986411	TARS1-DT
107986412	SLC1A3-AS1
107986443	LINCADL
107986445	ZNF474-AS1
107986447	PPIC-AS1
107986480	LINC01863
107986496	TRIM7-AS1
107986521	SLC60A2-DT
107986530	UBE2D3P5
107986533	LINC02531
107986535	C11ORF98P2
107986587	ABCF1-DT
107986588	EHMT2-AS1
107986592	NUDT5P1
107986593	ZFAND3-DT
107986605	TINAG-AS1
107986618	LINC02857
107986655	HIVEP2-DT
107986680	TRM-CAT5-2
107986682	TRM-CAT4-3
107986683	TRI-AAT7-2
107986700	PRR15-DT
107986703	CPVL-AS1
107986732	PPIAP81
107986739	LINC02854
107986756	MICALL2-DT
107986806	LINC02848
107986809	ELN-AS1
107986810	WBSCR23
107986818	FAM237B
107986820	BET1-AS1
107986824	PDK4-AS1
107986838	CAV2-DT
107986878	COXFA4P4
107986879	REXO1L5P
107986895	CNGB3-AS1
107986898	LINC03047
107986962	GRHL2-DT
107986980	LINC02055
107986989	GLIS3-AS2
107987001	FAM27E4
107987013	PALM2AKAP2-AS1
107987018	RPS29P33
107987023	PNRC2P4
107987024	PNRC2P3
107987035	TUBB4BP6
107987041	MIR1302-9HG
107987068	LINC03155
107987106	CT70
107987127	HSPA5-DT
107987141	CAMSAP1-DT
107987155	OOSP4B
107987164	TEX12-AS1
107987215	MPHOSPH10P2
107987223	COXFA4L3-AS1
107987273	RPS29P30
107987295	ASMER1
107987305	CTBP2P10
107987306	CTBP2P9
107987307	CTBP2P11
107987330	FAM239C
107987333	S100A11P10
107987337	ZFY-AS1
107987341	FAM197Y3
107987367	TRN-GTT26-1
107987402	TRL-CAA1-1
108489980	ARF2P
108570035	LINP1
108684022	FRAXA
108783645	HFE-AS1
108783646	DINOL
108783654	HSD17B1-AS1
108868751	GSC-DT
108903150	ZNF8-ERVK3-1
109113861	FRA2A
109136579	TALAM1
109245082	PRAL
109280160	FRA11B
109280162	FRA10A
109286551	BPTFP1
109286552	KPNA2P3
109286553	ARHGAP27P1-BPTFP1-KPNA2P3
109286554	FRA12A
109286555	FRA11A
109363672	FRA7A
109461475	FRAXE
109611591	FRA16B
109614541	FRA10B
109616958	SNORA50D
109616959	SNORA80C
109616960	SNORA10B
109616961	SNORA11G
109616962	SNORA15B-1
109616963	SNORA20B
109616964	SNORA22B
109616965	SNORA22C
109616966	SNORA31B
109616967	SNORA40B
109616968	SNORA40C
109616969	SNORA48B
109616970	SNORA63C
109616971	SNORA63D
109616972	SNORA68B
109616973	SNORA70J
109616974	SNORA74C-1
109616975	SNORA74D
109616976	SNORA79B
109616977	SNORA9B
109616978	SNORD31B
109616979	SNORD38D
109616980	SNORD65B
109616981	SNORD65C
109616982	SNORD77B
109616983	SNORD3F
109616984	SNORD3G
109616985	SNORD3J
109616986	SNORD13F
109616987	SNORD13G
109616988	SNORD13I
109616989	SNORD13C
109616990	SNORD13D
109616991	SNORD19C
109616992	SNORA30B
109616993	SNORA70H
109616994	SNORA75B
109616995	SNORD70B
109616996	SNORD3I
109616997	SNORA3C
109616998	SNORA50B
109616999	SNORA80D
109617000	SNORA11F
109617001	SNORA1B
109617002	SNORA21B
109617003	SNORA24B
109617004	SNORA35B
109617005	SNORA41B
109617006	SNORA63B
109617007	SNORA63E
109617008	SNORA70I
109617009	SNORA74C-2
109617010	SNORA77B
109617011	SNORD28B
109617012	SNORD53B
109617013	SNORD63B
109617014	SNORD74B
109617015	SNORD3E
109617016	SNORD3H
109617017	SNORD3K
109617018	SNORD13H
109617019	SNORD13B-1
109617020	SNORD13E
109617021	SNORD13B-2
109617022	SNORA15B-2
109617023	SNORA58B
109617024	SNORD38C
109617025	SNORD13J
109617027	FRA16A
109623450	SNORD155
109623451	SNORD157
109623452	SNORD159
109623453	SNORD161
109623454	SNORD162
109623455	SNORD165
109623456	SNORD167
109623457	SNORD168
109623458	SNORD170
109623459	SNORA25B
109623460	SNORD138
109623461	SNORA113
109623462	SNORA116
109623463	SNORA117
109623464	SNORA119
109623465	SNORD147
109623466	SNORD148
109623467	SNORD150
109623468	SNORD151
109623469	SNORD175
109623470	SNORD158
109623471	SNORD172
109623472	SNORD145
109623473	SNORD152
109623474	SNORD154
109623475	SNORD156
109623476	SNORD160
109623477	SNORD163
109623478	SNORD166
109623479	SNORD169
109623480	SNORD173
109623481	SNORA112
109623482	SNORA115
109623483	SNORA118
109623484	SNORD146
109623485	SNORD149
109623486	SNORD153
109623487	SNORD164
109623488	SNORA114
109703458	HTD2
109729112	SNORA120
109729114	BRD9P2
109729115	MTCYBP34
109729116	MTCYBP36
109729117	MTCYBP38
109729118	MTCYBP41
109729119	MTCYBP43
109729120	MTCYBP45
109729121	MTND2P41
109729122	TYMSP2
109729123	DHFRP6
109729124	RPS29P31
109729125	HMGB1P50
109729126	FAM236C
109729127	KRT7-AS
109729128	LINC01930
109729129	CHMP1B-AS1
109729130	PSPC1-AS2
109729131	LINC02231
109729132	LINC02233
109729133	LINC02236
109729135	MIR4422HG
109729136	LILRB1-AS1
109729137	MEF2C-AS2
109729138	SPON1-AS1
109729140	PSMD6-AS1
109729141	TDRKH-AS1
109729142	MTCO2P34
109729143	MTCYBP33
109729144	MTCYBP40
109729145	RPS29P29
109729146	POC1B-AS1
109729147	LINC02235
109729150	MTCYBP35
109729151	MTCYBP37
109729152	MTCYBP39
109729153	MTCYBP42
109729154	MTCYBP44
109729155	MTCO1P57
109729156	MTND4LP32
109729157	MTND5P42
109729158	RPS29P32
109729159	HMGB1P51
109729160	ZFHX2-AS1
109729161	LNCSRLR
109729162	LINC02151
109729163	CPDP1
109729166	LINC02238
109729168	NPIPB14P
109729169	LINC02154
109729170	MTND1P37
109729172	CD44-AS1
109729173	TFAP2A-AS2
109729174	MIR4713HG
109729177	INO80-AS1
109729178	INTS9-AS1
109729179	TGFB3-AS1
109729180	SNHG26
109729181	ZNF710-AS1
109729182	DM1-AS
109729184	SLC12A5-AS1
109731405	PDXDC2P
109864269	MIR302CHG
109864271	RNA45SN4
109864272	RNA28SN4
109864273	RNA18SN4
109864274	RNA5-8SN4
109864275	RNA18SP4
109864276	RNA5-8SP9
109864277	RNA18SP3
109864278	RNA5-8SP8
109864279	RNA45SN2
109864280	RNA18SN2
109864281	RNA5-8SN2
109864282	RNA28SN2
109910379	RNA45SN3
109910380	RNA18SN3
109910381	RNA5-8SN3
109910382	RNA28SN3
109910383	RNA18SP5
109910384	RNA5-8SP10
110006328	ERVK-32
110091775	CFAP298-TCP10L
110117498	P3R3URF
110117499	P3R3URF-PIK3R3
110175910	MIR4527HG
110231149	PANCR
110255163	RNA45S4
110255164	RNA28S4
110255165	RNA18S4
110255166	RNA5-8S4
110255167	RNA45S5
110255168	RNA28S5
110255169	RNA18S5
110255170	RNA5-8S5
110384692	C4A_2
110437700	FLICR
110440226	CCZ1P1
110596867	PPIAP85
110599563	LY6G6F-LY6G6D
110599564	EEF1AKMT4
110599583	EEF1AKMT4-ECE2
110599588	ASDURF
110599590	C5-OT1
110806268	DEFB109F
110806269	DEFB131E
110806270	DEFB130C
110806271	DDIT4-AS1
110806272	BTG3-AS1
110806273	SLC5A4-AS1
110806274	TNFRSF10A-AS1
110806276	LINC02474
110806277	PNMA8C
110806278	SPRR5
110806279	SMIM28
110806280	CCDC194
110806281	CCDC195
110806283	LIF-AS1
110806285	LINC02561
110806286	LINC02567
110806288	BMF-AS1
110806289	SKAP1-AS1
110806290	MYOCOS
110806291	RNU1-151P
110806292	DEFB130D
110806294	LINC02258
110806296	C1ORF232
110806297	FAM240B
110806298	C17ORF113
110806299	ETDC
110806300	FLNC-AS1
110806301	LINC02560
110806303	SLC25A34-AS1
110806308	GPC3-AS1
110841581	CAMTA1-DT
110841583	LAMC1-AS1
111064646	TPM1-AS
111064647	CSNK2A2IP
111064649	SMIM33
111064650	C19ORF85
111082961	PPIAP36
111082962	PPIAP38
111082963	PPIAP39
111082964	PPIAP44
111082965	PPIAP52
111082966	PPIAP63
111082967	PPIAP68
111082968	PPIAP75
111082969	PPIAP83
111082970	PPIAP86
111082971	PPIAP88
111082972	PPIAP91
111082973	PPIAP49
111082974	PPIAP50
111082976	PPIAP37
111082977	PPIAP41
111082978	PPIAP48
111082979	PPIAP57
111082980	PPIAP65
111082981	PPIAP67
111082982	PPIAP69
111082983	PPIAP76
111082984	PPIAP84
111082985	PPIAP90
111082987	CFTR-AS1
111082989	CXXC5-AS1
111082990	LINC02157
111082991	NARF-AS1
111082992	LINC02156
111082993	LINC02569
111082994	MYRACL
111188137	ERVK9-9
111188140	MTND5P43
111188141	ERVK9-11
111188142	ERVK9-7
111188143	ERVK9-4
111188144	ERVK9-10
111188145	ERVK9-8
111188146	ERVK9-6
111188147	ERVK9-5
111188148	ERVK9-3
111188149	ERVK9-2
111188150	ERVK9-1
111188157	LYNX1-SLURP2
111188160	MTND4P41
111188162	MTND5P45
111216274	NMBR-AS1
111216275	KIF26B-AS1
111216276	PMIS2
111216277	TEX54
111216278	OASL2P
111216279	RPS6KB2-AS1
111216280	LINC02577
111216282	LINC02574
111216283	POLH-AS1
111216284	BNC2-AS1
111216285	LINC02573
111216286	LINC02575
111216287	LINC02578
111240474	CRYZL2P-SEC16B
111501764	PRDX5P1
111644132	SRP14P2
111644133	THSD8
111644134	RNA5SP525
111644135	RNA5SP526
111644136	RNA5SP529
111644137	RNA5SP531
111644138	RNA5SP533
111644139	RNA5SP535
111644140	RNA5SP534
111644142	SRP14P3
111644143	RNA5SP524
111644144	RNA5SP527
111644145	RNA5SP528
111644146	RNA5SP536
111644147	SRP14P4
111674481	SMBD1P
111753249	MUC20-OT1
112163524	MTND4P39
112163599	MTND4P37
112163614	MTND5P44
112163659	TMDD1
112163673	SCGB1B3P
112163686	MTND6P35
112214169	PIGPP1
112267862	LINC02675
112267871	LINC03126
112267873	LINC02814
112267877	PPP1CB-DT
112267887	SLC41A3-AS1
112267889	KIF5C-AS1
112267944	CHSY3-AS1
112267949	CMC1P2
112267958	KLC4-AS1
112267960	KCNQ5-DT
112267975	ATP6V1FP1
112267983	CDK13-DT
112268042	DOCK8-AS2
112268089	GAPDH-DT
112268096	SMIM41-AS1
112268097	MYG1-AS1
112268098	CNPY2-AS1
112268105	SBNO1-AS1
112268124	BAZ1A-AS1
112268126	CMC1P1
112268142	GOLGA6GP
112268164	CPHXL2
112268170	MVP-DT
112268184	KPNB1-DT
112268203	HEXIM2-AS1
112268216	LINC02856
112268223	CDC42-AS1
112268240	CCDST
112268241	ZNF470-DT
112268243	ZSCAN5A-AS1
112268261	LINC03153
112268269	ABHD16B-AS1
112268275	LINC02799
112268293	TMA7B
112268435	PPIAP61
112268442	HIGD2AP2
112268454	PLA2G10P1
112268476	COPS5P2
112268487	KRTAP12-5P
112268489	MTND6P34
112272547	MTND4P40
112272564	SUGT1P4
112272565	STRA6LP
112272577	NDUFA3P5
112272601	PRR13P6
112272612	DBF4P3
112296172	YWHAEP6
112296190	KRTAP4-17P
112323207	HSPE1P15
112323209	GTF3AP3
112340375	MTND6P37
112340384	COX6CP9
112351742	HNRNPDLP5
112352682	HSPE1P17
112390310	SYNGAP1-AS1
112390311	MTND5P46
112416061	SCGB2B1P
112422909	PFN5P
112436690	ATP6V0CP4
112436691	HNRNPA1P75
112436692	RNA5SP530
112441426	TMEM271
112441427	GCASPC
112441428	SCYGR1
112441429	SCYGR3
112441430	SCYGR4
112441431	SCYGR6
112441432	SCYGR8
112441433	MIR122HG
112441434	SHLD3
112441435	SCYGR2
112441436	SCYGR10
112441437	SCYGR5
112441438	SCYGR7
112441442	RNA5SP532
112441443	SCGB1B1P
112451549	SLC47A1P2
112488736	TAF11L7
112488737	TAF11L8
112488738	TAF11L10
112488739	TAF11L12
112488740	TAF11L14
112488741	SPECC1P2
112488742	FAM242D
112488744	FAM242C
112488745	TAF11L9
112488746	TAF11L11
112488747	TAF11L13
112488748	S100A15A
112499600	CYP2C64P
112543478	MAPK6-DT
112543493	SIRLNT
112552146	CYP4F45P
112552163	TUSC2P2
112577460	IL1R1-AS1
112577461	OOSP3
112577462	OOSP4A
112577464	ZKSCAN2-DT
112577465	RDM1P1
112577466	RDM1P2
112577467	RDM1P4
112577516	SPADH
112577518	MUC5B-AS1
112588022	LINC02598
112637020	SREBF2-AS1
112806053	TBILA
112840933	ZKSCAN7-AS1
112840934	NGF-AS1
112903833	MIRLET7A1HG
112935892	LINC02605
112935960	SCAT2
112935968	PTMAP15
112935969	SCAT8
113218477	TIMM23B-AGAP6
113218480	MIR12114
113218481	MIR9718
113218482	MIR9898
113218483	MIR9900
113218484	MIR9902-1
113218485	MIR9986
113218486	MIR10392
113218487	MIR10394
113218488	MIR10396B
113218489	MIR10398
113218490	MIR10522
113218491	MIR10524
113218492	MIR10526
113218493	MIR11181
113218494	MIR9851
113218495	MIR9899
113218496	MIR9901
113218497	MIR9903
113218498	MIR9985
113218499	MIR10226
113218500	MIR10393
113218501	MIR10396A
113218502	MIR10397
113218503	MIR10399
113218504	MIR10525
113218505	MIR10527
113218506	MIR11399
113218507	MIR12113
113218508	MIR9983
113218509	MIR11401
113218510	MIR10523
113218511	MIR9902-2
113218512	MIR10400
113219450	MIR12115
113219451	MIR12116
113219452	MIR12117
113219453	MIR12119
113219454	MIR12121
113219455	MIR12122
113219456	MIR12123
113219457	MIR12124
113219458	MIR12125
113219459	MIR12126
113219460	MIR12129
113219461	MIR12131
113219462	MIR12135
113219463	MIR12128
113219464	MIR12130
113219465	MIR12132
113219466	MIR12133
113219467	MIR12136
113219468	MIR12120
113219469	MIR12118
113219470	MIR12127
113391335	TMEM274P
113391337	ZEBTR
113455421	DERPC
113523635	LINC02599
113523636	SMIM40
113523638	SMIM41
113523639	SMIM39
113523640	DCXR-DT
113523641	MCTP1-AS1
113523642	LINC02617
113839518	MIR1843
113839519	MIR3059
113839520	MIR3085
113839521	MIR548BC
113839522	MIR6529
113839523	MIR11400
113939925	BMS1P4-AGAP5
114004358	MYOPARR
114004396	LNCRNA-ATB
114108587	ATF7-NPFF
114118903	ARHGAP11A-SCG5
114483833	H2BK1
114483834	ABCF2-H2BK1
114515514	RCC2-AS1
114515515	UMLILO
114515517	VINAC1P
114515518	CCDC201
114515519	LINC02629
114515520	LINC02631
114515521	MIR378D2HG
114841037	CIMIP3
114841040	TNRC6B-DT
115072896	SLCO1B3-SLCO1B7
115253418	COPDA1
115253419	TSPAN18-AS1
115253422	DUS4L-BCAP29
115271120	LDLR-AS1
115409980	NR4A1AS
115409981	RNVU1-25
115409985	RNU1-153P
115409986	RNU1-155P
115409987	LINC02862
115409989	RNVU1-29
115409990	RNU1-154P
115482681	H3P2
115482682	H3P3
115482683	H3P7
115482684	H3P9
115482685	H3P13
115482686	H2AL3
115482687	H2AL1MP
115482688	H3C5P
115482689	H2BL1P
115482690	H2BP5
115482691	H2BP9
115482692	H4P1
115482693	H3P8
115482694	H3P17
115482696	H3P23
115482697	H3P24
115482698	H3P27
115482699	H3P28
115482700	H3P30
115482701	H3P32
115482702	H3P34
115482703	H3P35
115482704	H3P42
115482705	H3P45
115482706	H3P47
115482707	H3P39
115482708	H3P11
115482709	H3P19
115482710	H3P31
115482711	H3P1
115482712	H3P5
115482713	H3P10
115482714	H2AL1Q
115482715	H2AQ1P
115482716	H2ACP2
115482717	H2BP7
115482719	H3P22
115482720	H3P25
115482721	H3P29
115482722	H3P33
115482723	H3P40
115482724	H3P46
115482725	H2BP8
115482726	H2AZP7
115694671	LINC01297
115804232	CEROX1
115830329	ZNNT1
115830330	LONRF2P5
115838655	SREK1IP1P2
115891964	MIR223HG
115945146	ADH5P5
115995503	XNDC1CP
116033993	FOXL3
116412618	PDCD6-AHRR
116435280	MS4A19P
116435281	EGILA
116435282	CUPIN1P
116435283	LINC02865
116435284	RNF14P2
116435285	POLR2DP2
116435286	PRELID1P7
116435287	PPIAP93
116435288	ARNILA
116435289	ANKRD49P2
116435295	CALHM6-AS1
116435296	PDGFRL2P
116435297	RCCD1-AS1
116435298	NFE2L1-DT
116435299	WASL-DT
116435301	MRPL20-DT
116435302	SUGT1-DT
116435303	SPCS3-AS1
116435304	GABARAPL1-AS1
116485202	TRA-AGC14-2
116485204	TRA-AGC24-1
116652394	TRN-GTT3-2
116804915	LNCDAT
116804918	TBCEL-TECTA
117134595	SCYGR9
117134596	FAM246C
117134597	FAM246B
117134598	FAM246A
117134599	LINC02886
117134600	TP73-AS2
117134601	IRF2-DT
117134602	THY1-AS1
117134610	PSMA7P1
117314529	CDRT15P4
117369447	CHP1P3
117751730	RPS24P21
117751731	ANAPC15P2
117751732	FAM247B
117751733	OOEPP1
117751734	SMIM15P2
117751735	MRPL32P2
117751736	MIR4280HG
117751737	HIKESHIP3
117751738	PSMA5P1
117751739	TUBAP15
117751740	HIKESHIP2
117751741	OOEPP2
117751742	HDGFL3P1
117981787	MAP3K4-AS1
117981788	AARSD1P1
117981789	SMIM42
117981790	EIF3JP1
117981791	DLGAP5P2
117981792	USP37P1
117981793	TEX101P1
117981794	MALLP1
117981795	TMEM230P1
117981796	FOXN3P2
117981797	RPL34P36
117981798	C3ORF49P1
118097967	ELOCP26
118126072	GUSBP9
118142757	GUCA1ANB-GUCA1A
118568799	ZNF593OS
118568801	GAPDHP77
118568802	GLRX5P3
118568803	APP-DT
118568804	OR4M2B
118568805	OR11K1BP
118568806	WDR5-DT
118568807	CD84P1
118568808	SRD5A2P1
118568809	LRRC8D-DT
118568811	SLC30A6-DT
118568812	TIMMDC1-DT
118568813	H3-3A-DT
118568814	LINC02890
118568815	POU2F1-DT
118568817	OR1Q1BP
118568819	HK2-DT
118568820	ZNF454-DT
118568821	GLRX5P2
118568822	NCOA5LP
118568823	OR4N3BP
118568824	EFCAB15P
118568825	CSGALNACT2-DT
118568826	NT5ELP
118568827	PPP1R21-DT
118568828	BTF3-DT
118568829	PDE7A-DT
118597829	THBS1-IT1
118597831	TMEM14B-DT
118597832	FCHO2-DT
118597834	TTC32-DT
118597835	DCTN6-DT
118597836	PRKACB-DT
118597837	DCHS1-AS1
118597838	GOLPH3-DT
118597839	JARID2-DT
118597840	THBS1-AS1
118597841	VPS11-DT
118597842	ANKH-DT
118597843	PNRC1-DT
118597844	TP53RK-DT
118732296	KRT224P
118732297	PATJ-DT
118732298	MAP2K5-DT
118732299	CD2AP-DT
118732300	ERBIN-DT
118732301	ZNF628-DT
118732302	CCNY-AS1
118732303	TMEM242-DT
118732304	PPP2CA-DT
118827803	ZNF132-DT
118827804	GRAMD1A-AS1
118827805	SF1-DT
118827806	ILVBL-AS1
118827807	VSIG10L-AS1
118827808	ASXL3-DT
118827809	HAUS5-DT
118827810	NUDT19-DT
118827811	KDSR-DT
118827812	KLF2-DT
118827813	CBARP-DT
118827814	C1ORF21-DT
118827815	MAST3-AS1
118827816	ARHGEF18-AS1
118827817	KIF18B-DT
118827818	ZNF45-AS1
119086082	ZNF286A-TBC1D26
119139898	CEP192-DT
119139900	THOC1-DT
119139901	AKAP1-DT
119139902	ZFP3-DT
119139903	NQO1-DT
119139904	GOSR2-DT
119139905	C17ORF114
119139906	STAG1-DT
119545622	BBS7-DT
119545623	CARHSP1-DT
119545624	DHX35-DT
119545625	MPC1-DT
119545626	DNAJA2-DT
119545627	SPECC1-DT
119545628	RENO1
119545629	POLG-DT
119545630	ST3GAL1-DT
119545631	MPHOSPH6-DT
119863860	ITPRID2-DT
119863861	TBC1D22A-DT
119863862	AP1AR-DT
119863863	ATP8A1-DT
119863864	BMP2K-DT
119863865	PTPN23-DT
119863866	MBTPS1-DT
119863867	CPNE2-DT
119863868	SUNO1
119863869	PPM1L-DT
119863870	TMEM263-DT
119863871	CDH8-AS1
120017338	ZMPSTE24-DT
120017339	HEATR3-AS1
120017340	CTDSPL2-DT
120017341	APPBP2-DT
120017342	CZIB-DT
120017343	LINC02895
120356739	LRRC51
120356740	TOMT
120766137	HRURF
120766138	SNRPA1-DT
120766139	VASH1-DT
120766140	R3HDM2-DT
120766142	PHLDA1-DT
120766143	BICD1-AS1
120766144	MIRLET7IHG
120766145	DBX2-AS1
120766146	BLTP3B-DT
120766147	PDE3A-AS1
120766148	RRAGAP1-AS1
120766149	PHLDA1-AS1
120766150	MYL6B-AS1
120883614	CCDC90B-AS1
120883618	IGSF22-AS1
120883619	SLC17A6-DT
121009645	ENTPD4-DT
121009646	CBR4-DT
121009647	CCNO-DT
121009648	TMEM184C-DT
121009649	MAD2L1-DT
121232368	ANKHD1-DT
121232369	TRIM8-DT
121232370	FAM151B-DT
121232371	FAM174A-DT
121232372	ITGA2-AS1
121232374	PDLIM7-AS1
121232375	MED28-DT
121232377	TNPO1-DT
121233923	PRKCH-AS1
121233924	TACR3-AS1
121233925	SLCO5A1-AS1
121233926	CTTN-DT
121676925	ZBED9-AS1
121676926	TTBK2-AS1
121676927	DEPTOR-AS1
121676928	EOGT-DT
121725057	TMEM217B
121832802	PRPF31-AS1
121832803	UBE2H-DT
121832804	PFN2-AS1
121832805	SND1-DT
121832806	ERRFI1-DT
121832807	EN2-DT
121832808	DNAH8-DT
121832809	COP1-DT
121832810	DOCK7-DT
121832811	BTBD3-AS1
121832813	ENPP7P15
121832814	LINC02917
121832815	LINC02920
121832816	LINC02922
121847981	RNF186-AS1
121847983	CDK5R2-AS1
121847984	PIGO-AS1
121847985	HCCS-DT
121847986	CHEK2P7
121853074	GBX2-AS1
121853075	PTPRT-DT
121853076	ARHGEF4-AS1
121853077	LINC02924
122149298	EVA1CP5
122149299	EVA1CP6
122149300	PMS2P14
122149301	RABGEF1P2
122149302	LINC02925
122149303	CABP7-DT
122149304	LINC02927
122149305	RABGEF1P3
122149306	UPK3BL3P
122152323	TMEM44-AS2
122152325	ZNF691-DT
122152326	WAPL-DT
122152328	INO80D-AS1
122152329	ZBTB46-AS2
122152330	IDH3B-DT
122152331	MYO1B-AS1
122152365	ZNF692-DT
122152366	CCN2-AS1
122152367	LINC02929
122152368	CHUK-DT
122152369	COL6A2-DT
122319435	XNDC1N-ZNF705EP-ALG1L9P
122319436	RNF228
122394733	TMSB15C
122405565	SMIM44
122455332	AVPR1B-DT
122455333	BUD13-DT
122455334	SNX30-DT
122455335	CYP26C1-DT
122455336	PPP1R15B-AS1
122455337	HLCS-AS1
122455338	C1ORF202
122455339	C8ORF90
122526776	BCL6-AS1
122526777	LCE7A
122526779	SMIM10L3
122526782	CYDAER
122539212	KHDC1-AS1
122965328	ZNF24TR
122965329	TPT1P15
122965330	IGSF3P1
122965331	RPL7AP78
122965332	RPL7AP80
122965333	RPL7AP81
122965334	LINC02933
122965335	LINC02931
122965336	RPL7AP77
122965337	RPL7AP79
122965338	RPL7AP82
123258399	POLR2J3-UPK3BL2
123464508	FAM9CP1
123464509	MIR219A2HG
123464510	TRPC6P5
123464511	TRPC6P7
123464512	TRPC6P8
123464513	TRPC6P9
123464514	LINC02938
123464515	MIR365BHG
123464517	LINC02936
123464518	TRPC6P10
123464519	LINC02945
123466203	MIR130AHG
123466204	LINC02951
123466205	LINC02954
123466206	PNN-AS1
123466207	LINC02956
123466208	MIR493HG
123466209	LINC02959
123466210	LINC02960
123466211	SLC25A28-DT
123466212	LINC02950
123466213	LINC02952
123466214	AKAP13-AS1
123466215	MIR142HG
123466216	CELSR1P1
123497957	LINC02965
123689089	LINC02986
123706506	ICAM4-AS1
123706507	ECI1-AS1
123706508	RPH3AL-AS2
123706509	GJD3-AS1
123706510	LINC02566
123706511	ZNF888-AS1
123706512	MAP7-AS1
123706513	TRABD-AS1
123706515	CAMK2G-AS1
123706516	HNRNPK-AS1
123706518	SMARCA2-AS1
123706519	RPL30-AS1
123706523	CDH3-AS1
123706524	ACAD9-DT
123706525	LINC02972
123706526	ZNF584-DT
123706528	RUSF1-DT
123706529	DPH1-AS1
123706530	LINC02978
123706531	GUCY2C-AS1
123706532	LNMICC
123706533	LINC02980
123706534	KLC1-AS1
123706535	TRMT61A-DT
123706536	SPTBN1-AS2
123706537	LINC02971
123706538	SGSM2-AS1
123706539	LINC02979
123706540	JTB-DT
123706541	CKAP2-DT
123706542	LINC02963
123706543	FXYD6-AS1
123706544	GLIPR1-AS1
123706545	NFATC2IP-AS1
123706546	LINC02974
123706547	ZNF778-DT
123706548	LINC02976
123706549	TILRLS
123706550	NFIB-AS1
123706551	LINC02973
124188214	H2BN1
124296660	DTWD1P1
124544573	DYNAPP1
124900385	CAMTA1-IT1
124900549	PPP4R2P3
124900550	PPP4R2P2
124900643	SLC49A3-AS1
124900653	MRFAP1-AS1
124900656	AFAP1-AS2
124900666	WDR1-AS1
124900671	CC2D2A-AS1
124900678	PPARGC1A-AS2
124900684	LGI2-AS1
124900691	PGCKA1-AS1
124900692	TBC1D1-AS1
124900714	INKILN
124900758	GAR1-DT
124900778	LINC03140
124900787	TBC1D9-AS1
124900802	RXFP1-AS1
124900964	EGFLAM-AS5
124901024	GSCAR
124901041	MAN2A1-DT
124901065	AFF4-DT
124901067	FSTL4-AS1
124901109	MYOZ3-AS1
124901127	TENM2-AS4
124901187	PPP4R2P5
124901188	RNU6-373P
124901267	DTNBP1-AS1
124901301	HLA-DQA1-AS1
124901342	EEF1A1-AS1
124901427	LRP11-AS1
124901437	SYNE1-AS2
124901728	ZNF277-AS1
124901799	CICP24
124901880	LINC02949
124901882	PPP1R3B-AS1
124901899	CSGALNACT1-AS1
124902012	ZHX2-AS1
124902018	SOD1P3
124902033	SLURP2-AS1
124902069	IADEN
124902114	INCR1
124902119	LINC03131
124902155	GAS2L1P1
124902222	FAM220CP
124902371	PFKFB3-AS1
124902374	ORMDL1P1
124902376	CELF2-AS4
124902382	SUV39H2-DT
124902386	CACNB2-AS1
124902415	LINC02916
124902447	LINC03139
124902557	PTPRE-AS1
124902632	GALNT18-AS1
124902718	EMSY-DT
124902721	ACER3-AS1
124902762	LNC-RHL1
124902781	LINC03136
124902809	NELL1-AS1
124902814	TTC12-DT
124902910	TSPAN11-AS1
124902951	LINC03056
124902955	HMGA2-AS2
124902988	PLXNC1-AS1
124903002	TXNRD1-AS1
124903027	LINC03088
124903065	SFSPAT
124903067	PZP2P
124903234	LINC02335
124903333	RAD51B-AS1
124903353	NRXN3-AS1
124903375	BDKRB1-AS1
124903517	LINC03137
124903525	CCDC33-AS1
124903538	ARNT2-AS1
124903553	PERPP2
124903562	LINC03080
124903624	UBE2I-AS1
124903648	LINC03107
124903659	TMC5-AS1
124903716	ZFHX3-AS3
124903730	WWOX-AS2
124903732	CEDORA
124903753	SLC7A5-AS1
124903773	NKD1-AS1
124903818	MIR200BHG
124903835	LINC03154
124903873	MPHOSPH6P1
124903890	VPS53-AS1
124903957	LINC03146
124903973	VILMIR
124904026	PDK2-AS1
124904256	LDLRAD4-AS3
124904311	LINC01897
124904470	CBSLR
124904497	LINC02942
124904611	DOT1L-AS1
124904616	RNVU1-28
124904619	RNVU1-31
124904621	RNVU1-27
124904624	RNVU1-26
124904627	RNVU1-30
124904649	FCHO1-AS1
124904685	ZNF536-AS1
124904714	PAK4-AS1
124904744	ZNF473-AS1
124904936	BCAS1-AS1
124904961	BETALINC1
124905014	RUNX1-AS1
124905036	HEPFAL
124905105	LARGE1-AS2
124905117	TOMM22-DT
124905152	MED15P7
124905179	LINC03053
124905221	MIR106AHG
124905247	MSL3-DT
124905935	C9ORF85P1
124905956	LINC01956
124906046	MAL-AS1
124906201	U2SURPP1
124906251	WDR70P1
124906283	CIDECP2
124906932	DDX11L7
124908063	LINC01825
124909423	DAGARR
125078041	DYNAPP2
125078044	DYNAPP3
125177369	CPMER
125177370	LINC02989
125177371	KMT2CP2
125177372	KMT2CP3
125177373	LINC03036
125177374	TRPS1-AS1
125177375	LINC03037
125177376	SORBS2-AS1
125177377	PTPRS-AS1
125177378	FAM83A-AS2
125177379	SYNM-AS2
125316803	POLGARF
125505920	DNM1P51
125775236	EFCAB3P1
125775237	PRR11-AS1
125775238	FAM157D
125775239	LNCHR1
125775240	LINC03046
125775241	CDCA3P1
125775242	CD200LP
125775243	PELO-AS1
125906382	ADIPINT
126568844	BCAN-AS2
126568846	FOXP1-DT
126568847	CD82-AS1
126568848	LINC03050
126568849	PRADX
127138859	CCDC86-AS1
127138860	C11ORF98P3
127138861	NAXD-AS1
127138862	RAB35-AS1
127138863	EFCAB10-AS1
127138864	CAMTA1-AS3
127138865	LINC03052
127138866	SMIM46
127138867	LINC03051
127138868	SLC39A13-AS1
127379681	BNIP3P47
127379682	YWHAQP10
127379683	RBISP5
127379684	RBISP3
127379685	RBISP4
127379686	RBISP6
127379687	FCRL4P1
127379688	ANKRD18FP
127379689	DNAJB1P2
127379690	DBTP1
127379691	RFKP3
127379692	METTL5P4
127379693	RPL21P137
127379694	POLE4P1
127379695	CENPPP1
127379696	BLVRBP1
127379697	RPS27P30
127379698	GCSHP6
127379699	WDR53P1
127379700	LCORLP1
127379701	VPS51P1
127379702	VPS51P2
127379703	VPS51P3
127379704	VPS51P5
127379705	VPS51P9
127379706	VPS51P10
127379707	VPS51P12
127379708	VPS51P14
127379709	VPS51P15
127379710	VPS51P17
127379711	VPS51P19
127379712	HYDINP1
127379713	ARHGEF28P1
127379714	ZFAND2AP1
127379715	LINC03057
127379716	VAMP1-AS1
127379717	LINC03059
127379718	CDC42EP3-AS1
127379720	MTARC2P1
127379721	BNIP3P43
127379722	SIGLEC10-AS2
127379723	PFDN1P1
127379724	IFT122P1
127379725	BNIP3P45
127379726	YTHDF3P1
127379727	VPS51P6
127379728	CD24P5
127379729	KLHL25P1
127379730	RPL7AP83
127379731	VPS51P7
127379732	VPS51P18
127379733	ZFAND2AP2
127379734	BNIP3P46
127379735	IFT122P2
127379736	RPL13AP27
127379737	NPEPPSP2
127379738	CD200R1P1
127379739	PPDPFP1
127379740	SMIM11P2
127379741	SPMIP3P1
127379742	AK3P7
127379743	MTCO3P47
127379744	VPS51P4
127379745	VPS51P11
127379746	VPS51P13
127379747	VPS51P16
127379748	TPTE2P7
127379749	NECTIN2P1
127379750	PSG11-AS1
127379751	SLC46A2-AS1
127379753	TXNDC11-AS1
127379754	CSTBP1
127379755	BNIP3P44
127379756	PPDPFP2
127379757	CCDC137P2
127379758	LINC03058
127460870	CHILL1
127460871	COX7BP4
127460872	COX7CP3
127460873	COX7CP4
127460874	CARMIL2P1
127460875	AFF4P1
127460876	DPPA3P7
127460877	DPPA3P8
127460878	DPPA3P9
127460879	DNAJC8P4
127460880	DPPA3P12
127460881	DPPA3P11
127460882	DPPA3P6
127460883	DPPA3P10
127460884	PPP4R2P6
127460885	FAM76AP1
127460886	SDHBP1
127482536	SRP14P5
127482537	MTCO1P58
127482538	MMACHCP1
127482539	TMEM229BP1
127482540	EI24P6
127482541	PSMG3P1
127482542	MATR3P2
127482543	PSMG3P2
127482544	COX7BP6
127482545	RFKP6
127482546	SSBL6P
127482547	SULT1D1P2
127525785	PLA2G10CP
127525786	PLA2G10DP
127525787	PLA2G10GP
127525788	PLA2G10JP
127525789	HRGP2
127525790	MCF2L2P1
127525791	PLA2G10EP
127525792	TVP23CP3
127525793	PLA2G10IP
127525794	PLA2G10FP
127525795	PLA2G10HP
127525796	PLA2G10KP
127566420	CDHR17P
127566421	COX6A1P4
127566422	COX6A1P5
127566423	COX6A1P7
127566424	RPL29P34
127566425	ARL8BP1
127566426	ZDHHC1P1
127566427	NAA50P2
127566428	PERPP1
127566429	COX6A1P6
127566430	RPL31P64
127814297	RBM27-POU4F3
127898559	SPICE1-CFAP44
128071535	LINC01472
128071536	LINC03067
128071537	EPC1-AS2
128071538	LINC03072
128071539	NRAL
128071541	LINC03073
128071542	LINC03077
128193285	KXD1-AS1
128193286	LINC03078
128193287	FRMD4A-AS1
128193289	TTC23-AS1
128193290	TM4SF18-AS1
128193291	ZSCAN2-AS1
128193292	LNCTSI
128193293	NCAL1
128193294	LINC03079
128193295	LINC03083
128266836	C16ORF46-DT
128266837	ZNF248-AS1
128266838	H2BC6-AS1
128266840	MYREM
128266841	LINC03085
128266842	SMAD3-AS1
128266843	NAMPT-AS1
128266844	INPP5B-AS1
128266845	FPASL
128266846	TANAR
128385368	EMICERI
128385369	MAFG-AS1
128385370	FHP2
128385371	LINC03089
128385372	MON2-AS1
128385373	MFSD12-AS1
128385374	LNPPS
128385375	HYOU1-AS1
128385376	TMEM184B-AS1
128385377	SLC1A2-AS2
128667224	RPS21-DT
128667225	LINC03096
128667226	SAP30BP-AS1
128667227	KIFAP3-AS1
128667228	ITGAL-AS1
128667229	BICRA-AS2
128667230	LINC03097
128854680	DUSP13A
128966629	DDX11L12
128966701	GSTT3P
128966703	MAGEB17-AS1
129810493	MYADM-AS2
129810494	SYT2-AS1
129810495	LINC03100
129810496	NUPR2P1
129810497	LINC03101
129810498	SSX21P
129810500	PCHILR
129810501	ENEMAL
129810502	DHCR7-DT
129810503	SSX20P
130406855	TRIB1AL
130453475	SMN1-AS1
130512932	LINC03108
130572098	PKMYT1AR
130572099	LINC03111
130890644	MX1-AS1
130890645	NRP2-AS1
130932198	LOLI1
130932199	LNX2BP
131183826	SNX18P12
131183827	RNU6-840P
131216852	LHX8-AS1
131423127	LINC02879
131483400	GOLGA6L9-AS1
131554430	RASA4EP
131554431	SPDYE1-AS1
131675794	NPIPA6
131840633	CR1-AS1
131840634	GLTC1
131855739	LINC03116
132069525	PYCR1-AS1
132192373	SNX7-DT
132243159	NGRNP4
132322117	LNCPTCTS
132503825	TGFBRAP1-AS1
132532400	GABRA6-AS1
132542979	PAGE4P1
132542980	HNRNPA3P17
132542981	COX8CP1
132542982	ANKRD36P2
132542983	ITGAEP1
132542984	MTMR9P1
132565735	YY1-DT
132565736	LINC03121
132591089	ALDOC-AS1
133039958	TVP23BP3
133039959	TCEAL9P1
133039960	MTCO1P59
133039961	BBLNP1
133039962	HSPBAP1P1
133039963	ATP5MFP7
133039964	IL9RP5
133039967	RPL27AP9
133039969	MPPE1P2
133039970	ATP5PFP4
133039974	RPS26P59
133395143	YPEL5P4
133395144	CPSF6P1
133395145	FIGLAP1
133395146	RPL17P52
133395147	ETFRF1P1
133395148	SKP1P4
133395149	AMANZI
133395150	LNCARGI
133834869	MLDHR
134006662	SSU72-AS1
137233469	LDLRAD4-AS2
137233470	NRGN-AS1
137233472	TM7SF3-AS1
137805480	GAD1-AS1
137805482	LINC03130
137805483	RBBP8-AS1
137805484	ADAMTS16-AS1
137805485	DCAF12-AS1
137805486	SYT1-AS1
137805487	CRK-AS1
137805488	CYP3A4-AS1
137805489	PTPN11BP
137805490	LINC03138
137805493	SCDAL
137933868	NQO1-AS1
138304584	DDX11L13
138842257	PCGF3-AS2
138842258	LALTOP
138842259	HDAC4-AS2
138842260	DEPDC1-AS2
138842261	AMN1-AS1
138842262	KANK1-AS1
138842265	DMP1-AS1
138842266	YAP1-DT
138842267	SNTB1-AS1
138842268	ZFP69B-DT
139198555	LNC-WAL
139198556	MIR548BAHG
139198557	NEIL1-AS1
139198559	LINC03142
139198560	COL15A1-AS1
139198561	LINC03143
139225791	OTP-AS1
139225792	GAL3ST2-AS1
139225793	LNCROPM
139281638	SMIM29-AS1
139281640	PDE4D-AS1
139281641	SNCAIP-AS2
139281642	DDX25-AS1
139281643	TENM4-AS1
139281645	PPFIA2-AS2
139281646	SMG6-AS1
139281647	RAB12-AS1
139281648	RFX2-AS1
139281649	RFX2-AS2
139281650	DTNA-AS1
139281651	CCT5-AS1
139281652	TNRC18-AS1
139281653	TAC4-AS1
139281654	CDH2-AS1
139281655	IL2RB-AS1
139281656	NTSR1-AS1
139281657	PTGER3-AS1
139281658	SNCAIP-AS1
139281659	EGR3-AS1
139281660	IFT70A-AS1
139281661	P4HB-AS1
139281662	IER2-AS1
139281663	CHRM1-AS1
139281664	EPB41L3-AS1
139281665	PLIN3-AS1
139281666	PSD3-AS1
139281667	BCAT1-DT
139281668	PTPRC-AS1
139355195	EYA4-AS2
139355196	RUNX1-AS2
139355197	ASB6-AS1
139355198	LRRC32-AS1
139355199	PLXDC2-AS1
139355200	CUL9-AS1
139355201	NUP214-AS1
139355203	CLDND1-AS1
139355204	NEK11-AS1
139355207	ADORA1-AS2
139355208	ADORA1-AS1
139355210	CDH4-AS1
139355211	DPP6-AS1
139355212	NCK2-AS1
139355213	PLXNA4-AS1
139355214	WIPF1-AS1
139355215	NOL4L-AS1
139355216	NTM-AS3
139355217	CLSPN-AS1
139355218	FILIP1-AS1
139355219	KIAA1191-AS1
139355220	RBM47-AS1
139355221	PES1-AS1
139355222	ELP4-AS1
139355223	ENHO-AS1
139355224	GALM-AS1
139355225	SLC71A1-AS1
139355227	FBXO16-AS1
139355228	DNAH5-AS1
139355229	PRKCE-AS2
139355230	FCRL3-AS1
139355231	MCFD2-AS1
139355232	DENND1A-AS1
139355233	CHD4-AS1
139355234	ACTN3-AS1
139355235	LRRC59-AS1
139355236	AK5-AS1
139355237	GPR55-AS1
139355238	PREP-AS1
139355239	CTNNBIP1-AS1
139355240	IQCC-AS1
139355241	GPN2-AS1
139355242	CELF2-AS3
139355243	KCNB2-AS1
139355247	CLSPN-DT
139355248	FGL1-AS1
139355249	SLC45A4-AS2
139355250	TENM2-AS2
139355252	SFSWAP-AS1
139355253	KCTD14-AS2
139355254	AASDHPPT-AS1
139355255	ITPR2-AS2
139432801	LINC03144
139432802	RIMBP2-AS1
139432803	ADGRD1-AS2
139432804	KRT83-AS1
139432805	KRT86-AS2
139432806	FOXN3-AS4
139432807	FOS-AS1
139432808	SCG3-AS1
139432809	CERS2-AS1
139432810	ITPRIPL2-AS1
139432811	OS9-AS1
139432812	NAV3-AS1
139432813	CEP152-AS1
139432814	PNCRNA-D
139432815	KCNA6-AS1
139432816	KRT86-AS1
139432817	KRT84-AS1
139432818	WARS1-AS1
139440214	LNCOB1
139440215	CELF6-AS1
139440216	PALB2-AS1
139440217	MRM3-AS1
139440218	MYO1D-AS1
139440219	RAB27B-AS1
139440220	KLF16-AS1
139440221	CFAP97D1-AS1
139440222	SLC7A10-AS1
139440223	MAP2K7-AS1
139440224	LYRM9-AS1
139440225	PPP2R1A-AS1
139440226	LPIN2-AS1
139440227	NACC1-AS1
139440228	ZNF497-AS2
139637956	ARID1B-AS1
139637957	AZIN1-AS2
139637958	BRSK1-AS1
139637959	SYMPK-AS1
139637961	GRID1-AS2
139637964	HSH2D-AS1
139637965	TRIM11-AS1
140577501	CASZ1-AS1
140577502	REV3L-AS1
140577504	FGFBP3-AS1
140577505	GJD4-AS1
140577506	GRIK1-AS3
140577507	CFTR-AS2
140577508	POLR2F-AS1
140577509	FOLR1-AS1
140577510	TEAD1-AS1
141275630	PLD5-AS1
141369862	NTM-AS4
141369863	CCM2L-AS1
141369864	CHODL-AS2
141369865	STAM-AS2
141369866	LINC03148
141369867	AMPD2-AS1
141369868	PTPRN2-AS3
141369869	SSBP3-AS2
141369870	ARHGEF25-AS1
141369871	TRABD2B-AS1
141369872	FAM171B-AS1
141445968	PTPRN2-AS2
141445969	LINC03145
141445970	LINC03149
141487631	LINC03150
141487632	CEP63-AS1
141487635	TFEB-AS1
141566929	KDNBY
141566930	TMZR1
141585748	BCL11B-AS1
141585749	TMPRSS6-AS1
141585750	HNRNPLL-AS1
141585751	TANGO2-AS1
141585752	KIF26B-AS3
141585753	GABRA3-AS1
141585754	DIP2C-AS3
141585755	AK2-AS1
141585756	ADD2-AS1
141585757	PLAC1-AS1
141585758	SLC24A3-AS2
141585759	ING5-AS1
141585760	KIF26B-AS2
141585761	UHRF2-AS1
141725158	LNCRMP
141725159	GAPDH-AS1
141725160	LINC03151
141725161	CBX7-AS1
141725162	CYRIB-AS1
141725163	GET4-AS1
141725164	COMMD10-AS1
141725165	SCD-DT
141725166	MYT1L-AS2
141725167	ANKRD6-AS1
141725168	HDAC4-AS3
141725169	UBB-AS1
141725170	MBP-AS2
141725171	TOM1L2-AS1
141725172	PLEKHM2-AS1
141725173	RNF26-AS1
141725174	CRYGN-AS1
141725175	SRPK2-AS1
141731990	NDUFS7-AS1
141731991	TMEM154-AS1
141731992	MFAP3L-AS1
141731993	NPNT-AS1
141731994	TRIQK-AS1
141731995	CLVS1-AS1
141731996	WRN-AS1
141731997	ST18-AS2
141731998	ME3-AS1
141731999	KCNIP1-AS2
141732000	ERC1-AS1
141732001	RNF130-AS1
141732002	COL23A1-AS1
141732003	SH3RF1-AS1
141732004	SYT13-AS1
141732005	ADCY2-AS1
141732006	NSG2-AS1
141732007	ST18-AS1
141732008	MICAL2-AS1
141732009	TRIM41-AS1
141858800	RYR3-AS1
141858801	SORD-AS1
141858802	RORA-AS3
141858803	NELL1-AS2
141858804	FAM168A-AS1
141858805	PRICKLE1-AS1
141858806	RBM19-AS1
141858807	ARNT2-AS2
141858808	TUBA1C-AS1
141858809	EVL-AS1
141858810	BAG5-AS1
141858811	TTC7B-AS3
141858812	GABRG3-AS2
141858813	BEGAIN-AS1
141858814	PBX4-AS1
141858815	CSAD-AS1
141858816	SLC25A21-AS2
141858817	STAB2-AS1
141858818	SLC25A29-AS1
141858819	PAPLN-AS2
141858820	MARCO-AS1
141974269	IGF1R-AS2
141974270	MAN2A2-AS1
141974271	HYDIN-AS1
141974272	VAC14-AS2
141974273	SNX29-AS1
141974274	CLCN7-AS1
141974275	HCN4-AS1
141974276	PMM2-AS1
142592809	CMTM2-AS1
142592810	ZFHX3-AS2
142592811	SALL1-AS1
142592812	MGRN1-AS1
142592813	NXN-AS1
142592814	RTN4RL1-AS2
142592815	RMI2-AS1
142592816	HLF-AS1
142592817	CNDP1-AS1
142592818	CABYR-AS1
142592819	AKAIN1-AS1
142592820	ZFP14-AS1
142592821	ZNF519-AS1
142592822	CCBE1-AS1
142592823	ATP9B-AS1
142592824	CNTNAP1-AS1
142592825	SH3GL1-AS1
142592826	ADAMTS10-AS1
142592827	FKBP8-AS1
142592828	TRIP10-AS1
142592829	PDCD2P2
142592830	ZNF555-AS1
142592831	CFAP20-AS1
142592832	CAPN15-AS1
142592833	PDILT-AS1
142592834	IMPA2-AS1
142592835	ACTN4-AS1
142592836	CACSTL1
142592837	COTL1-AS1
142592838	RPH3AL-AS3
142592839	RNF112-AS1
142592840	WDR7-AS1
142592841	APC2-AS1
142592842	ANKRD27-AS1
142761576	OBSCN-AS2
142761577	ATP5IF1-AS1
142761578	CALHM2-AS1
142761579	NCOR2-AS1
142761580	RGS3-AS1
142761581	CDC42BPB-AS1
142761582	SRXN1P2
142761583	SSBP1P2
142761584	SSBP1P3
142761585	SSBP1P4
142761586	TOMM6P4
142761587	UBE2L3P2
142761588	ABCE1P3
142761589	SEMA5A-AS2
142761590	ASIC2-AS3
142761591	TOMM6P3
142761592	VWA5B1-AS1
142761593	ELFN2-AS1
142761594	ADAMTS17-AS1
142761595	SSBP1P1
142761596	TOMM6P2
142761597	MRTFA-AS2
142761598	CCDC25P2
142876906	CMC1P3
142876907	CMC1P4
142876908	NEDD4L-AS1
142876910	GATA6-AS2
142876911	TEAD2-AS1
143222015	FERRISR
143222016	CENATAC-AS1
143222017	TBC1D9-AS2
143314370	SORD-AS2
143314371	PDE6B-AS2
143314372	LETM1-DT
143314373	ZFYVE28-AS1
143365918	GRK4-AS1
143365919	RGS12-DT
143365920	STK32B-AS1
143365921	JAKMIP1-AS1
143365922	ADD1-DT
143365923	TMEM128-DT
143365924	WFS1-AS1
143433677	TRMT44-AS1
143433678	HMX1-AS1
143433679	CLNK-DT
143433680	CD38-AS1
143433681	ANAPC4-AS1
143433682	PCDH7-AS1
143433683	SLC2A9-AS2
143433684	KCNIP4-AS3
143433685	KCNIP4-AS2
143433686	KCNIP4-AS1
143433687	HS3ST1-AS1
143433688	KCNIP4-DT
143528979	DTHD1-AS1
143528980	KLF3-AS2
143528981	WDR19-DT
143528982	APBB2-AS1
143528983	COMMD8-DT
143528984	BEND4-AS1
143528985	PGM2-DT
143528986	NSUN7-AS1
1001421444	GNPNAT1P2
